

================================================================
== Vitis HLS Report for 'hilbert_envelope_axis_Pipeline_VITIS_LOOP_69_1'
================================================================
* Date:           Thu Apr 16 19:55:04 2026

* Version:        2024.1 (Build 5069499 on May 21 2024)
* Project:        Envelope_Detector
* Solution:       hls (Vivado IP Flow Target)
* Product family: zynquplus
* Target device:  xczu3eg-sfvc784-2-e


================================================================
== Performance Estimates
================================================================
+ Timing: 
    * Summary: 
    +--------+----------+----------+------------+
    |  Clock |  Target  | Estimated| Uncertainty|
    +--------+----------+----------+------------+
    |ap_clk  |  10.00 ns|  6.737 ns|     2.70 ns|
    +--------+----------+----------+------------+

+ Latency: 
    * Summary: 
    +---------+---------+----------+----------+-----+-----+-----------------------------------------------+
    |  Latency (cycles) |  Latency (absolute) |  Interval |                    Pipeline                   |
    |   min   |   max   |    min   |    max   | min | max |                      Type                     |
    +---------+---------+----------+----------+-----+-----+-----------------------------------------------+
    |        ?|        ?|         ?|         ?|    0|    0|  loop auto-rewind stp(delay=0 clock cycles(s))|
    +---------+---------+----------+----------+-----+-----+-----------------------------------------------+

    + Detail: 
        * Instance: 
        +-------------------------------------------+------------------------+---------+---------+----------+----------+-----+-----+---------+
        |                                           |                        |  Latency (cycles) |  Latency (absolute) |  Interval | Pipeline|
        |                  Instance                 |         Module         |   min   |   max   |    min   |    max   | min | max |   Type  |
        +-------------------------------------------+------------------------+---------+---------+----------+----------+-----+-----+---------+
        |env_sample_p_hls_fptosi_float_i32_fu_3765  |p_hls_fptosi_float_i32  |        0|        0|      0 ns|      0 ns|    1|    1|      yes|
        +-------------------------------------------+------------------------+---------+---------+----------+----------+-----+-----+---------+

        * Loop: 
        +-------------------+---------+---------+----------+-----------+-----------+------+----------+
        |                   |  Latency (cycles) | Iteration|  Initiation Interval  | Trip |          |
        |     Loop Name     |   min   |   max   |  Latency |  achieved |   target  | Count| Pipelined|
        +-------------------+---------+---------+----------+-----------+-----------+------+----------+
        |- VITIS_LOOP_69_1  |        ?|        ?|        16|          1|          1|     ?|       yes|
        +-------------------+---------+---------+----------+-----------+-----------+------+----------+



================================================================
== Utilization Estimates
================================================================
* Summary: 
+-----------------+---------+-----+--------+-------+-----+
|       Name      | BRAM_18K| DSP |   FF   |  LUT  | URAM|
+-----------------+---------+-----+--------+-------+-----+
|DSP              |        -|    -|       -|      -|    -|
|Expression       |        -|    -|       0|  16112|    -|
|FIFO             |        -|    -|       -|      -|    -|
|Instance         |        -|    8|       0|    663|    -|
|Memory           |        -|    -|       -|      -|    -|
|Multiplexer      |        -|    -|       0|   2736|    -|
|Register         |        -|    -|   10662|    192|    -|
+-----------------+---------+-----+--------+-------+-----+
|Total            |        0|    8|   10662|  19703|    0|
+-----------------+---------+-----+--------+-------+-----+
|Available        |      432|  360|  141120|  70560|    0|
+-----------------+---------+-----+--------+-------+-----+
|Utilization (%)  |        0|    2|       7|     27|    0|
+-----------------+---------+-----+--------+-------+-----+

+ Detail: 
    * Instance: 
    +-------------------------------------------+-------------------------------+---------+----+---+-----+-----+
    |                  Instance                 |             Module            | BRAM_18K| DSP| FF| LUT | URAM|
    +-------------------------------------------+-------------------------------+---------+----+---+-----+-----+
    |fsqrt_32ns_32ns_32_8_no_dsp_1_U3           |fsqrt_32ns_32ns_32_8_no_dsp_1  |        0|   0|  0|    0|    0|
    |mul_32s_32s_64_1_1_U4                      |mul_32s_32s_64_1_1             |        0|   4|  0|   20|    0|
    |mul_32s_32s_64_1_1_U5                      |mul_32s_32s_64_1_1             |        0|   4|  0|   20|    0|
    |env_sample_p_hls_fptosi_float_i32_fu_3765  |p_hls_fptosi_float_i32         |        0|   0|  0|  623|    0|
    |sitofp_64ns_32_4_no_dsp_1_U2               |sitofp_64ns_32_4_no_dsp_1      |        0|   0|  0|    0|    0|
    +-------------------------------------------+-------------------------------+---------+----+---+-----+-----+
    |Total                                      |                               |        0|   8|  0|  663|    0|
    +-------------------------------------------+-------------------------------+---------+----+---+-----+-----+

    * DSP: 
    N/A

    * Memory: 
    N/A

    * FIFO: 
    N/A

    * Expression: 
    +---------------------------+----------+----+---+-----+------------+------------+
    |       Variable Name       | Operation| DSP| FF| LUT | Bitwidth P0| Bitwidth P1|
    +---------------------------+----------+----+---+-----+------------+------------+
    |Q_acc_fu_15108_p2          |         +|   0|  0|   49|          49|          49|
    |add_ln50_100_fu_9845_p2    |         +|   0|  0|   49|          42|          42|
    |add_ln50_101_fu_9863_p2    |         +|   0|  0|   42|          42|          42|
    |add_ln50_102_fu_9911_p2    |         +|   0|  0|   50|          43|          43|
    |add_ln50_103_fu_9917_p2    |         +|   0|  0|   43|          43|          43|
    |add_ln50_104_fu_9947_p2    |         +|   0|  0|   42|          42|          42|
    |add_ln50_105_fu_9995_p2    |         +|   0|  0|   43|          43|          43|
    |add_ln50_106_fu_10013_p2   |         +|   0|  0|   43|          43|          43|
    |add_ln50_107_fu_10121_p2   |         +|   0|  0|   50|          43|          43|
    |add_ln50_108_fu_10175_p2   |         +|   0|  0|   42|          42|          42|
    |add_ln50_109_fu_10223_p2   |         +|   0|  0|   44|          44|          44|
    |add_ln50_10_fu_13043_p2    |         +|   0|  0|   50|          43|          43|
    |add_ln50_110_fu_10241_p2   |         +|   0|  0|   44|          44|          44|
    |add_ln50_111_fu_10247_p2   |         +|   0|  0|   44|          44|          44|
    |add_ln50_112_fu_10277_p2   |         +|   0|  0|   49|          42|          42|
    |add_ln50_113_fu_10331_p2   |         +|   0|  0|   42|          42|          42|
    |add_ln50_114_fu_10491_p2   |         +|   0|  0|   42|          42|          42|
    |add_ln50_115_fu_10521_p2   |         +|   0|  0|   44|          44|          44|
    |add_ln50_116_fu_10539_p2   |         +|   0|  0|   44|          44|          44|
    |add_ln50_117_fu_10557_p2   |         +|   0|  0|   44|          44|          44|
    |add_ln50_118_fu_10587_p2   |         +|   0|  0|   50|          43|          43|
    |add_ln50_119_fu_10653_p2   |         +|   0|  0|   45|          45|          45|
    |add_ln50_11_fu_13053_p2    |         +|   0|  0|   42|          42|          42|
    |add_ln50_120_fu_10671_p2   |         +|   0|  0|   45|          45|          45|
    |add_ln50_121_fu_10689_p2   |         +|   0|  0|   45|          45|          45|
    |add_ln50_122_fu_10755_p2   |         +|   0|  0|   43|          43|          43|
    |add_ln50_123_fu_10785_p2   |         +|   0|  0|   49|          42|          42|
    |add_ln50_124_fu_10851_p2   |         +|   0|  0|   49|          42|          42|
    |add_ln50_125_fu_11019_p2   |         +|   0|  0|   42|          42|          42|
    |add_ln50_126_fu_11025_p2   |         +|   0|  0|   42|          42|          42|
    |add_ln50_127_fu_11073_p2   |         +|   0|  0|   43|          43|          43|
    |add_ln50_128_fu_11091_p2   |         +|   0|  0|   43|          43|          43|
    |add_ln50_129_fu_11109_p2   |         +|   0|  0|   43|          43|          43|
    |add_ln50_12_fu_13063_p2    |         +|   0|  0|   42|          42|          42|
    |add_ln50_130_fu_11157_p2   |         +|   0|  0|   42|          42|          42|
    |add_ln50_131_fu_11229_p2   |         +|   0|  0|   46|          46|          46|
    |add_ln50_132_fu_11247_p2   |         +|   0|  0|   46|          46|          46|
    |add_ln50_133_fu_11277_p2   |         +|   0|  0|   44|          44|          44|
    |add_ln50_134_fu_11349_p2   |         +|   0|  0|   43|          43|          43|
    |add_ln50_135_fu_11367_p2   |         +|   0|  0|   43|          43|          43|
    |add_ln50_136_fu_11419_p2   |         +|   0|  0|   44|          44|          44|
    |add_ln50_137_fu_11437_p2   |         +|   0|  0|   44|          44|          44|
    |add_ln50_138_fu_11543_p2   |         +|   0|  0|   45|          45|          45|
    |add_ln50_139_fu_11595_p2   |         +|   0|  0|   42|          42|          42|
    |add_ln50_13_fu_13069_p2    |         +|   0|  0|   42|          42|          42|
    |add_ln50_140_fu_11601_p2   |         +|   0|  0|   42|          42|          42|
    |add_ln50_141_fu_11667_p2   |         +|   0|  0|   47|          47|          47|
    |add_ln50_142_fu_11685_p2   |         +|   0|  0|   47|          47|          47|
    |add_ln50_143_fu_11703_p2   |         +|   0|  0|   47|          47|          47|
    |add_ln50_144_fu_11755_p2   |         +|   0|  0|   42|          42|          42|
    |add_ln50_145_fu_11773_p2   |         +|   0|  0|   42|          42|          42|
    |add_ln50_146_fu_11803_p2   |         +|   0|  0|   53|          46|          46|
    |add_ln50_147_fu_11821_p2   |         +|   0|  0|   46|          46|          46|
    |add_ln50_148_fu_11869_p2   |         +|   0|  0|   50|          43|          43|
    |add_ln50_149_fu_11935_p2   |         +|   0|  0|   52|          45|          45|
    |add_ln50_14_fu_13079_p2    |         +|   0|  0|   50|          43|          43|
    |add_ln50_150_fu_11971_p2   |         +|   0|  0|   45|          45|          45|
    |add_ln50_151_fu_12025_p2   |         +|   0|  0|   50|          43|          43|
    |add_ln50_152_fu_12073_p2   |         +|   0|  0|   44|          44|          44|
    |add_ln50_153_fu_12127_p2   |         +|   0|  0|   42|          42|          42|
    |add_ln50_154_fu_12157_p2   |         +|   0|  0|   49|          42|          42|
    |add_ln50_155_fu_12175_p2   |         +|   0|  0|   42|          42|          42|
    |add_ln50_156_fu_12205_p2   |         +|   0|  0|   42|          42|          42|
    |add_ln50_157_fu_12223_p2   |         +|   0|  0|   42|          42|          42|
    |add_ln50_158_fu_12253_p2   |         +|   0|  0|   49|          42|          42|
    |add_ln50_159_fu_12307_p2   |         +|   0|  0|   43|          43|          43|
    |add_ln50_15_fu_13089_p2    |         +|   0|  0|   51|          44|          44|
    |add_ln50_160_fu_12331_p2   |         +|   0|  0|   43|          43|          43|
    |add_ln50_161_fu_12361_p2   |         +|   0|  0|   49|          42|          42|
    |add_ln50_162_fu_12379_p2   |         +|   0|  0|   42|          42|          42|
    |add_ln50_163_fu_12433_p2   |         +|   0|  0|   42|          42|          42|
    |add_ln50_164_fu_12469_p2   |         +|   0|  0|   42|          42|          42|
    |add_ln50_165_fu_12493_p2   |         +|   0|  0|   42|          42|          42|
    |add_ln50_166_fu_12541_p2   |         +|   0|  0|   42|          42|          42|
    |add_ln50_167_fu_12559_p2   |         +|   0|  0|   42|          42|          42|
    |add_ln50_168_fu_12595_p2   |         +|   0|  0|   49|          42|          42|
    |add_ln50_169_fu_12613_p2   |         +|   0|  0|   42|          42|          42|
    |add_ln50_16_fu_13099_p2    |         +|   0|  0|   52|          45|          45|
    |add_ln50_170_fu_12631_p2   |         +|   0|  0|   42|          42|          42|
    |add_ln50_171_fu_12785_p2   |         +|   0|  0|   43|          43|          43|
    |add_ln50_172_fu_12815_p2   |         +|   0|  0|   49|          42|          42|
    |add_ln50_173_fu_12941_p2   |         +|   0|  0|   43|          43|          43|
    |add_ln50_17_fu_13105_p2    |         +|   0|  0|   42|          42|          42|
    |add_ln50_18_fu_13115_p2    |         +|   0|  0|   43|          43|          43|
    |add_ln50_19_fu_13121_p2    |         +|   0|  0|   43|          43|          43|
    |add_ln50_1_fu_12957_p2     |         +|   0|  0|   42|          42|          42|
    |add_ln50_20_fu_13131_p2    |         +|   0|  0|   42|          42|          42|
    |add_ln50_21_fu_13141_p2    |         +|   0|  0|   42|          42|          42|
    |add_ln50_22_fu_13151_p2    |         +|   0|  0|   50|          43|          43|
    |add_ln50_23_fu_13161_p2    |         +|   0|  0|   51|          44|          44|
    |add_ln50_24_fu_13171_p2    |         +|   0|  0|   52|          45|          45|
    |add_ln50_25_fu_13177_p2    |         +|   0|  0|   42|          42|          42|
    |add_ln50_26_fu_13187_p2    |         +|   0|  0|   42|          42|          42|
    |add_ln50_27_fu_13197_p2    |         +|   0|  0|   50|          43|          43|
    |add_ln50_28_fu_13207_p2    |         +|   0|  0|   51|          44|          44|
    |add_ln50_29_fu_13217_p2    |         +|   0|  0|   42|          42|          42|
    |add_ln50_2_fu_12967_p2     |         +|   0|  0|   50|          43|          43|
    |add_ln50_30_fu_13227_p2    |         +|   0|  0|   42|          42|          42|
    |add_ln50_31_fu_13237_p2    |         +|   0|  0|   43|          43|          43|
    |add_ln50_32_fu_13243_p2    |         +|   0|  0|   43|          43|          43|
    |add_ln50_33_fu_13253_p2    |         +|   0|  0|   52|          45|          45|
    |add_ln50_34_fu_15053_p2    |         +|   0|  0|   46|          46|          46|
    |add_ln50_35_fu_15059_p2    |         +|   0|  0|   46|          46|          46|
    |add_ln50_36_fu_13259_p2    |         +|   0|  0|   48|          48|          48|
    |add_ln50_37_fu_13269_p2    |         +|   0|  0|   46|          46|          46|
    |add_ln50_38_fu_13279_p2    |         +|   0|  0|   56|          49|          49|
    |add_ln50_39_fu_13285_p2    |         +|   0|  0|   46|          46|          46|
    |add_ln50_3_fu_12977_p2     |         +|   0|  0|   42|          42|          42|
    |add_ln50_40_fu_13295_p2    |         +|   0|  0|   45|          45|          45|
    |add_ln50_41_fu_13305_p2    |         +|   0|  0|   53|          46|          46|
    |add_ln50_42_fu_13315_p2    |         +|   0|  0|   54|          47|          47|
    |add_ln50_43_fu_15072_p2    |         +|   0|  0|   49|          49|          49|
    |add_ln50_44_fu_13321_p2    |         +|   0|  0|   45|          45|          45|
    |add_ln50_45_fu_13331_p2    |         +|   0|  0|   44|          44|          44|
    |add_ln50_46_fu_13341_p2    |         +|   0|  0|   52|          45|          45|
    |add_ln50_47_fu_13351_p2    |         +|   0|  0|   46|          46|          46|
    |add_ln50_48_fu_13357_p2    |         +|   0|  0|   44|          44|          44|
    |add_ln50_49_fu_13367_p2    |         +|   0|  0|   44|          44|          44|
    |add_ln50_4_fu_12987_p2     |         +|   0|  0|   42|          42|          42|
    |add_ln50_50_fu_13373_p2    |         +|   0|  0|   44|          44|          44|
    |add_ln50_51_fu_13383_p2    |         +|   0|  0|   52|          45|          45|
    |add_ln50_52_fu_13393_p2    |         +|   0|  0|   46|          46|          46|
    |add_ln50_53_fu_15080_p2    |         +|   0|  0|   49|          49|          49|
    |add_ln50_54_fu_13399_p2    |         +|   0|  0|   44|          44|          44|
    |add_ln50_55_fu_13405_p2    |         +|   0|  0|   43|          43|          43|
    |add_ln50_56_fu_13415_p2    |         +|   0|  0|   44|          44|          44|
    |add_ln50_57_fu_13425_p2    |         +|   0|  0|   43|          43|          43|
    |add_ln50_58_fu_13435_p2    |         +|   0|  0|   43|          43|          43|
    |add_ln50_59_fu_13445_p2    |         +|   0|  0|   51|          44|          44|
    |add_ln50_5_fu_12993_p2     |         +|   0|  0|   42|          42|          42|
    |add_ln50_60_fu_13455_p2    |         +|   0|  0|   45|          45|          45|
    |add_ln50_61_fu_13461_p2    |         +|   0|  0|   45|          45|          45|
    |add_ln50_62_fu_13467_p2    |         +|   0|  0|   43|          43|          43|
    |add_ln50_63_fu_13477_p2    |         +|   0|  0|   43|          43|          43|
    |add_ln50_64_fu_13483_p2    |         +|   0|  0|   43|          43|          43|
    |add_ln50_65_fu_13493_p2    |         +|   0|  0|   51|          44|          44|
    |add_ln50_66_fu_13503_p2    |         +|   0|  0|   43|          43|          43|
    |add_ln50_67_fu_13513_p2    |         +|   0|  0|   42|          42|          42|
    |add_ln50_68_fu_13523_p2    |         +|   0|  0|   43|          43|          43|
    |add_ln50_69_fu_13533_p2    |         +|   0|  0|   51|          44|          44|
    |add_ln50_6_fu_13003_p2     |         +|   0|  0|   50|          43|          43|
    |add_ln50_70_fu_13543_p2    |         +|   0|  0|   52|          45|          45|
    |add_ln50_71_fu_15092_p2    |         +|   0|  0|   53|          46|          46|
    |add_ln50_72_fu_15102_p2    |         +|   0|  0|   49|          49|          49|
    |add_ln50_73_fu_8617_p2     |         +|   0|  0|   44|          44|          44|
    |add_ln50_74_fu_8701_p2     |         +|   0|  0|   44|          44|          44|
    |add_ln50_75_fu_8761_p2     |         +|   0|  0|   42|          42|          42|
    |add_ln50_76_fu_8791_p2     |         +|   0|  0|   49|          42|          42|
    |add_ln50_77_fu_8809_p2     |         +|   0|  0|   42|          42|          42|
    |add_ln50_78_fu_8905_p2     |         +|   0|  0|   51|          44|          44|
    |add_ln50_79_fu_8941_p2     |         +|   0|  0|   44|          44|          44|
    |add_ln50_7_fu_13013_p2     |         +|   0|  0|   51|          44|          44|
    |add_ln50_80_fu_8989_p2     |         +|   0|  0|   45|          45|          45|
    |add_ln50_81_fu_9007_p2     |         +|   0|  0|   45|          45|          45|
    |add_ln50_82_fu_9013_p2     |         +|   0|  0|   45|          45|          45|
    |add_ln50_83_fu_9065_p2     |         +|   0|  0|   44|          44|          44|
    |add_ln50_84_fu_9071_p2     |         +|   0|  0|   44|          44|          44|
    |add_ln50_85_fu_9101_p2     |         +|   0|  0|   49|          42|          42|
    |add_ln50_86_fu_9149_p2     |         +|   0|  0|   43|          43|          43|
    |add_ln50_87_fu_9155_p2     |         +|   0|  0|   43|          43|          43|
    |add_ln50_88_fu_9243_p2     |         +|   0|  0|   46|          46|          46|
    |add_ln50_89_fu_9261_p2     |         +|   0|  0|   46|          46|          46|
    |add_ln50_8_fu_13023_p2     |         +|   0|  0|   42|          42|          42|
    |add_ln50_90_fu_9357_p2     |         +|   0|  0|   50|          43|          43|
    |add_ln50_91_fu_9459_p2     |         +|   0|  0|   44|          44|          44|
    |add_ln50_92_fu_9541_p2     |         +|   0|  0|   42|          42|          42|
    |add_ln50_93_fu_9559_p2     |         +|   0|  0|   42|          42|          42|
    |add_ln50_94_fu_9629_p2     |         +|   0|  0|   48|          48|          48|
    |add_ln50_95_fu_9647_p2     |         +|   0|  0|   48|          48|          48|
    |add_ln50_96_fu_9689_p2     |         +|   0|  0|   48|          48|          48|
    |add_ln50_97_fu_9737_p2     |         +|   0|  0|   42|          42|          42|
    |add_ln50_98_fu_9743_p2     |         +|   0|  0|   42|          42|          42|
    |add_ln50_99_fu_9791_p2     |         +|   0|  0|   42|          42|          42|
    |add_ln50_9_fu_13033_p2     |         +|   0|  0|   42|          42|          42|
    |add_ln50_fu_12947_p2       |         +|   0|  0|   42|          42|          42|
    |grp_fu_3771_p0             |         +|   0|  0|   71|          64|          64|
    |sub_ln50_100_fu_9589_p2    |         -|   0|  0|   42|          42|          42|
    |sub_ln50_101_fu_9595_p2    |         -|   0|  0|   42|          42|          42|
    |sub_ln50_102_fu_9665_p2    |         -|   0|  0|   48|          48|          48|
    |sub_ln50_103_fu_9683_p2    |         -|   0|  0|   48|          48|          48|
    |sub_ln50_104_fu_9719_p2    |         -|   0|  0|   42|          42|          42|
    |sub_ln50_105_fu_9773_p2    |         -|   0|  0|   42|          42|          42|
    |sub_ln50_106_fu_9809_p2    |         -|   0|  0|   42|          42|          42|
    |sub_ln50_107_fu_9815_p2    |         -|   0|  0|   42|          42|          42|
    |sub_ln50_108_fu_9881_p2    |         -|   0|  0|   42|          42|          42|
    |sub_ln50_109_fu_9965_p2    |         -|   0|  0|   42|          42|          42|
    |sub_ln50_10_fu_7567_p2     |         -|   0|  0|   40|          33|          33|
    |sub_ln50_110_fu_10031_p2   |         -|   0|  0|   43|          43|          43|
    |sub_ln50_111_fu_10037_p2   |         -|   0|  0|   43|          43|          43|
    |sub_ln50_112_fu_10067_p2   |         -|   0|  0|   49|          42|          42|
    |sub_ln50_113_fu_10085_p2   |         -|   0|  0|   42|          42|          42|
    |sub_ln50_114_fu_10091_p2   |         -|   0|  0|   42|          42|          42|
    |sub_ln50_115_fu_10139_p2   |         -|   0|  0|   43|          43|          43|
    |sub_ln50_116_fu_10145_p2   |         -|   0|  0|   43|          43|          43|
    |sub_ln50_117_fu_10193_p2   |         -|   0|  0|   42|          42|          42|
    |sub_ln50_118_fu_10283_p2   |         -|   0|  0|   42|          42|          42|
    |sub_ln50_119_fu_10313_p2   |         -|   0|  0|   49|          42|          42|
    |sub_ln50_11_fu_7585_p2     |         -|   0|  0|   40|          33|          33|
    |sub_ln50_120_fu_10337_p2   |         -|   0|  0|   42|          42|          42|
    |sub_ln50_121_fu_10371_p2   |         -|   0|  0|   43|          43|          43|
    |sub_ln50_122_fu_10389_p2   |         -|   0|  0|   43|          43|          43|
    |sub_ln50_123_fu_10407_p2   |         -|   0|  0|   43|          43|          43|
    |sub_ln50_124_fu_10425_p2   |         -|   0|  0|   43|          43|          43|
    |sub_ln50_125_fu_10455_p2   |         -|   0|  0|   42|          42|          42|
    |sub_ln50_126_fu_10473_p2   |         -|   0|  0|   42|          42|          42|
    |sub_ln50_127_fu_10605_p2   |         -|   0|  0|   43|          43|          43|
    |sub_ln50_128_fu_10623_p2   |         -|   0|  0|   43|          43|          43|
    |sub_ln50_129_fu_10719_p2   |         -|   0|  0|   43|          43|          43|
    |sub_ln50_12_fu_7603_p2     |         -|   0|  0|   40|          33|          33|
    |sub_ln50_130_fu_10737_p2   |         -|   0|  0|   43|          43|          43|
    |sub_ln50_131_fu_10803_p2   |         -|   0|  0|   42|          42|          42|
    |sub_ln50_132_fu_10821_p2   |         -|   0|  0|   42|          42|          42|
    |sub_ln50_133_fu_10869_p2   |         -|   0|  0|   42|          42|          42|
    |sub_ln50_134_fu_10899_p2   |         -|   0|  0|   42|          42|          42|
    |sub_ln50_135_fu_10917_p2   |         -|   0|  0|   42|          42|          42|
    |sub_ln50_136_fu_10923_p2   |         -|   0|  0|   42|          42|          42|
    |sub_ln50_137_fu_10953_p2   |         -|   0|  0|   49|          42|          42|
    |sub_ln50_138_fu_10983_p2   |         -|   0|  0|   49|          42|          42|
    |sub_ln50_139_fu_11001_p2   |         -|   0|  0|   42|          42|          42|
    |sub_ln50_13_fu_7617_p2     |         -|   0|  0|   40|          33|          33|
    |sub_ln50_140_fu_11055_p2   |         -|   0|  0|   50|          43|          43|
    |sub_ln50_141_fu_11139_p2   |         -|   0|  0|   42|          42|          42|
    |sub_ln50_142_fu_11163_p2   |         -|   0|  0|   42|          42|          42|
    |sub_ln50_143_fu_11193_p2   |         -|   0|  0|   53|          46|          46|
    |sub_ln50_144_fu_11211_p2   |         -|   0|  0|   46|          46|          46|
    |sub_ln50_145_fu_11295_p2   |         -|   0|  0|   44|          44|          44|
    |sub_ln50_146_fu_11301_p2   |         -|   0|  0|   44|          44|          44|
    |sub_ln50_147_fu_11331_p2   |         -|   0|  0|   50|          43|          43|
    |sub_ln50_148_fu_11401_p2   |         -|   0|  0|   51|          44|          44|
    |sub_ln50_149_fu_11471_p2   |         -|   0|  0|   42|          42|          42|
    |sub_ln50_14_fu_7635_p2     |         -|   0|  0|   40|          33|          33|
    |sub_ln50_150_fu_11477_p2   |         -|   0|  0|   42|          42|          42|
    |sub_ln50_151_fu_11507_p2   |         -|   0|  0|   52|          45|          45|
    |sub_ln50_152_fu_11525_p2   |         -|   0|  0|   45|          45|          45|
    |sub_ln50_153_fu_11577_p2   |         -|   0|  0|   42|          42|          42|
    |sub_ln50_154_fu_11631_p2   |         -|   0|  0|   54|          47|          47|
    |sub_ln50_155_fu_11649_p2   |         -|   0|  0|   47|          47|          47|
    |sub_ln50_156_fu_11737_p2   |         -|   0|  0|   42|          42|          42|
    |sub_ln50_157_fu_11839_p2   |         -|   0|  0|   46|          46|          46|
    |sub_ln50_158_fu_11887_p2   |         -|   0|  0|   43|          43|          43|
    |sub_ln50_159_fu_11905_p2   |         -|   0|  0|   43|          43|          43|
    |sub_ln50_15_fu_7653_p2     |         -|   0|  0|   40|          33|          33|
    |sub_ln50_160_fu_11953_p2   |         -|   0|  0|   45|          45|          45|
    |sub_ln50_161_fu_11989_p2   |         -|   0|  0|   45|          45|          45|
    |sub_ln50_162_fu_11995_p2   |         -|   0|  0|   45|          45|          45|
    |sub_ln50_163_fu_12055_p2   |         -|   0|  0|   44|          44|          44|
    |sub_ln50_164_fu_12091_p2   |         -|   0|  0|   44|          44|          44|
    |sub_ln50_165_fu_12097_p2   |         -|   0|  0|   44|          44|          44|
    |sub_ln50_166_fu_12259_p2   |         -|   0|  0|   42|          42|          42|
    |sub_ln50_167_fu_12289_p2   |         -|   0|  0|   50|          43|          43|
    |sub_ln50_168_fu_12325_p2   |         -|   0|  0|   43|          43|          43|
    |sub_ln50_169_fu_12385_p2   |         -|   0|  0|   42|          42|          42|
    |sub_ln50_16_fu_7671_p2     |         -|   0|  0|   40|          33|          33|
    |sub_ln50_170_fu_12415_p2   |         -|   0|  0|   42|          42|          42|
    |sub_ln50_171_fu_12439_p2   |         -|   0|  0|   42|          42|          42|
    |sub_ln50_172_fu_12487_p2   |         -|   0|  0|   42|          42|          42|
    |sub_ln50_173_fu_12523_p2   |         -|   0|  0|   42|          42|          42|
    |sub_ln50_174_fu_12565_p2   |         -|   0|  0|   42|          42|          42|
    |sub_ln50_175_fu_12661_p2   |         -|   0|  0|   52|          45|          45|
    |sub_ln50_176_fu_12679_p2   |         -|   0|  0|   45|          45|          45|
    |sub_ln50_177_fu_12697_p2   |         -|   0|  0|   45|          45|          45|
    |sub_ln50_178_fu_12703_p2   |         -|   0|  0|   45|          45|          45|
    |sub_ln50_179_fu_12733_p2   |         -|   0|  0|   49|          42|          42|
    |sub_ln50_17_fu_7685_p2     |         -|   0|  0|   40|          33|          33|
    |sub_ln50_180_fu_12767_p2   |         -|   0|  0|   43|          43|          43|
    |sub_ln50_181_fu_12833_p2   |         -|   0|  0|   42|          42|          42|
    |sub_ln50_182_fu_12839_p2   |         -|   0|  0|   42|          42|          42|
    |sub_ln50_183_fu_12869_p2   |         -|   0|  0|   49|          42|          42|
    |sub_ln50_184_fu_12887_p2   |         -|   0|  0|   42|          42|          42|
    |sub_ln50_185_fu_12905_p2   |         -|   0|  0|   42|          42|          42|
    |sub_ln50_186_fu_12935_p2   |         -|   0|  0|   50|          43|          43|
    |sub_ln50_18_fu_7699_p2     |         -|   0|  0|   40|          33|          33|
    |sub_ln50_19_fu_7713_p2     |         -|   0|  0|   40|          33|          33|
    |sub_ln50_1_fu_7429_p2      |         -|   0|  0|   40|          33|          33|
    |sub_ln50_20_fu_7731_p2     |         -|   0|  0|   40|          33|          33|
    |sub_ln50_21_fu_7749_p2     |         -|   0|  0|   40|          33|          33|
    |sub_ln50_22_fu_7767_p2     |         -|   0|  0|   40|          33|          33|
    |sub_ln50_23_fu_7781_p2     |         -|   0|  0|   40|          33|          33|
    |sub_ln50_24_fu_7795_p2     |         -|   0|  0|   40|          33|          33|
    |sub_ln50_25_fu_7809_p2     |         -|   0|  0|   40|          33|          33|
    |sub_ln50_26_fu_7827_p2     |         -|   0|  0|   40|          33|          33|
    |sub_ln50_27_fu_7841_p2     |         -|   0|  0|   40|          33|          33|
    |sub_ln50_28_fu_7859_p2     |         -|   0|  0|   40|          33|          33|
    |sub_ln50_29_fu_7873_p2     |         -|   0|  0|   40|          33|          33|
    |sub_ln50_2_fu_7443_p2      |         -|   0|  0|   40|          33|          33|
    |sub_ln50_30_fu_7887_p2     |         -|   0|  0|   40|          33|          33|
    |sub_ln50_31_fu_7901_p2     |         -|   0|  0|   40|          33|          33|
    |sub_ln50_32_fu_7919_p2     |         -|   0|  0|   40|          33|          33|
    |sub_ln50_33_fu_7937_p2     |         -|   0|  0|   40|          33|          33|
    |sub_ln50_34_fu_7955_p2     |         -|   0|  0|   40|          33|          33|
    |sub_ln50_35_fu_7969_p2     |         -|   0|  0|   40|          33|          33|
    |sub_ln50_36_fu_7983_p2     |         -|   0|  0|   40|          33|          33|
    |sub_ln50_37_fu_7997_p2     |         -|   0|  0|   40|          33|          33|
    |sub_ln50_38_fu_8011_p2     |         -|   0|  0|   40|          33|          33|
    |sub_ln50_39_fu_8029_p2     |         -|   0|  0|   40|          33|          33|
    |sub_ln50_3_fu_7457_p2      |         -|   0|  0|   40|          33|          33|
    |sub_ln50_40_fu_8043_p2     |         -|   0|  0|   40|          33|          33|
    |sub_ln50_41_fu_8057_p2     |         -|   0|  0|   40|          33|          33|
    |sub_ln50_42_fu_8075_p2     |         -|   0|  0|   40|          33|          33|
    |sub_ln50_43_fu_8093_p2     |         -|   0|  0|   40|          33|          33|
    |sub_ln50_44_fu_8107_p2     |         -|   0|  0|   40|          33|          33|
    |sub_ln50_45_fu_8121_p2     |         -|   0|  0|   40|          33|          33|
    |sub_ln50_46_fu_8139_p2     |         -|   0|  0|   40|          33|          33|
    |sub_ln50_47_fu_8153_p2     |         -|   0|  0|   40|          33|          33|
    |sub_ln50_48_fu_8167_p2     |         -|   0|  0|   40|          33|          33|
    |sub_ln50_49_fu_8185_p2     |         -|   0|  0|   40|          33|          33|
    |sub_ln50_4_fu_7471_p2      |         -|   0|  0|   40|          33|          33|
    |sub_ln50_50_fu_8203_p2     |         -|   0|  0|   40|          33|          33|
    |sub_ln50_51_fu_8221_p2     |         -|   0|  0|   40|          33|          33|
    |sub_ln50_52_fu_8239_p2     |         -|   0|  0|   40|          33|          33|
    |sub_ln50_53_fu_8257_p2     |         -|   0|  0|   40|          33|          33|
    |sub_ln50_54_fu_8275_p2     |         -|   0|  0|   40|          33|          33|
    |sub_ln50_55_fu_8293_p2     |         -|   0|  0|   40|          33|          33|
    |sub_ln50_56_fu_8307_p2     |         -|   0|  0|   40|          33|          33|
    |sub_ln50_57_fu_8325_p2     |         -|   0|  0|   40|          33|          33|
    |sub_ln50_58_fu_8343_p2     |         -|   0|  0|   40|          33|          33|
    |sub_ln50_59_fu_8357_p2     |         -|   0|  0|   40|          33|          33|
    |sub_ln50_5_fu_7485_p2      |         -|   0|  0|   40|          33|          33|
    |sub_ln50_60_fu_8375_p2     |         -|   0|  0|   40|          33|          33|
    |sub_ln50_61_fu_8389_p2     |         -|   0|  0|   40|          33|          33|
    |sub_ln50_62_fu_8403_p2     |         -|   0|  0|   40|          33|          33|
    |sub_ln50_63_fu_8421_p2     |         -|   0|  0|   40|          33|          33|
    |sub_ln50_64_fu_8435_p2     |         -|   0|  0|   40|          33|          33|
    |sub_ln50_65_fu_8449_p2     |         -|   0|  0|   40|          33|          33|
    |sub_ln50_66_fu_8467_p2     |         -|   0|  0|   40|          33|          33|
    |sub_ln50_67_fu_8485_p2     |         -|   0|  0|   40|          33|          33|
    |sub_ln50_68_fu_8503_p2     |         -|   0|  0|   40|          33|          33|
    |sub_ln50_69_fu_8517_p2     |         -|   0|  0|   40|          33|          33|
    |sub_ln50_6_fu_7499_p2      |         -|   0|  0|   40|          33|          33|
    |sub_ln50_70_fu_8531_p2     |         -|   0|  0|   40|          33|          33|
    |sub_ln50_71_fu_8545_p2     |         -|   0|  0|   40|          33|          33|
    |sub_ln50_72_fu_8559_p2     |         -|   0|  0|   40|          33|          33|
    |sub_ln50_73_fu_8573_p2     |         -|   0|  0|   40|          33|          33|
    |sub_ln50_74_fu_8587_p2     |         -|   0|  0|   40|          33|          33|
    |sub_ln50_75_fu_8635_p2     |         -|   0|  0|   44|          44|          44|
    |sub_ln50_76_fu_8665_p2     |         -|   0|  0|   51|          44|          44|
    |sub_ln50_77_fu_8683_p2     |         -|   0|  0|   44|          44|          44|
    |sub_ln50_78_fu_8707_p2     |         -|   0|  0|   44|          44|          44|
    |sub_ln50_79_fu_8737_p2     |         -|   0|  0|   42|          42|          42|
    |sub_ln50_7_fu_7517_p2      |         -|   0|  0|   40|          33|          33|
    |sub_ln50_80_fu_8755_p2     |         -|   0|  0|   42|          42|          42|
    |sub_ln50_81_fu_8839_p2     |         -|   0|  0|   50|          43|          43|
    |sub_ln50_82_fu_8857_p2     |         -|   0|  0|   43|          43|          43|
    |sub_ln50_83_fu_8875_p2     |         -|   0|  0|   43|          43|          43|
    |sub_ln50_84_fu_8923_p2     |         -|   0|  0|   44|          44|          44|
    |sub_ln50_85_fu_8971_p2     |         -|   0|  0|   45|          45|          45|
    |sub_ln50_86_fu_9047_p2     |         -|   0|  0|   51|          44|          44|
    |sub_ln50_87_fu_9131_p2     |         -|   0|  0|   50|          43|          43|
    |sub_ln50_88_fu_9189_p2     |         -|   0|  0|   50|          43|          43|
    |sub_ln50_89_fu_9207_p2     |         -|   0|  0|   43|          43|          43|
    |sub_ln50_8_fu_7535_p2      |         -|   0|  0|   40|          33|          33|
    |sub_ln50_90_fu_9213_p2     |         -|   0|  0|   43|          43|          43|
    |sub_ln50_91_fu_9279_p2     |         -|   0|  0|   46|          46|          46|
    |sub_ln50_92_fu_9309_p2     |         -|   0|  0|   42|          42|          42|
    |sub_ln50_93_fu_9327_p2     |         -|   0|  0|   42|          42|          42|
    |sub_ln50_94_fu_9375_p2     |         -|   0|  0|   43|          43|          43|
    |sub_ln50_95_fu_9405_p2     |         -|   0|  0|   42|          42|          42|
    |sub_ln50_96_fu_9423_p2     |         -|   0|  0|   42|          42|          42|
    |sub_ln50_97_fu_9453_p2     |         -|   0|  0|   44|          44|          44|
    |sub_ln50_98_fu_9493_p2     |         -|   0|  0|   43|          43|          43|
    |sub_ln50_99_fu_9511_p2     |         -|   0|  0|   43|          43|          43|
    |sub_ln50_9_fu_7553_p2      |         -|   0|  0|   40|          33|          33|
    |sub_ln50_fu_7411_p2        |         -|   0|  0|   40|          33|          33|
    |sub_ln53_1_fu_15146_p2     |         -|   0|  0|   39|           1|          32|
    |sub_ln53_fu_15130_p2       |         -|   0|  0|   54|           1|          47|
    |ap_block_pp0_stage0_01001  |        or|   0|  0|    2|           1|           1|
    |ap_block_pp0_stage0_11001  |        or|   0|  0|    2|           1|           1|
    |Q_path_fu_15162_p3         |    select|   0|  0|   32|           1|          32|
    |ap_enable_pp0              |       xor|   0|  0|    2|           1|           2|
    +---------------------------+----------+----+---+-----+------------+------------+
    |Total                      |          |   0|  0|16112|       15014|       15123|
    +---------------------------+----------+----+---+-----+------------+------------+

    * Multiplexer: 
    +-----------------------------------+----+-----------+-----+-----------+
    |                Name               | LUT| Input Size| Bits| Total Bits|
    +-----------------------------------+----+-----------+-----+-----------+
    |I_path_fu_1328                     |   9|          2|   32|         64|
    |ap_done_int                        |   9|          2|    1|          2|
    |ap_enable_reg_pp0_iter1            |   9|          2|    1|          2|
    |ap_loop_exit_ready_pp0_iter16_reg  |   9|          2|    1|          2|
    |empty_100_fu_1064                  |   9|          2|   32|         64|
    |empty_101_fu_1068                  |   9|          2|   32|         64|
    |empty_102_fu_1072                  |   9|          2|   32|         64|
    |empty_103_fu_1076                  |   9|          2|   32|         64|
    |empty_104_fu_1080                  |   9|          2|   32|         64|
    |empty_105_fu_1084                  |   9|          2|   32|         64|
    |empty_106_fu_1088                  |   9|          2|   32|         64|
    |empty_107_fu_1092                  |   9|          2|   32|         64|
    |empty_108_fu_1096                  |   9|          2|   32|         64|
    |empty_109_fu_1100                  |   9|          2|   32|         64|
    |empty_110_fu_1104                  |   9|          2|   32|         64|
    |empty_111_fu_1108                  |   9|          2|   32|         64|
    |empty_112_fu_1112                  |   9|          2|   32|         64|
    |empty_113_fu_1116                  |   9|          2|   32|         64|
    |empty_114_fu_1120                  |   9|          2|   32|         64|
    |empty_115_fu_1124                  |   9|          2|   32|         64|
    |empty_116_fu_1128                  |   9|          2|   32|         64|
    |empty_117_fu_1132                  |   9|          2|   32|         64|
    |empty_118_fu_1136                  |   9|          2|   32|         64|
    |empty_119_fu_1140                  |   9|          2|   32|         64|
    |empty_120_fu_1144                  |   9|          2|   32|         64|
    |empty_121_fu_1148                  |   9|          2|   32|         64|
    |empty_122_fu_1152                  |   9|          2|   32|         64|
    |empty_123_fu_1156                  |   9|          2|   32|         64|
    |empty_124_fu_1160                  |   9|          2|   32|         64|
    |empty_125_fu_1164                  |   9|          2|   32|         64|
    |empty_126_fu_1168                  |   9|          2|   32|         64|
    |empty_127_fu_1172                  |   9|          2|   32|         64|
    |empty_128_fu_1176                  |   9|          2|   32|         64|
    |empty_129_fu_1180                  |   9|          2|   32|         64|
    |empty_130_fu_1184                  |   9|          2|   32|         64|
    |empty_131_fu_1188                  |   9|          2|   32|         64|
    |empty_132_fu_1192                  |   9|          2|   32|         64|
    |empty_133_fu_1196                  |   9|          2|   32|         64|
    |empty_134_fu_1200                  |   9|          2|   32|         64|
    |empty_135_fu_1204                  |   9|          2|   32|         64|
    |empty_136_fu_1208                  |   9|          2|   32|         64|
    |empty_137_fu_1212                  |   9|          2|   32|         64|
    |empty_138_fu_1216                  |   9|          2|   32|         64|
    |empty_139_fu_1220                  |   9|          2|   32|         64|
    |empty_140_fu_1224                  |   9|          2|   32|         64|
    |empty_141_fu_1228                  |   9|          2|   32|         64|
    |empty_142_fu_1232                  |   9|          2|   32|         64|
    |empty_143_fu_1236                  |   9|          2|   32|         64|
    |empty_144_fu_1240                  |   9|          2|   32|         64|
    |empty_145_fu_1244                  |   9|          2|   32|         64|
    |empty_146_fu_1248                  |   9|          2|   32|         64|
    |empty_147_fu_1252                  |   9|          2|   32|         64|
    |empty_148_fu_1256                  |   9|          2|   32|         64|
    |empty_149_fu_1260                  |   9|          2|   32|         64|
    |empty_150_fu_1264                  |   9|          2|   32|         64|
    |empty_151_fu_1268                  |   9|          2|   32|         64|
    |empty_152_fu_1272                  |   9|          2|   32|         64|
    |empty_153_fu_1276                  |   9|          2|   32|         64|
    |empty_154_fu_1280                  |   9|          2|   32|         64|
    |empty_155_fu_1284                  |   9|          2|   32|         64|
    |empty_156_fu_1288                  |   9|          2|   32|         64|
    |empty_157_fu_1292                  |   9|          2|   32|         64|
    |empty_158_fu_1296                  |   9|          2|   32|         64|
    |empty_159_fu_1300                  |   9|          2|   32|         64|
    |empty_160_fu_1304                  |   9|          2|   32|         64|
    |empty_161_fu_1308                  |   9|          2|   32|         64|
    |empty_162_fu_1312                  |   9|          2|   32|         64|
    |empty_163_fu_1316                  |   9|          2|   32|         64|
    |empty_164_fu_1320                  |   9|          2|   32|         64|
    |empty_165_fu_1324                  |   9|          2|   32|         64|
    |empty_166_fu_1332                  |   9|          2|   32|         64|
    |empty_167_fu_1336                  |   9|          2|   32|         64|
    |empty_168_fu_1340                  |   9|          2|   32|         64|
    |empty_169_fu_1344                  |   9|          2|   32|         64|
    |empty_170_fu_1348                  |   9|          2|   32|         64|
    |empty_171_fu_1352                  |   9|          2|   32|         64|
    |empty_172_fu_1356                  |   9|          2|   32|         64|
    |empty_173_fu_1360                  |   9|          2|   32|         64|
    |empty_174_fu_1364                  |   9|          2|   32|         64|
    |empty_175_fu_1368                  |   9|          2|   32|         64|
    |empty_176_fu_1372                  |   9|          2|   32|         64|
    |empty_177_fu_1376                  |   9|          2|   32|         64|
    |empty_178_fu_1380                  |   9|          2|   32|         64|
    |empty_179_fu_1384                  |   9|          2|   32|         64|
    |empty_180_fu_1388                  |   9|          2|   32|         64|
    |empty_181_fu_1392                  |   9|          2|   32|         64|
    |empty_182_fu_1396                  |   9|          2|   32|         64|
    |empty_183_fu_1400                  |   9|          2|   32|         64|
    |empty_184_fu_1404                  |   9|          2|   32|         64|
    |empty_185_fu_1408                  |   9|          2|   32|         64|
    |empty_186_fu_1412                  |   9|          2|   32|         64|
    |empty_187_fu_1416                  |   9|          2|   32|         64|
    |empty_188_fu_1420                  |   9|          2|   32|         64|
    |empty_189_fu_1424                  |   9|          2|   32|         64|
    |empty_18_fu_736                    |   9|          2|   32|         64|
    |empty_190_fu_1428                  |   9|          2|   32|         64|
    |empty_191_fu_1432                  |   9|          2|   32|         64|
    |empty_192_fu_1436                  |   9|          2|   32|         64|
    |empty_193_fu_1440                  |   9|          2|   32|         64|
    |empty_194_fu_1444                  |   9|          2|   32|         64|
    |empty_195_fu_1448                  |   9|          2|   32|         64|
    |empty_196_fu_1452                  |   9|          2|   32|         64|
    |empty_197_fu_1456                  |   9|          2|   32|         64|
    |empty_198_fu_1460                  |   9|          2|   32|         64|
    |empty_199_fu_1464                  |   9|          2|   32|         64|
    |empty_19_fu_740                    |   9|          2|   32|         64|
    |empty_200_fu_1468                  |   9|          2|   32|         64|
    |empty_201_fu_1472                  |   9|          2|   32|         64|
    |empty_202_fu_1476                  |   9|          2|   32|         64|
    |empty_203_fu_1480                  |   9|          2|   32|         64|
    |empty_204_fu_1484                  |   9|          2|   32|         64|
    |empty_205_fu_1488                  |   9|          2|   32|         64|
    |empty_206_fu_1492                  |   9|          2|   32|         64|
    |empty_207_fu_1496                  |   9|          2|   32|         64|
    |empty_208_fu_1500                  |   9|          2|   32|         64|
    |empty_209_fu_1504                  |   9|          2|   32|         64|
    |empty_20_fu_744                    |   9|          2|   32|         64|
    |empty_210_fu_1508                  |   9|          2|   32|         64|
    |empty_211_fu_1512                  |   9|          2|   32|         64|
    |empty_212_fu_1516                  |   9|          2|   32|         64|
    |empty_213_fu_1520                  |   9|          2|   32|         64|
    |empty_214_fu_1524                  |   9|          2|   32|         64|
    |empty_215_fu_1528                  |   9|          2|   32|         64|
    |empty_216_fu_1532                  |   9|          2|   32|         64|
    |empty_217_fu_1536                  |   9|          2|   32|         64|
    |empty_218_fu_1540                  |   9|          2|   32|         64|
    |empty_219_fu_1544                  |   9|          2|   32|         64|
    |empty_21_fu_748                    |   9|          2|   32|         64|
    |empty_220_fu_1548                  |   9|          2|   32|         64|
    |empty_221_fu_1552                  |   9|          2|   32|         64|
    |empty_222_fu_1556                  |   9|          2|   32|         64|
    |empty_223_fu_1560                  |   9|          2|   32|         64|
    |empty_224_fu_1564                  |   9|          2|   32|         64|
    |empty_225_fu_1568                  |   9|          2|   32|         64|
    |empty_226_fu_1572                  |   9|          2|   32|         64|
    |empty_227_fu_1576                  |   9|          2|   32|         64|
    |empty_228_fu_1580                  |   9|          2|   32|         64|
    |empty_229_fu_1584                  |   9|          2|   32|         64|
    |empty_22_fu_752                    |   9|          2|   32|         64|
    |empty_230_fu_1588                  |   9|          2|   32|         64|
    |empty_231_fu_1592                  |   9|          2|   32|         64|
    |empty_232_fu_1596                  |   9|          2|   32|         64|
    |empty_233_fu_1600                  |   9|          2|   32|         64|
    |empty_234_fu_1604                  |   9|          2|   32|         64|
    |empty_235_fu_1608                  |   9|          2|   32|         64|
    |empty_236_fu_1612                  |   9|          2|   32|         64|
    |empty_237_fu_1616                  |   9|          2|   32|         64|
    |empty_238_fu_1620                  |   9|          2|   32|         64|
    |empty_239_fu_1624                  |   9|          2|   32|         64|
    |empty_23_fu_756                    |   9|          2|   32|         64|
    |empty_240_fu_1628                  |   9|          2|   32|         64|
    |empty_241_fu_1632                  |   9|          2|   32|         64|
    |empty_242_fu_1636                  |   9|          2|   32|         64|
    |empty_243_fu_1640                  |   9|          2|   32|         64|
    |empty_244_fu_1644                  |   9|          2|   32|         64|
    |empty_245_fu_1648                  |   9|          2|   32|         64|
    |empty_246_fu_1652                  |   9|          2|   32|         64|
    |empty_247_fu_1656                  |   9|          2|   32|         64|
    |empty_248_fu_1660                  |   9|          2|   32|         64|
    |empty_249_fu_1664                  |   9|          2|   32|         64|
    |empty_24_fu_760                    |   9|          2|   32|         64|
    |empty_250_fu_1668                  |   9|          2|   32|         64|
    |empty_251_fu_1672                  |   9|          2|   32|         64|
    |empty_252_fu_1676                  |   9|          2|   32|         64|
    |empty_253_fu_1680                  |   9|          2|   32|         64|
    |empty_254_fu_1684                  |   9|          2|   32|         64|
    |empty_255_fu_1688                  |   9|          2|   32|         64|
    |empty_256_fu_1692                  |   9|          2|   32|         64|
    |empty_257_fu_1696                  |   9|          2|   32|         64|
    |empty_258_fu_1700                  |   9|          2|   32|         64|
    |empty_259_fu_1704                  |   9|          2|   32|         64|
    |empty_25_fu_764                    |   9|          2|   32|         64|
    |empty_260_fu_1708                  |   9|          2|   32|         64|
    |empty_261_fu_1712                  |   9|          2|   32|         64|
    |empty_262_fu_1716                  |   9|          2|   32|         64|
    |empty_263_fu_1720                  |   9|          2|   32|         64|
    |empty_264_fu_1724                  |   9|          2|   32|         64|
    |empty_265_fu_1728                  |   9|          2|   32|         64|
    |empty_266_fu_1732                  |   9|          2|   32|         64|
    |empty_267_fu_1736                  |   9|          2|   32|         64|
    |empty_268_fu_1740                  |   9|          2|   32|         64|
    |empty_269_fu_1744                  |   9|          2|   32|         64|
    |empty_26_fu_768                    |   9|          2|   32|         64|
    |empty_270_fu_1748                  |   9|          2|   32|         64|
    |empty_271_fu_1752                  |   9|          2|   32|         64|
    |empty_272_fu_1756                  |   9|          2|   32|         64|
    |empty_273_fu_1760                  |   9|          2|   32|         64|
    |empty_274_fu_1764                  |   9|          2|   32|         64|
    |empty_275_fu_1768                  |   9|          2|   32|         64|
    |empty_276_fu_1772                  |   9|          2|   32|         64|
    |empty_277_fu_1776                  |   9|          2|   32|         64|
    |empty_278_fu_1780                  |   9|          2|   32|         64|
    |empty_279_fu_1784                  |   9|          2|   32|         64|
    |empty_27_fu_772                    |   9|          2|   32|         64|
    |empty_280_fu_1788                  |   9|          2|   32|         64|
    |empty_281_fu_1792                  |   9|          2|   32|         64|
    |empty_282_fu_1796                  |   9|          2|   32|         64|
    |empty_283_fu_1800                  |   9|          2|   32|         64|
    |empty_284_fu_1804                  |   9|          2|   32|         64|
    |empty_285_fu_1808                  |   9|          2|   32|         64|
    |empty_286_fu_1812                  |   9|          2|   32|         64|
    |empty_287_fu_1816                  |   9|          2|   32|         64|
    |empty_288_fu_1820                  |   9|          2|   32|         64|
    |empty_289_fu_1824                  |   9|          2|   32|         64|
    |empty_28_fu_776                    |   9|          2|   32|         64|
    |empty_290_fu_1828                  |   9|          2|   32|         64|
    |empty_291_fu_1832                  |   9|          2|   32|         64|
    |empty_292_fu_1836                  |   9|          2|   32|         64|
    |empty_293_fu_1840                  |   9|          2|   32|         64|
    |empty_294_fu_1844                  |   9|          2|   32|         64|
    |empty_295_fu_1848                  |   9|          2|   32|         64|
    |empty_296_fu_1852                  |   9|          2|   32|         64|
    |empty_297_fu_1856                  |   9|          2|   32|         64|
    |empty_298_fu_1860                  |   9|          2|   32|         64|
    |empty_299_fu_1864                  |   9|          2|   32|         64|
    |empty_29_fu_780                    |   9|          2|   32|         64|
    |empty_300_fu_1868                  |   9|          2|   32|         64|
    |empty_301_fu_1872                  |   9|          2|   32|         64|
    |empty_302_fu_1876                  |   9|          2|   32|         64|
    |empty_303_fu_1880                  |   9|          2|   32|         64|
    |empty_304_fu_1884                  |   9|          2|   32|         64|
    |empty_305_fu_1888                  |   9|          2|   32|         64|
    |empty_306_fu_1892                  |   9|          2|   32|         64|
    |empty_307_fu_1896                  |   9|          2|   32|         64|
    |empty_308_fu_1900                  |   9|          2|   32|         64|
    |empty_309_fu_1904                  |   9|          2|   32|         64|
    |empty_30_fu_784                    |   9|          2|   32|         64|
    |empty_310_fu_1908                  |   9|          2|   32|         64|
    |empty_311_fu_1912                  |   9|          2|   32|         64|
    |empty_312_fu_1916                  |   9|          2|   32|         64|
    |empty_313_fu_1920                  |   9|          2|   32|         64|
    |empty_314_fu_1924                  |   9|          2|   32|         64|
    |empty_31_fu_788                    |   9|          2|   32|         64|
    |empty_32_fu_792                    |   9|          2|   32|         64|
    |empty_33_fu_796                    |   9|          2|   32|         64|
    |empty_34_fu_800                    |   9|          2|   32|         64|
    |empty_35_fu_804                    |   9|          2|   32|         64|
    |empty_36_fu_808                    |   9|          2|   32|         64|
    |empty_37_fu_812                    |   9|          2|   32|         64|
    |empty_38_fu_816                    |   9|          2|   32|         64|
    |empty_39_fu_820                    |   9|          2|   32|         64|
    |empty_40_fu_824                    |   9|          2|   32|         64|
    |empty_41_fu_828                    |   9|          2|   32|         64|
    |empty_42_fu_832                    |   9|          2|   32|         64|
    |empty_43_fu_836                    |   9|          2|   32|         64|
    |empty_44_fu_840                    |   9|          2|   32|         64|
    |empty_45_fu_844                    |   9|          2|   32|         64|
    |empty_46_fu_848                    |   9|          2|   32|         64|
    |empty_47_fu_852                    |   9|          2|   32|         64|
    |empty_48_fu_856                    |   9|          2|   32|         64|
    |empty_49_fu_860                    |   9|          2|   32|         64|
    |empty_50_fu_864                    |   9|          2|   32|         64|
    |empty_51_fu_868                    |   9|          2|   32|         64|
    |empty_52_fu_872                    |   9|          2|   32|         64|
    |empty_53_fu_876                    |   9|          2|   32|         64|
    |empty_54_fu_880                    |   9|          2|   32|         64|
    |empty_55_fu_884                    |   9|          2|   32|         64|
    |empty_56_fu_888                    |   9|          2|   32|         64|
    |empty_57_fu_892                    |   9|          2|   32|         64|
    |empty_58_fu_896                    |   9|          2|   32|         64|
    |empty_59_fu_900                    |   9|          2|   32|         64|
    |empty_60_fu_904                    |   9|          2|   32|         64|
    |empty_61_fu_908                    |   9|          2|   32|         64|
    |empty_62_fu_912                    |   9|          2|   32|         64|
    |empty_63_fu_916                    |   9|          2|   32|         64|
    |empty_64_fu_920                    |   9|          2|   32|         64|
    |empty_65_fu_924                    |   9|          2|   32|         64|
    |empty_66_fu_928                    |   9|          2|   32|         64|
    |empty_67_fu_932                    |   9|          2|   32|         64|
    |empty_68_fu_936                    |   9|          2|   32|         64|
    |empty_69_fu_940                    |   9|          2|   32|         64|
    |empty_70_fu_944                    |   9|          2|   32|         64|
    |empty_71_fu_948                    |   9|          2|   32|         64|
    |empty_72_fu_952                    |   9|          2|   32|         64|
    |empty_73_fu_956                    |   9|          2|   32|         64|
    |empty_74_fu_960                    |   9|          2|   32|         64|
    |empty_75_fu_964                    |   9|          2|   32|         64|
    |empty_76_fu_968                    |   9|          2|   32|         64|
    |empty_77_fu_972                    |   9|          2|   32|         64|
    |empty_78_fu_976                    |   9|          2|   32|         64|
    |empty_79_fu_980                    |   9|          2|   32|         64|
    |empty_80_fu_984                    |   9|          2|   32|         64|
    |empty_81_fu_988                    |   9|          2|   32|         64|
    |empty_82_fu_992                    |   9|          2|   32|         64|
    |empty_83_fu_996                    |   9|          2|   32|         64|
    |empty_84_fu_1000                   |   9|          2|   32|         64|
    |empty_85_fu_1004                   |   9|          2|   32|         64|
    |empty_86_fu_1008                   |   9|          2|   32|         64|
    |empty_87_fu_1012                   |   9|          2|   32|         64|
    |empty_88_fu_1016                   |   9|          2|   32|         64|
    |empty_89_fu_1020                   |   9|          2|   32|         64|
    |empty_90_fu_1024                   |   9|          2|   32|         64|
    |empty_91_fu_1028                   |   9|          2|   32|         64|
    |empty_92_fu_1032                   |   9|          2|   32|         64|
    |empty_93_fu_1036                   |   9|          2|   32|         64|
    |empty_94_fu_1040                   |   9|          2|   32|         64|
    |empty_95_fu_1044                   |   9|          2|   32|         64|
    |empty_96_fu_1048                   |   9|          2|   32|         64|
    |empty_97_fu_1052                   |   9|          2|   32|         64|
    |empty_98_fu_1056                   |   9|          2|   32|         64|
    |empty_99_fu_1060                   |   9|          2|   32|         64|
    |empty_fu_732                       |   9|          2|   32|         64|
    |in_stream_TDATA_blk_n              |   9|          2|    1|          2|
    |out_stream_TDATA_blk_n             |   9|          2|    1|          2|
    +-----------------------------------+----+-----------+-----+-----------+
    |Total                              |2736|        608| 9573|      19146|
    +-----------------------------------+----+-----------+-----+-----------+

    * Register: 
    +-----------------------------------+-----+----+-----+-----------+
    |                Name               |  FF | LUT| Bits| Const Bits|
    +-----------------------------------+-----+----+-----+-----------+
    |I_path_1_reg_17278                 |   32|   0|   32|          0|
    |I_path_1_reg_17278_pp0_iter2_reg   |   32|   0|   32|          0|
    |I_path_fu_1328                     |   32|   0|   32|          0|
    |Q_path_reg_17353                   |   32|   0|   32|          0|
    |add_ln50_16_reg_17313              |   45|   0|   45|          0|
    |add_ln50_24_reg_17318              |   45|   0|   45|          0|
    |add_ln50_33_reg_17323              |   45|   0|   45|          0|
    |add_ln50_38_reg_17328              |   49|   0|   49|          0|
    |add_ln50_42_reg_17333              |   47|   0|   47|          0|
    |add_ln50_52_reg_17338              |   46|   0|   46|          0|
    |add_ln50_61_reg_17343              |   45|   0|   45|          0|
    |add_ln50_70_reg_17348              |   45|   0|   45|          0|
    |ap_CS_fsm                          |    1|   0|    1|          0|
    |ap_done_reg                        |    1|   0|    1|          0|
    |ap_enable_reg_pp0_iter1            |    1|   0|    1|          0|
    |ap_enable_reg_pp0_iter10           |    1|   0|    1|          0|
    |ap_enable_reg_pp0_iter11           |    1|   0|    1|          0|
    |ap_enable_reg_pp0_iter12           |    1|   0|    1|          0|
    |ap_enable_reg_pp0_iter13           |    1|   0|    1|          0|
    |ap_enable_reg_pp0_iter14           |    1|   0|    1|          0|
    |ap_enable_reg_pp0_iter15           |    1|   0|    1|          0|
    |ap_enable_reg_pp0_iter16           |    1|   0|    1|          0|
    |ap_enable_reg_pp0_iter2            |    1|   0|    1|          0|
    |ap_enable_reg_pp0_iter3            |    1|   0|    1|          0|
    |ap_enable_reg_pp0_iter4            |    1|   0|    1|          0|
    |ap_enable_reg_pp0_iter5            |    1|   0|    1|          0|
    |ap_enable_reg_pp0_iter6            |    1|   0|    1|          0|
    |ap_enable_reg_pp0_iter7            |    1|   0|    1|          0|
    |ap_enable_reg_pp0_iter8            |    1|   0|    1|          0|
    |ap_enable_reg_pp0_iter9            |    1|   0|    1|          0|
    |ap_loop_exit_ready_pp0_iter10_reg  |    1|   0|    1|          0|
    |ap_loop_exit_ready_pp0_iter11_reg  |    1|   0|    1|          0|
    |ap_loop_exit_ready_pp0_iter12_reg  |    1|   0|    1|          0|
    |ap_loop_exit_ready_pp0_iter13_reg  |    1|   0|    1|          0|
    |ap_loop_exit_ready_pp0_iter14_reg  |    1|   0|    1|          0|
    |ap_loop_exit_ready_pp0_iter15_reg  |    1|   0|    1|          0|
    |ap_loop_exit_ready_pp0_iter16_reg  |    1|   0|    1|          0|
    |ap_loop_exit_ready_pp0_iter2_reg   |    1|   0|    1|          0|
    |ap_loop_exit_ready_pp0_iter3_reg   |    1|   0|    1|          0|
    |ap_loop_exit_ready_pp0_iter4_reg   |    1|   0|    1|          0|
    |ap_loop_exit_ready_pp0_iter5_reg   |    1|   0|    1|          0|
    |ap_loop_exit_ready_pp0_iter6_reg   |    1|   0|    1|          0|
    |ap_loop_exit_ready_pp0_iter7_reg   |    1|   0|    1|          0|
    |ap_loop_exit_ready_pp0_iter8_reg   |    1|   0|    1|          0|
    |ap_loop_exit_ready_pp0_iter9_reg   |    1|   0|    1|          0|
    |empty_100_fu_1064                  |   32|   0|   32|          0|
    |empty_101_fu_1068                  |   32|   0|   32|          0|
    |empty_102_fu_1072                  |   32|   0|   32|          0|
    |empty_103_fu_1076                  |   32|   0|   32|          0|
    |empty_104_fu_1080                  |   32|   0|   32|          0|
    |empty_105_fu_1084                  |   32|   0|   32|          0|
    |empty_106_fu_1088                  |   32|   0|   32|          0|
    |empty_107_fu_1092                  |   32|   0|   32|          0|
    |empty_108_fu_1096                  |   32|   0|   32|          0|
    |empty_109_fu_1100                  |   32|   0|   32|          0|
    |empty_110_fu_1104                  |   32|   0|   32|          0|
    |empty_111_fu_1108                  |   32|   0|   32|          0|
    |empty_112_fu_1112                  |   32|   0|   32|          0|
    |empty_113_fu_1116                  |   32|   0|   32|          0|
    |empty_114_fu_1120                  |   32|   0|   32|          0|
    |empty_115_fu_1124                  |   32|   0|   32|          0|
    |empty_116_fu_1128                  |   32|   0|   32|          0|
    |empty_117_fu_1132                  |   32|   0|   32|          0|
    |empty_118_fu_1136                  |   32|   0|   32|          0|
    |empty_119_fu_1140                  |   32|   0|   32|          0|
    |empty_120_fu_1144                  |   32|   0|   32|          0|
    |empty_121_fu_1148                  |   32|   0|   32|          0|
    |empty_122_fu_1152                  |   32|   0|   32|          0|
    |empty_123_fu_1156                  |   32|   0|   32|          0|
    |empty_124_fu_1160                  |   32|   0|   32|          0|
    |empty_125_fu_1164                  |   32|   0|   32|          0|
    |empty_126_fu_1168                  |   32|   0|   32|          0|
    |empty_127_fu_1172                  |   32|   0|   32|          0|
    |empty_128_fu_1176                  |   32|   0|   32|          0|
    |empty_129_fu_1180                  |   32|   0|   32|          0|
    |empty_130_fu_1184                  |   32|   0|   32|          0|
    |empty_131_fu_1188                  |   32|   0|   32|          0|
    |empty_132_fu_1192                  |   32|   0|   32|          0|
    |empty_133_fu_1196                  |   32|   0|   32|          0|
    |empty_134_fu_1200                  |   32|   0|   32|          0|
    |empty_135_fu_1204                  |   32|   0|   32|          0|
    |empty_136_fu_1208                  |   32|   0|   32|          0|
    |empty_137_fu_1212                  |   32|   0|   32|          0|
    |empty_138_fu_1216                  |   32|   0|   32|          0|
    |empty_139_fu_1220                  |   32|   0|   32|          0|
    |empty_140_fu_1224                  |   32|   0|   32|          0|
    |empty_141_fu_1228                  |   32|   0|   32|          0|
    |empty_142_fu_1232                  |   32|   0|   32|          0|
    |empty_143_fu_1236                  |   32|   0|   32|          0|
    |empty_144_fu_1240                  |   32|   0|   32|          0|
    |empty_145_fu_1244                  |   32|   0|   32|          0|
    |empty_146_fu_1248                  |   32|   0|   32|          0|
    |empty_147_fu_1252                  |   32|   0|   32|          0|
    |empty_148_fu_1256                  |   32|   0|   32|          0|
    |empty_149_fu_1260                  |   32|   0|   32|          0|
    |empty_150_fu_1264                  |   32|   0|   32|          0|
    |empty_151_fu_1268                  |   32|   0|   32|          0|
    |empty_152_fu_1272                  |   32|   0|   32|          0|
    |empty_153_fu_1276                  |   32|   0|   32|          0|
    |empty_154_fu_1280                  |   32|   0|   32|          0|
    |empty_155_fu_1284                  |   32|   0|   32|          0|
    |empty_156_fu_1288                  |   32|   0|   32|          0|
    |empty_157_fu_1292                  |   32|   0|   32|          0|
    |empty_158_fu_1296                  |   32|   0|   32|          0|
    |empty_159_fu_1300                  |   32|   0|   32|          0|
    |empty_160_fu_1304                  |   32|   0|   32|          0|
    |empty_161_fu_1308                  |   32|   0|   32|          0|
    |empty_162_fu_1312                  |   32|   0|   32|          0|
    |empty_163_fu_1316                  |   32|   0|   32|          0|
    |empty_164_fu_1320                  |   32|   0|   32|          0|
    |empty_165_fu_1324                  |   32|   0|   32|          0|
    |empty_166_fu_1332                  |   32|   0|   32|          0|
    |empty_167_fu_1336                  |   32|   0|   32|          0|
    |empty_168_fu_1340                  |   32|   0|   32|          0|
    |empty_169_fu_1344                  |   32|   0|   32|          0|
    |empty_170_fu_1348                  |   32|   0|   32|          0|
    |empty_171_fu_1352                  |   32|   0|   32|          0|
    |empty_172_fu_1356                  |   32|   0|   32|          0|
    |empty_173_fu_1360                  |   32|   0|   32|          0|
    |empty_174_fu_1364                  |   32|   0|   32|          0|
    |empty_175_fu_1368                  |   32|   0|   32|          0|
    |empty_176_fu_1372                  |   32|   0|   32|          0|
    |empty_177_fu_1376                  |   32|   0|   32|          0|
    |empty_178_fu_1380                  |   32|   0|   32|          0|
    |empty_179_fu_1384                  |   32|   0|   32|          0|
    |empty_180_fu_1388                  |   32|   0|   32|          0|
    |empty_181_fu_1392                  |   32|   0|   32|          0|
    |empty_182_fu_1396                  |   32|   0|   32|          0|
    |empty_183_fu_1400                  |   32|   0|   32|          0|
    |empty_184_fu_1404                  |   32|   0|   32|          0|
    |empty_185_fu_1408                  |   32|   0|   32|          0|
    |empty_186_fu_1412                  |   32|   0|   32|          0|
    |empty_187_fu_1416                  |   32|   0|   32|          0|
    |empty_188_fu_1420                  |   32|   0|   32|          0|
    |empty_189_fu_1424                  |   32|   0|   32|          0|
    |empty_18_fu_736                    |   32|   0|   32|          0|
    |empty_190_fu_1428                  |   32|   0|   32|          0|
    |empty_191_fu_1432                  |   32|   0|   32|          0|
    |empty_192_fu_1436                  |   32|   0|   32|          0|
    |empty_193_fu_1440                  |   32|   0|   32|          0|
    |empty_194_fu_1444                  |   32|   0|   32|          0|
    |empty_195_fu_1448                  |   32|   0|   32|          0|
    |empty_196_fu_1452                  |   32|   0|   32|          0|
    |empty_197_fu_1456                  |   32|   0|   32|          0|
    |empty_198_fu_1460                  |   32|   0|   32|          0|
    |empty_199_fu_1464                  |   32|   0|   32|          0|
    |empty_19_fu_740                    |   32|   0|   32|          0|
    |empty_200_fu_1468                  |   32|   0|   32|          0|
    |empty_201_fu_1472                  |   32|   0|   32|          0|
    |empty_202_fu_1476                  |   32|   0|   32|          0|
    |empty_203_fu_1480                  |   32|   0|   32|          0|
    |empty_204_fu_1484                  |   32|   0|   32|          0|
    |empty_205_fu_1488                  |   32|   0|   32|          0|
    |empty_206_fu_1492                  |   32|   0|   32|          0|
    |empty_207_fu_1496                  |   32|   0|   32|          0|
    |empty_208_fu_1500                  |   32|   0|   32|          0|
    |empty_209_fu_1504                  |   32|   0|   32|          0|
    |empty_20_fu_744                    |   32|   0|   32|          0|
    |empty_210_fu_1508                  |   32|   0|   32|          0|
    |empty_211_fu_1512                  |   32|   0|   32|          0|
    |empty_212_fu_1516                  |   32|   0|   32|          0|
    |empty_213_fu_1520                  |   32|   0|   32|          0|
    |empty_214_fu_1524                  |   32|   0|   32|          0|
    |empty_215_fu_1528                  |   32|   0|   32|          0|
    |empty_216_fu_1532                  |   32|   0|   32|          0|
    |empty_217_fu_1536                  |   32|   0|   32|          0|
    |empty_218_fu_1540                  |   32|   0|   32|          0|
    |empty_219_fu_1544                  |   32|   0|   32|          0|
    |empty_21_fu_748                    |   32|   0|   32|          0|
    |empty_220_fu_1548                  |   32|   0|   32|          0|
    |empty_221_fu_1552                  |   32|   0|   32|          0|
    |empty_222_fu_1556                  |   32|   0|   32|          0|
    |empty_223_fu_1560                  |   32|   0|   32|          0|
    |empty_224_fu_1564                  |   32|   0|   32|          0|
    |empty_225_fu_1568                  |   32|   0|   32|          0|
    |empty_226_fu_1572                  |   32|   0|   32|          0|
    |empty_227_fu_1576                  |   32|   0|   32|          0|
    |empty_228_fu_1580                  |   32|   0|   32|          0|
    |empty_229_fu_1584                  |   32|   0|   32|          0|
    |empty_22_fu_752                    |   32|   0|   32|          0|
    |empty_230_fu_1588                  |   32|   0|   32|          0|
    |empty_231_fu_1592                  |   32|   0|   32|          0|
    |empty_232_fu_1596                  |   32|   0|   32|          0|
    |empty_233_fu_1600                  |   32|   0|   32|          0|
    |empty_234_fu_1604                  |   32|   0|   32|          0|
    |empty_235_fu_1608                  |   32|   0|   32|          0|
    |empty_236_fu_1612                  |   32|   0|   32|          0|
    |empty_237_fu_1616                  |   32|   0|   32|          0|
    |empty_238_fu_1620                  |   32|   0|   32|          0|
    |empty_239_fu_1624                  |   32|   0|   32|          0|
    |empty_23_fu_756                    |   32|   0|   32|          0|
    |empty_240_fu_1628                  |   32|   0|   32|          0|
    |empty_241_fu_1632                  |   32|   0|   32|          0|
    |empty_242_fu_1636                  |   32|   0|   32|          0|
    |empty_243_fu_1640                  |   32|   0|   32|          0|
    |empty_244_fu_1644                  |   32|   0|   32|          0|
    |empty_245_fu_1648                  |   32|   0|   32|          0|
    |empty_246_fu_1652                  |   32|   0|   32|          0|
    |empty_247_fu_1656                  |   32|   0|   32|          0|
    |empty_248_fu_1660                  |   32|   0|   32|          0|
    |empty_249_fu_1664                  |   32|   0|   32|          0|
    |empty_24_fu_760                    |   32|   0|   32|          0|
    |empty_250_fu_1668                  |   32|   0|   32|          0|
    |empty_251_fu_1672                  |   32|   0|   32|          0|
    |empty_252_fu_1676                  |   32|   0|   32|          0|
    |empty_253_fu_1680                  |   32|   0|   32|          0|
    |empty_254_fu_1684                  |   32|   0|   32|          0|
    |empty_255_fu_1688                  |   32|   0|   32|          0|
    |empty_256_fu_1692                  |   32|   0|   32|          0|
    |empty_257_fu_1696                  |   32|   0|   32|          0|
    |empty_258_fu_1700                  |   32|   0|   32|          0|
    |empty_259_fu_1704                  |   32|   0|   32|          0|
    |empty_25_fu_764                    |   32|   0|   32|          0|
    |empty_260_fu_1708                  |   32|   0|   32|          0|
    |empty_261_fu_1712                  |   32|   0|   32|          0|
    |empty_262_fu_1716                  |   32|   0|   32|          0|
    |empty_263_fu_1720                  |   32|   0|   32|          0|
    |empty_264_fu_1724                  |   32|   0|   32|          0|
    |empty_265_fu_1728                  |   32|   0|   32|          0|
    |empty_266_fu_1732                  |   32|   0|   32|          0|
    |empty_267_fu_1736                  |   32|   0|   32|          0|
    |empty_268_fu_1740                  |   32|   0|   32|          0|
    |empty_269_fu_1744                  |   32|   0|   32|          0|
    |empty_26_fu_768                    |   32|   0|   32|          0|
    |empty_270_fu_1748                  |   32|   0|   32|          0|
    |empty_271_fu_1752                  |   32|   0|   32|          0|
    |empty_272_fu_1756                  |   32|   0|   32|          0|
    |empty_273_fu_1760                  |   32|   0|   32|          0|
    |empty_274_fu_1764                  |   32|   0|   32|          0|
    |empty_275_fu_1768                  |   32|   0|   32|          0|
    |empty_276_fu_1772                  |   32|   0|   32|          0|
    |empty_277_fu_1776                  |   32|   0|   32|          0|
    |empty_278_fu_1780                  |   32|   0|   32|          0|
    |empty_279_fu_1784                  |   32|   0|   32|          0|
    |empty_27_fu_772                    |   32|   0|   32|          0|
    |empty_280_fu_1788                  |   32|   0|   32|          0|
    |empty_281_fu_1792                  |   32|   0|   32|          0|
    |empty_282_fu_1796                  |   32|   0|   32|          0|
    |empty_283_fu_1800                  |   32|   0|   32|          0|
    |empty_284_fu_1804                  |   32|   0|   32|          0|
    |empty_285_fu_1808                  |   32|   0|   32|          0|
    |empty_286_fu_1812                  |   32|   0|   32|          0|
    |empty_287_fu_1816                  |   32|   0|   32|          0|
    |empty_288_fu_1820                  |   32|   0|   32|          0|
    |empty_289_fu_1824                  |   32|   0|   32|          0|
    |empty_28_fu_776                    |   32|   0|   32|          0|
    |empty_290_fu_1828                  |   32|   0|   32|          0|
    |empty_291_fu_1832                  |   32|   0|   32|          0|
    |empty_292_fu_1836                  |   32|   0|   32|          0|
    |empty_293_fu_1840                  |   32|   0|   32|          0|
    |empty_294_fu_1844                  |   32|   0|   32|          0|
    |empty_295_fu_1848                  |   32|   0|   32|          0|
    |empty_296_fu_1852                  |   32|   0|   32|          0|
    |empty_297_fu_1856                  |   32|   0|   32|          0|
    |empty_298_fu_1860                  |   32|   0|   32|          0|
    |empty_299_fu_1864                  |   32|   0|   32|          0|
    |empty_29_fu_780                    |   32|   0|   32|          0|
    |empty_300_fu_1868                  |   32|   0|   32|          0|
    |empty_301_fu_1872                  |   32|   0|   32|          0|
    |empty_302_fu_1876                  |   32|   0|   32|          0|
    |empty_303_fu_1880                  |   32|   0|   32|          0|
    |empty_304_fu_1884                  |   32|   0|   32|          0|
    |empty_305_fu_1888                  |   32|   0|   32|          0|
    |empty_306_fu_1892                  |   32|   0|   32|          0|
    |empty_307_fu_1896                  |   32|   0|   32|          0|
    |empty_308_fu_1900                  |   32|   0|   32|          0|
    |empty_309_fu_1904                  |   32|   0|   32|          0|
    |empty_30_fu_784                    |   32|   0|   32|          0|
    |empty_310_fu_1908                  |   32|   0|   32|          0|
    |empty_311_fu_1912                  |   32|   0|   32|          0|
    |empty_312_fu_1916                  |   32|   0|   32|          0|
    |empty_313_fu_1920                  |   32|   0|   32|          0|
    |empty_314_fu_1924                  |   32|   0|   32|          0|
    |empty_31_fu_788                    |   32|   0|   32|          0|
    |empty_32_fu_792                    |   32|   0|   32|          0|
    |empty_33_fu_796                    |   32|   0|   32|          0|
    |empty_34_fu_800                    |   32|   0|   32|          0|
    |empty_35_fu_804                    |   32|   0|   32|          0|
    |empty_36_fu_808                    |   32|   0|   32|          0|
    |empty_37_fu_812                    |   32|   0|   32|          0|
    |empty_38_fu_816                    |   32|   0|   32|          0|
    |empty_39_fu_820                    |   32|   0|   32|          0|
    |empty_40_fu_824                    |   32|   0|   32|          0|
    |empty_41_fu_828                    |   32|   0|   32|          0|
    |empty_42_fu_832                    |   32|   0|   32|          0|
    |empty_43_fu_836                    |   32|   0|   32|          0|
    |empty_44_fu_840                    |   32|   0|   32|          0|
    |empty_45_fu_844                    |   32|   0|   32|          0|
    |empty_46_fu_848                    |   32|   0|   32|          0|
    |empty_47_fu_852                    |   32|   0|   32|          0|
    |empty_48_fu_856                    |   32|   0|   32|          0|
    |empty_49_fu_860                    |   32|   0|   32|          0|
    |empty_50_fu_864                    |   32|   0|   32|          0|
    |empty_51_fu_868                    |   32|   0|   32|          0|
    |empty_52_fu_872                    |   32|   0|   32|          0|
    |empty_53_fu_876                    |   32|   0|   32|          0|
    |empty_54_fu_880                    |   32|   0|   32|          0|
    |empty_55_fu_884                    |   32|   0|   32|          0|
    |empty_56_fu_888                    |   32|   0|   32|          0|
    |empty_57_fu_892                    |   32|   0|   32|          0|
    |empty_58_fu_896                    |   32|   0|   32|          0|
    |empty_59_fu_900                    |   32|   0|   32|          0|
    |empty_60_fu_904                    |   32|   0|   32|          0|
    |empty_61_fu_908                    |   32|   0|   32|          0|
    |empty_62_fu_912                    |   32|   0|   32|          0|
    |empty_63_fu_916                    |   32|   0|   32|          0|
    |empty_64_fu_920                    |   32|   0|   32|          0|
    |empty_65_fu_924                    |   32|   0|   32|          0|
    |empty_66_fu_928                    |   32|   0|   32|          0|
    |empty_67_fu_932                    |   32|   0|   32|          0|
    |empty_68_fu_936                    |   32|   0|   32|          0|
    |empty_69_fu_940                    |   32|   0|   32|          0|
    |empty_70_fu_944                    |   32|   0|   32|          0|
    |empty_71_fu_948                    |   32|   0|   32|          0|
    |empty_72_fu_952                    |   32|   0|   32|          0|
    |empty_73_fu_956                    |   32|   0|   32|          0|
    |empty_74_fu_960                    |   32|   0|   32|          0|
    |empty_75_fu_964                    |   32|   0|   32|          0|
    |empty_76_fu_968                    |   32|   0|   32|          0|
    |empty_77_fu_972                    |   32|   0|   32|          0|
    |empty_78_fu_976                    |   32|   0|   32|          0|
    |empty_79_fu_980                    |   32|   0|   32|          0|
    |empty_80_fu_984                    |   32|   0|   32|          0|
    |empty_81_fu_988                    |   32|   0|   32|          0|
    |empty_82_fu_992                    |   32|   0|   32|          0|
    |empty_83_fu_996                    |   32|   0|   32|          0|
    |empty_84_fu_1000                   |   32|   0|   32|          0|
    |empty_85_fu_1004                   |   32|   0|   32|          0|
    |empty_86_fu_1008                   |   32|   0|   32|          0|
    |empty_87_fu_1012                   |   32|   0|   32|          0|
    |empty_88_fu_1016                   |   32|   0|   32|          0|
    |empty_89_fu_1020                   |   32|   0|   32|          0|
    |empty_90_fu_1024                   |   32|   0|   32|          0|
    |empty_91_fu_1028                   |   32|   0|   32|          0|
    |empty_92_fu_1032                   |   32|   0|   32|          0|
    |empty_93_fu_1036                   |   32|   0|   32|          0|
    |empty_94_fu_1040                   |   32|   0|   32|          0|
    |empty_95_fu_1044                   |   32|   0|   32|          0|
    |empty_96_fu_1048                   |   32|   0|   32|          0|
    |empty_97_fu_1052                   |   32|   0|   32|          0|
    |empty_98_fu_1056                   |   32|   0|   32|          0|
    |empty_99_fu_1060                   |   32|   0|   32|          0|
    |empty_fu_732                       |   32|   0|   32|          0|
    |mul_ln56_1_reg_17363               |   64|   0|   64|          0|
    |mul_ln56_reg_17358                 |   64|   0|   64|          0|
    |tmp_dest_reg_17308                 |    6|   0|    6|          0|
    |tmp_id_reg_17303                   |    5|   0|    5|          0|
    |tmp_keep_reg_17283                 |    4|   0|    4|          0|
    |tmp_last_reg_17298                 |    1|   0|    1|          0|
    |tmp_reg_17378                      |   32|   0|   32|          0|
    |tmp_strb_reg_17288                 |    4|   0|    4|          0|
    |tmp_user_reg_17293                 |    2|   0|    2|          0|
    |x_assign_reg_17373                 |   32|   0|   32|          0|
    |tmp_dest_reg_17308                 |   64|  32|    6|          0|
    |tmp_id_reg_17303                   |   64|  32|    5|          0|
    |tmp_keep_reg_17283                 |   64|  32|    4|          0|
    |tmp_last_reg_17298                 |   64|  32|    1|          0|
    |tmp_strb_reg_17288                 |   64|  32|    4|          0|
    |tmp_user_reg_17293                 |   64|  32|    2|          0|
    +-----------------------------------+-----+----+-----+-----------+
    |Total                              |10662| 192|10300|          0|
    +-----------------------------------+-----+----+-----+-----------+



================================================================
== Interface
================================================================
* Summary: 
+-------------------+-----+-----+------------+------------------------------------------------+--------------+
|     RTL Ports     | Dir | Bits|  Protocol  |                  Source Object                 |    C Type    |
+-------------------+-----+-----+------------+------------------------------------------------+--------------+
|ap_clk             |   in|    1|  ap_ctrl_hs|  hilbert_envelope_axis_Pipeline_VITIS_LOOP_69_1|  return value|
|ap_rst             |   in|    1|  ap_ctrl_hs|  hilbert_envelope_axis_Pipeline_VITIS_LOOP_69_1|  return value|
|ap_start           |   in|    1|  ap_ctrl_hs|  hilbert_envelope_axis_Pipeline_VITIS_LOOP_69_1|  return value|
|ap_done            |  out|    1|  ap_ctrl_hs|  hilbert_envelope_axis_Pipeline_VITIS_LOOP_69_1|  return value|
|ap_idle            |  out|    1|  ap_ctrl_hs|  hilbert_envelope_axis_Pipeline_VITIS_LOOP_69_1|  return value|
|ap_ready           |  out|    1|  ap_ctrl_hs|  hilbert_envelope_axis_Pipeline_VITIS_LOOP_69_1|  return value|
|in_stream_TVALID   |   in|    1|        axis|                              in_stream_V_data_V|       pointer|
|in_stream_TDATA    |   in|   32|        axis|                              in_stream_V_data_V|       pointer|
|out_stream_TREADY  |   in|    1|        axis|                             out_stream_V_data_V|       pointer|
|out_stream_TDATA   |  out|   32|        axis|                             out_stream_V_data_V|       pointer|
|x_load_298         |   in|    1|     ap_none|                                      x_load_298|        scalar|
|x_load_297         |   in|    1|     ap_none|                                      x_load_297|        scalar|
|x_load_296         |   in|    1|     ap_none|                                      x_load_296|        scalar|
|x_load_295         |   in|    1|     ap_none|                                      x_load_295|        scalar|
|x_load_294         |   in|    1|     ap_none|                                      x_load_294|        scalar|
|x_load_293         |   in|    1|     ap_none|                                      x_load_293|        scalar|
|x_load_292         |   in|    1|     ap_none|                                      x_load_292|        scalar|
|x_load_291         |   in|    1|     ap_none|                                      x_load_291|        scalar|
|x_load_290         |   in|    1|     ap_none|                                      x_load_290|        scalar|
|x_load_289         |   in|    1|     ap_none|                                      x_load_289|        scalar|
|x_load_288         |   in|    1|     ap_none|                                      x_load_288|        scalar|
|x_load_287         |   in|    1|     ap_none|                                      x_load_287|        scalar|
|x_load_286         |   in|    1|     ap_none|                                      x_load_286|        scalar|
|x_load_285         |   in|    1|     ap_none|                                      x_load_285|        scalar|
|x_load_284         |   in|    1|     ap_none|                                      x_load_284|        scalar|
|x_load_283         |   in|    1|     ap_none|                                      x_load_283|        scalar|
|x_load_282         |   in|    1|     ap_none|                                      x_load_282|        scalar|
|x_load_281         |   in|    1|     ap_none|                                      x_load_281|        scalar|
|x_load_280         |   in|    1|     ap_none|                                      x_load_280|        scalar|
|x_load_279         |   in|    1|     ap_none|                                      x_load_279|        scalar|
|x_load_278         |   in|    1|     ap_none|                                      x_load_278|        scalar|
|x_load_277         |   in|    1|     ap_none|                                      x_load_277|        scalar|
|x_load_276         |   in|    1|     ap_none|                                      x_load_276|        scalar|
|x_load_275         |   in|    1|     ap_none|                                      x_load_275|        scalar|
|x_load_274         |   in|    1|     ap_none|                                      x_load_274|        scalar|
|x_load_273         |   in|    1|     ap_none|                                      x_load_273|        scalar|
|x_load_272         |   in|    1|     ap_none|                                      x_load_272|        scalar|
|x_load_271         |   in|    1|     ap_none|                                      x_load_271|        scalar|
|x_load_270         |   in|    1|     ap_none|                                      x_load_270|        scalar|
|x_load_269         |   in|    1|     ap_none|                                      x_load_269|        scalar|
|x_load_268         |   in|    1|     ap_none|                                      x_load_268|        scalar|
|x_load_267         |   in|    1|     ap_none|                                      x_load_267|        scalar|
|x_load_266         |   in|    1|     ap_none|                                      x_load_266|        scalar|
|x_load_265         |   in|    1|     ap_none|                                      x_load_265|        scalar|
|x_load_264         |   in|    1|     ap_none|                                      x_load_264|        scalar|
|x_load_263         |   in|    1|     ap_none|                                      x_load_263|        scalar|
|x_load_262         |   in|    1|     ap_none|                                      x_load_262|        scalar|
|x_load_261         |   in|    1|     ap_none|                                      x_load_261|        scalar|
|x_load_260         |   in|    1|     ap_none|                                      x_load_260|        scalar|
|x_load_259         |   in|    1|     ap_none|                                      x_load_259|        scalar|
|x_load_258         |   in|    1|     ap_none|                                      x_load_258|        scalar|
|x_load_257         |   in|    1|     ap_none|                                      x_load_257|        scalar|
|x_load_256         |   in|    1|     ap_none|                                      x_load_256|        scalar|
|x_load_255         |   in|    1|     ap_none|                                      x_load_255|        scalar|
|x_load_254         |   in|    1|     ap_none|                                      x_load_254|        scalar|
|x_load_253         |   in|    1|     ap_none|                                      x_load_253|        scalar|
|x_load_252         |   in|    1|     ap_none|                                      x_load_252|        scalar|
|x_load_251         |   in|    1|     ap_none|                                      x_load_251|        scalar|
|x_load_250         |   in|    1|     ap_none|                                      x_load_250|        scalar|
|x_load_249         |   in|    1|     ap_none|                                      x_load_249|        scalar|
|x_load_248         |   in|    1|     ap_none|                                      x_load_248|        scalar|
|x_load_247         |   in|    1|     ap_none|                                      x_load_247|        scalar|
|x_load_246         |   in|    1|     ap_none|                                      x_load_246|        scalar|
|x_load_245         |   in|    1|     ap_none|                                      x_load_245|        scalar|
|x_load_244         |   in|    1|     ap_none|                                      x_load_244|        scalar|
|x_load_243         |   in|    1|     ap_none|                                      x_load_243|        scalar|
|x_load_242         |   in|    1|     ap_none|                                      x_load_242|        scalar|
|x_load_241         |   in|    1|     ap_none|                                      x_load_241|        scalar|
|x_load_240         |   in|    1|     ap_none|                                      x_load_240|        scalar|
|x_load_239         |   in|    1|     ap_none|                                      x_load_239|        scalar|
|x_load_238         |   in|    1|     ap_none|                                      x_load_238|        scalar|
|x_load_237         |   in|    1|     ap_none|                                      x_load_237|        scalar|
|x_load_236         |   in|    1|     ap_none|                                      x_load_236|        scalar|
|x_load_235         |   in|    1|     ap_none|                                      x_load_235|        scalar|
|x_load_234         |   in|    1|     ap_none|                                      x_load_234|        scalar|
|x_load_233         |   in|    1|     ap_none|                                      x_load_233|        scalar|
|x_load_232         |   in|    1|     ap_none|                                      x_load_232|        scalar|
|x_load_231         |   in|    1|     ap_none|                                      x_load_231|        scalar|
|x_load_230         |   in|    1|     ap_none|                                      x_load_230|        scalar|
|x_load_229         |   in|    1|     ap_none|                                      x_load_229|        scalar|
|x_load_228         |   in|    1|     ap_none|                                      x_load_228|        scalar|
|x_load_227         |   in|    1|     ap_none|                                      x_load_227|        scalar|
|x_load_226         |   in|    1|     ap_none|                                      x_load_226|        scalar|
|x_load_225         |   in|    1|     ap_none|                                      x_load_225|        scalar|
|x_load_224         |   in|    1|     ap_none|                                      x_load_224|        scalar|
|x_load_223         |   in|    1|     ap_none|                                      x_load_223|        scalar|
|x_load_222         |   in|    1|     ap_none|                                      x_load_222|        scalar|
|x_load_221         |   in|    1|     ap_none|                                      x_load_221|        scalar|
|x_load_220         |   in|    1|     ap_none|                                      x_load_220|        scalar|
|x_load_219         |   in|    1|     ap_none|                                      x_load_219|        scalar|
|x_load_218         |   in|    1|     ap_none|                                      x_load_218|        scalar|
|x_load_217         |   in|    1|     ap_none|                                      x_load_217|        scalar|
|x_load_216         |   in|    1|     ap_none|                                      x_load_216|        scalar|
|x_load_215         |   in|    1|     ap_none|                                      x_load_215|        scalar|
|x_load_214         |   in|    1|     ap_none|                                      x_load_214|        scalar|
|x_load_213         |   in|    1|     ap_none|                                      x_load_213|        scalar|
|x_load_212         |   in|    1|     ap_none|                                      x_load_212|        scalar|
|x_load_211         |   in|    1|     ap_none|                                      x_load_211|        scalar|
|x_load_210         |   in|    1|     ap_none|                                      x_load_210|        scalar|
|x_load_209         |   in|    1|     ap_none|                                      x_load_209|        scalar|
|x_load_208         |   in|    1|     ap_none|                                      x_load_208|        scalar|
|x_load_207         |   in|    1|     ap_none|                                      x_load_207|        scalar|
|x_load_206         |   in|    1|     ap_none|                                      x_load_206|        scalar|
|x_load_205         |   in|    1|     ap_none|                                      x_load_205|        scalar|
|x_load_204         |   in|    1|     ap_none|                                      x_load_204|        scalar|
|x_load_203         |   in|    1|     ap_none|                                      x_load_203|        scalar|
|x_load_202         |   in|    1|     ap_none|                                      x_load_202|        scalar|
|x_load_201         |   in|    1|     ap_none|                                      x_load_201|        scalar|
|x_load_200         |   in|    1|     ap_none|                                      x_load_200|        scalar|
|x_load_199         |   in|    1|     ap_none|                                      x_load_199|        scalar|
|x_load_198         |   in|    1|     ap_none|                                      x_load_198|        scalar|
|x_load_197         |   in|    1|     ap_none|                                      x_load_197|        scalar|
|x_load_196         |   in|    1|     ap_none|                                      x_load_196|        scalar|
|x_load_195         |   in|    1|     ap_none|                                      x_load_195|        scalar|
|x_load_194         |   in|    1|     ap_none|                                      x_load_194|        scalar|
|x_load_193         |   in|    1|     ap_none|                                      x_load_193|        scalar|
|x_load_192         |   in|    1|     ap_none|                                      x_load_192|        scalar|
|x_load_191         |   in|    1|     ap_none|                                      x_load_191|        scalar|
|x_load_190         |   in|    1|     ap_none|                                      x_load_190|        scalar|
|x_load_189         |   in|    1|     ap_none|                                      x_load_189|        scalar|
|x_load_188         |   in|    1|     ap_none|                                      x_load_188|        scalar|
|x_load_187         |   in|    1|     ap_none|                                      x_load_187|        scalar|
|x_load_186         |   in|    1|     ap_none|                                      x_load_186|        scalar|
|x_load_185         |   in|    1|     ap_none|                                      x_load_185|        scalar|
|x_load_184         |   in|    1|     ap_none|                                      x_load_184|        scalar|
|x_load_183         |   in|    1|     ap_none|                                      x_load_183|        scalar|
|x_load_182         |   in|    1|     ap_none|                                      x_load_182|        scalar|
|x_load_181         |   in|    1|     ap_none|                                      x_load_181|        scalar|
|x_load_180         |   in|    1|     ap_none|                                      x_load_180|        scalar|
|x_load_179         |   in|    1|     ap_none|                                      x_load_179|        scalar|
|x_load_178         |   in|    1|     ap_none|                                      x_load_178|        scalar|
|x_load_177         |   in|    1|     ap_none|                                      x_load_177|        scalar|
|x_load_176         |   in|    1|     ap_none|                                      x_load_176|        scalar|
|x_load_175         |   in|    1|     ap_none|                                      x_load_175|        scalar|
|x_load_174         |   in|    1|     ap_none|                                      x_load_174|        scalar|
|x_load_173         |   in|    1|     ap_none|                                      x_load_173|        scalar|
|x_load_172         |   in|    1|     ap_none|                                      x_load_172|        scalar|
|x_load_171         |   in|    1|     ap_none|                                      x_load_171|        scalar|
|x_load_170         |   in|    1|     ap_none|                                      x_load_170|        scalar|
|x_load_169         |   in|    1|     ap_none|                                      x_load_169|        scalar|
|x_load_168         |   in|    1|     ap_none|                                      x_load_168|        scalar|
|x_load_167         |   in|    1|     ap_none|                                      x_load_167|        scalar|
|x_load_166         |   in|    1|     ap_none|                                      x_load_166|        scalar|
|x_load_165         |   in|    1|     ap_none|                                      x_load_165|        scalar|
|x_load_164         |   in|    1|     ap_none|                                      x_load_164|        scalar|
|x_load_163         |   in|    1|     ap_none|                                      x_load_163|        scalar|
|x_load_162         |   in|    1|     ap_none|                                      x_load_162|        scalar|
|x_load_161         |   in|    1|     ap_none|                                      x_load_161|        scalar|
|x_load_160         |   in|    1|     ap_none|                                      x_load_160|        scalar|
|x_load_159         |   in|    1|     ap_none|                                      x_load_159|        scalar|
|x_load_158         |   in|    1|     ap_none|                                      x_load_158|        scalar|
|x_load_157         |   in|    1|     ap_none|                                      x_load_157|        scalar|
|x_load_156         |   in|    1|     ap_none|                                      x_load_156|        scalar|
|x_load_155         |   in|    1|     ap_none|                                      x_load_155|        scalar|
|x_load_154         |   in|    1|     ap_none|                                      x_load_154|        scalar|
|x_load_153         |   in|    1|     ap_none|                                      x_load_153|        scalar|
|x_load_152         |   in|    1|     ap_none|                                      x_load_152|        scalar|
|x_load_151         |   in|    1|     ap_none|                                      x_load_151|        scalar|
|x_load_150         |   in|    1|     ap_none|                                      x_load_150|        scalar|
|x_load_149         |   in|    1|     ap_none|                                      x_load_149|        scalar|
|x_load_148         |   in|    1|     ap_none|                                      x_load_148|        scalar|
|x_load_147         |   in|    1|     ap_none|                                      x_load_147|        scalar|
|x_load_146         |   in|    1|     ap_none|                                      x_load_146|        scalar|
|x_load_145         |   in|    1|     ap_none|                                      x_load_145|        scalar|
|x_load_144         |   in|    1|     ap_none|                                      x_load_144|        scalar|
|x_load_143         |   in|    1|     ap_none|                                      x_load_143|        scalar|
|x_load_142         |   in|    1|     ap_none|                                      x_load_142|        scalar|
|x_load_141         |   in|    1|     ap_none|                                      x_load_141|        scalar|
|x_load_140         |   in|    1|     ap_none|                                      x_load_140|        scalar|
|x_load_139         |   in|    1|     ap_none|                                      x_load_139|        scalar|
|x_load_138         |   in|    1|     ap_none|                                      x_load_138|        scalar|
|x_load_137         |   in|    1|     ap_none|                                      x_load_137|        scalar|
|x_load_136         |   in|    1|     ap_none|                                      x_load_136|        scalar|
|x_load_135         |   in|    1|     ap_none|                                      x_load_135|        scalar|
|x_load_134         |   in|    1|     ap_none|                                      x_load_134|        scalar|
|x_load_133         |   in|    1|     ap_none|                                      x_load_133|        scalar|
|x_load_132         |   in|    1|     ap_none|                                      x_load_132|        scalar|
|x_load_131         |   in|    1|     ap_none|                                      x_load_131|        scalar|
|x_load_130         |   in|    1|     ap_none|                                      x_load_130|        scalar|
|x_load_129         |   in|    1|     ap_none|                                      x_load_129|        scalar|
|x_load_128         |   in|    1|     ap_none|                                      x_load_128|        scalar|
|x_load_127         |   in|    1|     ap_none|                                      x_load_127|        scalar|
|x_load_126         |   in|    1|     ap_none|                                      x_load_126|        scalar|
|x_load_125         |   in|    1|     ap_none|                                      x_load_125|        scalar|
|x_load_124         |   in|    1|     ap_none|                                      x_load_124|        scalar|
|x_load_123         |   in|    1|     ap_none|                                      x_load_123|        scalar|
|x_load_122         |   in|    1|     ap_none|                                      x_load_122|        scalar|
|x_load_121         |   in|    1|     ap_none|                                      x_load_121|        scalar|
|x_load_120         |   in|    1|     ap_none|                                      x_load_120|        scalar|
|x_load_119         |   in|    1|     ap_none|                                      x_load_119|        scalar|
|x_load_118         |   in|    1|     ap_none|                                      x_load_118|        scalar|
|x_load_117         |   in|    1|     ap_none|                                      x_load_117|        scalar|
|x_load_116         |   in|    1|     ap_none|                                      x_load_116|        scalar|
|x_load_115         |   in|    1|     ap_none|                                      x_load_115|        scalar|
|x_load_114         |   in|    1|     ap_none|                                      x_load_114|        scalar|
|x_load_113         |   in|    1|     ap_none|                                      x_load_113|        scalar|
|x_load_112         |   in|    1|     ap_none|                                      x_load_112|        scalar|
|x_load_111         |   in|    1|     ap_none|                                      x_load_111|        scalar|
|x_load_110         |   in|    1|     ap_none|                                      x_load_110|        scalar|
|x_load_109         |   in|    1|     ap_none|                                      x_load_109|        scalar|
|x_load_108         |   in|    1|     ap_none|                                      x_load_108|        scalar|
|x_load_107         |   in|    1|     ap_none|                                      x_load_107|        scalar|
|x_load_106         |   in|    1|     ap_none|                                      x_load_106|        scalar|
|x_load_105         |   in|    1|     ap_none|                                      x_load_105|        scalar|
|x_load_104         |   in|    1|     ap_none|                                      x_load_104|        scalar|
|x_load_103         |   in|    1|     ap_none|                                      x_load_103|        scalar|
|x_load_102         |   in|    1|     ap_none|                                      x_load_102|        scalar|
|x_load_101         |   in|    1|     ap_none|                                      x_load_101|        scalar|
|x_load_100         |   in|    1|     ap_none|                                      x_load_100|        scalar|
|x_load_99          |   in|    1|     ap_none|                                       x_load_99|        scalar|
|x_load_98          |   in|    1|     ap_none|                                       x_load_98|        scalar|
|x_load_97          |   in|    1|     ap_none|                                       x_load_97|        scalar|
|x_load_96          |   in|    1|     ap_none|                                       x_load_96|        scalar|
|x_load_95          |   in|    1|     ap_none|                                       x_load_95|        scalar|
|x_load_94          |   in|    1|     ap_none|                                       x_load_94|        scalar|
|x_load_93          |   in|    1|     ap_none|                                       x_load_93|        scalar|
|x_load_92          |   in|    1|     ap_none|                                       x_load_92|        scalar|
|x_load_91          |   in|    1|     ap_none|                                       x_load_91|        scalar|
|x_load_90          |   in|    1|     ap_none|                                       x_load_90|        scalar|
|x_load_89          |   in|    1|     ap_none|                                       x_load_89|        scalar|
|x_load_88          |   in|    1|     ap_none|                                       x_load_88|        scalar|
|x_load_87          |   in|    1|     ap_none|                                       x_load_87|        scalar|
|x_load_86          |   in|    1|     ap_none|                                       x_load_86|        scalar|
|x_load_85          |   in|    1|     ap_none|                                       x_load_85|        scalar|
|x_load_84          |   in|    1|     ap_none|                                       x_load_84|        scalar|
|x_load_83          |   in|    1|     ap_none|                                       x_load_83|        scalar|
|x_load_82          |   in|    1|     ap_none|                                       x_load_82|        scalar|
|x_load_81          |   in|    1|     ap_none|                                       x_load_81|        scalar|
|x_load_80          |   in|    1|     ap_none|                                       x_load_80|        scalar|
|x_load_79          |   in|    1|     ap_none|                                       x_load_79|        scalar|
|x_load_78          |   in|    1|     ap_none|                                       x_load_78|        scalar|
|x_load_77          |   in|    1|     ap_none|                                       x_load_77|        scalar|
|x_load_76          |   in|    1|     ap_none|                                       x_load_76|        scalar|
|x_load_75          |   in|    1|     ap_none|                                       x_load_75|        scalar|
|x_load_74          |   in|    1|     ap_none|                                       x_load_74|        scalar|
|x_load_73          |   in|    1|     ap_none|                                       x_load_73|        scalar|
|x_load_72          |   in|    1|     ap_none|                                       x_load_72|        scalar|
|x_load_71          |   in|    1|     ap_none|                                       x_load_71|        scalar|
|x_load_70          |   in|    1|     ap_none|                                       x_load_70|        scalar|
|x_load_69          |   in|    1|     ap_none|                                       x_load_69|        scalar|
|x_load_68          |   in|    1|     ap_none|                                       x_load_68|        scalar|
|x_load_67          |   in|    1|     ap_none|                                       x_load_67|        scalar|
|x_load_66          |   in|    1|     ap_none|                                       x_load_66|        scalar|
|x_load_65          |   in|    1|     ap_none|                                       x_load_65|        scalar|
|x_load_64          |   in|    1|     ap_none|                                       x_load_64|        scalar|
|x_load_63          |   in|    1|     ap_none|                                       x_load_63|        scalar|
|x_load_62          |   in|    1|     ap_none|                                       x_load_62|        scalar|
|x_load_61          |   in|    1|     ap_none|                                       x_load_61|        scalar|
|x_load_60          |   in|    1|     ap_none|                                       x_load_60|        scalar|
|x_load_59          |   in|    1|     ap_none|                                       x_load_59|        scalar|
|x_load_58          |   in|    1|     ap_none|                                       x_load_58|        scalar|
|x_load_57          |   in|    1|     ap_none|                                       x_load_57|        scalar|
|x_load_56          |   in|    1|     ap_none|                                       x_load_56|        scalar|
|x_load_55          |   in|    1|     ap_none|                                       x_load_55|        scalar|
|x_load_54          |   in|    1|     ap_none|                                       x_load_54|        scalar|
|x_load_53          |   in|    1|     ap_none|                                       x_load_53|        scalar|
|x_load_52          |   in|    1|     ap_none|                                       x_load_52|        scalar|
|x_load_51          |   in|    1|     ap_none|                                       x_load_51|        scalar|
|x_load_50          |   in|    1|     ap_none|                                       x_load_50|        scalar|
|x_load_49          |   in|    1|     ap_none|                                       x_load_49|        scalar|
|x_load_48          |   in|    1|     ap_none|                                       x_load_48|        scalar|
|x_load_47          |   in|    1|     ap_none|                                       x_load_47|        scalar|
|x_load_46          |   in|    1|     ap_none|                                       x_load_46|        scalar|
|x_load_45          |   in|    1|     ap_none|                                       x_load_45|        scalar|
|x_load_44          |   in|    1|     ap_none|                                       x_load_44|        scalar|
|x_load_43          |   in|    1|     ap_none|                                       x_load_43|        scalar|
|x_load_42          |   in|    1|     ap_none|                                       x_load_42|        scalar|
|x_load_41          |   in|    1|     ap_none|                                       x_load_41|        scalar|
|x_load_40          |   in|    1|     ap_none|                                       x_load_40|        scalar|
|x_load_39          |   in|    1|     ap_none|                                       x_load_39|        scalar|
|x_load_38          |   in|    1|     ap_none|                                       x_load_38|        scalar|
|x_load_37          |   in|    1|     ap_none|                                       x_load_37|        scalar|
|x_load_36          |   in|    1|     ap_none|                                       x_load_36|        scalar|
|x_load_35          |   in|    1|     ap_none|                                       x_load_35|        scalar|
|x_load_34          |   in|    1|     ap_none|                                       x_load_34|        scalar|
|x_load_33          |   in|    1|     ap_none|                                       x_load_33|        scalar|
|x_load_32          |   in|    1|     ap_none|                                       x_load_32|        scalar|
|x_load_31          |   in|    1|     ap_none|                                       x_load_31|        scalar|
|x_load_30          |   in|    1|     ap_none|                                       x_load_30|        scalar|
|x_load_29          |   in|    1|     ap_none|                                       x_load_29|        scalar|
|x_load_28          |   in|    1|     ap_none|                                       x_load_28|        scalar|
|x_load_27          |   in|    1|     ap_none|                                       x_load_27|        scalar|
|x_load_26          |   in|    1|     ap_none|                                       x_load_26|        scalar|
|x_load_25          |   in|    1|     ap_none|                                       x_load_25|        scalar|
|x_load_24          |   in|    1|     ap_none|                                       x_load_24|        scalar|
|x_load_23          |   in|    1|     ap_none|                                       x_load_23|        scalar|
|x_load_22          |   in|    1|     ap_none|                                       x_load_22|        scalar|
|x_load_21          |   in|    1|     ap_none|                                       x_load_21|        scalar|
|x_load_20          |   in|    1|     ap_none|                                       x_load_20|        scalar|
|x_load_19          |   in|    1|     ap_none|                                       x_load_19|        scalar|
|x_load_18          |   in|    1|     ap_none|                                       x_load_18|        scalar|
|x_load_17          |   in|    1|     ap_none|                                       x_load_17|        scalar|
|x_load_16          |   in|    1|     ap_none|                                       x_load_16|        scalar|
|x_load_15          |   in|    1|     ap_none|                                       x_load_15|        scalar|
|x_load_14          |   in|    1|     ap_none|                                       x_load_14|        scalar|
|x_load_13          |   in|    1|     ap_none|                                       x_load_13|        scalar|
|x_load_12          |   in|    1|     ap_none|                                       x_load_12|        scalar|
|x_load_11          |   in|    1|     ap_none|                                       x_load_11|        scalar|
|x_load_10          |   in|    1|     ap_none|                                       x_load_10|        scalar|
|x_load_9           |   in|    1|     ap_none|                                        x_load_9|        scalar|
|x_load_8           |   in|    1|     ap_none|                                        x_load_8|        scalar|
|x_load_7           |   in|    1|     ap_none|                                        x_load_7|        scalar|
|x_load_6           |   in|    1|     ap_none|                                        x_load_6|        scalar|
|x_load_5           |   in|    1|     ap_none|                                        x_load_5|        scalar|
|x_load_4           |   in|    1|     ap_none|                                        x_load_4|        scalar|
|x_load_3           |   in|    1|     ap_none|                                        x_load_3|        scalar|
|x_load_2           |   in|    1|     ap_none|                                        x_load_2|        scalar|
|x_load_1           |   in|    1|     ap_none|                                        x_load_1|        scalar|
|x_load             |   in|    1|     ap_none|                                          x_load|        scalar|
|in_stream_TREADY   |  out|    1|        axis|                              in_stream_V_dest_V|       pointer|
|in_stream_TDEST    |   in|    6|        axis|                              in_stream_V_dest_V|       pointer|
|in_stream_TKEEP    |   in|    4|        axis|                              in_stream_V_keep_V|       pointer|
|in_stream_TSTRB    |   in|    4|        axis|                              in_stream_V_strb_V|       pointer|
|in_stream_TUSER    |   in|    2|        axis|                              in_stream_V_user_V|       pointer|
|in_stream_TLAST    |   in|    1|        axis|                              in_stream_V_last_V|       pointer|
|in_stream_TID      |   in|    5|        axis|                                in_stream_V_id_V|       pointer|
|out_stream_TVALID  |  out|    1|        axis|                             out_stream_V_dest_V|       pointer|
|out_stream_TDEST   |  out|    6|        axis|                             out_stream_V_dest_V|       pointer|
|out_stream_TKEEP   |  out|    4|        axis|                             out_stream_V_keep_V|       pointer|
|out_stream_TSTRB   |  out|    4|        axis|                             out_stream_V_strb_V|       pointer|
|out_stream_TUSER   |  out|    2|        axis|                             out_stream_V_user_V|       pointer|
|out_stream_TLAST   |  out|    1|        axis|                             out_stream_V_last_V|       pointer|
|out_stream_TID     |  out|    5|        axis|                               out_stream_V_id_V|       pointer|
+-------------------+-----+-----+------------+------------------------------------------------+--------------+

