INFO-FLOW: Workspace C:/Motor-Simulator/Envelope/Envelope_Detector/Envelope_Detector/hls opened at Thu Apr 16 19:54:18 -0400 2026
Execute     send_msg_by_id INFO @200-1505@%s%s default  vivado 
INFO: [HLS 200-1505] Using default flow_target 'vivado'
Execute   apply_ini C:/Motor-Simulator/Envelope/Envelope_Detector/hls_config.cfg 
Execute     send_msg_by_id INFO @200-1465@%s 'syn.file=hilbert.cpp' from C:/Motor-Simulator/Envelope/Envelope_Detector/hls_config.cfg(8) 
INFO: [HLS 200-1465] Applying ini 'syn.file=hilbert.cpp' from C:/Motor-Simulator/Envelope/Envelope_Detector/hls_config.cfg(8)
Execute     add_files C:/Motor-Simulator/Envelope/Envelope_Detector/hilbert.cpp 
INFO: [HLS 200-10] Adding design file 'C:/Motor-Simulator/Envelope/Envelope_Detector/hilbert.cpp' to the project
Execute     send_msg_by_id INFO @200-1465@%s 'syn.file=hilbert.h' from C:/Motor-Simulator/Envelope/Envelope_Detector/hls_config.cfg(9) 
INFO: [HLS 200-1465] Applying ini 'syn.file=hilbert.h' from C:/Motor-Simulator/Envelope/Envelope_Detector/hls_config.cfg(9)
Execute     add_files C:/Motor-Simulator/Envelope/Envelope_Detector/hilbert.h 
INFO: [HLS 200-10] Adding design file 'C:/Motor-Simulator/Envelope/Envelope_Detector/hilbert.h' to the project
Execute     send_msg_by_id INFO @200-1465@%s 'tb.file=tb_hilbert.cpp' from C:/Motor-Simulator/Envelope/Envelope_Detector/hls_config.cfg(10) 
INFO: [HLS 200-1465] Applying ini 'tb.file=tb_hilbert.cpp' from C:/Motor-Simulator/Envelope/Envelope_Detector/hls_config.cfg(10)
Execute     add_files -tb C:/Motor-Simulator/Envelope/Envelope_Detector/tb_hilbert.cpp 
INFO: [HLS 200-10] Adding test bench file 'C:/Motor-Simulator/Envelope/Envelope_Detector/tb_hilbert.cpp' to the project
Execute     send_msg_by_id INFO @200-1465@%s 'tb.file=C:/Motor-Simulator/Envelope/Envelope_Detector/tb_all.cpp' from C:/Motor-Simulator/Envelope/Envelope_Detector/hls_config.cfg(11) 
INFO: [HLS 200-1465] Applying ini 'tb.file=C:/Motor-Simulator/Envelope/Envelope_Detector/tb_all.cpp' from C:/Motor-Simulator/Envelope/Envelope_Detector/hls_config.cfg(11)
Execute     add_files -tb C:/Motor-Simulator/Envelope/Envelope_Detector/tb_all.cpp 
INFO: [HLS 200-10] Adding test bench file 'C:/Motor-Simulator/Envelope/Envelope_Detector/tb_all.cpp' to the project
Execute     send_msg_by_id INFO @200-1465@%s 'syn.top=hilbert_envelope_axis' from C:/Motor-Simulator/Envelope/Envelope_Detector/hls_config.cfg(7) 
INFO: [HLS 200-1465] Applying ini 'syn.top=hilbert_envelope_axis' from C:/Motor-Simulator/Envelope/Envelope_Detector/hls_config.cfg(7)
Execute     set_top hilbert_envelope_axis 
Execute     send_msg_by_id INFO @200-1465@%s 'flow_target=vivado' from C:/Motor-Simulator/Envelope/Envelope_Detector/hls_config.cfg(4) 
INFO: [HLS 200-1465] Applying ini 'flow_target=vivado' from C:/Motor-Simulator/Envelope/Envelope_Detector/hls_config.cfg(4)
Execute     send_msg_by_id INFO @200-1505@%s%s  vivado 
INFO: [HLS 200-1505] Using flow_target 'vivado'
Execute     send_msg_by_id INFO @200-1465@%s 'part=xczu3eg-sfvc784-2-e' from C:/Motor-Simulator/Envelope/Envelope_Detector/hls_config.cfg(1) 
INFO: [HLS 200-1465] Applying ini 'part=xczu3eg-sfvc784-2-e' from C:/Motor-Simulator/Envelope/Envelope_Detector/hls_config.cfg(1)
Execute     set_part xczu3eg-sfvc784-2-e 
Execute       create_platform xczu3eg-sfvc784-2-e -board  
DBG:HLSDevice: Trying to load device library: C:/Xilinx\Vitis_HLS\2024.1\lib\win64.o\xv_hlsvwrap.dll
DBG:HLSDevice: first parts/arch.xml in RDI_DATADIR: C:/Xilinx/Vivado/2024.1/data/parts/arch.xml
DBG:HLSDevice: init success
INFO: [HLS 200-1611] Setting target device to 'xczu3eg-sfvc784-2-e'
Command       create_platform done; 1.504 sec.
Execute       source C:/Xilinx/Vitis_HLS/2024.1/common/technology/xilinx/common/xilinx.gen 
Execute         source C:/Xilinx/Vitis_HLS/2024.1/common/technology/xilinx/interface/plb46.gen 
Execute         source C:/Xilinx/Vitis_HLS/2024.1/common/technology/xilinx/interface/axi4.gen 
Execute         source C:/Xilinx/Vitis_HLS/2024.1/common/technology/xilinx/interface/nativeAXI4.gen 
Execute           source C:/Xilinx/Vitis_HLS/2024.1/common/technology/xilinx/interface/saxilite.gen 
Execute         source C:/Xilinx/Vitis_HLS/2024.1/common/technology/xilinx/scripts/xilinxcoregen.gen 
Execute         source C:/Xilinx/Vitis_HLS/2024.1/common/technology/xilinx/interface/XilEDKCoreGen.gen 
Execute         source C:/Xilinx/Vitis_HLS/2024.1/common/technology/xilinx/ip/dds_compiler.gen 
Execute         source C:/Xilinx/Vitis_HLS/2024.1/common/technology/xilinx/ip/util.gen 
Execute         source C:/Xilinx/Vitis_HLS/2024.1/common/technology/xilinx/ip/xfft.gen 
Execute         source C:/Xilinx/Vitis_HLS/2024.1/common/technology/xilinx/ip/xfir.gen 
Execute         source C:/Xilinx/Vitis_HLS/2024.1/common/technology/xilinx/DSP48/dsp48.gen 
Execute       ap_part_info -name xczu3eg-sfvc784-2-e -data info 
Execute       config_compile -quiet -complex-mul-dsp=0 
Command     set_part done; 1.617 sec.
Execute     send_msg_by_id INFO @200-1465@%s 'package.output.format=ip_catalog' from C:/Motor-Simulator/Envelope/Envelope_Detector/hls_config.cfg(5) 
INFO: [HLS 200-1465] Applying ini 'package.output.format=ip_catalog' from C:/Motor-Simulator/Envelope/Envelope_Detector/hls_config.cfg(5)
Execute     config_export -format=ip_catalog 
Command   apply_ini done; 1.655 sec.
Execute   apply_ini C:/Motor-Simulator/Envelope/Envelope_Detector/Envelope_Detector/hls/config.cmdline 
Execute   csynth_design 
Execute     AP::app_get_file_relativeroot [AP::app_get_root] {}
Execute     AP::app_get_file_relativeroot [AP::app_get_root] {}
Execute     AP::app_get_file_relativeroot [AP::app_get_root] {}
INFO-FLOW: Running SLX 'csynth' proc: ::SLX::run_csynth
Execute     elaborate -effort=medium -skip_syncheck=0 -keep_printf=0 -skip_cdt=0 -skip_transform=0 -ng=0 -g=0 -opt_fp=0 -from_csynth_design=1 
INFO: [HLS 200-111] Finished File checks and directory preparation: CPU user time: 2 seconds. CPU system time: 1 seconds. Elapsed time: 2.963 seconds; current allocated memory: 177.199 MB.
Execute       set_directive_top hilbert_envelope_axis -name=hilbert_envelope_axis 
Execute       source C:/Xilinx/Vitis_HLS/2024.1/tps/tcl/tcllib1.11.1/yaml/huddle.tcl 
Execute       source C:/Xilinx/Vitis_HLS/2024.1/tps/tcl/tcllib1.11.1/yaml/json2huddle.tcl 
INFO: [HLS 200-10] Analyzing design file 'hilbert.cpp' ... 
INFO-FLOW: Compiling one TU...
INFO-FLOW: Handling hilbert.cpp as C++
Execute       ap_part_info -name xczu3eg-sfvc784-2-e -data info 
INFO-FLOW: Running: GCC PP 39
INFO-FLOW: Source preprocessing
INFO-FLOW: run_clang exec: C:/Xilinx/Vitis_HLS/2024.1/win64/tools/clang-3.9-csynth/bin/clang hilbert.cpp -foptimization-record-file=C:/Motor-Simulator/Envelope/Envelope_Detector/Envelope_Detector/hls/.autopilot/db/hilbert.cpp.clang.diag.yml -mllvm -pass-remarks-missed=reflow|pasta|unroll -mllvm -pass-remarks=reflow|pasta|unroll|inline -fno-limit-debug-info --sysroot C:/Xilinx/Vitis_HLS/2024.1/tps/mingw/8.3.0/win64.o/nt -fhls -fno-exceptions -insert-hls-directive=C:/Motor-Simulator/Envelope/Envelope_Detector/Envelope_Detector/hls/.autopilot/db/all.directive.json -E -fno-math-errno -c -emit-llvm -mllvm -disable-llvm-optzns -Werror=implicit-function-declaration -Werror=implicit-hls-streams -Werror=return-type -Wpragmas -Wunused-parameter -Wdump-hls-pragmas -Wno-error=dump-hls-pragmas -hls-clock-period=10 -fno-threadsafe-statics -fno-use-cxa-atexit -std=gnu++14 -target fpga64-xilinx-mingw32 -fno-threadsafe-statics -fno-use-cxa-atexit -D__VITIS_HLS__ -DAESL_SYN -D__SYNTHESIS__ -D__HLS_SYN__ -I C:/Xilinx/Vitis_HLS/2024.1/common/technology/autopilot -I C:/Xilinx/Vitis_HLS/2024.1/common/technology/autopilot/ap_sysc -include etc/autopilot_ssdm_op.h -D__DSP48E2__ -I /usr/include/x86_64-linux-gnu -o C:/Motor-Simulator/Envelope/Envelope_Detector/Envelope_Detector/hls/.autopilot/db/hilbert.pp.0.cpp {-hls-platform-db-name=C:/Xilinx\Vitis_HLS\2024.1\common/technology\xilinx/common/platform.db} -hls-platform-name=zynquplus_medium -device-resource-info=BRAM_432.000000_DSP_360.000000_FF_141120.000000_LUT_70560.000000_SLICE_8820.000000_URAM_0.000000 -device-name-info=xczu3eg-sfvc784-2-e > C:/Motor-Simulator/Envelope/Envelope_Detector/Envelope_Detector/hls/.autopilot/db/hilbert.cpp.clang.out.log 2> C:/Motor-Simulator/Envelope/Envelope_Detector/Envelope_Detector/hls/.autopilot/db/hilbert.cpp.clang.err.log
INFO-FLOW: Done: GCC PP 39 time: 0.5 seconds per iteration
INFO-FLOW: Source syntax check for synthesis
INFO-FLOW: run_clang exec: C:/Xilinx/Vitis_HLS/2024.1/win64/tools/clang-3.9-csynth/bin/clang -foptimization-record-file=C:/Motor-Simulator/Envelope/Envelope_Detector/Envelope_Detector/hls/.autopilot/db/clang.diag.yml -mllvm -pass-remarks-missed=reflow|pasta|unroll -mllvm -pass-remarks=reflow|pasta|unroll|inline -fsyntax-only -fhls -target fpga64-xilinx-linux-gnu C:/Motor-Simulator/Envelope/Envelope_Detector/Envelope_Detector/hls/.autopilot/db/hilbert.pp.0.cpp {-hls-platform-db-name=C:/Xilinx\Vitis_HLS\2024.1\common/technology\xilinx/common/platform.db} -hls-platform-name=zynquplus_medium -device-resource-info=BRAM_432.000000_DSP_360.000000_FF_141120.000000_LUT_70560.000000_SLICE_8820.000000_URAM_0.000000 -device-name-info=xczu3eg-sfvc784-2-e > C:/Motor-Simulator/Envelope/Envelope_Detector/Envelope_Detector/hls/.autopilot/db/clang.out.log 2> C:/Motor-Simulator/Envelope/Envelope_Detector/Envelope_Detector/hls/.autopilot/db/clang.err.log
Execute       clang_tidy xilinx-systemc-detector -desc systemc-detector C:/Motor-Simulator/Envelope/Envelope_Detector/Envelope_Detector/hls/.autopilot/db/hilbert.pp.0.cpp std=gnu++14 -target fpga  -directive=C:/Motor-Simulator/Envelope/Envelope_Detector/Envelope_Detector/hls/.autopilot/db/.systemc_flag 
INFO-FLOW: exec C:/Xilinx/Vitis_HLS/2024.1/win64/tools/clang-3.9-csynth/bin/clang-tidy -header-filter=.* --checks=-*,xilinx-systemc-detector -import-directive=C:/Motor-Simulator/Envelope/Envelope_Detector/Envelope_Detector/hls/.autopilot/db/.systemc_flag -fix-errors C:/Motor-Simulator/Envelope/Envelope_Detector/Envelope_Detector/hls/.autopilot/db/hilbert.pp.0.cpp -- -std=gnu++14 -target fpga -fhls -ferror-limit=0
Command       clang_tidy done; 2.871 sec.
INFO-FLOW: Running: clang-tidy CDT preprocess 39
Execute       clang_tidy xilinx-directive2pragma -desc directive2pragma C:/Motor-Simulator/Envelope/Envelope_Detector/Envelope_Detector/hls/.autopilot/db/hilbert.pp.0.cpp std=gnu++14 -target fpga  -directive=C:/Motor-Simulator/Envelope/Envelope_Detector/Envelope_Detector/hls/.autopilot/db/all.directive.json 
INFO-FLOW: exec C:/Xilinx/Vitis_HLS/2024.1/win64/tools/clang-3.9-csynth/bin/clang-tidy -header-filter=.* --checks=-*,xilinx-directive2pragma -import-directive=C:/Motor-Simulator/Envelope/Envelope_Detector/Envelope_Detector/hls/.autopilot/db/all.directive.json -fix-errors C:/Motor-Simulator/Envelope/Envelope_Detector/Envelope_Detector/hls/.autopilot/db/hilbert.pp.0.cpp -- -std=gnu++14 -target fpga -fhls -ferror-limit=0
Command       clang_tidy done; 3.349 sec.
INFO-FLOW: Done: clang-tidy CDT preprocess 39 time: 3.3 seconds per iteration
INFO-FLOW: Calling xilinx-label-all-loops ... 
INFO-FLOW: Calling xilinx-aggregate-on-hls-vector ... 
Execute       clang_tidy -errorcheck -desc loop-label xilinx-label-all-loops,xilinx-aggregate-on-hls-vector,,xilinx-warn-mayneed-no-ctor-attribute C:/Motor-Simulator/Envelope/Envelope_Detector/Envelope_Detector/hls/.autopilot/db/hilbert.pp.0.cpp std=gnu++14 -target fpga  
INFO-FLOW: run_clang exec: C:/Xilinx/Vitis_HLS/2024.1/win64/tools/clang-3.9-csynth/bin/clang-tidy -export-fixes=C:/Motor-Simulator/Envelope/Envelope_Detector/Envelope_Detector/hls/.autopilot/db/hilbert.pp.0.cpp.clang-tidy.loop-label.diag.yml -header-filter=.* --checks=-*,xilinx-label-all-loops,xilinx-aggregate-on-hls-vector,,xilinx-warn-mayneed-no-ctor-attribute -fix-errors C:/Motor-Simulator/Envelope/Envelope_Detector/Envelope_Detector/hls/.autopilot/db/hilbert.pp.0.cpp -- -std=gnu++14 -target fpga -fhls -ferror-limit=0 > C:/Motor-Simulator/Envelope/Envelope_Detector/Envelope_Detector/hls/.autopilot/db/hilbert.pp.0.cpp.clang-tidy.loop-label.out.log 2> C:/Motor-Simulator/Envelope/Envelope_Detector/Envelope_Detector/hls/.autopilot/db/hilbert.pp.0.cpp.clang-tidy.loop-label.err.log
Execute         source C:/Xilinx/Vitis_HLS/2024.1/tps/tcl/tcllib1.11.1/yaml/yaml.tcl 
Command       clang_tidy done; 6.059 sec.
INFO-FLOW: run_clang exec: C:/Xilinx/Vitis_HLS/2024.1/win64/tools/clang-3.9-csynth/bin/xilinx-dataflow-lawyer -export-fixes=C:/Motor-Simulator/Envelope/Envelope_Detector/Envelope_Detector/hls/.autopilot/db/hilbert.pp.0.cpp.xilinx-dataflow-lawyer.diag.yml C:/Motor-Simulator/Envelope/Envelope_Detector/Envelope_Detector/hls/.autopilot/db/hilbert.pp.0.cpp -- -std=gnu++14 -target fpga -fhls -ferror-limit=0 -fstrict-dataflow > C:/Motor-Simulator/Envelope/Envelope_Detector/Envelope_Detector/hls/.autopilot/db/hilbert.pp.0.cpp.xilinx-dataflow-lawyer.out.log 2> C:/Motor-Simulator/Envelope/Envelope_Detector/Envelope_Detector/hls/.autopilot/db/hilbert.pp.0.cpp.xilinx-dataflow-lawyer.err.log
Execute       ap_part_info -name xczu3eg-sfvc784-2-e -data info 
INFO-FLOW: compiling source code to llvm bc
INFO-FLOW: run_clang exec: C:/Xilinx/Vitis_HLS/2024.1/win64/tools/clang-3.9-csynth/bin/clang -foptimization-record-file=C:/Motor-Simulator/Envelope/Envelope_Detector/Envelope_Detector/hls/.autopilot/db/hilbert.pp.0.cpp.clang.diag.yml -mllvm -pass-remarks-missed=reflow|pasta|unroll -mllvm -pass-remarks=reflow|pasta|unroll|inline -fno-limit-debug-info -fhls -flto -fno-exceptions -Wno-error=c++11-narrowing -hls-emit-hint-scope C:/Motor-Simulator/Envelope/Envelope_Detector/Envelope_Detector/hls/.autopilot/db/hilbert.pp.0.cpp -fno-math-errno -c -emit-llvm -mllvm -disable-llvm-optzns -Werror=implicit-function-declaration -Werror=implicit-hls-streams -Werror=return-type -Wpragmas -Wunused-parameter -Wdump-hls-pragmas -Wno-error=dump-hls-pragmas -hls-clock-period=10 -fno-threadsafe-statics -fno-use-cxa-atexit -std=gnu++14 -target fpga64-xilinx-linux-gnu -D__VITIS_HLS__ -DAESL_SYN -D__SYNTHESIS__ -D__HLS_SYN__ -I C:/Xilinx/Vitis_HLS/2024.1/common/technology/autopilot -I C:/Xilinx/Vitis_HLS/2024.1/common/technology/autopilot/ap_sysc -include etc/autopilot_ssdm_op.h -D__DSP48E2__ -g -o C:/Motor-Simulator/Envelope/Envelope_Detector/Envelope_Detector/hls/.autopilot/db/hilbert.bc {-hls-platform-db-name=C:/Xilinx\Vitis_HLS\2024.1\common/technology\xilinx/common/platform.db} -hls-platform-name=zynquplus_medium -device-resource-info=BRAM_432.000000_DSP_360.000000_FF_141120.000000_LUT_70560.000000_SLICE_8820.000000_URAM_0.000000 -device-name-info=xczu3eg-sfvc784-2-e > C:/Motor-Simulator/Envelope/Envelope_Detector/Envelope_Detector/hls/.autopilot/db/hilbert.pp.0.cpp.clang.out.log 2> C:/Motor-Simulator/Envelope/Envelope_Detector/Envelope_Detector/hls/.autopilot/db/hilbert.pp.0.cpp.clang.err.log
INFO: [HLS 200-111] Finished Source Code Analysis and Preprocessing: CPU user time: 0 seconds. CPU system time: 0 seconds. Elapsed time: 22.229 seconds; current allocated memory: 184.801 MB.
INFO-FLOW: Linking Debug ...
INFO-FLOW: Linking dut bc code.
Execute       run_link_or_opt -out C:/Motor-Simulator/Envelope/Envelope_Detector/Envelope_Detector/hls/.autopilot/db/a.g.ld.0.bc -args  "C:/Motor-Simulator/Envelope/Envelope_Detector/Envelope_Detector/hls/.autopilot/db/hilbert.g.bc"  
INFO-FLOW: run_clang exec: C:/Xilinx/Vitis_HLS/2024.1/win64/tools/clang-3.9-csynth/bin/llvm-link C:/Motor-Simulator/Envelope/Envelope_Detector/Envelope_Detector/hls/.autopilot/db/hilbert.g.bc -o C:/Motor-Simulator/Envelope/Envelope_Detector/Envelope_Detector/hls/.autopilot/db/a.g.ld.0.bc > C:/Motor-Simulator/Envelope/Envelope_Detector/Envelope_Detector/hls/.autopilot/db/a.g.ld.0.bc.llvm-link.out.log 2> C:/Motor-Simulator/Envelope/Envelope_Detector/Envelope_Detector/hls/.autopilot/db/a.g.ld.0.bc.llvm-link.err.log
INFO-FLOW: 
Execute       run_link_or_opt -opt -out C:/Motor-Simulator/Envelope/Envelope_Detector/Envelope_Detector/hls/.autopilot/db/a.g.ld.1.lower.bc -args C:/Motor-Simulator/Envelope/Envelope_Detector/Envelope_Detector/hls/.autopilot/db/a.g.ld.0.bc -reflow-lower-math-intrinsics 
INFO-FLOW: run_clang exec: C:/Xilinx/Vitis_HLS/2024.1/win64/tools/clang-3.9-csynth/bin/opt -pass-remarks-missed=reflow|pasta|unroll -pass-remarks=reflow|pasta|unroll|inline -pass-remarks-output=C:/Motor-Simulator/Envelope/Envelope_Detector/Envelope_Detector/hls/.autopilot/db/a.g.ld.1.lower.bc.opt.diag.yml C:/Motor-Simulator/Envelope/Envelope_Detector/Envelope_Detector/hls/.autopilot/db/a.g.ld.0.bc -reflow-lower-math-intrinsics -o C:/Motor-Simulator/Envelope/Envelope_Detector/Envelope_Detector/hls/.autopilot/db/a.g.ld.1.lower.bc > C:/Motor-Simulator/Envelope/Envelope_Detector/Envelope_Detector/hls/.autopilot/db/a.g.ld.1.lower.bc.opt.out.log 2> C:/Motor-Simulator/Envelope/Envelope_Detector/Envelope_Detector/hls/.autopilot/db/a.g.ld.1.lower.bc.opt.err.log
INFO-FLOW: 
INFO-FLOW: Running: gen_design_size_report post-opt
INFO-FLOW: Done: gen_design_size_report post-opt time: 0 seconds per iteration
INFO-FLOW: Linking math bc lib
Execute       run_link_or_opt -out C:/Motor-Simulator/Envelope/Envelope_Detector/Envelope_Detector/hls/.autopilot/db/a.g.ld.2.m1.bc -args C:/Motor-Simulator/Envelope/Envelope_Detector/Envelope_Detector/hls/.autopilot/db/a.g.ld.1.lower.bc -only-needed C:/Xilinx/Vitis_HLS/2024.1/win64/lib/libhlsm_39.bc C:/Xilinx/Vitis_HLS/2024.1/win64/lib/libhlsmc++_39.bc 
INFO-FLOW: run_clang exec: C:/Xilinx/Vitis_HLS/2024.1/win64/tools/clang-3.9-csynth/bin/llvm-link C:/Motor-Simulator/Envelope/Envelope_Detector/Envelope_Detector/hls/.autopilot/db/a.g.ld.1.lower.bc -only-needed C:/Xilinx/Vitis_HLS/2024.1/win64/lib/libhlsm_39.bc C:/Xilinx/Vitis_HLS/2024.1/win64/lib/libhlsmc++_39.bc -o C:/Motor-Simulator/Envelope/Envelope_Detector/Envelope_Detector/hls/.autopilot/db/a.g.ld.2.m1.bc > C:/Motor-Simulator/Envelope/Envelope_Detector/Envelope_Detector/hls/.autopilot/db/a.g.ld.2.m1.bc.llvm-link.out.log 2> C:/Motor-Simulator/Envelope/Envelope_Detector/Envelope_Detector/hls/.autopilot/db/a.g.ld.2.m1.bc.llvm-link.err.log
INFO-FLOW: 
Command       run_link_or_opt done; 1.747 sec.
Execute       run_link_or_opt -opt -out C:/Motor-Simulator/Envelope/Envelope_Detector/Envelope_Detector/hls/.autopilot/db/a.g.ld.3.fpc.bc -args C:/Motor-Simulator/Envelope/Envelope_Detector/Envelope_Detector/hls/.autopilot/db/a.g.ld.2.m1.bc -reflow-globaldce -hls-top-function-name=hilbert_envelope_axis -reflow-float-conversion 
INFO-FLOW: run_clang exec: C:/Xilinx/Vitis_HLS/2024.1/win64/tools/clang-3.9-csynth/bin/opt -pass-remarks-missed=reflow|pasta|unroll -pass-remarks=reflow|pasta|unroll|inline -pass-remarks-output=C:/Motor-Simulator/Envelope/Envelope_Detector/Envelope_Detector/hls/.autopilot/db/a.g.ld.3.fpc.bc.opt.diag.yml C:/Motor-Simulator/Envelope/Envelope_Detector/Envelope_Detector/hls/.autopilot/db/a.g.ld.2.m1.bc -reflow-globaldce -hls-top-function-name=hilbert_envelope_axis -reflow-float-conversion -o C:/Motor-Simulator/Envelope/Envelope_Detector/Envelope_Detector/hls/.autopilot/db/a.g.ld.3.fpc.bc > C:/Motor-Simulator/Envelope/Envelope_Detector/Envelope_Detector/hls/.autopilot/db/a.g.ld.3.fpc.bc.opt.out.log 2> C:/Motor-Simulator/Envelope/Envelope_Detector/Envelope_Detector/hls/.autopilot/db/a.g.ld.3.fpc.bc.opt.err.log
INFO-FLOW: 
INFO-FLOW: Running: gen_design_size_report post-opt
INFO-FLOW: Done: gen_design_size_report post-opt time: 0 seconds per iteration
Command       run_link_or_opt done; 0.711 sec.
Execute       run_link_or_opt -out C:/Motor-Simulator/Envelope/Envelope_Detector/Envelope_Detector/hls/.autopilot/db/a.g.ld.4.m2.bc -args C:/Motor-Simulator/Envelope/Envelope_Detector/Envelope_Detector/hls/.autopilot/db/a.g.ld.3.fpc.bc -only-needed C:/Xilinx/Vitis_HLS/2024.1/win64/lib/libfloatconversion_39.bc 
INFO-FLOW: run_clang exec: C:/Xilinx/Vitis_HLS/2024.1/win64/tools/clang-3.9-csynth/bin/llvm-link C:/Motor-Simulator/Envelope/Envelope_Detector/Envelope_Detector/hls/.autopilot/db/a.g.ld.3.fpc.bc -only-needed C:/Xilinx/Vitis_HLS/2024.1/win64/lib/libfloatconversion_39.bc -o C:/Motor-Simulator/Envelope/Envelope_Detector/Envelope_Detector/hls/.autopilot/db/a.g.ld.4.m2.bc > C:/Motor-Simulator/Envelope/Envelope_Detector/Envelope_Detector/hls/.autopilot/db/a.g.ld.4.m2.bc.llvm-link.out.log 2> C:/Motor-Simulator/Envelope/Envelope_Detector/Envelope_Detector/hls/.autopilot/db/a.g.ld.4.m2.bc.llvm-link.err.log
INFO-FLOW: 
Execute       run_link_or_opt -opt -out C:/Motor-Simulator/Envelope/Envelope_Detector/Envelope_Detector/hls/.autopilot/db/a.g.ld.5.gdce.bc -args C:/Motor-Simulator/Envelope/Envelope_Detector/Envelope_Detector/hls/.autopilot/db/a.g.ld.4.m2.bc -reflow-globaldce -hls-top-function-name=hilbert_envelope_axis 
INFO-FLOW: run_clang exec: C:/Xilinx/Vitis_HLS/2024.1/win64/tools/clang-3.9-csynth/bin/opt -pass-remarks-missed=reflow|pasta|unroll -pass-remarks=reflow|pasta|unroll|inline -pass-remarks-output=C:/Motor-Simulator/Envelope/Envelope_Detector/Envelope_Detector/hls/.autopilot/db/a.g.ld.5.gdce.bc.opt.diag.yml C:/Motor-Simulator/Envelope/Envelope_Detector/Envelope_Detector/hls/.autopilot/db/a.g.ld.4.m2.bc -reflow-globaldce -hls-top-function-name=hilbert_envelope_axis -o C:/Motor-Simulator/Envelope/Envelope_Detector/Envelope_Detector/hls/.autopilot/db/a.g.ld.5.gdce.bc > C:/Motor-Simulator/Envelope/Envelope_Detector/Envelope_Detector/hls/.autopilot/db/a.g.ld.5.gdce.bc.opt.out.log 2> C:/Motor-Simulator/Envelope/Envelope_Detector/Envelope_Detector/hls/.autopilot/db/a.g.ld.5.gdce.bc.opt.err.log
INFO-FLOW: 
INFO-FLOW: Running: gen_design_size_report post-opt
INFO-FLOW: Done: gen_design_size_report post-opt time: 0 seconds per iteration
Execute       send_msg_by_id INFO @200-777@%s Vivado 
INFO: [HLS 200-777] Using interface defaults for 'Vivado' flow target.
Execute       is_m_axi_addr64 
INFO-FLOW: Doing LTO.
INFO-FLOW: run_clang (background poll_ms 5000) exec: C:/Xilinx/Vitis_HLS/2024.1/win64/tools/clang-3.9-csynth/bin/clang -foptimization-record-file=C:/Motor-Simulator/Envelope/Envelope_Detector/Envelope_Detector/hls/.autopilot/db/a.g.ld.0.bc.clang.reflow.diag.yml -mllvm -pass-remarks-missed=reflow|pasta|unroll -mllvm -pass-remarks=reflow|pasta|unroll|inline -fhls -mllvm -hls-top-function-name=hilbert_envelope_axis -mllvm -hls-db-dir -mllvm C:/Motor-Simulator/Envelope/Envelope_Detector/Envelope_Detector/hls/.autopilot/db -emit-llvm -c -target fpga64-xilinx-none -mllvm -xcl-xmlinfo=C:/Motor-Simulator/Envelope/Envelope_Detector/Envelope_Detector/hls/.autopilot/db/kernel.internal.xml -mllvm -top-io-mapping-info=C:/Motor-Simulator/Envelope/Envelope_Detector/Envelope_Detector/hls/.autopilot/db/top-io-fe.xml -mllvm -hls-bitcode-version=3.1 -mllvm -reflow-enable-slave-interface-default-setting=true -mllvm -gen-kernel-xml=false -mllvm -default-maxi-offset=slave -mllvm -maxi-latency=0 -mllvm -hls-maxi-data-size-in-bits=8 -mllvm -hls-maxi-max-data-size-in-bits=1024 -mllvm -hls-max-widen-size-in-bits=0 -mllvm -xcl-kernel-max-mem-ports=0 -mllvm -maxi-read-trans=16 -mllvm -maxi-write-trans=16 -mllvm -maxi-read-burst-len=16 -mllvm -maxi-write-burst-len=16 -mllvm -reflow-enable-saxi-64bits=0 -mllvm -reflow-basic-block-instr-threshold=200000 -mllvm -reflow-auto-pipeline-threshold=64 -mllvm -reflow-enable-maxi-auto-id-channel=0 -mllvm -enable-fp-thr=0 -mllvm -reflow-bdd-simplify-threshold=1048576 -mllvm -reflow-fanout-threshold=16 -mllvm -reflow-complete-threshold=4 -mllvm -reflow-array-promotion-threshold=64 -mllvm -assume-maxi-align=1 -mllvm -reflow-enable-dataflow-strict-mode-checking=1 -ftime-report -mllvm -time-passes -mllvm -reflow-auto-array-partition-mode=default -mllvm -reflow-enable-auto-small-array-partition=true -mllvm -reflow-enable-auto-array-partition-for-flatten=true -mllvm -reflow-enable-auto-parallel-performance-driven=true -mllvm -reflow-enable-partition-for-automation=true -mllvm -reflow-aggregate-bitwidth-threshold=4096 -mllvm -reflow-reserved-saxilite-registers=0 -mllvm -enable-reflow-auto-loop-pipeline -mllvm -reflow-max-unroll-threshold=409600 -mllvm -auto-unroll-tripcount-threshold=0 -mllvm -reflow-assume-no-address-wrap=true -mllvm -reflow-enable-occurrence-inference=true -mllvm -reflow-emit-hint-scope=true -mllvm -reflow-enable-codegen-with-if=true -mllvm -hls -mllvm -disable-inlined-alloca-merging=true -mllvm -default-clock-period=10 -mllvm -use_read_first_ram_in_loop=1 -mllvm -default-clock-uncertainty=2.7 -x ir C:/Motor-Simulator/Envelope/Envelope_Detector/Envelope_Detector/hls/.autopilot/db/a.g.ld.5.gdce.bc -o C:/Motor-Simulator/Envelope/Envelope_Detector/Envelope_Detector/hls/.autopilot/db/a.g.lto.bc {-hls-platform-db-name=C:/Xilinx\Vitis_HLS\2024.1\common/technology\xilinx/common/platform.db} -hls-platform-name=zynquplus_medium -device-resource-info=BRAM_432.000000_DSP_360.000000_FF_141120.000000_LUT_70560.000000_SLICE_8820.000000_URAM_0.000000 -device-name-info=xczu3eg-sfvc784-2-e 2> C:/Motor-Simulator/Envelope/Envelope_Detector/Envelope_Detector/hls/.autopilot/db/a.g.ld.0.bc.clang.reflow.err.log bg_poll_cmd: ::AP::poll_clang_39_closed_source
Execute       send_msg_by_id INFO @200-1995@%s%s%s 4,525 Compile/Link C:/Motor-Simulator/Envelope/Envelope_Detector/Envelope_Detector/hls/syn/report/csynth_design_size.rpt 
INFO: [HLS 200-1995] There were 4,525 instructions in the design after the 'Compile/Link' phase of compilation. See the Design Size Report for more details: C:/Motor-Simulator/Envelope/Envelope_Detector/Envelope_Detector/hls/syn/report/csynth_design_size.rpt
Execute       send_msg_by_id INFO @200-1995@%s%s%s 13,349 Unroll/Inline (step 1) C:/Motor-Simulator/Envelope/Envelope_Detector/Envelope_Detector/hls/syn/report/csynth_design_size.rpt 
INFO: [HLS 200-1995] There were 13,349 instructions in the design after the 'Unroll/Inline (step 1)' phase of compilation. See the Design Size Report for more details: C:/Motor-Simulator/Envelope/Envelope_Detector/Envelope_Detector/hls/syn/report/csynth_design_size.rpt
Execute       send_msg_by_id INFO @200-1995@%s%s%s 5,741 Unroll/Inline (step 2) C:/Motor-Simulator/Envelope/Envelope_Detector/Envelope_Detector/hls/syn/report/csynth_design_size.rpt 
INFO: [HLS 200-1995] There were 5,741 instructions in the design after the 'Unroll/Inline (step 2)' phase of compilation. See the Design Size Report for more details: C:/Motor-Simulator/Envelope/Envelope_Detector/Envelope_Detector/hls/syn/report/csynth_design_size.rpt
Execute       send_msg_by_id INFO @200-1995@%s%s%s 5,644 Unroll/Inline (step 3) C:/Motor-Simulator/Envelope/Envelope_Detector/Envelope_Detector/hls/syn/report/csynth_design_size.rpt 
INFO: [HLS 200-1995] There were 5,644 instructions in the design after the 'Unroll/Inline (step 3)' phase of compilation. See the Design Size Report for more details: C:/Motor-Simulator/Envelope/Envelope_Detector/Envelope_Detector/hls/syn/report/csynth_design_size.rpt
Execute       send_msg_by_id INFO @200-1995@%s%s%s 3,668 Unroll/Inline (step 4) C:/Motor-Simulator/Envelope/Envelope_Detector/Envelope_Detector/hls/syn/report/csynth_design_size.rpt 
INFO: [HLS 200-1995] There were 3,668 instructions in the design after the 'Unroll/Inline (step 4)' phase of compilation. See the Design Size Report for more details: C:/Motor-Simulator/Envelope/Envelope_Detector/Envelope_Detector/hls/syn/report/csynth_design_size.rpt
Execute       send_msg_by_id INFO @200-1995@%s%s%s 3,668 Array/Struct (step 1) C:/Motor-Simulator/Envelope/Envelope_Detector/Envelope_Detector/hls/syn/report/csynth_design_size.rpt 
INFO: [HLS 200-1995] There were 3,668 instructions in the design after the 'Array/Struct (step 1)' phase of compilation. See the Design Size Report for more details: C:/Motor-Simulator/Envelope/Envelope_Detector/Envelope_Detector/hls/syn/report/csynth_design_size.rpt
Execute       send_msg_by_id INFO @200-1995@%s%s%s 3,668 Array/Struct (step 2) C:/Motor-Simulator/Envelope/Envelope_Detector/Envelope_Detector/hls/syn/report/csynth_design_size.rpt 
INFO: [HLS 200-1995] There were 3,668 instructions in the design after the 'Array/Struct (step 2)' phase of compilation. See the Design Size Report for more details: C:/Motor-Simulator/Envelope/Envelope_Detector/Envelope_Detector/hls/syn/report/csynth_design_size.rpt
Execute       send_msg_by_id INFO @200-1995@%s%s%s 3,668 Array/Struct (step 3) C:/Motor-Simulator/Envelope/Envelope_Detector/Envelope_Detector/hls/syn/report/csynth_design_size.rpt 
INFO: [HLS 200-1995] There were 3,668 instructions in the design after the 'Array/Struct (step 3)' phase of compilation. See the Design Size Report for more details: C:/Motor-Simulator/Envelope/Envelope_Detector/Envelope_Detector/hls/syn/report/csynth_design_size.rpt
Execute       send_msg_by_id INFO @200-1995@%s%s%s 3,668 Array/Struct (step 4) C:/Motor-Simulator/Envelope/Envelope_Detector/Envelope_Detector/hls/syn/report/csynth_design_size.rpt 
INFO: [HLS 200-1995] There were 3,668 instructions in the design after the 'Array/Struct (step 4)' phase of compilation. See the Design Size Report for more details: C:/Motor-Simulator/Envelope/Envelope_Detector/Envelope_Detector/hls/syn/report/csynth_design_size.rpt
Execute       send_msg_by_id INFO @200-1995@%s%s%s 4,082 Array/Struct (step 5) C:/Motor-Simulator/Envelope/Envelope_Detector/Envelope_Detector/hls/syn/report/csynth_design_size.rpt 
INFO: [HLS 200-1995] There were 4,082 instructions in the design after the 'Array/Struct (step 5)' phase of compilation. See the Design Size Report for more details: C:/Motor-Simulator/Envelope/Envelope_Detector/Envelope_Detector/hls/syn/report/csynth_design_size.rpt
Execute       send_msg_by_id INFO @200-1995@%s%s%s 4,096 Performance (step 1) C:/Motor-Simulator/Envelope/Envelope_Detector/Envelope_Detector/hls/syn/report/csynth_design_size.rpt 
INFO: [HLS 200-1995] There were 4,096 instructions in the design after the 'Performance (step 1)' phase of compilation. See the Design Size Report for more details: C:/Motor-Simulator/Envelope/Envelope_Detector/Envelope_Detector/hls/syn/report/csynth_design_size.rpt
Execute       send_msg_by_id INFO @200-1995@%s%s%s 3,780 Performance (step 2) C:/Motor-Simulator/Envelope/Envelope_Detector/Envelope_Detector/hls/syn/report/csynth_design_size.rpt 
INFO: [HLS 200-1995] There were 3,780 instructions in the design after the 'Performance (step 2)' phase of compilation. See the Design Size Report for more details: C:/Motor-Simulator/Envelope/Envelope_Detector/Envelope_Detector/hls/syn/report/csynth_design_size.rpt
Execute       send_msg_by_id INFO @200-1995@%s%s%s 3,682 Performance (step 3) C:/Motor-Simulator/Envelope/Envelope_Detector/Envelope_Detector/hls/syn/report/csynth_design_size.rpt 
INFO: [HLS 200-1995] There were 3,682 instructions in the design after the 'Performance (step 3)' phase of compilation. See the Design Size Report for more details: C:/Motor-Simulator/Envelope/Envelope_Detector/Envelope_Detector/hls/syn/report/csynth_design_size.rpt
Execute       send_msg_by_id INFO @200-1995@%s%s%s 3,682 Performance (step 4) C:/Motor-Simulator/Envelope/Envelope_Detector/Envelope_Detector/hls/syn/report/csynth_design_size.rpt 
INFO: [HLS 200-1995] There were 3,682 instructions in the design after the 'Performance (step 4)' phase of compilation. See the Design Size Report for more details: C:/Motor-Simulator/Envelope/Envelope_Detector/Envelope_Detector/hls/syn/report/csynth_design_size.rpt
Execute       send_msg_by_id INFO @200-1995@%s%s%s 3,628 HW Transforms (step 1) C:/Motor-Simulator/Envelope/Envelope_Detector/Envelope_Detector/hls/syn/report/csynth_design_size.rpt 
INFO: [HLS 200-1995] There were 3,628 instructions in the design after the 'HW Transforms (step 1)' phase of compilation. See the Design Size Report for more details: C:/Motor-Simulator/Envelope/Envelope_Detector/Envelope_Detector/hls/syn/report/csynth_design_size.rpt
Execute       send_msg_by_id INFO @200-1995@%s%s%s 3,617 HW Transforms (step 2) C:/Motor-Simulator/Envelope/Envelope_Detector/Envelope_Detector/hls/syn/report/csynth_design_size.rpt 
INFO: [HLS 200-1995] There were 3,617 instructions in the design after the 'HW Transforms (step 2)' phase of compilation. See the Design Size Report for more details: C:/Motor-Simulator/Envelope/Envelope_Detector/Envelope_Detector/hls/syn/report/csynth_design_size.rpt
Command       send_msg_by_id done; 1.6 sec.
INFO: [HLS 214-131] Inlining function 'hilbert(int, int&)' into 'hilbert_envelope_axis(hls::stream<hls::axis<ap_int<32>, 2ul, 5ul, 6ul, (unsigned char)56, false>, 0>&, hls::stream<hls::axis<ap_int<32>, 2ul, 5ul, 6ul, (unsigned char)56, false>, 0>&)' (hilbert.cpp:77:9)
INFO: [HLS 214-291] Loop 'VITIS_LOOP_27_1' is marked as complete unroll implied by the pipeline pragma (hilbert.cpp:27:19)
INFO: [HLS 214-291] Loop 'VITIS_LOOP_40_2' is marked as complete unroll implied by the pipeline pragma (hilbert.cpp:40:22)
INFO: [HLS 214-291] Loop 'VITIS_LOOP_84_2' is marked as complete unroll implied by the pipeline pragma (hilbert.cpp:84:30)
INFO: [HLS 214-186] Unrolling loop 'VITIS_LOOP_27_1' (hilbert.cpp:27:19) in function 'hilbert_envelope_axis' completely with a factor of 300 (hilbert.cpp:62:0)
INFO: [HLS 214-186] Unrolling loop 'VITIS_LOOP_40_2' (hilbert.cpp:40:22) in function 'hilbert_envelope_axis' completely with a factor of 75 (hilbert.cpp:62:0)
INFO: [HLS 214-186] Unrolling loop 'VITIS_LOOP_84_2' (hilbert.cpp:84:30) in function 'hilbert_envelope_axis' completely with a factor of 301 (hilbert.cpp:62:0)
INFO: [HLS 214-178] Inlining function 'fp_struct<float>::fp_struct(float)' into 'int generic_cast_IEEE754<int, (ap_q_mode)6, float>(float, bool, hls::enable_if<std::numeric_limits<int>::is_signed, bool>::type)' (C:\scratch\2024.1\hls_product\545\2024.1\src\shared\hls\clib/hlsmath/include/FloatingPoint\hls_case_IEEE754.h:12:0)
INFO: [HLS 214-178] Inlining function 'fp_struct<float>::mantissa() const' into 'int generic_cast_IEEE754<int, (ap_q_mode)6, float>(float, bool, hls::enable_if<std::numeric_limits<int>::is_signed, bool>::type)' (C:\scratch\2024.1\hls_product\545\2024.1\src\shared\hls\clib/hlsmath/include/FloatingPoint\hls_case_IEEE754.h:12:0)
INFO: [HLS 214-178] Inlining function 'fp_struct<float>::expv() const' into 'int generic_cast_IEEE754<int, (ap_q_mode)6, float>(float, bool, hls::enable_if<std::numeric_limits<int>::is_signed, bool>::type)' (C:\scratch\2024.1\hls_product\545\2024.1\src\shared\hls\clib/hlsmath/include/FloatingPoint\hls_case_IEEE754.h:12:0)
INFO: [HLS 214-178] Inlining function 'fp_struct<float>::__signbit() const' into 'int generic_cast_IEEE754<int, (ap_q_mode)6, float>(float, bool, hls::enable_if<std::numeric_limits<int>::is_signed, bool>::type)' (C:\scratch\2024.1\hls_product\545\2024.1\src\shared\hls\clib/hlsmath/include/FloatingPoint\hls_case_IEEE754.h:12:0)
INFO: [HLS 214-178] Inlining function 'int generic_cast_IEEE754<int, (ap_q_mode)6, float>(float, bool, hls::enable_if<std::numeric_limits<int>::is_signed, bool>::type)' into 'int generic_cast_IEEE754<int, float>(float, bool)' (C:\scratch\2024.1\hls_product\545\2024.1\src\shared\hls\clib/hlsmath/include/FloatingPoint\hls_case_IEEE754.h:116:0)
INFO: [HLS 214-178] Inlining function 'int generic_cast_IEEE754<int, float>(float, bool)' into '__hls_fptosi_float_i32' (C:\scratch\2024.1\hls_product\545\2024.1\src\shared\hls\clib\hlsmath\src\lib_floatconversion.cpp:51:0)
INFO: [HLS 214-178] Inlining function 'hls::sqrt(float)' into 'hilbert_envelope_axis(hls::stream<hls::axis<ap_int<32>, 2ul, 5ul, 6ul, (unsigned char)56, false>, 0>&, hls::stream<hls::axis<ap_int<32>, 2ul, 5ul, 6ul, (unsigned char)56, false>, 0>&)' (hilbert.cpp:62:0)
INFO-FLOW: DBG:PUTS: copy_raw_kernel_xml ap_link_39: kernel.xml not generated: C:/Motor-Simulator/Envelope/Envelope_Detector/Envelope_Detector/hls/.autopilot/db/kernel.internal.xml
INFO: [HLS 200-111] Finished Compiling Optimization and Transform: CPU user time: 1 seconds. CPU system time: 0 seconds. Elapsed time: 10.171 seconds; current allocated memory: 185.793 MB.
INFO: [HLS 200-111] Finished Checking Pragmas: CPU user time: 0 seconds. CPU system time: 0 seconds. Elapsed time: 0.004 seconds; current allocated memory: 185.805 MB.
Execute       opt_and_import_c a -opt_level=2 -skip_syncheck=0 -ng=0 -keep_printf=0 
Execute         cleanup_all_models 
INFO: [HLS 200-10] Starting code transformations ...
INFO-FLOW: Running Standard Transforms...
Execute         transform -hls -share-std-xform -demangle-name -inline-byval-memcpy -always-inline -promote-dbg-pointer -interface-preproc -mem2reg -scalarrepl -mem2reg -keep-read-access -instcombine -dce -promote-dbg-pointer -bitop-raise -loop-simplify -indvarspre -indvars -loop-simplify -constprop -instcombine -simplifycfg -indvars -simplifycfg -dce -globaldce -basicaa -simplifycfg -mem2reg -globalopt -global-constprop -deadargelim -instcombine -simplifycfg -scalarrepl -instcombine -reassociate -licm -simplifycfg -loop-simplify -indvars -instcombine -simplifycfg -mem2reg -loop-simplify -indvars -instcombine -gvn -gvn -instcombine -adce -break-crit-edges -simplifycfg -loop-delete -global-array-opt -dce -dse -adce -find-syn-modules -top hilbert_envelope_axis -deadargelim -mem2reg -instcombine -dce -presyn-prepare -interface-preproc -syn-check -check-rec-only -find-region -simplifycfg -func-extr -function-inline -globaldce -mem2reg -instcombine -dce -gvn -globaldce -adce -adse -constprop -instcombine -bit-constprop -instcombine -dce -simplifycfg -bitop-raise -simplifycfg -dce -loop-delete -reassociate -globalopt -global-privatize -mem2reg -dce -global-constprop -pointer-simplify -constprop -dce -promote-dbg-pointer -norm-name C:/Motor-Simulator/Envelope/Envelope_Detector/Envelope_Detector/hls/.autopilot/db/a.g.0.bc -o C:/Motor-Simulator/Envelope/Envelope_Detector/Envelope_Detector/hls/.autopilot/db/a.g.1.bc -f -phase std-opt 
Command         transform done; 0.255 sec.
INFO: [HLS 200-111] Finished Standard Transforms: CPU user time: 0 seconds. CPU system time: 0 seconds. Elapsed time: 0.299 seconds; current allocated memory: 193.574 MB.
INFO: [HLS 200-10] Checking synthesizability ...
INFO-FLOW: Checking Synthesizability 1/2..
Execute         transform -hls -syn-check -check-rec-only -scalarrepl -norm-name -dce -mem2reg -instcombine -directive-preproc -mem2reg -dse -dce -dce -pag -array-normalize -instcombine -dce -array-seg-normalize -instcombine -dce -data-pack -instcombine -dce -inst-simplify -array-flatten -instcombine -dce -array-burst -dce -deadargelim -promote-global-argument -simplifycfg -mem2reg -globaldce -dce -deadargelim -dce -instcombine -function-inline -globaldce -dce -doublePtrSimplify -doublePtrElim -dce -doublePtrSimplify -promote-dbg-pointer -dce -scalarrepl -dse -adse -instcombine -ptrLegalization -simplifycfg -dce -instcombine -pointer-simplify -ptrArgReplace -dce -instcombine -resolve-double-ptr -scalarrepl -norm-name -dce -mem2reg -instcombine -ptrLegalization -simplifycfg -deadargelim -instcombine -dce -inst-simplify -directive-preproc -mem2reg -dse -dce -globaldce C:/Motor-Simulator/Envelope/Envelope_Detector/Envelope_Detector/hls/.autopilot/db/a.g.1.bc -o C:/Motor-Simulator/Envelope/Envelope_Detector/Envelope_Detector/hls/.autopilot/db/a.g.2.prechk.bc -f 
INFO-FLOW: Checking Synthesizability 2/2..
Execute         transform -syn-check C:/Motor-Simulator/Envelope/Envelope_Detector/Envelope_Detector/hls/.autopilot/db/a.g.2.prechk.bc -o C:/Motor-Simulator/Envelope/Envelope_Detector/Envelope_Detector/hls/.autopilot/db/a.g.2.bc -f -phase syn-check 
INFO: [HLS 200-111] Finished Checking Synthesizability: CPU user time: 0 seconds. CPU system time: 0 seconds. Elapsed time: 0.145 seconds; current allocated memory: 198.773 MB.
INFO-FLOW: Compiler optimizing ...
INFO-FLOW: Share syncheck's 1.bc for syn flow: copy C:/Motor-Simulator/Envelope/Envelope_Detector/Envelope_Detector/hls/.autopilot/db/a.g.1.bc to C:/Motor-Simulator/Envelope/Envelope_Detector/Envelope_Detector/hls/.autopilot/db/a.o.1.bc
INFO-FLOW: Presyn 1...
Execute         transform -hls -tmp C:/Motor-Simulator/Envelope/Envelope_Detector/Envelope_Detector/hls/.autopilot/db -interface-port-rename -directive-preproc -mem2reg -dse -dce -scalarrepl -norm-name -deadargelim -mem2reg -instcombine -dce -simplifycfg -dce -resource-proc -clib-intrinsic-prepare -dce -func-buffer -dce -pag -array-normalize -func-legal -instcombine -gvn -constprop -dce -simplifycfg -mem2reg -globaldce -resolve-double-ptr -dce -deadargelim -dce -instcombine -ptrArgReplace -mem2reg -dce -array-seg-normalize -deadargelim -instcombine -dce -directive-preproc -mem2reg -dse -dce -pointer-simplify -dce -port-alignment -dce -interface-preproc -data-pack -instcombine -dce -basicaa -aggr-aa -aggrmodref-aa -aggr-aa -gvn -gvn -basicaa -aggr-aa -aggrmodref-aa -aggr-aa -dse -adse -adce -loop-simplify -indvars -instcombine -gvn -loop-simplify -mem2reg -dce -find-region -instcombine -inst-simplify -interface-preproc -cfgopt -instcombine -indvars -loop-simplify -loop-bound -constprop -instcombine -simplifycfg -indvars -simplifycfg -dce -globaldce -clean-region -attach-range -gvn -inst-simplify -constprop -simplifycfg -dce -pointer-simplify -dce -globalopt -constprop -dce -array-promote -constprop -dce -ptrArgReplace -mem2reg -simplifycfg -dce -instcombine -dce -array-transform-check -array-reshape -instcombine -simplifycfg -dce -ptrArgReplace -deadargelim -mem2reg -instcombine -simplifycfg -dce -indvars -loop-simplify -loop-bound -constprop -instcombine -simplifycfg -indvars -simplifycfg -dce -globaldce -basicaa -aggr-aa -aggrmodref-aa -aggr-aa -dse -duplicate-dataflow-processes -globaldce -instcombine -array-partition -prepare-dynamic-array-partition -instcombine -simplifycfg -dce -ptrArgReplace -global-constprop -deadargelim -mem2reg -func-legal -dce -global-constprop -deadargelim -mem2reg -simplifycfg -dce -merge-param -deadargelim -globalopt -constprop -dce -array-promote -constprop -dce -ptrArgReplace -mem2reg -simplifycfg -dce -mem-intrinsic-preproc -dce -global-internalize -global-privatize -mem2reg -globaldce -lcssa -loop-simplify -phi-select-elim -promote-global-argument -ptrArgReplace -mem2reg -dce -globalopt -mergereturn -simplify-global-access -mem2reg -dce -pointer-simplify -dce -basicaa -aggr-aa -aggrmodref-aa -aggr-aa -functionattrs -basicaa -aggr-aa -aggrmodref-aa -aggr-aa -gvn -gvn -basicaa -aggr-aa -aggrmodref-aa -aggr-aa -dse -adse -adce -dce -norm-name -basicaa -aggr-aa -aggrmodref-aa -aggr-aa -accesses-merge -function-inline -complex-op-raise -inst-simplify -globaldce -func-legal -dce -loop-bound -arraycheck -bitwidthmin2 -bitwidthmin2 -on-by-dataflow -loop-delete -instcombine -simplifycfg -globaldce -dce -gvn -deadargelim -dce -loop-simplify -clean-region -simplifycfg -propagate-stable-arguments -loop-stream -instcombine -simplifycfg -dce -globaldce -duplicate-dataflow-processes -stream-intrinsic-preproc -dce -check-ap-stream -loop-simplify -eliminate-keepreads -extract-dataflow-in-loop -loop-simplify -dce -gvn -deadargelim -dse -duplicate-dataflow-processes -check-dataflow-syntax -legalize-stream-variable -globaldce -legalize-global -extract-subproc -dce -dead-channel-elimination -canonicalize-gep -globaldce -dce -gvn -hls-dead-arg-elim -deadargelim -directive-preproc -canonicalize-dataflow -dce -globaldce -scalar-preprocessing -scalar-propagation2 -scalar-stream -deadargelim -globaldce -mem2reg -check-dataflow-channels -function-stream -dce -globaldce -prop-fifo-spec -internal-stream-gen -canonicalize-gep -globaldce -dce -gvn -deadargelim -mergereturn -indvars -loop-simplify -instcombine -array-stream -array-seg-normalize -array-partition -clean-array-spec -func-legal -instcombine -simplifycfg -dce -bundle-memfifo-ops -deadargelim -directive-preproc -mem2reg -dse -dce -group-axi-access -licm -simplifycfg -dce -loop-delete -hls-display -norm-name C:/Motor-Simulator/Envelope/Envelope_Detector/Envelope_Detector/hls/.autopilot/db/a.o.1.bc -o C:/Motor-Simulator/Envelope/Envelope_Detector/Envelope_Detector/hls/.autopilot/db/a.o.1.tmp.bc -f 
Command         transform done; 0.904 sec.
INFO-FLOW: Presyn 2...
Execute         transform -hls -keep-callgraph -scalarrepl -mem2reg -port-alignment -attach-range -dce -pipe-mux-gen -indvars -loop-bound -inst-simplify -instcombine -dce -merge-array-access -mem2reg -dce -clean-region -mergereturn -if-conv -instcombine -dce -constprop -basicaa -aggr-aa -aggrmodref-aa -aggr-aa -gvn -gvn -basicaa -aggr-aa -aggrmodref-aa -aggr-aa -dse -adse -adce -scalarrepl -mem2reg -global-constprop -deadargelim -deadargelim -instcombine -dce -simplifycfg -ptrArgReplace -mem2reg -function-inline -globaldce -mem2reg -instcombine -dce -expr-balance -instcombine -dce -bitwidthmin2 -bitwidthmin2 -interface-preproc -directive-preproc -inst-rectify -instcombine -dce -basicaa -aggr-aa -aggrmodref-aa -aggr-aa -functionattrs -constprop -instcombine -bit-constprop -simplify-global-access -globalopt -globaldce -inst-simplify -instcombine -elimdeaddata -dce -loop-delete -simplifycfg -loop-simplify -barrier -norm-name C:/Motor-Simulator/Envelope/Envelope_Detector/Envelope_Detector/hls/.autopilot/db/a.o.1.tmp.bc -o C:/Motor-Simulator/Envelope/Envelope_Detector/Envelope_Detector/hls/.autopilot/db/a.o.2.bc -f -phase presyn 
INFO: [XFORM 203-11] Balancing expressions in function 'hilbert_envelope_axis' (hilbert.cpp:44:22)...147 expression(s) balanced.
Command         transform done; 0.322 sec.
INFO: [HLS 200-111] Finished Loop, function and other optimizations: CPU user time: 1 seconds. CPU system time: 0 seconds. Elapsed time: 1.231 seconds; current allocated memory: 225.156 MB.
Execute         transform -hls -auto-function-inline -globaldce -ptrArgReplace -mem2reg -dce -reset-lda -loop-simplify -indvars -aggr-aa -licm -loop-dep -loop-bound -licm -loop-simplify -loop-sink-hoist -flattenloopnest -array-flatten -gvn -instcombine -dce -array-map -dce -func-legal -gvn -adce -instcombine -cfgopt -simplifycfg-lite -loop-simplify -array-burst -promote-global-argument -dce -array-seg-normalize -basicaa -aggrmodref-aa -globalsmodref-aa -aggr-aa -gvn -gvn -basicaa -aggrmodref-aa -globalsmodref-aa -aggr-aa -dse -adse -adce -licm -inst-simplify -dce -globaldce -instcombine -array-stream -eliminate-keepreads -instcombine -dce -deadargelim -doublePtrSimplify -doublePtrElim -dce -doublePtrSimplify -promote-dbg-pointer -dce -scalarrepl -mem2reg -norm-name -mem2reg -instcombine -dse -adse -adce -ptrLegalization -dce -array-flatten -dce -instcombine -check-doubleptr -loop-rot -constprop -inst-simplify -cfgopt -simplifycfg-lite -loop-simplify -indvars -pointer-simplify -dce -loop-bound -loop-simplify -loop-preproc -constprop -global-constprop -gvn -mem2reg -instcombine -dce -loop-bound -loop-merge -dce -deadargelim -dce -canonicalize-dataflow -dce -deadargelim -globaldce -mem2reg -bram-byte-enable -inst-simplify -inst-rectify -instcombine -adce -deadargelim -load-elim -read-loop-dep -loop-simplify -loop-extract-inner -directive-preproc -bitwidthmin2 -bitwidthmin2 -read-loop-dep -interface-preproc -directive-preproc -interface-gen -bram-byte-enable-spec-prop -mul2addshift -deadargelim -inst-simplify -dce -mem2reg -instcombine -gvn -dce -adse -loop-bound -instcombine -cfgopt -simplifycfg-lite -loop-simplify -clean-region -io-protocol -find-region -mem2reg -bitop-raise -complex-op-raise -inst-simplify -inst-rectify -instcombine -adce -deadargelim -float-op-raise -loop-simplify -phi-opt -bitop-raise -cfgopt -simplifycfg-lite -strip-dead-prototypes -interface-lower -bitop-lower -intrinsic-lower -auto-function-inline -basicaa -aggrmodref-aa -globalsmodref-aa -aggr-aa -inst-simplify -simplifycfg-lite -loop-simplify -mergereturn -inst-simplify -inst-rectify -globaldce -dce -load-elim -bitop-lower -float-op-raise -fma-raise -loop-rewind -pointer-simplify -dce -cfgopt -dce -loop-bound -loop-dep -read-loop-dep -dce -dyn-mem-reuse -dce -recurrence-min -dce -share-scalar-alloca -deadargelim -dce -check-stream -norm-name -legalize -inst-clarity -bitwidth -dce -validate-dataflow -dump-loop-dep-to-ir -check-all-ssdm -dump-complexity-metric C:/Motor-Simulator/Envelope/Envelope_Detector/Envelope_Detector/hls/.autopilot/db/a.o.2.bc -o C:/Motor-Simulator/Envelope/Envelope_Detector/Envelope_Detector/hls/.autopilot/db/a.o.3.bc -f -phase build-ssdm 
INFO: [XFORM 203-603] Evaluating the output(s) of a call to function '__hls_fptosi_float_i32' (hilbert.cpp:44:31) in function 'hilbert_envelope_axis' and propagating its result(s) since all actual argument(s) to the function are constants.
Execute           auto_get_db
Command         transform done; 4.5 sec.
INFO-FLOW: Building ssdm...
Execute         transform -hls -cdfg-build C:/Motor-Simulator/Envelope/Envelope_Detector/Envelope_Detector/hls/.autopilot/db/a.o.3.bc -o C:/Motor-Simulator/Envelope/Envelope_Detector/Envelope_Detector/hls/.autopilot/db/a.o.3.bc -f -phase build-ssdm 
Command         transform done; 0.223 sec.
INFO: [HLS 200-111] Finished Architecture Synthesis: CPU user time: 4 seconds. CPU system time: 1 seconds. Elapsed time: 4.724 seconds; current allocated memory: 289.590 MB.
INFO-FLOW: Finish building internal data model.
Command       opt_and_import_c done; 6.408 sec.
Command     elaborate done; 38.853 sec.
Execute     ap_eval exec zip -j C:/Motor-Simulator/Envelope/Envelope_Detector/Envelope_Detector/hls/.autopilot/db/dut.hcp $dbDir/a.o.3.bc $dbDir/${topname}.rtl_wrap.cfg.tcl $dbDir/apatb_${topname}.cpp $dbDir/apatb_${topname}_util.cpp $dbDir/apatb_${topname}_ir.ll $dbDir/mapper_${topname}.cpp $dbDir/top-io-fe.xml $dbDir/kernel.internal.xml $workdir/../hls.app 
Command     ap_eval done; 0.125 sec.
Execute     autosyn -from_csynth_design=1 
INFO: [HLS 200-10] Starting hardware synthesis ...
INFO-FLOW: Synthesizing C/C++ design ...
INFO: [HLS 200-10] Synthesizing 'hilbert_envelope_axis' ...
Execute       ap_set_top_model hilbert_envelope_axis 
WARNING: [SYN 201-103] Legalizing function name '__hls_fptosi_float_i32' to 'p_hls_fptosi_float_i32'.
Execute       get_model_list hilbert_envelope_axis -filter all-wo-channel -topdown 
Execute       preproc_iomode -model hilbert_envelope_axis 
Execute       preproc_iomode -model hilbert_envelope_axis_Pipeline_VITIS_LOOP_69_1 
Execute       preproc_iomode -model __hls_fptosi_float_i32 
Execute       create_clock 
Execute         ap_set_clock -name default -period 10 -unit ns -default=false 
INFO: [SYN 201-201] Setting up clock 'default' with a period of 10ns.
Execute       get_model_list hilbert_envelope_axis -filter all-wo-channel 
INFO-FLOW: Model list for configure: __hls_fptosi_float_i32 hilbert_envelope_axis_Pipeline_VITIS_LOOP_69_1 hilbert_envelope_axis
INFO-FLOW: Configuring Module : __hls_fptosi_float_i32 ...
Execute       set_default_model __hls_fptosi_float_i32 
Execute       apply_spec_resource_limit __hls_fptosi_float_i32 
INFO-FLOW: Configuring Module : hilbert_envelope_axis_Pipeline_VITIS_LOOP_69_1 ...
Execute       set_default_model hilbert_envelope_axis_Pipeline_VITIS_LOOP_69_1 
Execute       apply_spec_resource_limit hilbert_envelope_axis_Pipeline_VITIS_LOOP_69_1 
INFO-FLOW: Configuring Module : hilbert_envelope_axis ...
Execute       set_default_model hilbert_envelope_axis 
Execute       apply_spec_resource_limit hilbert_envelope_axis 
INFO-FLOW: Model list for preprocess: __hls_fptosi_float_i32 hilbert_envelope_axis_Pipeline_VITIS_LOOP_69_1 hilbert_envelope_axis
INFO-FLOW: Preprocessing Module: __hls_fptosi_float_i32 ...
Execute       set_default_model __hls_fptosi_float_i32 
Execute       cdfg_preprocess -model __hls_fptosi_float_i32 
Execute       rtl_gen_preprocess __hls_fptosi_float_i32 
INFO-FLOW: Preprocessing Module: hilbert_envelope_axis_Pipeline_VITIS_LOOP_69_1 ...
Execute       set_default_model hilbert_envelope_axis_Pipeline_VITIS_LOOP_69_1 
Execute       cdfg_preprocess -model hilbert_envelope_axis_Pipeline_VITIS_LOOP_69_1 
Command       cdfg_preprocess done; 0.331 sec.
Execute       rtl_gen_preprocess hilbert_envelope_axis_Pipeline_VITIS_LOOP_69_1 
INFO-FLOW: Preprocessing Module: hilbert_envelope_axis ...
Execute       set_default_model hilbert_envelope_axis 
Execute       cdfg_preprocess -model hilbert_envelope_axis 
Execute       rtl_gen_preprocess hilbert_envelope_axis 
INFO-FLOW: Model list for synthesis: __hls_fptosi_float_i32 hilbert_envelope_axis_Pipeline_VITIS_LOOP_69_1 hilbert_envelope_axis
INFO: [HLS 200-10] ----------------------------------------------------------------
INFO: [HLS 200-42] -- Implementing module 'p_hls_fptosi_float_i32' 
INFO: [HLS 200-10] ----------------------------------------------------------------
Execute       set_default_model __hls_fptosi_float_i32 
Execute       schedule -model __hls_fptosi_float_i32 
INFO: [SCHED 204-11] Starting scheduling ...
INFO: [SCHED 204-61] Pipelining function '__hls_fptosi_float_i32'.
INFO: [HLS 200-1470] Pipelining result : Target II = 1, Final II = 1, Depth = 1, function '__hls_fptosi_float_i32'
INFO: [SCHED 204-11] Finished scheduling.
Command       schedule done; 0.105 sec.
INFO: [HLS 200-111] Finished Scheduling: CPU user time: 1 seconds. CPU system time: 0 seconds. Elapsed time: 0.768 seconds; current allocated memory: 289.590 MB.
Execute       syn_report -verbosereport -o C:/Motor-Simulator/Envelope/Envelope_Detector/Envelope_Detector/hls/.autopilot/db/p_hls_fptosi_float_i32.verbose.sched.rpt 
Execute         list_part -family xczu3eg-sfvc784-2-e 
Execute           ap_family_info -name xczu3eg-sfvc784-2-e -data names 
Execute           ap_part_info -quiet -name xczu3eg-sfvc784-2-e -data family 
Execute       db_write -o C:/Motor-Simulator/Envelope/Envelope_Detector/Envelope_Detector/hls/.autopilot/db/p_hls_fptosi_float_i32.sched.adb -f 
INFO-FLOW: Finish scheduling __hls_fptosi_float_i32.
Execute       set_default_model __hls_fptosi_float_i32 
Execute       bind -model __hls_fptosi_float_i32 
INFO: [BIND 205-100] Starting micro-architecture generation ...
INFO: [BIND 205-101] Performing variable lifetime analysis.
INFO: [BIND 205-101] Exploring resource sharing.
INFO: [BIND 205-101] Binding ...
INFO: [BIND 205-100] Finished micro-architecture generation.
Command       bind done; 0.111 sec.
INFO: [HLS 200-111] Finished Binding: CPU user time: 0 seconds. CPU system time: 0 seconds. Elapsed time: 0.144 seconds; current allocated memory: 289.590 MB.
Execute       syn_report -verbosereport -o C:/Motor-Simulator/Envelope/Envelope_Detector/Envelope_Detector/hls/.autopilot/db/p_hls_fptosi_float_i32.verbose.bind.rpt 
Execute         list_part -family xczu3eg-sfvc784-2-e 
Execute           ap_family_info -name xczu3eg-sfvc784-2-e -data names 
Execute           ap_part_info -quiet -name xczu3eg-sfvc784-2-e -data family 
Execute       db_write -o C:/Motor-Simulator/Envelope/Envelope_Detector/Envelope_Detector/hls/.autopilot/db/p_hls_fptosi_float_i32.bind.adb -f 
INFO-FLOW: Finish binding __hls_fptosi_float_i32.
INFO: [HLS 200-10] ----------------------------------------------------------------
INFO: [HLS 200-42] -- Implementing module 'hilbert_envelope_axis_Pipeline_VITIS_LOOP_69_1' 
INFO: [HLS 200-10] ----------------------------------------------------------------
Execute       set_default_model hilbert_envelope_axis_Pipeline_VITIS_LOOP_69_1 
Execute       schedule -model hilbert_envelope_axis_Pipeline_VITIS_LOOP_69_1 
INFO: [SCHED 204-11] Starting scheduling ...
INFO: [SCHED 204-61] Pipelining loop 'VITIS_LOOP_69_1'.
INFO: [HLS 200-1470] Pipelining result : Target II = 1, Final II = 1, Depth = 17, loop 'VITIS_LOOP_69_1'
INFO: [SCHED 204-11] Finished scheduling.
Command       schedule done; 1.331 sec.
INFO: [HLS 200-111] Finished Scheduling: CPU user time: 1 seconds. CPU system time: 0 seconds. Elapsed time: 1.408 seconds; current allocated memory: 289.590 MB.
Execute       syn_report -verbosereport -o C:/Motor-Simulator/Envelope/Envelope_Detector/Envelope_Detector/hls/.autopilot/db/hilbert_envelope_axis_Pipeline_VITIS_LOOP_69_1.verbose.sched.rpt 
Execute         list_part -family xczu3eg-sfvc784-2-e 
Execute           ap_family_info -name xczu3eg-sfvc784-2-e -data names 
Execute           ap_part_info -quiet -name xczu3eg-sfvc784-2-e -data family 
Execute       db_write -o C:/Motor-Simulator/Envelope/Envelope_Detector/Envelope_Detector/hls/.autopilot/db/hilbert_envelope_axis_Pipeline_VITIS_LOOP_69_1.sched.adb -f 
Command       db_write done; 0.323 sec.
INFO-FLOW: Finish scheduling hilbert_envelope_axis_Pipeline_VITIS_LOOP_69_1.
Execute       set_default_model hilbert_envelope_axis_Pipeline_VITIS_LOOP_69_1 
Execute       bind -model hilbert_envelope_axis_Pipeline_VITIS_LOOP_69_1 
INFO: [BIND 205-100] Starting micro-architecture generation ...
INFO: [BIND 205-101] Performing variable lifetime analysis.
INFO: [BIND 205-101] Exploring resource sharing.
INFO: [BIND 205-101] Binding ...
INFO: [BIND 205-100] Finished micro-architecture generation.
Command       bind done; 0.461 sec.
INFO: [HLS 200-111] Finished Binding: CPU user time: 1 seconds. CPU system time: 0 seconds. Elapsed time: 0.869 seconds; current allocated memory: 289.590 MB.
Execute       syn_report -verbosereport -o C:/Motor-Simulator/Envelope/Envelope_Detector/Envelope_Detector/hls/.autopilot/db/hilbert_envelope_axis_Pipeline_VITIS_LOOP_69_1.verbose.bind.rpt 
Execute         list_part -family xczu3eg-sfvc784-2-e 
Execute           ap_family_info -name xczu3eg-sfvc784-2-e -data names 
Execute           ap_part_info -quiet -name xczu3eg-sfvc784-2-e -data family 
Command       syn_report done; 0.112 sec.
Execute       db_write -o C:/Motor-Simulator/Envelope/Envelope_Detector/Envelope_Detector/hls/.autopilot/db/hilbert_envelope_axis_Pipeline_VITIS_LOOP_69_1.bind.adb -f 
Command       db_write done; 0.399 sec.
INFO-FLOW: Finish binding hilbert_envelope_axis_Pipeline_VITIS_LOOP_69_1.
INFO: [HLS 200-10] ----------------------------------------------------------------
INFO: [HLS 200-42] -- Implementing module 'hilbert_envelope_axis' 
INFO: [HLS 200-10] ----------------------------------------------------------------
Execute       set_default_model hilbert_envelope_axis 
Execute       schedule -model hilbert_envelope_axis 
INFO: [SCHED 204-11] Starting scheduling ...
INFO: [SCHED 204-11] Finished scheduling.
Command       schedule done; 0.23 sec.
INFO: [HLS 200-111] Finished Scheduling: CPU user time: 0 seconds. CPU system time: 0 seconds. Elapsed time: 0.789 seconds; current allocated memory: 289.590 MB.
Execute       syn_report -verbosereport -o C:/Motor-Simulator/Envelope/Envelope_Detector/Envelope_Detector/hls/.autopilot/db/hilbert_envelope_axis.verbose.sched.rpt 
Execute         list_part -family xczu3eg-sfvc784-2-e 
Execute           ap_family_info -name xczu3eg-sfvc784-2-e -data names 
Execute           ap_part_info -quiet -name xczu3eg-sfvc784-2-e -data family 
Execute       db_write -o C:/Motor-Simulator/Envelope/Envelope_Detector/Envelope_Detector/hls/.autopilot/db/hilbert_envelope_axis.sched.adb -f 
Command       db_write done; 0.122 sec.
INFO-FLOW: Finish scheduling hilbert_envelope_axis.
Execute       set_default_model hilbert_envelope_axis 
Execute       bind -model hilbert_envelope_axis 
INFO: [BIND 205-100] Starting micro-architecture generation ...
INFO: [BIND 205-101] Performing variable lifetime analysis.
INFO: [BIND 205-101] Exploring resource sharing.
INFO: [BIND 205-101] Binding ...
INFO: [BIND 205-100] Finished micro-architecture generation.
INFO: [HLS 200-111] Finished Binding: CPU user time: 1 seconds. CPU system time: 0 seconds. Elapsed time: 0.263 seconds; current allocated memory: 289.590 MB.
Execute       syn_report -verbosereport -o C:/Motor-Simulator/Envelope/Envelope_Detector/Envelope_Detector/hls/.autopilot/db/hilbert_envelope_axis.verbose.bind.rpt 
Execute         list_part -family xczu3eg-sfvc784-2-e 
Execute           ap_family_info -name xczu3eg-sfvc784-2-e -data names 
Execute           ap_part_info -quiet -name xczu3eg-sfvc784-2-e -data family 
Execute       db_write -o C:/Motor-Simulator/Envelope/Envelope_Detector/Envelope_Detector/hls/.autopilot/db/hilbert_envelope_axis.bind.adb -f 
Command       db_write done; 0.161 sec.
INFO-FLOW: Finish binding hilbert_envelope_axis.
Execute       get_model_list hilbert_envelope_axis -filter all-wo-channel 
INFO-FLOW: Preprocessing for RTLGen ...
Execute       rtl_gen_preprocess __hls_fptosi_float_i32 
Execute       rtl_gen_preprocess hilbert_envelope_axis_Pipeline_VITIS_LOOP_69_1 
Execute       rtl_gen_preprocess hilbert_envelope_axis 
INFO-FLOW: Model list for RTL generation: __hls_fptosi_float_i32 hilbert_envelope_axis_Pipeline_VITIS_LOOP_69_1 hilbert_envelope_axis
INFO: [HLS 200-10] ----------------------------------------------------------------
INFO: [HLS 200-10] -- Generating RTL for module 'p_hls_fptosi_float_i32' 
INFO: [HLS 200-10] ----------------------------------------------------------------
Execute       create_rtl_model __hls_fptosi_float_i32 -top_prefix hilbert_envelope_axis_ -sub_prefix hilbert_envelope_axis_ -mg_file C:/Motor-Simulator/Envelope/Envelope_Detector/Envelope_Detector/hls/.autopilot/db/p_hls_fptosi_float_i32.compgen.tcl 
INFO: [RTGEN 206-100] Finished creating RTL model for 'p_hls_fptosi_float_i32'.
INFO: [HLS 200-111] Finished Creating RTL model: CPU user time: 0 seconds. CPU system time: 0 seconds. Elapsed time: 0.3 seconds; current allocated memory: 289.590 MB.
Execute       source C:/Motor-Simulator/Envelope/Envelope_Detector/Envelope_Detector/hls/.autopilot/db/hilbert_envelope_axis.rtl_wrap.cfg.tcl 
Execute       gen_rtl __hls_fptosi_float_i32 -style xilinx -f -lang vhdl -o C:/Motor-Simulator/Envelope/Envelope_Detector/Envelope_Detector/hls/syn/vhdl/hilbert_envelope_axis_p_hls_fptosi_float_i32 
Execute       gen_rtl __hls_fptosi_float_i32 -style xilinx -f -lang vlog -o C:/Motor-Simulator/Envelope/Envelope_Detector/Envelope_Detector/hls/syn/verilog/hilbert_envelope_axis_p_hls_fptosi_float_i32 
Execute       syn_report -csynth -model __hls_fptosi_float_i32 -o C:/Motor-Simulator/Envelope/Envelope_Detector/Envelope_Detector/hls/syn/report/p_hls_fptosi_float_i32_csynth.rpt 
Execute         list_part -family xczu3eg-sfvc784-2-e 
Execute           ap_family_info -name xczu3eg-sfvc784-2-e -data names 
Execute           ap_part_info -quiet -name xczu3eg-sfvc784-2-e -data family 
Execute       syn_report -rtlxml -model __hls_fptosi_float_i32 -o C:/Motor-Simulator/Envelope/Envelope_Detector/Envelope_Detector/hls/syn/report/p_hls_fptosi_float_i32_csynth.xml 
Execute         list_part -family xczu3eg-sfvc784-2-e 
Execute           ap_family_info -name xczu3eg-sfvc784-2-e -data names 
Execute           ap_part_info -quiet -name xczu3eg-sfvc784-2-e -data family 
Execute       syn_report -verbosereport -model __hls_fptosi_float_i32 -o C:/Motor-Simulator/Envelope/Envelope_Detector/Envelope_Detector/hls/.autopilot/db/p_hls_fptosi_float_i32.verbose.rpt 
Execute         list_part -family xczu3eg-sfvc784-2-e 
Execute           ap_family_info -name xczu3eg-sfvc784-2-e -data names 
Execute           ap_part_info -quiet -name xczu3eg-sfvc784-2-e -data family 
Execute       db_write -model __hls_fptosi_float_i32 -f -o C:/Motor-Simulator/Envelope/Envelope_Detector/Envelope_Detector/hls/.autopilot/db/p_hls_fptosi_float_i32.adb 
Execute       db_write -model __hls_fptosi_float_i32 -bindview -o C:/Motor-Simulator/Envelope/Envelope_Detector/Envelope_Detector/hls/.autopilot/db/design.bindinfo.xml 
Execute       gen_tb_info __hls_fptosi_float_i32 -p C:/Motor-Simulator/Envelope/Envelope_Detector/Envelope_Detector/hls/.autopilot/db -o C:/Motor-Simulator/Envelope/Envelope_Detector/Envelope_Detector/hls/.autopilot/db/p_hls_fptosi_float_i32 
INFO: [HLS 200-10] ----------------------------------------------------------------
INFO: [HLS 200-10] -- Generating RTL for module 'hilbert_envelope_axis_Pipeline_VITIS_LOOP_69_1' 
INFO: [HLS 200-10] ----------------------------------------------------------------
Execute       create_rtl_model hilbert_envelope_axis_Pipeline_VITIS_LOOP_69_1 -top_prefix hilbert_envelope_axis_ -sub_prefix hilbert_envelope_axis_ -mg_file C:/Motor-Simulator/Envelope/Envelope_Detector/Envelope_Detector/hls/.autopilot/db/hilbert_envelope_axis_Pipeline_VITIS_LOOP_69_1.compgen.tcl 
INFO: [HLS 200-1030] Apply Unified Pipeline Control on module 'hilbert_envelope_axis_Pipeline_VITIS_LOOP_69_1' pipeline 'VITIS_LOOP_69_1' pipeline type 'loop pipeline'
INFO: [RTGEN 206-104] Estimated max fanout for 'hilbert_envelope_axis_Pipeline_VITIS_LOOP_69_1' is 9992 from HDL expression: ((1'b0 == ap_block_pp0_stage0_11001) & (1'b1 == ap_CS_fsm_pp0_stage0))
INFO: [RTGEN 206-100] Generating core module 'fsqrt_32ns_32ns_32_8_no_dsp_1': 1 instance(s).
INFO: [RTGEN 206-100] Generating core module 'mul_32s_32s_64_1_1': 2 instance(s).
INFO: [RTGEN 206-100] Generating core module 'sitofp_64ns_32_4_no_dsp_1': 1 instance(s).
INFO: [RTGEN 206-100] Finished creating RTL model for 'hilbert_envelope_axis_Pipeline_VITIS_LOOP_69_1'.
Command       create_rtl_model done; 0.681 sec.
INFO: [HLS 200-111] Finished Creating RTL model: CPU user time: 0 seconds. CPU system time: 0 seconds. Elapsed time: 0.852 seconds; current allocated memory: 297.816 MB.
Execute       source C:/Motor-Simulator/Envelope/Envelope_Detector/Envelope_Detector/hls/.autopilot/db/hilbert_envelope_axis.rtl_wrap.cfg.tcl 
Execute       gen_rtl hilbert_envelope_axis_Pipeline_VITIS_LOOP_69_1 -style xilinx -f -lang vhdl -o C:/Motor-Simulator/Envelope/Envelope_Detector/Envelope_Detector/hls/syn/vhdl/hilbert_envelope_axis_hilbert_envelope_axis_Pipeline_VITIS_LOOP_69_1 
Execute       gen_rtl hilbert_envelope_axis_Pipeline_VITIS_LOOP_69_1 -style xilinx -f -lang vlog -o C:/Motor-Simulator/Envelope/Envelope_Detector/Envelope_Detector/hls/syn/verilog/hilbert_envelope_axis_hilbert_envelope_axis_Pipeline_VITIS_LOOP_69_1 
Execute       syn_report -csynth -model hilbert_envelope_axis_Pipeline_VITIS_LOOP_69_1 -o C:/Motor-Simulator/Envelope/Envelope_Detector/Envelope_Detector/hls/syn/report/hilbert_envelope_axis_Pipeline_VITIS_LOOP_69_1_csynth.rpt 
Execute         list_part -family xczu3eg-sfvc784-2-e 
Execute           ap_family_info -name xczu3eg-sfvc784-2-e -data names 
Execute           ap_part_info -quiet -name xczu3eg-sfvc784-2-e -data family 
Execute       syn_report -rtlxml -model hilbert_envelope_axis_Pipeline_VITIS_LOOP_69_1 -o C:/Motor-Simulator/Envelope/Envelope_Detector/Envelope_Detector/hls/syn/report/hilbert_envelope_axis_Pipeline_VITIS_LOOP_69_1_csynth.xml 
Execute         list_part -family xczu3eg-sfvc784-2-e 
Execute           ap_family_info -name xczu3eg-sfvc784-2-e -data names 
Execute           ap_part_info -quiet -name xczu3eg-sfvc784-2-e -data family 
Execute       syn_report -verbosereport -model hilbert_envelope_axis_Pipeline_VITIS_LOOP_69_1 -o C:/Motor-Simulator/Envelope/Envelope_Detector/Envelope_Detector/hls/.autopilot/db/hilbert_envelope_axis_Pipeline_VITIS_LOOP_69_1.verbose.rpt 
Execute         list_part -family xczu3eg-sfvc784-2-e 
Execute           ap_family_info -name xczu3eg-sfvc784-2-e -data names 
Execute           ap_part_info -quiet -name xczu3eg-sfvc784-2-e -data family 
Command       syn_report done; 0.151 sec.
Execute       db_write -model hilbert_envelope_axis_Pipeline_VITIS_LOOP_69_1 -f -o C:/Motor-Simulator/Envelope/Envelope_Detector/Envelope_Detector/hls/.autopilot/db/hilbert_envelope_axis_Pipeline_VITIS_LOOP_69_1.adb 
Command       db_write done; 0.442 sec.
Execute       db_write -model hilbert_envelope_axis_Pipeline_VITIS_LOOP_69_1 -bindview -o C:/Motor-Simulator/Envelope/Envelope_Detector/Envelope_Detector/hls/.autopilot/db/design.bindinfo.xml 
Execute       gen_tb_info hilbert_envelope_axis_Pipeline_VITIS_LOOP_69_1 -p C:/Motor-Simulator/Envelope/Envelope_Detector/Envelope_Detector/hls/.autopilot/db -o C:/Motor-Simulator/Envelope/Envelope_Detector/Envelope_Detector/hls/.autopilot/db/hilbert_envelope_axis_Pipeline_VITIS_LOOP_69_1 
INFO: [HLS 200-10] ----------------------------------------------------------------
INFO: [HLS 200-10] -- Generating RTL for module 'hilbert_envelope_axis' 
INFO: [HLS 200-10] ----------------------------------------------------------------
Execute       create_rtl_model hilbert_envelope_axis -top_prefix  -sub_prefix hilbert_envelope_axis_ -mg_file C:/Motor-Simulator/Envelope/Envelope_Detector/Envelope_Detector/hls/.autopilot/db/hilbert_envelope_axis.compgen.tcl 
WARNING: [RTGEN 206-101] Design contains AXI ports. Reset is fixed to synchronous and active low.
INFO: [RTGEN 206-500] Setting interface mode on port 'hilbert_envelope_axis/in_stream_V_data_V' to 'axis' (register, both mode).
INFO: [RTGEN 206-500] Setting interface mode on port 'hilbert_envelope_axis/in_stream_V_keep_V' to 'axis' (register, both mode).
INFO: [RTGEN 206-500] Setting interface mode on port 'hilbert_envelope_axis/in_stream_V_strb_V' to 'axis' (register, both mode).
INFO: [RTGEN 206-500] Setting interface mode on port 'hilbert_envelope_axis/in_stream_V_user_V' to 'axis' (register, both mode).
INFO: [RTGEN 206-500] Setting interface mode on port 'hilbert_envelope_axis/in_stream_V_last_V' to 'axis' (register, both mode).
INFO: [RTGEN 206-500] Setting interface mode on port 'hilbert_envelope_axis/in_stream_V_id_V' to 'axis' (register, both mode).
INFO: [RTGEN 206-500] Setting interface mode on port 'hilbert_envelope_axis/in_stream_V_dest_V' to 'axis' (register, both mode).
INFO: [RTGEN 206-500] Setting interface mode on port 'hilbert_envelope_axis/out_stream_V_data_V' to 'axis' (register, both mode).
INFO: [RTGEN 206-500] Setting interface mode on port 'hilbert_envelope_axis/out_stream_V_keep_V' to 'axis' (register, both mode).
INFO: [RTGEN 206-500] Setting interface mode on port 'hilbert_envelope_axis/out_stream_V_strb_V' to 'axis' (register, both mode).
INFO: [RTGEN 206-500] Setting interface mode on port 'hilbert_envelope_axis/out_stream_V_user_V' to 'axis' (register, both mode).
INFO: [RTGEN 206-500] Setting interface mode on port 'hilbert_envelope_axis/out_stream_V_last_V' to 'axis' (register, both mode).
INFO: [RTGEN 206-500] Setting interface mode on port 'hilbert_envelope_axis/out_stream_V_id_V' to 'axis' (register, both mode).
INFO: [RTGEN 206-500] Setting interface mode on port 'hilbert_envelope_axis/out_stream_V_dest_V' to 'axis' (register, both mode).
INFO: [RTGEN 206-500] Setting interface mode on function 'hilbert_envelope_axis' to 'ap_ctrl_none'.
INFO: [RTGEN 206-100] Finished creating RTL model for 'hilbert_envelope_axis'.
INFO: [RTMG 210-278] Implementing memory 'hilbert_envelope_axis_x_RAM_AUTO_1R1W' using auto RAMs.
Command       create_rtl_model done; 0.921 sec.
INFO: [HLS 200-111] Finished Creating RTL model: CPU user time: 2 seconds. CPU system time: 1 seconds. Elapsed time: 3.178 seconds; current allocated memory: 339.875 MB.
Execute       source C:/Motor-Simulator/Envelope/Envelope_Detector/Envelope_Detector/hls/.autopilot/db/hilbert_envelope_axis.rtl_wrap.cfg.tcl 
Execute       gen_rtl hilbert_envelope_axis -istop -style xilinx -f -lang vhdl -o C:/Motor-Simulator/Envelope/Envelope_Detector/Envelope_Detector/hls/syn/vhdl/hilbert_envelope_axis 
Execute       gen_rtl hilbert_envelope_axis -istop -style xilinx -f -lang vlog -o C:/Motor-Simulator/Envelope/Envelope_Detector/Envelope_Detector/hls/syn/verilog/hilbert_envelope_axis 
Execute       syn_report -csynth -model hilbert_envelope_axis -o C:/Motor-Simulator/Envelope/Envelope_Detector/Envelope_Detector/hls/syn/report/hilbert_envelope_axis_csynth.rpt 
Execute         list_part -family xczu3eg-sfvc784-2-e 
Execute           ap_family_info -name xczu3eg-sfvc784-2-e -data names 
Execute           ap_part_info -quiet -name xczu3eg-sfvc784-2-e -data family 
Execute       syn_report -rtlxml -model hilbert_envelope_axis -o C:/Motor-Simulator/Envelope/Envelope_Detector/Envelope_Detector/hls/syn/report/hilbert_envelope_axis_csynth.xml 
Execute         list_part -family xczu3eg-sfvc784-2-e 
Execute           ap_family_info -name xczu3eg-sfvc784-2-e -data names 
Execute           ap_part_info -quiet -name xczu3eg-sfvc784-2-e -data family 
Execute       syn_report -verbosereport -model hilbert_envelope_axis -o C:/Motor-Simulator/Envelope/Envelope_Detector/Envelope_Detector/hls/.autopilot/db/hilbert_envelope_axis.verbose.rpt 
Execute         list_part -family xczu3eg-sfvc784-2-e 
Execute           ap_family_info -name xczu3eg-sfvc784-2-e -data names 
Execute           ap_part_info -quiet -name xczu3eg-sfvc784-2-e -data family 
Execute       db_write -model hilbert_envelope_axis -f -o C:/Motor-Simulator/Envelope/Envelope_Detector/Envelope_Detector/hls/.autopilot/db/hilbert_envelope_axis.adb 
Command       db_write done; 0.139 sec.
Execute       db_write -model hilbert_envelope_axis -bindview -o C:/Motor-Simulator/Envelope/Envelope_Detector/Envelope_Detector/hls/.autopilot/db/design.bindinfo.xml 
Execute       gen_tb_info hilbert_envelope_axis -p C:/Motor-Simulator/Envelope/Envelope_Detector/Envelope_Detector/hls/.autopilot/db -o C:/Motor-Simulator/Envelope/Envelope_Detector/Envelope_Detector/hls/.autopilot/db/hilbert_envelope_axis 
Execute       export_constraint_db -f -tool general -o C:/Motor-Simulator/Envelope/Envelope_Detector/Envelope_Detector/hls/.autopilot/db/hilbert_envelope_axis.constraint.tcl 
Execute       syn_report -designview -model hilbert_envelope_axis -o C:/Motor-Simulator/Envelope/Envelope_Detector/Envelope_Detector/hls/.autopilot/db/hilbert_envelope_axis.design.xml 
Execute       syn_report -csynthDesign -model hilbert_envelope_axis -o C:/Motor-Simulator/Envelope/Envelope_Detector/Envelope_Detector/hls/syn/report/csynth.rpt -MHOut C:/Motor-Simulator/Envelope/Envelope_Detector/Envelope_Detector/hls/.autopilot/db/kernel_module_hierarchy.tcl 
Execute         list_part -family xczu3eg-sfvc784-2-e 
Execute           ap_family_info -name xczu3eg-sfvc784-2-e -data names 
Execute           ap_part_info -quiet -name xczu3eg-sfvc784-2-e -data family 
Execute       syn_report -wcfg -model hilbert_envelope_axis -o C:/Motor-Simulator/Envelope/Envelope_Detector/Envelope_Detector/hls/.autopilot/db/hilbert_envelope_axis_dataflow_ana.wcfg 
Execute       syn_report -protoinst -model hilbert_envelope_axis -o C:/Motor-Simulator/Envelope/Envelope_Detector/Envelope_Detector/hls/.autopilot/db/hilbert_envelope_axis.protoinst 
Execute       sc_get_clocks hilbert_envelope_axis 
Execute       sc_get_portdomain hilbert_envelope_axis 
INFO-FLOW: Model list for RTL component generation: __hls_fptosi_float_i32 hilbert_envelope_axis_Pipeline_VITIS_LOOP_69_1 hilbert_envelope_axis
INFO-FLOW: Handling components in module [p_hls_fptosi_float_i32] ... 
Execute       source C:/Motor-Simulator/Envelope/Envelope_Detector/Envelope_Detector/hls/.autopilot/db/p_hls_fptosi_float_i32.compgen.tcl 
INFO-FLOW: Handling components in module [hilbert_envelope_axis_Pipeline_VITIS_LOOP_69_1] ... 
Execute       source C:/Motor-Simulator/Envelope/Envelope_Detector/Envelope_Detector/hls/.autopilot/db/hilbert_envelope_axis_Pipeline_VITIS_LOOP_69_1.compgen.tcl 
INFO-FLOW: Found component hilbert_envelope_axis_sitofp_64ns_32_4_no_dsp_1.
INFO-FLOW: Append model hilbert_envelope_axis_sitofp_64ns_32_4_no_dsp_1
INFO-FLOW: Found component hilbert_envelope_axis_fsqrt_32ns_32ns_32_8_no_dsp_1.
INFO-FLOW: Append model hilbert_envelope_axis_fsqrt_32ns_32ns_32_8_no_dsp_1
INFO-FLOW: Found component hilbert_envelope_axis_mul_32s_32s_64_1_1.
INFO-FLOW: Append model hilbert_envelope_axis_mul_32s_32s_64_1_1
INFO-FLOW: Found component hilbert_envelope_axis_flow_control_loop_pipe_sequential_init.
INFO-FLOW: Append model hilbert_envelope_axis_flow_control_loop_pipe_sequential_init
INFO-FLOW: Handling components in module [hilbert_envelope_axis] ... 
Execute       source C:/Motor-Simulator/Envelope/Envelope_Detector/Envelope_Detector/hls/.autopilot/db/hilbert_envelope_axis.compgen.tcl 
INFO-FLOW: Found component hilbert_envelope_axis_x_RAM_AUTO_1R1W.
INFO-FLOW: Append model hilbert_envelope_axis_x_RAM_AUTO_1R1W
INFO-FLOW: Found component hilbert_envelope_axis_regslice_both.
INFO-FLOW: Append model hilbert_envelope_axis_regslice_both
INFO-FLOW: Found component hilbert_envelope_axis_regslice_both.
INFO-FLOW: Append model hilbert_envelope_axis_regslice_both
INFO-FLOW: Found component hilbert_envelope_axis_regslice_both.
INFO-FLOW: Append model hilbert_envelope_axis_regslice_both
INFO-FLOW: Found component hilbert_envelope_axis_regslice_both.
INFO-FLOW: Append model hilbert_envelope_axis_regslice_both
INFO-FLOW: Found component hilbert_envelope_axis_regslice_both.
INFO-FLOW: Append model hilbert_envelope_axis_regslice_both
INFO-FLOW: Found component hilbert_envelope_axis_regslice_both.
INFO-FLOW: Append model hilbert_envelope_axis_regslice_both
INFO-FLOW: Found component hilbert_envelope_axis_regslice_both.
INFO-FLOW: Append model hilbert_envelope_axis_regslice_both
INFO-FLOW: Found component hilbert_envelope_axis_regslice_both.
INFO-FLOW: Append model hilbert_envelope_axis_regslice_both
INFO-FLOW: Found component hilbert_envelope_axis_regslice_both.
INFO-FLOW: Append model hilbert_envelope_axis_regslice_both
INFO-FLOW: Found component hilbert_envelope_axis_regslice_both.
INFO-FLOW: Append model hilbert_envelope_axis_regslice_both
INFO-FLOW: Found component hilbert_envelope_axis_regslice_both.
INFO-FLOW: Append model hilbert_envelope_axis_regslice_both
INFO-FLOW: Found component hilbert_envelope_axis_regslice_both.
INFO-FLOW: Append model hilbert_envelope_axis_regslice_both
INFO-FLOW: Found component hilbert_envelope_axis_regslice_both.
INFO-FLOW: Append model hilbert_envelope_axis_regslice_both
INFO-FLOW: Found component hilbert_envelope_axis_regslice_both.
INFO-FLOW: Append model hilbert_envelope_axis_regslice_both
INFO-FLOW: Append model p_hls_fptosi_float_i32
INFO-FLOW: Append model hilbert_envelope_axis_Pipeline_VITIS_LOOP_69_1
INFO-FLOW: Append model hilbert_envelope_axis
INFO-FLOW: Generating RTL model list ...
INFO-FLOW: All models in this session: hilbert_envelope_axis_sitofp_64ns_32_4_no_dsp_1 hilbert_envelope_axis_fsqrt_32ns_32ns_32_8_no_dsp_1 hilbert_envelope_axis_mul_32s_32s_64_1_1 hilbert_envelope_axis_flow_control_loop_pipe_sequential_init hilbert_envelope_axis_x_RAM_AUTO_1R1W hilbert_envelope_axis_regslice_both hilbert_envelope_axis_regslice_both hilbert_envelope_axis_regslice_both hilbert_envelope_axis_regslice_both hilbert_envelope_axis_regslice_both hilbert_envelope_axis_regslice_both hilbert_envelope_axis_regslice_both hilbert_envelope_axis_regslice_both hilbert_envelope_axis_regslice_both hilbert_envelope_axis_regslice_both hilbert_envelope_axis_regslice_both hilbert_envelope_axis_regslice_both hilbert_envelope_axis_regslice_both hilbert_envelope_axis_regslice_both p_hls_fptosi_float_i32 hilbert_envelope_axis_Pipeline_VITIS_LOOP_69_1 hilbert_envelope_axis
INFO-FLOW: Generating C:/Motor-Simulator/Envelope/Envelope_Detector/Envelope_Detector/hls/.autopilot/db/autopilot.rtl.models.txt file...
INFO-FLOW: To file: write model hilbert_envelope_axis_sitofp_64ns_32_4_no_dsp_1
INFO-FLOW: To file: write model hilbert_envelope_axis_fsqrt_32ns_32ns_32_8_no_dsp_1
INFO-FLOW: To file: write model hilbert_envelope_axis_mul_32s_32s_64_1_1
INFO-FLOW: To file: write model hilbert_envelope_axis_flow_control_loop_pipe_sequential_init
INFO-FLOW: To file: write model hilbert_envelope_axis_x_RAM_AUTO_1R1W
INFO-FLOW: To file: write model hilbert_envelope_axis_regslice_both
INFO-FLOW: To file: write model hilbert_envelope_axis_regslice_both
INFO-FLOW: To file: write model hilbert_envelope_axis_regslice_both
INFO-FLOW: To file: write model hilbert_envelope_axis_regslice_both
INFO-FLOW: To file: write model hilbert_envelope_axis_regslice_both
INFO-FLOW: To file: write model hilbert_envelope_axis_regslice_both
INFO-FLOW: To file: write model hilbert_envelope_axis_regslice_both
INFO-FLOW: To file: write model hilbert_envelope_axis_regslice_both
INFO-FLOW: To file: write model hilbert_envelope_axis_regslice_both
INFO-FLOW: To file: write model hilbert_envelope_axis_regslice_both
INFO-FLOW: To file: write model hilbert_envelope_axis_regslice_both
INFO-FLOW: To file: write model hilbert_envelope_axis_regslice_both
INFO-FLOW: To file: write model hilbert_envelope_axis_regslice_both
INFO-FLOW: To file: write model hilbert_envelope_axis_regslice_both
INFO-FLOW: To file: write model p_hls_fptosi_float_i32
INFO-FLOW: To file: write model hilbert_envelope_axis_Pipeline_VITIS_LOOP_69_1
INFO-FLOW: To file: write model hilbert_envelope_axis
INFO-FLOW: Generating C:/Motor-Simulator/Envelope/Envelope_Detector/Envelope_Detector/hls/.autopilot/db/autopilot.rtl.models.tcl file...
INFO-FLOW: Finished generating RTL model list.


INFO-FLOW: RTL Generation done.
INFO-FLOW: CAS Generation done.
INFO-FLOW: CBC Generation done.
INFO-FLOW: DBG:PROC: ::AESL_AUTOMG::auto_generate_csynth_design
INFO-FLOW: DBG:PUTS: read_platform_lib C:/Motor-Simulator/Envelope/Envelope_Detector/Envelope_Detector/hls/.autopilot/db/global.setting.tcl
Execute       source C:/Xilinx/Vitis_HLS/2024.1/common/technology/generic/autopilot/common.gen 
Execute         source C:/Xilinx/Vitis_HLS/2024.1/common/technology/generic/autopilot/APCoreGen.gen 
Execute       source C:/Xilinx/Vitis_HLS/2024.1/common/technology/generic/autopilot/op.gen 
Execute       source C:/Xilinx/Vitis_HLS/2024.1/common/technology/generic/autopilot/op_simcore.gen 
Execute       source C:/Xilinx/Vitis_HLS/2024.1/common/technology/generic/autopilot/interface.gen 
Execute       source C:/Motor-Simulator/Envelope/Envelope_Detector/Envelope_Detector/hls/.autopilot/db/global.setting.tcl 
Execute       source C:/Xilinx/Vitis_HLS/2024.1/common/technology/xilinx/common/xilinx.gen 
Execute         source C:/Xilinx/Vitis_HLS/2024.1/common/technology/xilinx/interface/plb46.gen 
Execute         source C:/Xilinx/Vitis_HLS/2024.1/common/technology/xilinx/interface/axi4.gen 
Execute         source C:/Xilinx/Vitis_HLS/2024.1/common/technology/xilinx/interface/nativeAXI4.gen 
Execute           source C:/Xilinx/Vitis_HLS/2024.1/common/technology/xilinx/interface/saxilite.gen 
Execute         source C:/Xilinx/Vitis_HLS/2024.1/common/technology/xilinx/scripts/xilinxcoregen.gen 
Execute         source C:/Xilinx/Vitis_HLS/2024.1/common/technology/xilinx/interface/XilEDKCoreGen.gen 
Execute         source C:/Xilinx/Vitis_HLS/2024.1/common/technology/xilinx/ip/dds_compiler.gen 
Execute         source C:/Xilinx/Vitis_HLS/2024.1/common/technology/xilinx/ip/util.gen 
Execute         source C:/Xilinx/Vitis_HLS/2024.1/common/technology/xilinx/ip/xfft.gen 
Execute         source C:/Xilinx/Vitis_HLS/2024.1/common/technology/xilinx/ip/xfir.gen 
Execute         source C:/Xilinx/Vitis_HLS/2024.1/common/technology/xilinx/DSP48/dsp48.gen 
INFO-FLOW: DBG:PUTS:   using AESL_AUTOCG::g_clock_period=10.000 (was NA)
INFO-FLOW: DBG:PROC: ::AESL_AUTOMG::generate_ip_cores gen_sim_model='1' gen_fp_models='0' gen_for_export='0' dstSCDir='' dstVhdlDir='C:/Motor-Simulator/Envelope/Envelope_Detector/Envelope_Detector/hls/.autopilot/db/vhdl' dstVlogDir='C:/Motor-Simulator/Envelope/Envelope_Detector/Envelope_Detector/hls/.autopilot/db/vlog' tclDir='C:/Motor-Simulator/Envelope/Envelope_Detector/Envelope_Detector/hls/.autopilot/db' modelList='hilbert_envelope_axis_sitofp_64ns_32_4_no_dsp_1
hilbert_envelope_axis_fsqrt_32ns_32ns_32_8_no_dsp_1
hilbert_envelope_axis_mul_32s_32s_64_1_1
hilbert_envelope_axis_flow_control_loop_pipe_sequential_init
hilbert_envelope_axis_x_RAM_AUTO_1R1W
hilbert_envelope_axis_regslice_both
hilbert_envelope_axis_regslice_both
hilbert_envelope_axis_regslice_both
hilbert_envelope_axis_regslice_both
hilbert_envelope_axis_regslice_both
hilbert_envelope_axis_regslice_both
hilbert_envelope_axis_regslice_both
hilbert_envelope_axis_regslice_both
hilbert_envelope_axis_regslice_both
hilbert_envelope_axis_regslice_both
hilbert_envelope_axis_regslice_both
hilbert_envelope_axis_regslice_both
hilbert_envelope_axis_regslice_both
hilbert_envelope_axis_regslice_both
p_hls_fptosi_float_i32
hilbert_envelope_axis_Pipeline_VITIS_LOOP_69_1
hilbert_envelope_axis
' expOnly='0'
Execute       source C:/Motor-Simulator/Envelope/Envelope_Detector/Envelope_Detector/hls/.autopilot/db/global.setting.tcl 
Execute       ap_part_info -name xczu3eg-sfvc784-2-e -data names -quiet 
Execute       ap_part_info -name xczu3eg-sfvc784-2-e -data info -quiet 
Execute       source C:/Motor-Simulator/Envelope/Envelope_Detector/Envelope_Detector/hls/.autopilot/db/global.setting.tcl 
Execute       source C:/Motor-Simulator/Envelope/Envelope_Detector/Envelope_Detector/hls/.autopilot/db/global.setting.tcl 
Execute       source C:/Motor-Simulator/Envelope/Envelope_Detector/Envelope_Detector/hls/.autopilot/db/p_hls_fptosi_float_i32.compgen.tcl 
Execute       source C:/Motor-Simulator/Envelope/Envelope_Detector/Envelope_Detector/hls/.autopilot/db/hilbert_envelope_axis_Pipeline_VITIS_LOOP_69_1.compgen.tcl 
Execute       source C:/Motor-Simulator/Envelope/Envelope_Detector/Envelope_Detector/hls/.autopilot/db/hilbert_envelope_axis.compgen.tcl 
INFO: [HLS 200-111] Finished Generating all RTL models: CPU user time: 0 seconds. CPU system time: 1 seconds. Elapsed time: 1.434 seconds; current allocated memory: 349.664 MB.
INFO-FLOW: DBG:PROC: ::HLSREPORTS::create_csynth_xml bind_info_var='bind_info' RtlSubPrefix='hilbert_envelope_axis_' outfile=''
INFO-FLOW: Running: create_csynth_xml read xml data
INFO-FLOW: Done: create_csynth_xml read xml data time: 0 seconds per iteration
INFO-FLOW: Running: create_csynth_xml bind info
INFO-FLOW: Done: create_csynth_xml bind info time: 0 seconds per iteration
INFO-FLOW: Running: create_csynth_xml config info
INFO-FLOW: Done: create_csynth_xml config info time: 0.3 seconds per iteration
INFO-FLOW: Running: create_csynth_xml write xml
INFO-FLOW: Done: create_csynth_xml write xml time: 0 seconds per iteration
INFO-FLOW: DBG:PUTS:      create_csynth_xml wrote csynth_xml=C:/Motor-Simulator/Envelope/Envelope_Detector/Envelope_Detector/hls/syn/report/csynth.xml
INFO-FLOW: DBG:PROC: ::AP::DESIGN_DATA::generate_json generate_bd_files='0' generate_xo_files='0' modelList='hilbert_envelope_axis_sitofp_64ns_32_4_no_dsp_1
hilbert_envelope_axis_fsqrt_32ns_32ns_32_8_no_dsp_1
hilbert_envelope_axis_mul_32s_32s_64_1_1
hilbert_envelope_axis_flow_control_loop_pipe_sequential_init
hilbert_envelope_axis_x_RAM_AUTO_1R1W
hilbert_envelope_axis_regslice_both
hilbert_envelope_axis_regslice_both
hilbert_envelope_axis_regslice_both
hilbert_envelope_axis_regslice_both
hilbert_envelope_axis_regslice_both
hilbert_envelope_axis_regslice_both
hilbert_envelope_axis_regslice_both
hilbert_envelope_axis_regslice_both
hilbert_envelope_axis_regslice_both
hilbert_envelope_axis_regslice_both
hilbert_envelope_axis_regslice_both
hilbert_envelope_axis_regslice_both
hilbert_envelope_axis_regslice_both
hilbert_envelope_axis_regslice_both
p_hls_fptosi_float_i32
hilbert_envelope_axis_Pipeline_VITIS_LOOP_69_1
hilbert_envelope_axis
' rtl_lang='both' bootstrap_tcl='false' outdir='' outfilename=''
Execute       source C:/Motor-Simulator/Envelope/Envelope_Detector/Envelope_Detector/hls/.autopilot/db/global.setting.tcl 
Execute       source C:/Motor-Simulator/Envelope/Envelope_Detector/Envelope_Detector/hls/.autopilot/db/global.setting.tcl 
Execute       source C:/Motor-Simulator/Envelope/Envelope_Detector/Envelope_Detector/hls/.autopilot/db/top-io-be.tcl 
Execute       source C:/Motor-Simulator/Envelope/Envelope_Detector/Envelope_Detector/hls/.autopilot/db/hilbert_envelope_axis.tbgen.tcl 
Execute       source C:/Motor-Simulator/Envelope/Envelope_Detector/Envelope_Detector/hls/.autopilot/db/hilbert_envelope_axis.rtl_wrap.cfg.tcl 
Execute       source C:/Motor-Simulator/Envelope/Envelope_Detector/Envelope_Detector/hls/.autopilot/db/hilbert_envelope_axis.compgen.dataonly.tcl 
Execute       source C:/Motor-Simulator/Envelope/Envelope_Detector/Envelope_Detector/hls/.autopilot/db/p_hls_fptosi_float_i32.tbgen.tcl 
Execute       source C:/Motor-Simulator/Envelope/Envelope_Detector/Envelope_Detector/hls/.autopilot/db/hilbert_envelope_axis_Pipeline_VITIS_LOOP_69_1.tbgen.tcl 
Execute       source C:/Motor-Simulator/Envelope/Envelope_Detector/Envelope_Detector/hls/.autopilot/db/hilbert_envelope_axis.tbgen.tcl 
Execute       source C:/Motor-Simulator/Envelope/Envelope_Detector/Envelope_Detector/hls/.autopilot/db/global.setting.tcl 
Execute       ap_part_info -name xczu3eg-sfvc784-2-e -data names -quiet 
Execute       ap_part_info -name xczu3eg-sfvc784-2-e -data info -quiet 
Execute       source C:/Motor-Simulator/Envelope/Envelope_Detector/Envelope_Detector/hls/.autopilot/db/hilbert_envelope_axis.constraint.tcl 
Execute       sc_get_clocks hilbert_envelope_axis 
Execute       source C:/Motor-Simulator/Envelope/Envelope_Detector/Envelope_Detector/hls/.autopilot/db/global.setting.tcl 
Execute       source C:/Motor-Simulator/Envelope/Envelope_Detector/Envelope_Detector/hls/impl/misc/hilbert_envelope_axis_fsqrt_32ns_32ns_32_8_no_dsp_1_ip.tcl 
Execute       source C:/Motor-Simulator/Envelope/Envelope_Detector/Envelope_Detector/hls/impl/misc/hilbert_envelope_axis_sitofp_64ns_32_4_no_dsp_1_ip.tcl 
INFO-FLOW: DBG:PROC: ::HLSREPORTS::add_csynth_report_sections bind_info_dict='adapter_nodes {} cache_nodes {} report_dict {TOPINST hilbert_envelope_axis MODULE2INSTS {hilbert_envelope_axis hilbert_envelope_axis hilbert_envelope_axis_Pipeline_VITIS_LOOP_69_1 grp_hilbert_envelope_axis_Pipeline_VITIS_LOOP_69_1_fu_980 p_hls_fptosi_float_i32 env_sample_p_hls_fptosi_float_i32_fu_3765} INST2MODULE {hilbert_envelope_axis hilbert_envelope_axis grp_hilbert_envelope_axis_Pipeline_VITIS_LOOP_69_1_fu_980 hilbert_envelope_axis_Pipeline_VITIS_LOOP_69_1 env_sample_p_hls_fptosi_float_i32_fu_3765 p_hls_fptosi_float_i32} INSTDATA {hilbert_envelope_axis {DEPTH 1 CHILDREN grp_hilbert_envelope_axis_Pipeline_VITIS_LOOP_69_1_fu_980} grp_hilbert_envelope_axis_Pipeline_VITIS_LOOP_69_1_fu_980 {DEPTH 2 CHILDREN env_sample_p_hls_fptosi_float_i32_fu_3765} env_sample_p_hls_fptosi_float_i32_fu_3765 {DEPTH 3 CHILDREN {}}} MODULEDATA {p_hls_fptosi_float_i32 {BINDINFO {{BINDTYPE op ID {} IMPL fabric LATENCY 0 OPTYPE add PRAGMA {} RTLNAME add_ln317_fu_86_p2 SOURCE {C:\scratch\2024.1\hls_product\545\2024.1\src\shared\hls\clib/src/hls\utils/x_hls_utils.h:317} VARIABLE add_ln317 LOOP {} BUNDLEDNAME {} DSP 0 BRAM 0 URAM 0 STORAGESUBTYPE {} DISPNAME {bind_op add} VISIBLE true} {BINDTYPE op ID {} IMPL fabric LATENCY 0 OPTYPE sub PRAGMA {} RTLNAME sub_ln18_fu_100_p2 SOURCE {C:\scratch\2024.1\hls_product\545\2024.1\src\shared\hls\clib/hlsmath/include/FloatingPoint\hls_case_IEEE754.h:18} VARIABLE sub_ln18 LOOP {} BUNDLEDNAME {} DSP 0 BRAM 0 URAM 0 STORAGESUBTYPE {} DISPNAME {bind_op sub} VISIBLE true} {BINDTYPE op ID {} IMPL auto_sel LATENCY 0 OPTYPE select PRAGMA {} RTLNAME select_ln18_fu_110_p3 SOURCE {C:\scratch\2024.1\hls_product\545\2024.1\src\shared\hls\clib/hlsmath/include/FloatingPoint\hls_case_IEEE754.h:18} VARIABLE select_ln18 LOOP {} BUNDLEDNAME {} DSP 0 BRAM 0 URAM 0 STORAGESUBTYPE {} DISPNAME {bind_op select} VISIBLE false} {BINDTYPE op ID {} IMPL auto_pipe LATENCY 0 OPTYPE lshr PRAGMA {} RTLNAME lshr_ln18_fu_126_p2 SOURCE {C:\scratch\2024.1\hls_product\545\2024.1\src\shared\hls\clib/hlsmath/include/FloatingPoint\hls_case_IEEE754.h:18} VARIABLE lshr_ln18 LOOP {} BUNDLEDNAME {} DSP 0 BRAM 0 URAM 0 STORAGESUBTYPE {} DISPNAME {bind_op lshr} VISIBLE false} {BINDTYPE op ID {} IMPL auto_pipe LATENCY 0 OPTYPE shl PRAGMA {} RTLNAME shl_ln18_fu_132_p2 SOURCE {C:\scratch\2024.1\hls_product\545\2024.1\src\shared\hls\clib/hlsmath/include/FloatingPoint\hls_case_IEEE754.h:18} VARIABLE shl_ln18 LOOP {} BUNDLEDNAME {} DSP 0 BRAM 0 URAM 0 STORAGESUBTYPE {} DISPNAME {bind_op shl} VISIBLE false} {BINDTYPE op ID {} IMPL auto_sel LATENCY 0 OPTYPE select PRAGMA {} RTLNAME val_fu_158_p3 SOURCE {C:\scratch\2024.1\hls_product\545\2024.1\src\shared\hls\clib/hlsmath/include/FloatingPoint\hls_case_IEEE754.h:18} VARIABLE val LOOP {} BUNDLEDNAME {} DSP 0 BRAM 0 URAM 0 STORAGESUBTYPE {} DISPNAME {bind_op select} VISIBLE false} {BINDTYPE op ID {} IMPL fabric LATENCY 0 OPTYPE sub PRAGMA {} RTLNAME result_1_fu_166_p2 SOURCE {C:\scratch\2024.1\hls_product\545\2024.1\src\shared\hls\clib/hlsmath/include/FloatingPoint\hls_case_IEEE754.h:59} VARIABLE result_1 LOOP {} BUNDLEDNAME {} DSP 0 BRAM 0 URAM 0 STORAGESUBTYPE {} DISPNAME {bind_op sub} VISIBLE true} {BINDTYPE op ID {} IMPL auto_sel LATENCY 0 OPTYPE select PRAGMA {} RTLNAME ap_return SOURCE {C:\scratch\2024.1\hls_product\545\2024.1\src\shared\hls\clib/hlsmath/include/FloatingPoint\hls_case_IEEE754.h:59} VARIABLE result_2 LOOP {} BUNDLEDNAME {} DSP 0 BRAM 0 URAM 0 STORAGESUBTYPE {} DISPNAME {bind_op select} VISIBLE false}} AREA {DSP 0 BRAM 0 URAM 0}} hilbert_envelope_axis_Pipeline_VITIS_LOOP_69_1 {BINDINFO {{BINDTYPE op ID {} IMPL fabric LATENCY 0 OPTYPE sub PRAGMA {} RTLNAME sub_ln50_fu_7411_p2 SOURCE hilbert.cpp:50 VARIABLE sub_ln50 LOOP VITIS_LOOP_69_1 BUNDLEDNAME {} DSP 0 BRAM 0 URAM 0 STORAGESUBTYPE {} DISPNAME {bind_op sub} VISIBLE true} {BINDTYPE op ID {} IMPL fabric LATENCY 0 OPTYPE sub PRAGMA {} RTLNAME sub_ln50_1_fu_7429_p2 SOURCE hilbert.cpp:50 VARIABLE sub_ln50_1 LOOP VITIS_LOOP_69_1 BUNDLEDNAME {} DSP 0 BRAM 0 URAM 0 STORAGESUBTYPE {} DISPNAME {bind_op sub} VISIBLE true} {BINDTYPE op ID {} IMPL fabric LATENCY 0 OPTYPE sub PRAGMA {} RTLNAME sub_ln50_2_fu_7443_p2 SOURCE hilbert.cpp:50 VARIABLE sub_ln50_2 LOOP VITIS_LOOP_69_1 BUNDLEDNAME {} DSP 0 BRAM 0 URAM 0 STORAGESUBTYPE {} DISPNAME {bind_op sub} VISIBLE true} {BINDTYPE op ID {} IMPL fabric LATENCY 0 OPTYPE sub PRAGMA {} RTLNAME sub_ln50_3_fu_7457_p2 SOURCE hilbert.cpp:50 VARIABLE sub_ln50_3 LOOP VITIS_LOOP_69_1 BUNDLEDNAME {} DSP 0 BRAM 0 URAM 0 STORAGESUBTYPE {} DISPNAME {bind_op sub} VISIBLE true} {BINDTYPE op ID {} IMPL fabric LATENCY 0 OPTYPE sub PRAGMA {} RTLNAME sub_ln50_4_fu_7471_p2 SOURCE hilbert.cpp:50 VARIABLE sub_ln50_4 LOOP VITIS_LOOP_69_1 BUNDLEDNAME {} DSP 0 BRAM 0 URAM 0 STORAGESUBTYPE {} DISPNAME {bind_op sub} VISIBLE true} {BINDTYPE op ID {} IMPL fabric LATENCY 0 OPTYPE sub PRAGMA {} RTLNAME sub_ln50_5_fu_7485_p2 SOURCE hilbert.cpp:50 VARIABLE sub_ln50_5 LOOP VITIS_LOOP_69_1 BUNDLEDNAME {} DSP 0 BRAM 0 URAM 0 STORAGESUBTYPE {} DISPNAME {bind_op sub} VISIBLE true} {BINDTYPE op ID {} IMPL fabric LATENCY 0 OPTYPE sub PRAGMA {} RTLNAME sub_ln50_6_fu_7499_p2 SOURCE hilbert.cpp:50 VARIABLE sub_ln50_6 LOOP VITIS_LOOP_69_1 BUNDLEDNAME {} DSP 0 BRAM 0 URAM 0 STORAGESUBTYPE {} DISPNAME {bind_op sub} VISIBLE true} {BINDTYPE op ID {} IMPL fabric LATENCY 0 OPTYPE sub PRAGMA {} RTLNAME sub_ln50_7_fu_7517_p2 SOURCE hilbert.cpp:50 VARIABLE sub_ln50_7 LOOP VITIS_LOOP_69_1 BUNDLEDNAME {} DSP 0 BRAM 0 URAM 0 STORAGESUBTYPE {} DISPNAME {bind_op sub} VISIBLE true} {BINDTYPE op ID {} IMPL fabric LATENCY 0 OPTYPE sub PRAGMA {} RTLNAME sub_ln50_8_fu_7535_p2 SOURCE hilbert.cpp:50 VARIABLE sub_ln50_8 LOOP VITIS_LOOP_69_1 BUNDLEDNAME {} DSP 0 BRAM 0 URAM 0 STORAGESUBTYPE {} DISPNAME {bind_op sub} VISIBLE true} {BINDTYPE op ID {} IMPL fabric LATENCY 0 OPTYPE sub PRAGMA {} RTLNAME sub_ln50_9_fu_7553_p2 SOURCE hilbert.cpp:50 VARIABLE sub_ln50_9 LOOP VITIS_LOOP_69_1 BUNDLEDNAME {} DSP 0 BRAM 0 URAM 0 STORAGESUBTYPE {} DISPNAME {bind_op sub} VISIBLE true} {BINDTYPE op ID {} IMPL fabric LATENCY 0 OPTYPE sub PRAGMA {} RTLNAME sub_ln50_10_fu_7567_p2 SOURCE hilbert.cpp:50 VARIABLE sub_ln50_10 LOOP VITIS_LOOP_69_1 BUNDLEDNAME {} DSP 0 BRAM 0 URAM 0 STORAGESUBTYPE {} DISPNAME {bind_op sub} VISIBLE true} {BINDTYPE op ID {} IMPL fabric LATENCY 0 OPTYPE sub PRAGMA {} RTLNAME sub_ln50_11_fu_7585_p2 SOURCE hilbert.cpp:50 VARIABLE sub_ln50_11 LOOP VITIS_LOOP_69_1 BUNDLEDNAME {} DSP 0 BRAM 0 URAM 0 STORAGESUBTYPE {} DISPNAME {bind_op sub} VISIBLE true} {BINDTYPE op ID {} IMPL fabric LATENCY 0 OPTYPE sub PRAGMA {} RTLNAME sub_ln50_12_fu_7603_p2 SOURCE hilbert.cpp:50 VARIABLE sub_ln50_12 LOOP VITIS_LOOP_69_1 BUNDLEDNAME {} DSP 0 BRAM 0 URAM 0 STORAGESUBTYPE {} DISPNAME {bind_op sub} VISIBLE true} {BINDTYPE op ID {} IMPL fabric LATENCY 0 OPTYPE sub PRAGMA {} RTLNAME sub_ln50_13_fu_7617_p2 SOURCE hilbert.cpp:50 VARIABLE sub_ln50_13 LOOP VITIS_LOOP_69_1 BUNDLEDNAME {} DSP 0 BRAM 0 URAM 0 STORAGESUBTYPE {} DISPNAME {bind_op sub} VISIBLE true} {BINDTYPE op ID {} IMPL fabric LATENCY 0 OPTYPE sub PRAGMA {} RTLNAME sub_ln50_14_fu_7635_p2 SOURCE hilbert.cpp:50 VARIABLE sub_ln50_14 LOOP VITIS_LOOP_69_1 BUNDLEDNAME {} DSP 0 BRAM 0 URAM 0 STORAGESUBTYPE {} DISPNAME {bind_op sub} VISIBLE true} {BINDTYPE op ID {} IMPL fabric LATENCY 0 OPTYPE sub PRAGMA {} RTLNAME sub_ln50_15_fu_7653_p2 SOURCE hilbert.cpp:50 VARIABLE sub_ln50_15 LOOP VITIS_LOOP_69_1 BUNDLEDNAME {} DSP 0 BRAM 0 URAM 0 STORAGESUBTYPE {} DISPNAME {bind_op sub} VISIBLE true} {BINDTYPE op ID {} IMPL fabric LATENCY 0 OPTYPE sub PRAGMA {} RTLNAME sub_ln50_16_fu_7671_p2 SOURCE hilbert.cpp:50 VARIABLE sub_ln50_16 LOOP VITIS_LOOP_69_1 BUNDLEDNAME {} DSP 0 BRAM 0 URAM 0 STORAGESUBTYPE {} DISPNAME {bind_op sub} VISIBLE true} {BINDTYPE op ID {} IMPL fabric LATENCY 0 OPTYPE sub PRAGMA {} RTLNAME sub_ln50_17_fu_7685_p2 SOURCE hilbert.cpp:50 VARIABLE sub_ln50_17 LOOP VITIS_LOOP_69_1 BUNDLEDNAME {} DSP 0 BRAM 0 URAM 0 STORAGESUBTYPE {} DISPNAME {bind_op sub} VISIBLE true} {BINDTYPE op ID {} IMPL fabric LATENCY 0 OPTYPE sub PRAGMA {} RTLNAME sub_ln50_18_fu_7699_p2 SOURCE hilbert.cpp:50 VARIABLE sub_ln50_18 LOOP VITIS_LOOP_69_1 BUNDLEDNAME {} DSP 0 BRAM 0 URAM 0 STORAGESUBTYPE {} DISPNAME {bind_op sub} VISIBLE true} {BINDTYPE op ID {} IMPL fabric LATENCY 0 OPTYPE sub PRAGMA {} RTLNAME sub_ln50_19_fu_7713_p2 SOURCE hilbert.cpp:50 VARIABLE sub_ln50_19 LOOP VITIS_LOOP_69_1 BUNDLEDNAME {} DSP 0 BRAM 0 URAM 0 STORAGESUBTYPE {} DISPNAME {bind_op sub} VISIBLE true} {BINDTYPE op ID {} IMPL fabric LATENCY 0 OPTYPE sub PRAGMA {} RTLNAME sub_ln50_20_fu_7731_p2 SOURCE hilbert.cpp:50 VARIABLE sub_ln50_20 LOOP VITIS_LOOP_69_1 BUNDLEDNAME {} DSP 0 BRAM 0 URAM 0 STORAGESUBTYPE {} DISPNAME {bind_op sub} VISIBLE true} {BINDTYPE op ID {} IMPL fabric LATENCY 0 OPTYPE sub PRAGMA {} RTLNAME sub_ln50_21_fu_7749_p2 SOURCE hilbert.cpp:50 VARIABLE sub_ln50_21 LOOP VITIS_LOOP_69_1 BUNDLEDNAME {} DSP 0 BRAM 0 URAM 0 STORAGESUBTYPE {} DISPNAME {bind_op sub} VISIBLE true} {BINDTYPE op ID {} IMPL fabric LATENCY 0 OPTYPE sub PRAGMA {} RTLNAME sub_ln50_22_fu_7767_p2 SOURCE hilbert.cpp:50 VARIABLE sub_ln50_22 LOOP VITIS_LOOP_69_1 BUNDLEDNAME {} DSP 0 BRAM 0 URAM 0 STORAGESUBTYPE {} DISPNAME {bind_op sub} VISIBLE true} {BINDTYPE op ID {} IMPL fabric LATENCY 0 OPTYPE sub PRAGMA {} RTLNAME sub_ln50_23_fu_7781_p2 SOURCE hilbert.cpp:50 VARIABLE sub_ln50_23 LOOP VITIS_LOOP_69_1 BUNDLEDNAME {} DSP 0 BRAM 0 URAM 0 STORAGESUBTYPE {} DISPNAME {bind_op sub} VISIBLE true} {BINDTYPE op ID {} IMPL fabric LATENCY 0 OPTYPE sub PRAGMA {} RTLNAME sub_ln50_24_fu_7795_p2 SOURCE hilbert.cpp:50 VARIABLE sub_ln50_24 LOOP VITIS_LOOP_69_1 BUNDLEDNAME {} DSP 0 BRAM 0 URAM 0 STORAGESUBTYPE {} DISPNAME {bind_op sub} VISIBLE true} {BINDTYPE op ID {} IMPL fabric LATENCY 0 OPTYPE sub PRAGMA {} RTLNAME sub_ln50_25_fu_7809_p2 SOURCE hilbert.cpp:50 VARIABLE sub_ln50_25 LOOP VITIS_LOOP_69_1 BUNDLEDNAME {} DSP 0 BRAM 0 URAM 0 STORAGESUBTYPE {} DISPNAME {bind_op sub} VISIBLE true} {BINDTYPE op ID {} IMPL fabric LATENCY 0 OPTYPE sub PRAGMA {} RTLNAME sub_ln50_26_fu_7827_p2 SOURCE hilbert.cpp:50 VARIABLE sub_ln50_26 LOOP VITIS_LOOP_69_1 BUNDLEDNAME {} DSP 0 BRAM 0 URAM 0 STORAGESUBTYPE {} DISPNAME {bind_op sub} VISIBLE true} {BINDTYPE op ID {} IMPL fabric LATENCY 0 OPTYPE sub PRAGMA {} RTLNAME sub_ln50_27_fu_7841_p2 SOURCE hilbert.cpp:50 VARIABLE sub_ln50_27 LOOP VITIS_LOOP_69_1 BUNDLEDNAME {} DSP 0 BRAM 0 URAM 0 STORAGESUBTYPE {} DISPNAME {bind_op sub} VISIBLE true} {BINDTYPE op ID {} IMPL fabric LATENCY 0 OPTYPE sub PRAGMA {} RTLNAME sub_ln50_28_fu_7859_p2 SOURCE hilbert.cpp:50 VARIABLE sub_ln50_28 LOOP VITIS_LOOP_69_1 BUNDLEDNAME {} DSP 0 BRAM 0 URAM 0 STORAGESUBTYPE {} DISPNAME {bind_op sub} VISIBLE true} {BINDTYPE op ID {} IMPL fabric LATENCY 0 OPTYPE sub PRAGMA {} RTLNAME sub_ln50_29_fu_7873_p2 SOURCE hilbert.cpp:50 VARIABLE sub_ln50_29 LOOP VITIS_LOOP_69_1 BUNDLEDNAME {} DSP 0 BRAM 0 URAM 0 STORAGESUBTYPE {} DISPNAME {bind_op sub} VISIBLE true} {BINDTYPE op ID {} IMPL fabric LATENCY 0 OPTYPE sub PRAGMA {} RTLNAME sub_ln50_30_fu_7887_p2 SOURCE hilbert.cpp:50 VARIABLE sub_ln50_30 LOOP VITIS_LOOP_69_1 BUNDLEDNAME {} DSP 0 BRAM 0 URAM 0 STORAGESUBTYPE {} DISPNAME {bind_op sub} VISIBLE true} {BINDTYPE op ID {} IMPL fabric LATENCY 0 OPTYPE sub PRAGMA {} RTLNAME sub_ln50_31_fu_7901_p2 SOURCE hilbert.cpp:50 VARIABLE sub_ln50_31 LOOP VITIS_LOOP_69_1 BUNDLEDNAME {} DSP 0 BRAM 0 URAM 0 STORAGESUBTYPE {} DISPNAME {bind_op sub} VISIBLE true} {BINDTYPE op ID {} IMPL fabric LATENCY 0 OPTYPE sub PRAGMA {} RTLNAME sub_ln50_32_fu_7919_p2 SOURCE hilbert.cpp:50 VARIABLE sub_ln50_32 LOOP VITIS_LOOP_69_1 BUNDLEDNAME {} DSP 0 BRAM 0 URAM 0 STORAGESUBTYPE {} DISPNAME {bind_op sub} VISIBLE true} {BINDTYPE op ID {} IMPL fabric LATENCY 0 OPTYPE sub PRAGMA {} RTLNAME sub_ln50_33_fu_7937_p2 SOURCE hilbert.cpp:50 VARIABLE sub_ln50_33 LOOP VITIS_LOOP_69_1 BUNDLEDNAME {} DSP 0 BRAM 0 URAM 0 STORAGESUBTYPE {} DISPNAME {bind_op sub} VISIBLE true} {BINDTYPE op ID {} IMPL fabric LATENCY 0 OPTYPE sub PRAGMA {} RTLNAME sub_ln50_34_fu_7955_p2 SOURCE hilbert.cpp:50 VARIABLE sub_ln50_34 LOOP VITIS_LOOP_69_1 BUNDLEDNAME {} DSP 0 BRAM 0 URAM 0 STORAGESUBTYPE {} DISPNAME {bind_op sub} VISIBLE true} {BINDTYPE op ID {} IMPL fabric LATENCY 0 OPTYPE sub PRAGMA {} RTLNAME sub_ln50_35_fu_7969_p2 SOURCE hilbert.cpp:50 VARIABLE sub_ln50_35 LOOP VITIS_LOOP_69_1 BUNDLEDNAME {} DSP 0 BRAM 0 URAM 0 STORAGESUBTYPE {} DISPNAME {bind_op sub} VISIBLE true} {BINDTYPE op ID {} IMPL fabric LATENCY 0 OPTYPE sub PRAGMA {} RTLNAME sub_ln50_36_fu_7983_p2 SOURCE hilbert.cpp:50 VARIABLE sub_ln50_36 LOOP VITIS_LOOP_69_1 BUNDLEDNAME {} DSP 0 BRAM 0 URAM 0 STORAGESUBTYPE {} DISPNAME {bind_op sub} VISIBLE true} {BINDTYPE op ID {} IMPL fabric LATENCY 0 OPTYPE sub PRAGMA {} RTLNAME sub_ln50_37_fu_7997_p2 SOURCE hilbert.cpp:50 VARIABLE sub_ln50_37 LOOP VITIS_LOOP_69_1 BUNDLEDNAME {} DSP 0 BRAM 0 URAM 0 STORAGESUBTYPE {} DISPNAME {bind_op sub} VISIBLE true} {BINDTYPE op ID {} IMPL fabric LATENCY 0 OPTYPE sub PRAGMA {} RTLNAME sub_ln50_38_fu_8011_p2 SOURCE hilbert.cpp:50 VARIABLE sub_ln50_38 LOOP VITIS_LOOP_69_1 BUNDLEDNAME {} DSP 0 BRAM 0 URAM 0 STORAGESUBTYPE {} DISPNAME {bind_op sub} VISIBLE true} {BINDTYPE op ID {} IMPL fabric LATENCY 0 OPTYPE sub PRAGMA {} RTLNAME sub_ln50_39_fu_8029_p2 SOURCE hilbert.cpp:50 VARIABLE sub_ln50_39 LOOP VITIS_LOOP_69_1 BUNDLEDNAME {} DSP 0 BRAM 0 URAM 0 STORAGESUBTYPE {} DISPNAME {bind_op sub} VISIBLE true} {BINDTYPE op ID {} IMPL fabric LATENCY 0 OPTYPE sub PRAGMA {} RTLNAME sub_ln50_40_fu_8043_p2 SOURCE hilbert.cpp:50 VARIABLE sub_ln50_40 LOOP VITIS_LOOP_69_1 BUNDLEDNAME {} DSP 0 BRAM 0 URAM 0 STORAGESUBTYPE {} DISPNAME {bind_op sub} VISIBLE true} {BINDTYPE op ID {} IMPL fabric LATENCY 0 OPTYPE sub PRAGMA {} RTLNAME sub_ln50_41_fu_8057_p2 SOURCE hilbert.cpp:50 VARIABLE sub_ln50_41 LOOP VITIS_LOOP_69_1 BUNDLEDNAME {} DSP 0 BRAM 0 URAM 0 STORAGESUBTYPE {} DISPNAME {bind_op sub} VISIBLE true} {BINDTYPE op ID {} IMPL fabric LATENCY 0 OPTYPE sub PRAGMA {} RTLNAME sub_ln50_42_fu_8075_p2 SOURCE hilbert.cpp:50 VARIABLE sub_ln50_42 LOOP VITIS_LOOP_69_1 BUNDLEDNAME {} DSP 0 BRAM 0 URAM 0 STORAGESUBTYPE {} DISPNAME {bind_op sub} VISIBLE true} {BINDTYPE op ID {} IMPL fabric LATENCY 0 OPTYPE sub PRAGMA {} RTLNAME sub_ln50_43_fu_8093_p2 SOURCE hilbert.cpp:50 VARIABLE sub_ln50_43 LOOP VITIS_LOOP_69_1 BUNDLEDNAME {} DSP 0 BRAM 0 URAM 0 STORAGESUBTYPE {} DISPNAME {bind_op sub} VISIBLE true} {BINDTYPE op ID {} IMPL fabric LATENCY 0 OPTYPE sub PRAGMA {} RTLNAME sub_ln50_44_fu_8107_p2 SOURCE hilbert.cpp:50 VARIABLE sub_ln50_44 LOOP VITIS_LOOP_69_1 BUNDLEDNAME {} DSP 0 BRAM 0 URAM 0 STORAGESUBTYPE {} DISPNAME {bind_op sub} VISIBLE true} {BINDTYPE op ID {} IMPL fabric LATENCY 0 OPTYPE sub PRAGMA {} RTLNAME sub_ln50_45_fu_8121_p2 SOURCE hilbert.cpp:50 VARIABLE sub_ln50_45 LOOP VITIS_LOOP_69_1 BUNDLEDNAME {} DSP 0 BRAM 0 URAM 0 STORAGESUBTYPE {} DISPNAME {bind_op sub} VISIBLE true} {BINDTYPE op ID {} IMPL fabric LATENCY 0 OPTYPE sub PRAGMA {} RTLNAME sub_ln50_46_fu_8139_p2 SOURCE hilbert.cpp:50 VARIABLE sub_ln50_46 LOOP VITIS_LOOP_69_1 BUNDLEDNAME {} DSP 0 BRAM 0 URAM 0 STORAGESUBTYPE {} DISPNAME {bind_op sub} VISIBLE true} {BINDTYPE op ID {} IMPL fabric LATENCY 0 OPTYPE sub PRAGMA {} RTLNAME sub_ln50_47_fu_8153_p2 SOURCE hilbert.cpp:50 VARIABLE sub_ln50_47 LOOP VITIS_LOOP_69_1 BUNDLEDNAME {} DSP 0 BRAM 0 URAM 0 STORAGESUBTYPE {} DISPNAME {bind_op sub} VISIBLE true} {BINDTYPE op ID {} IMPL fabric LATENCY 0 OPTYPE sub PRAGMA {} RTLNAME sub_ln50_48_fu_8167_p2 SOURCE hilbert.cpp:50 VARIABLE sub_ln50_48 LOOP VITIS_LOOP_69_1 BUNDLEDNAME {} DSP 0 BRAM 0 URAM 0 STORAGESUBTYPE {} DISPNAME {bind_op sub} VISIBLE true} {BINDTYPE op ID {} IMPL fabric LATENCY 0 OPTYPE sub PRAGMA {} RTLNAME sub_ln50_49_fu_8185_p2 SOURCE hilbert.cpp:50 VARIABLE sub_ln50_49 LOOP VITIS_LOOP_69_1 BUNDLEDNAME {} DSP 0 BRAM 0 URAM 0 STORAGESUBTYPE {} DISPNAME {bind_op sub} VISIBLE true} {BINDTYPE op ID {} IMPL fabric LATENCY 0 OPTYPE sub PRAGMA {} RTLNAME sub_ln50_50_fu_8203_p2 SOURCE hilbert.cpp:50 VARIABLE sub_ln50_50 LOOP VITIS_LOOP_69_1 BUNDLEDNAME {} DSP 0 BRAM 0 URAM 0 STORAGESUBTYPE {} DISPNAME {bind_op sub} VISIBLE true} {BINDTYPE op ID {} IMPL fabric LATENCY 0 OPTYPE sub PRAGMA {} RTLNAME sub_ln50_51_fu_8221_p2 SOURCE hilbert.cpp:50 VARIABLE sub_ln50_51 LOOP VITIS_LOOP_69_1 BUNDLEDNAME {} DSP 0 BRAM 0 URAM 0 STORAGESUBTYPE {} DISPNAME {bind_op sub} VISIBLE true} {BINDTYPE op ID {} IMPL fabric LATENCY 0 OPTYPE sub PRAGMA {} RTLNAME sub_ln50_52_fu_8239_p2 SOURCE hilbert.cpp:50 VARIABLE sub_ln50_52 LOOP VITIS_LOOP_69_1 BUNDLEDNAME {} DSP 0 BRAM 0 URAM 0 STORAGESUBTYPE {} DISPNAME {bind_op sub} VISIBLE true} {BINDTYPE op ID {} IMPL fabric LATENCY 0 OPTYPE sub PRAGMA {} RTLNAME sub_ln50_53_fu_8257_p2 SOURCE hilbert.cpp:50 VARIABLE sub_ln50_53 LOOP VITIS_LOOP_69_1 BUNDLEDNAME {} DSP 0 BRAM 0 URAM 0 STORAGESUBTYPE {} DISPNAME {bind_op sub} VISIBLE true} {BINDTYPE op ID {} IMPL fabric LATENCY 0 OPTYPE sub PRAGMA {} RTLNAME sub_ln50_54_fu_8275_p2 SOURCE hilbert.cpp:50 VARIABLE sub_ln50_54 LOOP VITIS_LOOP_69_1 BUNDLEDNAME {} DSP 0 BRAM 0 URAM 0 STORAGESUBTYPE {} DISPNAME {bind_op sub} VISIBLE true} {BINDTYPE op ID {} IMPL fabric LATENCY 0 OPTYPE sub PRAGMA {} RTLNAME sub_ln50_55_fu_8293_p2 SOURCE hilbert.cpp:50 VARIABLE sub_ln50_55 LOOP VITIS_LOOP_69_1 BUNDLEDNAME {} DSP 0 BRAM 0 URAM 0 STORAGESUBTYPE {} DISPNAME {bind_op sub} VISIBLE true} {BINDTYPE op ID {} IMPL fabric LATENCY 0 OPTYPE sub PRAGMA {} RTLNAME sub_ln50_56_fu_8307_p2 SOURCE hilbert.cpp:50 VARIABLE sub_ln50_56 LOOP VITIS_LOOP_69_1 BUNDLEDNAME {} DSP 0 BRAM 0 URAM 0 STORAGESUBTYPE {} DISPNAME {bind_op sub} VISIBLE true} {BINDTYPE op ID {} IMPL fabric LATENCY 0 OPTYPE sub PRAGMA {} RTLNAME sub_ln50_57_fu_8325_p2 SOURCE hilbert.cpp:50 VARIABLE sub_ln50_57 LOOP VITIS_LOOP_69_1 BUNDLEDNAME {} DSP 0 BRAM 0 URAM 0 STORAGESUBTYPE {} DISPNAME {bind_op sub} VISIBLE true} {BINDTYPE op ID {} IMPL fabric LATENCY 0 OPTYPE sub PRAGMA {} RTLNAME sub_ln50_58_fu_8343_p2 SOURCE hilbert.cpp:50 VARIABLE sub_ln50_58 LOOP VITIS_LOOP_69_1 BUNDLEDNAME {} DSP 0 BRAM 0 URAM 0 STORAGESUBTYPE {} DISPNAME {bind_op sub} VISIBLE true} {BINDTYPE op ID {} IMPL fabric LATENCY 0 OPTYPE sub PRAGMA {} RTLNAME sub_ln50_59_fu_8357_p2 SOURCE hilbert.cpp:50 VARIABLE sub_ln50_59 LOOP VITIS_LOOP_69_1 BUNDLEDNAME {} DSP 0 BRAM 0 URAM 0 STORAGESUBTYPE {} DISPNAME {bind_op sub} VISIBLE true} {BINDTYPE op ID {} IMPL fabric LATENCY 0 OPTYPE sub PRAGMA {} RTLNAME sub_ln50_60_fu_8375_p2 SOURCE hilbert.cpp:50 VARIABLE sub_ln50_60 LOOP VITIS_LOOP_69_1 BUNDLEDNAME {} DSP 0 BRAM 0 URAM 0 STORAGESUBTYPE {} DISPNAME {bind_op sub} VISIBLE true} {BINDTYPE op ID {} IMPL fabric LATENCY 0 OPTYPE sub PRAGMA {} RTLNAME sub_ln50_61_fu_8389_p2 SOURCE hilbert.cpp:50 VARIABLE sub_ln50_61 LOOP VITIS_LOOP_69_1 BUNDLEDNAME {} DSP 0 BRAM 0 URAM 0 STORAGESUBTYPE {} DISPNAME {bind_op sub} VISIBLE true} {BINDTYPE op ID {} IMPL fabric LATENCY 0 OPTYPE sub PRAGMA {} RTLNAME sub_ln50_62_fu_8403_p2 SOURCE hilbert.cpp:50 VARIABLE sub_ln50_62 LOOP VITIS_LOOP_69_1 BUNDLEDNAME {} DSP 0 BRAM 0 URAM 0 STORAGESUBTYPE {} DISPNAME {bind_op sub} VISIBLE true} {BINDTYPE op ID {} IMPL fabric LATENCY 0 OPTYPE sub PRAGMA {} RTLNAME sub_ln50_63_fu_8421_p2 SOURCE hilbert.cpp:50 VARIABLE sub_ln50_63 LOOP VITIS_LOOP_69_1 BUNDLEDNAME {} DSP 0 BRAM 0 URAM 0 STORAGESUBTYPE {} DISPNAME {bind_op sub} VISIBLE true} {BINDTYPE op ID {} IMPL fabric LATENCY 0 OPTYPE sub PRAGMA {} RTLNAME sub_ln50_64_fu_8435_p2 SOURCE hilbert.cpp:50 VARIABLE sub_ln50_64 LOOP VITIS_LOOP_69_1 BUNDLEDNAME {} DSP 0 BRAM 0 URAM 0 STORAGESUBTYPE {} DISPNAME {bind_op sub} VISIBLE true} {BINDTYPE op ID {} IMPL fabric LATENCY 0 OPTYPE sub PRAGMA {} RTLNAME sub_ln50_65_fu_8449_p2 SOURCE hilbert.cpp:50 VARIABLE sub_ln50_65 LOOP VITIS_LOOP_69_1 BUNDLEDNAME {} DSP 0 BRAM 0 URAM 0 STORAGESUBTYPE {} DISPNAME {bind_op sub} VISIBLE true} {BINDTYPE op ID {} IMPL fabric LATENCY 0 OPTYPE sub PRAGMA {} RTLNAME sub_ln50_66_fu_8467_p2 SOURCE hilbert.cpp:50 VARIABLE sub_ln50_66 LOOP VITIS_LOOP_69_1 BUNDLEDNAME {} DSP 0 BRAM 0 URAM 0 STORAGESUBTYPE {} DISPNAME {bind_op sub} VISIBLE true} {BINDTYPE op ID {} IMPL fabric LATENCY 0 OPTYPE sub PRAGMA {} RTLNAME sub_ln50_67_fu_8485_p2 SOURCE hilbert.cpp:50 VARIABLE sub_ln50_67 LOOP VITIS_LOOP_69_1 BUNDLEDNAME {} DSP 0 BRAM 0 URAM 0 STORAGESUBTYPE {} DISPNAME {bind_op sub} VISIBLE true} {BINDTYPE op ID {} IMPL fabric LATENCY 0 OPTYPE sub PRAGMA {} RTLNAME sub_ln50_68_fu_8503_p2 SOURCE hilbert.cpp:50 VARIABLE sub_ln50_68 LOOP VITIS_LOOP_69_1 BUNDLEDNAME {} DSP 0 BRAM 0 URAM 0 STORAGESUBTYPE {} DISPNAME {bind_op sub} VISIBLE true} {BINDTYPE op ID {} IMPL fabric LATENCY 0 OPTYPE sub PRAGMA {} RTLNAME sub_ln50_69_fu_8517_p2 SOURCE hilbert.cpp:50 VARIABLE sub_ln50_69 LOOP VITIS_LOOP_69_1 BUNDLEDNAME {} DSP 0 BRAM 0 URAM 0 STORAGESUBTYPE {} DISPNAME {bind_op sub} VISIBLE true} {BINDTYPE op ID {} IMPL fabric LATENCY 0 OPTYPE sub PRAGMA {} RTLNAME sub_ln50_70_fu_8531_p2 SOURCE hilbert.cpp:50 VARIABLE sub_ln50_70 LOOP VITIS_LOOP_69_1 BUNDLEDNAME {} DSP 0 BRAM 0 URAM 0 STORAGESUBTYPE {} DISPNAME {bind_op sub} VISIBLE true} {BINDTYPE op ID {} IMPL fabric LATENCY 0 OPTYPE sub PRAGMA {} RTLNAME sub_ln50_71_fu_8545_p2 SOURCE hilbert.cpp:50 VARIABLE sub_ln50_71 LOOP VITIS_LOOP_69_1 BUNDLEDNAME {} DSP 0 BRAM 0 URAM 0 STORAGESUBTYPE {} DISPNAME {bind_op sub} VISIBLE true} {BINDTYPE op ID {} IMPL fabric LATENCY 0 OPTYPE sub PRAGMA {} RTLNAME sub_ln50_72_fu_8559_p2 SOURCE hilbert.cpp:50 VARIABLE sub_ln50_72 LOOP VITIS_LOOP_69_1 BUNDLEDNAME {} DSP 0 BRAM 0 URAM 0 STORAGESUBTYPE {} DISPNAME {bind_op sub} VISIBLE true} {BINDTYPE op ID {} IMPL fabric LATENCY 0 OPTYPE sub PRAGMA {} RTLNAME sub_ln50_73_fu_8573_p2 SOURCE hilbert.cpp:50 VARIABLE sub_ln50_73 LOOP VITIS_LOOP_69_1 BUNDLEDNAME {} DSP 0 BRAM 0 URAM 0 STORAGESUBTYPE {} DISPNAME {bind_op sub} VISIBLE true} {BINDTYPE op ID {} IMPL fabric LATENCY 0 OPTYPE sub PRAGMA {} RTLNAME sub_ln50_74_fu_8587_p2 SOURCE hilbert.cpp:50 VARIABLE sub_ln50_74 LOOP VITIS_LOOP_69_1 BUNDLEDNAME {} DSP 0 BRAM 0 URAM 0 STORAGESUBTYPE {} DISPNAME {bind_op sub} VISIBLE true} {BINDTYPE op ID {} IMPL fabric LATENCY 0 OPTYPE sub PRAGMA {} RTLNAME sub_ln50_76_fu_8665_p2 SOURCE hilbert.cpp:50 VARIABLE sub_ln50_76 LOOP VITIS_LOOP_69_1 BUNDLEDNAME {} DSP 0 BRAM 0 URAM 0 STORAGESUBTYPE {} DISPNAME {bind_op sub} VISIBLE true} {BINDTYPE op ID {} IMPL fabric LATENCY 0 OPTYPE add PRAGMA {} RTLNAME add_ln50_76_fu_8791_p2 SOURCE hilbert.cpp:50 VARIABLE add_ln50_76 LOOP VITIS_LOOP_69_1 BUNDLEDNAME {} DSP 0 BRAM 0 URAM 0 STORAGESUBTYPE {} DISPNAME {bind_op add} VISIBLE true} {BINDTYPE op ID {} IMPL fabric LATENCY 0 OPTYPE sub PRAGMA {} RTLNAME sub_ln50_81_fu_8839_p2 SOURCE hilbert.cpp:50 VARIABLE sub_ln50_81 LOOP VITIS_LOOP_69_1 BUNDLEDNAME {} DSP 0 BRAM 0 URAM 0 STORAGESUBTYPE {} DISPNAME {bind_op sub} VISIBLE true} {BINDTYPE op ID {} IMPL fabric LATENCY 0 OPTYPE add PRAGMA {} RTLNAME add_ln50_78_fu_8905_p2 SOURCE hilbert.cpp:50 VARIABLE add_ln50_78 LOOP VITIS_LOOP_69_1 BUNDLEDNAME {} DSP 0 BRAM 0 URAM 0 STORAGESUBTYPE {} DISPNAME {bind_op add} VISIBLE true} {BINDTYPE op ID {} IMPL fabric LATENCY 0 OPTYPE sub PRAGMA {} RTLNAME sub_ln50_86_fu_9047_p2 SOURCE hilbert.cpp:50 VARIABLE sub_ln50_86 LOOP VITIS_LOOP_69_1 BUNDLEDNAME {} DSP 0 BRAM 0 URAM 0 STORAGESUBTYPE {} DISPNAME {bind_op sub} VISIBLE true} {BINDTYPE op ID {} IMPL fabric LATENCY 0 OPTYPE add PRAGMA {} RTLNAME add_ln50_85_fu_9101_p2 SOURCE hilbert.cpp:50 VARIABLE add_ln50_85 LOOP VITIS_LOOP_69_1 BUNDLEDNAME {} DSP 0 BRAM 0 URAM 0 STORAGESUBTYPE {} DISPNAME {bind_op add} VISIBLE true} {BINDTYPE op ID {} IMPL fabric LATENCY 0 OPTYPE sub PRAGMA {} RTLNAME sub_ln50_87_fu_9131_p2 SOURCE hilbert.cpp:50 VARIABLE sub_ln50_87 LOOP VITIS_LOOP_69_1 BUNDLEDNAME {} DSP 0 BRAM 0 URAM 0 STORAGESUBTYPE {} DISPNAME {bind_op sub} VISIBLE true} {BINDTYPE op ID {} IMPL fabric LATENCY 0 OPTYPE sub PRAGMA {} RTLNAME sub_ln50_88_fu_9189_p2 SOURCE hilbert.cpp:50 VARIABLE sub_ln50_88 LOOP VITIS_LOOP_69_1 BUNDLEDNAME {} DSP 0 BRAM 0 URAM 0 STORAGESUBTYPE {} DISPNAME {bind_op sub} VISIBLE true} {BINDTYPE op ID {} IMPL fabric LATENCY 0 OPTYPE add PRAGMA {} RTLNAME add_ln50_90_fu_9357_p2 SOURCE hilbert.cpp:50 VARIABLE add_ln50_90 LOOP VITIS_LOOP_69_1 BUNDLEDNAME {} DSP 0 BRAM 0 URAM 0 STORAGESUBTYPE {} DISPNAME {bind_op add} VISIBLE true} {BINDTYPE op ID {} IMPL fabric LATENCY 0 OPTYPE add PRAGMA {} RTLNAME add_ln50_100_fu_9845_p2 SOURCE hilbert.cpp:50 VARIABLE add_ln50_100 LOOP VITIS_LOOP_69_1 BUNDLEDNAME {} DSP 0 BRAM 0 URAM 0 STORAGESUBTYPE {} DISPNAME {bind_op add} VISIBLE true} {BINDTYPE op ID {} IMPL fabric LATENCY 0 OPTYPE add PRAGMA {} RTLNAME add_ln50_102_fu_9911_p2 SOURCE hilbert.cpp:50 VARIABLE add_ln50_102 LOOP VITIS_LOOP_69_1 BUNDLEDNAME {} DSP 0 BRAM 0 URAM 0 STORAGESUBTYPE {} DISPNAME {bind_op add} VISIBLE true} {BINDTYPE op ID {} IMPL fabric LATENCY 0 OPTYPE sub PRAGMA {} RTLNAME sub_ln50_112_fu_10067_p2 SOURCE hilbert.cpp:50 VARIABLE sub_ln50_112 LOOP VITIS_LOOP_69_1 BUNDLEDNAME {} DSP 0 BRAM 0 URAM 0 STORAGESUBTYPE {} DISPNAME {bind_op sub} VISIBLE true} {BINDTYPE op ID {} IMPL fabric LATENCY 0 OPTYPE add PRAGMA {} RTLNAME add_ln50_107_fu_10121_p2 SOURCE hilbert.cpp:50 VARIABLE add_ln50_107 LOOP VITIS_LOOP_69_1 BUNDLEDNAME {} DSP 0 BRAM 0 URAM 0 STORAGESUBTYPE {} DISPNAME {bind_op add} VISIBLE true} {BINDTYPE op ID {} IMPL fabric LATENCY 0 OPTYPE add PRAGMA {} RTLNAME add_ln50_112_fu_10277_p2 SOURCE hilbert.cpp:50 VARIABLE add_ln50_112 LOOP VITIS_LOOP_69_1 BUNDLEDNAME {} DSP 0 BRAM 0 URAM 0 STORAGESUBTYPE {} DISPNAME {bind_op add} VISIBLE true} {BINDTYPE op ID {} IMPL fabric LATENCY 0 OPTYPE sub PRAGMA {} RTLNAME sub_ln50_119_fu_10313_p2 SOURCE hilbert.cpp:50 VARIABLE sub_ln50_119 LOOP VITIS_LOOP_69_1 BUNDLEDNAME {} DSP 0 BRAM 0 URAM 0 STORAGESUBTYPE {} DISPNAME {bind_op sub} VISIBLE true} {BINDTYPE op ID {} IMPL fabric LATENCY 0 OPTYPE add PRAGMA {} RTLNAME add_ln50_118_fu_10587_p2 SOURCE hilbert.cpp:50 VARIABLE add_ln50_118 LOOP VITIS_LOOP_69_1 BUNDLEDNAME {} DSP 0 BRAM 0 URAM 0 STORAGESUBTYPE {} DISPNAME {bind_op add} VISIBLE true} {BINDTYPE op ID {} IMPL fabric LATENCY 0 OPTYPE add PRAGMA {} RTLNAME add_ln50_123_fu_10785_p2 SOURCE hilbert.cpp:50 VARIABLE add_ln50_123 LOOP VITIS_LOOP_69_1 BUNDLEDNAME {} DSP 0 BRAM 0 URAM 0 STORAGESUBTYPE {} DISPNAME {bind_op add} VISIBLE true} {BINDTYPE op ID {} IMPL fabric LATENCY 0 OPTYPE add PRAGMA {} RTLNAME add_ln50_124_fu_10851_p2 SOURCE hilbert.cpp:50 VARIABLE add_ln50_124 LOOP VITIS_LOOP_69_1 BUNDLEDNAME {} DSP 0 BRAM 0 URAM 0 STORAGESUBTYPE {} DISPNAME {bind_op add} VISIBLE true} {BINDTYPE op ID {} IMPL fabric LATENCY 0 OPTYPE sub PRAGMA {} RTLNAME sub_ln50_137_fu_10953_p2 SOURCE hilbert.cpp:50 VARIABLE sub_ln50_137 LOOP VITIS_LOOP_69_1 BUNDLEDNAME {} DSP 0 BRAM 0 URAM 0 STORAGESUBTYPE {} DISPNAME {bind_op sub} VISIBLE true} {BINDTYPE op ID {} IMPL fabric LATENCY 0 OPTYPE sub PRAGMA {} RTLNAME sub_ln50_138_fu_10983_p2 SOURCE hilbert.cpp:50 VARIABLE sub_ln50_138 LOOP VITIS_LOOP_69_1 BUNDLEDNAME {} DSP 0 BRAM 0 URAM 0 STORAGESUBTYPE {} DISPNAME {bind_op sub} VISIBLE true} {BINDTYPE op ID {} IMPL fabric LATENCY 0 OPTYPE sub PRAGMA {} RTLNAME sub_ln50_140_fu_11055_p2 SOURCE hilbert.cpp:50 VARIABLE sub_ln50_140 LOOP VITIS_LOOP_69_1 BUNDLEDNAME {} DSP 0 BRAM 0 URAM 0 STORAGESUBTYPE {} DISPNAME {bind_op sub} VISIBLE true} {BINDTYPE op ID {} IMPL fabric LATENCY 0 OPTYPE sub PRAGMA {} RTLNAME sub_ln50_143_fu_11193_p2 SOURCE hilbert.cpp:50 VARIABLE sub_ln50_143 LOOP VITIS_LOOP_69_1 BUNDLEDNAME {} DSP 0 BRAM 0 URAM 0 STORAGESUBTYPE {} DISPNAME {bind_op sub} VISIBLE true} {BINDTYPE op ID {} IMPL fabric LATENCY 0 OPTYPE sub PRAGMA {} RTLNAME sub_ln50_147_fu_11331_p2 SOURCE hilbert.cpp:50 VARIABLE sub_ln50_147 LOOP VITIS_LOOP_69_1 BUNDLEDNAME {} DSP 0 BRAM 0 URAM 0 STORAGESUBTYPE {} DISPNAME {bind_op sub} VISIBLE true} {BINDTYPE op ID {} IMPL fabric LATENCY 0 OPTYPE sub PRAGMA {} RTLNAME sub_ln50_148_fu_11401_p2 SOURCE hilbert.cpp:50 VARIABLE sub_ln50_148 LOOP VITIS_LOOP_69_1 BUNDLEDNAME {} DSP 0 BRAM 0 URAM 0 STORAGESUBTYPE {} DISPNAME {bind_op sub} VISIBLE true} {BINDTYPE op ID {} IMPL fabric LATENCY 0 OPTYPE sub PRAGMA {} RTLNAME sub_ln50_151_fu_11507_p2 SOURCE hilbert.cpp:50 VARIABLE sub_ln50_151 LOOP VITIS_LOOP_69_1 BUNDLEDNAME {} DSP 0 BRAM 0 URAM 0 STORAGESUBTYPE {} DISPNAME {bind_op sub} VISIBLE true} {BINDTYPE op ID {} IMPL fabric LATENCY 0 OPTYPE sub PRAGMA {} RTLNAME sub_ln50_154_fu_11631_p2 SOURCE hilbert.cpp:50 VARIABLE sub_ln50_154 LOOP VITIS_LOOP_69_1 BUNDLEDNAME {} DSP 0 BRAM 0 URAM 0 STORAGESUBTYPE {} DISPNAME {bind_op sub} VISIBLE true} {BINDTYPE op ID {} IMPL fabric LATENCY 0 OPTYPE add PRAGMA {} RTLNAME add_ln50_146_fu_11803_p2 SOURCE hilbert.cpp:50 VARIABLE add_ln50_146 LOOP VITIS_LOOP_69_1 BUNDLEDNAME {} DSP 0 BRAM 0 URAM 0 STORAGESUBTYPE {} DISPNAME {bind_op add} VISIBLE true} {BINDTYPE op ID {} IMPL fabric LATENCY 0 OPTYPE add PRAGMA {} RTLNAME add_ln50_148_fu_11869_p2 SOURCE hilbert.cpp:50 VARIABLE add_ln50_148 LOOP VITIS_LOOP_69_1 BUNDLEDNAME {} DSP 0 BRAM 0 URAM 0 STORAGESUBTYPE {} DISPNAME {bind_op add} VISIBLE true} {BINDTYPE op ID {} IMPL fabric LATENCY 0 OPTYPE add PRAGMA {} RTLNAME add_ln50_149_fu_11935_p2 SOURCE hilbert.cpp:50 VARIABLE add_ln50_149 LOOP VITIS_LOOP_69_1 BUNDLEDNAME {} DSP 0 BRAM 0 URAM 0 STORAGESUBTYPE {} DISPNAME {bind_op add} VISIBLE true} {BINDTYPE op ID {} IMPL fabric LATENCY 0 OPTYPE add PRAGMA {} RTLNAME add_ln50_151_fu_12025_p2 SOURCE hilbert.cpp:50 VARIABLE add_ln50_151 LOOP VITIS_LOOP_69_1 BUNDLEDNAME {} DSP 0 BRAM 0 URAM 0 STORAGESUBTYPE {} DISPNAME {bind_op add} VISIBLE true} {BINDTYPE op ID {} IMPL fabric LATENCY 0 OPTYPE add PRAGMA {} RTLNAME add_ln50_154_fu_12157_p2 SOURCE hilbert.cpp:50 VARIABLE add_ln50_154 LOOP VITIS_LOOP_69_1 BUNDLEDNAME {} DSP 0 BRAM 0 URAM 0 STORAGESUBTYPE {} DISPNAME {bind_op add} VISIBLE true} {BINDTYPE op ID {} IMPL fabric LATENCY 0 OPTYPE add PRAGMA {} RTLNAME add_ln50_158_fu_12253_p2 SOURCE hilbert.cpp:50 VARIABLE add_ln50_158 LOOP VITIS_LOOP_69_1 BUNDLEDNAME {} DSP 0 BRAM 0 URAM 0 STORAGESUBTYPE {} DISPNAME {bind_op add} VISIBLE true} {BINDTYPE op ID {} IMPL fabric LATENCY 0 OPTYPE sub PRAGMA {} RTLNAME sub_ln50_167_fu_12289_p2 SOURCE hilbert.cpp:50 VARIABLE sub_ln50_167 LOOP VITIS_LOOP_69_1 BUNDLEDNAME {} DSP 0 BRAM 0 URAM 0 STORAGESUBTYPE {} DISPNAME {bind_op sub} VISIBLE true} {BINDTYPE op ID {} IMPL fabric LATENCY 0 OPTYPE add PRAGMA {} RTLNAME add_ln50_161_fu_12361_p2 SOURCE hilbert.cpp:50 VARIABLE add_ln50_161 LOOP VITIS_LOOP_69_1 BUNDLEDNAME {} DSP 0 BRAM 0 URAM 0 STORAGESUBTYPE {} DISPNAME {bind_op add} VISIBLE true} {BINDTYPE op ID {} IMPL fabric LATENCY 0 OPTYPE add PRAGMA {} RTLNAME add_ln50_168_fu_12595_p2 SOURCE hilbert.cpp:50 VARIABLE add_ln50_168 LOOP VITIS_LOOP_69_1 BUNDLEDNAME {} DSP 0 BRAM 0 URAM 0 STORAGESUBTYPE {} DISPNAME {bind_op add} VISIBLE true} {BINDTYPE op ID {} IMPL fabric LATENCY 0 OPTYPE sub PRAGMA {} RTLNAME sub_ln50_175_fu_12661_p2 SOURCE hilbert.cpp:50 VARIABLE sub_ln50_175 LOOP VITIS_LOOP_69_1 BUNDLEDNAME {} DSP 0 BRAM 0 URAM 0 STORAGESUBTYPE {} DISPNAME {bind_op sub} VISIBLE true} {BINDTYPE op ID {} IMPL fabric LATENCY 0 OPTYPE sub PRAGMA {} RTLNAME sub_ln50_179_fu_12733_p2 SOURCE hilbert.cpp:50 VARIABLE sub_ln50_179 LOOP VITIS_LOOP_69_1 BUNDLEDNAME {} DSP 0 BRAM 0 URAM 0 STORAGESUBTYPE {} DISPNAME {bind_op sub} VISIBLE true} {BINDTYPE op ID {} IMPL fabric LATENCY 0 OPTYPE add PRAGMA {} RTLNAME add_ln50_172_fu_12815_p2 SOURCE hilbert.cpp:50 VARIABLE add_ln50_172 LOOP VITIS_LOOP_69_1 BUNDLEDNAME {} DSP 0 BRAM 0 URAM 0 STORAGESUBTYPE {} DISPNAME {bind_op add} VISIBLE true} {BINDTYPE op ID {} IMPL fabric LATENCY 0 OPTYPE sub PRAGMA {} RTLNAME sub_ln50_183_fu_12869_p2 SOURCE hilbert.cpp:50 VARIABLE sub_ln50_183 LOOP VITIS_LOOP_69_1 BUNDLEDNAME {} DSP 0 BRAM 0 URAM 0 STORAGESUBTYPE {} DISPNAME {bind_op sub} VISIBLE true} {BINDTYPE op ID {} IMPL fabric LATENCY 0 OPTYPE sub PRAGMA {} RTLNAME sub_ln50_186_fu_12935_p2 SOURCE hilbert.cpp:50 VARIABLE sub_ln50_186 LOOP VITIS_LOOP_69_1 BUNDLEDNAME {} DSP 0 BRAM 0 URAM 0 STORAGESUBTYPE {} DISPNAME {bind_op sub} VISIBLE true} {BINDTYPE op ID {} IMPL fabric LATENCY 0 OPTYPE add PRAGMA {} RTLNAME add_ln50_2_fu_12967_p2 SOURCE hilbert.cpp:50 VARIABLE add_ln50_2 LOOP VITIS_LOOP_69_1 BUNDLEDNAME {} DSP 0 BRAM 0 URAM 0 STORAGESUBTYPE {} DISPNAME {bind_op add} VISIBLE true} {BINDTYPE op ID {} IMPL fabric LATENCY 0 OPTYPE add PRAGMA {} RTLNAME add_ln50_6_fu_13003_p2 SOURCE hilbert.cpp:50 VARIABLE add_ln50_6 LOOP VITIS_LOOP_69_1 BUNDLEDNAME {} DSP 0 BRAM 0 URAM 0 STORAGESUBTYPE {} DISPNAME {bind_op add} VISIBLE true} {BINDTYPE op ID {} IMPL fabric LATENCY 0 OPTYPE add PRAGMA {} RTLNAME add_ln50_7_fu_13013_p2 SOURCE hilbert.cpp:50 VARIABLE add_ln50_7 LOOP VITIS_LOOP_69_1 BUNDLEDNAME {} DSP 0 BRAM 0 URAM 0 STORAGESUBTYPE {} DISPNAME {bind_op add} VISIBLE true} {BINDTYPE op ID {} IMPL fabric LATENCY 0 OPTYPE add PRAGMA {} RTLNAME add_ln50_10_fu_13043_p2 SOURCE hilbert.cpp:50 VARIABLE add_ln50_10 LOOP VITIS_LOOP_69_1 BUNDLEDNAME {} DSP 0 BRAM 0 URAM 0 STORAGESUBTYPE {} DISPNAME {bind_op add} VISIBLE true} {BINDTYPE op ID {} IMPL fabric LATENCY 0 OPTYPE add PRAGMA {} RTLNAME add_ln50_14_fu_13079_p2 SOURCE hilbert.cpp:50 VARIABLE add_ln50_14 LOOP VITIS_LOOP_69_1 BUNDLEDNAME {} DSP 0 BRAM 0 URAM 0 STORAGESUBTYPE {} DISPNAME {bind_op add} VISIBLE true} {BINDTYPE op ID {} IMPL fabric LATENCY 0 OPTYPE add PRAGMA {} RTLNAME add_ln50_15_fu_13089_p2 SOURCE hilbert.cpp:50 VARIABLE add_ln50_15 LOOP VITIS_LOOP_69_1 BUNDLEDNAME {} DSP 0 BRAM 0 URAM 0 STORAGESUBTYPE {} DISPNAME {bind_op add} VISIBLE true} {BINDTYPE op ID {} IMPL fabric LATENCY 0 OPTYPE add PRAGMA {} RTLNAME add_ln50_16_fu_13099_p2 SOURCE hilbert.cpp:50 VARIABLE add_ln50_16 LOOP VITIS_LOOP_69_1 BUNDLEDNAME {} DSP 0 BRAM 0 URAM 0 STORAGESUBTYPE {} DISPNAME {bind_op add} VISIBLE true} {BINDTYPE op ID {} IMPL fabric LATENCY 0 OPTYPE add PRAGMA {} RTLNAME add_ln50_22_fu_13151_p2 SOURCE hilbert.cpp:50 VARIABLE add_ln50_22 LOOP VITIS_LOOP_69_1 BUNDLEDNAME {} DSP 0 BRAM 0 URAM 0 STORAGESUBTYPE {} DISPNAME {bind_op add} VISIBLE true} {BINDTYPE op ID {} IMPL fabric LATENCY 0 OPTYPE add PRAGMA {} RTLNAME add_ln50_23_fu_13161_p2 SOURCE hilbert.cpp:50 VARIABLE add_ln50_23 LOOP VITIS_LOOP_69_1 BUNDLEDNAME {} DSP 0 BRAM 0 URAM 0 STORAGESUBTYPE {} DISPNAME {bind_op add} VISIBLE true} {BINDTYPE op ID {} IMPL fabric LATENCY 0 OPTYPE add PRAGMA {} RTLNAME add_ln50_24_fu_13171_p2 SOURCE hilbert.cpp:50 VARIABLE add_ln50_24 LOOP VITIS_LOOP_69_1 BUNDLEDNAME {} DSP 0 BRAM 0 URAM 0 STORAGESUBTYPE {} DISPNAME {bind_op add} VISIBLE true} {BINDTYPE op ID {} IMPL fabric LATENCY 0 OPTYPE add PRAGMA {} RTLNAME add_ln50_27_fu_13197_p2 SOURCE hilbert.cpp:50 VARIABLE add_ln50_27 LOOP VITIS_LOOP_69_1 BUNDLEDNAME {} DSP 0 BRAM 0 URAM 0 STORAGESUBTYPE {} DISPNAME {bind_op add} VISIBLE true} {BINDTYPE op ID {} IMPL fabric LATENCY 0 OPTYPE add PRAGMA {} RTLNAME add_ln50_28_fu_13207_p2 SOURCE hilbert.cpp:50 VARIABLE add_ln50_28 LOOP VITIS_LOOP_69_1 BUNDLEDNAME {} DSP 0 BRAM 0 URAM 0 STORAGESUBTYPE {} DISPNAME {bind_op add} VISIBLE true} {BINDTYPE op ID {} IMPL fabric LATENCY 0 OPTYPE add PRAGMA {} RTLNAME add_ln50_33_fu_13253_p2 SOURCE hilbert.cpp:50 VARIABLE add_ln50_33 LOOP VITIS_LOOP_69_1 BUNDLEDNAME {} DSP 0 BRAM 0 URAM 0 STORAGESUBTYPE {} DISPNAME {bind_op add} VISIBLE true} {BINDTYPE op ID {} IMPL fabric LATENCY 0 OPTYPE add PRAGMA {} RTLNAME add_ln50_38_fu_13279_p2 SOURCE hilbert.cpp:50 VARIABLE add_ln50_38 LOOP VITIS_LOOP_69_1 BUNDLEDNAME {} DSP 0 BRAM 0 URAM 0 STORAGESUBTYPE {} DISPNAME {bind_op add} VISIBLE true} {BINDTYPE op ID {} IMPL fabric LATENCY 0 OPTYPE add PRAGMA {} RTLNAME add_ln50_41_fu_13305_p2 SOURCE hilbert.cpp:50 VARIABLE add_ln50_41 LOOP VITIS_LOOP_69_1 BUNDLEDNAME {} DSP 0 BRAM 0 URAM 0 STORAGESUBTYPE {} DISPNAME {bind_op add} VISIBLE true} {BINDTYPE op ID {} IMPL fabric LATENCY 0 OPTYPE add PRAGMA {} RTLNAME add_ln50_42_fu_13315_p2 SOURCE hilbert.cpp:50 VARIABLE add_ln50_42 LOOP VITIS_LOOP_69_1 BUNDLEDNAME {} DSP 0 BRAM 0 URAM 0 STORAGESUBTYPE {} DISPNAME {bind_op add} VISIBLE true} {BINDTYPE op ID {} IMPL fabric LATENCY 0 OPTYPE add PRAGMA {} RTLNAME add_ln50_46_fu_13341_p2 SOURCE hilbert.cpp:50 VARIABLE add_ln50_46 LOOP VITIS_LOOP_69_1 BUNDLEDNAME {} DSP 0 BRAM 0 URAM 0 STORAGESUBTYPE {} DISPNAME {bind_op add} VISIBLE true} {BINDTYPE op ID {} IMPL fabric LATENCY 0 OPTYPE add PRAGMA {} RTLNAME add_ln50_51_fu_13383_p2 SOURCE hilbert.cpp:50 VARIABLE add_ln50_51 LOOP VITIS_LOOP_69_1 BUNDLEDNAME {} DSP 0 BRAM 0 URAM 0 STORAGESUBTYPE {} DISPNAME {bind_op add} VISIBLE true} {BINDTYPE op ID {} IMPL fabric LATENCY 0 OPTYPE add PRAGMA {} RTLNAME add_ln50_59_fu_13445_p2 SOURCE hilbert.cpp:50 VARIABLE add_ln50_59 LOOP VITIS_LOOP_69_1 BUNDLEDNAME {} DSP 0 BRAM 0 URAM 0 STORAGESUBTYPE {} DISPNAME {bind_op add} VISIBLE true} {BINDTYPE op ID {} IMPL fabric LATENCY 0 OPTYPE add PRAGMA {} RTLNAME add_ln50_65_fu_13493_p2 SOURCE hilbert.cpp:50 VARIABLE add_ln50_65 LOOP VITIS_LOOP_69_1 BUNDLEDNAME {} DSP 0 BRAM 0 URAM 0 STORAGESUBTYPE {} DISPNAME {bind_op add} VISIBLE true} {BINDTYPE op ID {} IMPL fabric LATENCY 0 OPTYPE add PRAGMA {} RTLNAME add_ln50_69_fu_13533_p2 SOURCE hilbert.cpp:50 VARIABLE add_ln50_69 LOOP VITIS_LOOP_69_1 BUNDLEDNAME {} DSP 0 BRAM 0 URAM 0 STORAGESUBTYPE {} DISPNAME {bind_op add} VISIBLE true} {BINDTYPE op ID {} IMPL fabric LATENCY 0 OPTYPE add PRAGMA {} RTLNAME add_ln50_70_fu_13543_p2 SOURCE hilbert.cpp:50 VARIABLE add_ln50_70 LOOP VITIS_LOOP_69_1 BUNDLEDNAME {} DSP 0 BRAM 0 URAM 0 STORAGESUBTYPE {} DISPNAME {bind_op add} VISIBLE true} {BINDTYPE op ID {} IMPL fabric LATENCY 0 OPTYPE add PRAGMA {} RTLNAME add_ln50_71_fu_15092_p2 SOURCE hilbert.cpp:50 VARIABLE add_ln50_71 LOOP VITIS_LOOP_69_1 BUNDLEDNAME {} DSP 0 BRAM 0 URAM 0 STORAGESUBTYPE {} DISPNAME {bind_op add} VISIBLE true} {BINDTYPE op ID {} IMPL fabric LATENCY 0 OPTYPE sub PRAGMA {} RTLNAME sub_ln53_fu_15130_p2 SOURCE hilbert.cpp:53 VARIABLE sub_ln53 LOOP VITIS_LOOP_69_1 BUNDLEDNAME {} DSP 0 BRAM 0 URAM 0 STORAGESUBTYPE {} DISPNAME {bind_op sub} VISIBLE true} {BINDTYPE op ID {} IMPL fabric LATENCY 0 OPTYPE sub PRAGMA {} RTLNAME sub_ln53_1_fu_15146_p2 SOURCE hilbert.cpp:53 VARIABLE sub_ln53_1 LOOP VITIS_LOOP_69_1 BUNDLEDNAME {} DSP 0 BRAM 0 URAM 0 STORAGESUBTYPE {} DISPNAME {bind_op sub} VISIBLE true} {BINDTYPE op ID {} IMPL auto_sel LATENCY 0 OPTYPE select PRAGMA {} RTLNAME Q_path_fu_15162_p3 SOURCE hilbert.cpp:53 VARIABLE Q_path LOOP VITIS_LOOP_69_1 BUNDLEDNAME {} DSP 0 BRAM 0 URAM 0 STORAGESUBTYPE {} DISPNAME {bind_op select} VISIBLE false} {BINDTYPE op ID {} IMPL auto LATENCY 0 OPTYPE mul PRAGMA {} RTLNAME mul_32s_32s_64_1_1_U4 SOURCE hilbert.cpp:56 VARIABLE mul_ln56 LOOP VITIS_LOOP_69_1 BUNDLEDNAME {} DSP 4 BRAM 0 URAM 0 STORAGESUBTYPE {} DISPNAME {bind_op mul} VISIBLE true} {BINDTYPE op ID {} IMPL auto LATENCY 0 OPTYPE mul PRAGMA {} RTLNAME mul_32s_32s_64_1_1_U5 SOURCE hilbert.cpp:56 VARIABLE mul_ln56_1 LOOP VITIS_LOOP_69_1 BUNDLEDNAME {} DSP 4 BRAM 0 URAM 0 STORAGESUBTYPE {} DISPNAME {bind_op mul} VISIBLE true} {BINDTYPE op ID {} IMPL fabric LATENCY 0 OPTYPE add PRAGMA {} RTLNAME grp_fu_3771_p0 SOURCE hilbert.cpp:56 VARIABLE mag_sq LOOP VITIS_LOOP_69_1 BUNDLEDNAME {} DSP 0 BRAM 0 URAM 0 STORAGESUBTYPE {} DISPNAME {bind_op add} VISIBLE true} {BINDTYPE op ID {} IMPL auto LATENCY 3 OPTYPE sitofp PRAGMA {} RTLNAME sitofp_64ns_32_4_no_dsp_1_U2 SOURCE hilbert.cpp:58 VARIABLE x_assign LOOP VITIS_LOOP_69_1 BUNDLEDNAME {} DSP 0 BRAM 0 URAM 0 STORAGESUBTYPE {} DISPNAME {bind_op sitofp} VISIBLE false} {BINDTYPE op ID {} IMPL fabric LATENCY 7 OPTYPE fsqrt PRAGMA {} RTLNAME fsqrt_32ns_32ns_32_8_no_dsp_1_U3 SOURCE {C:\scratch\2024.1\hls_product\545\2024.1\src\shared\hls\clib\hlsmath\src\c++\sqrtfloat.cpp:8} VARIABLE tmp LOOP VITIS_LOOP_69_1 BUNDLEDNAME {} DSP 0 BRAM 0 URAM 0 STORAGESUBTYPE {} DISPNAME {bind_op fsqrt} VISIBLE true}} AREA {DSP 8 BRAM 0 URAM 0}} hilbert_envelope_axis {BINDINFO {{BINDTYPE storage ID {} IMPL auto LATENCY 1 OPTYPE ram_t2p PRAGMA {} RTLNAME x_U SOURCE {} VARIABLE x LOOP {} BUNDLEDNAME {} DSP 0 BRAM 0 URAM 0 STORAGESUBTYPE {} STORAGESIZE {1 301 1} STORAGEUSAGE ram_t2p DISPNAME {bind_storage ram_t2p} VISIBLE true}} AREA {DSP 8 BRAM 0 URAM 0}}}}'
INFO-FLOW: DBG:PUTS:      update_csynth_reports json2rpt_hw_sw_interfaces
INFO-FLOW: Running: gen_csynth_sec_pragma
INFO-FLOW: Done: gen_csynth_sec_pragma time: 0.2 seconds per iteration
INFO-FLOW: DBG:PUTS:      update_csynth_reports wrote xml
INFO-FLOW: DBG:PUTS:      update_csynth_reports appended to csynth rpt file
INFO: [HLS 200-111] Finished Updating report files: CPU user time: 1 seconds. CPU system time: 0 seconds. Elapsed time: 1.211 seconds; current allocated memory: 356.238 MB.
INFO: [VHDL 208-304] Generating VHDL RTL for hilbert_envelope_axis.
INFO: [VLOG 209-307] Generating Verilog RTL for hilbert_envelope_axis.
Execute       syn_report -model hilbert_envelope_axis -printsummary 
INFO: [HLS 200-790] **** Loop Constraint Status: All loop constraints were satisfied.
INFO: [HLS 200-789] **** Estimated Fmax: 148.44 MHz
Command     autosyn done; 11.327 sec.
Command   csynth_design done; 50.432 sec.
Execute   close_project 
Execute     close_solution 
Execute       cleanup_all 
Execute       cleanup_all 
INFO-FLOW: Workspace C:/Motor-Simulator/Envelope/Envelope_Detector/Envelope_Detector/hls opened at Thu Apr 16 19:56:14 -0400 2026
Execute     source C:/Motor-Simulator/Envelope/Envelope_Detector/Envelope_Detector/hls/.autopilot/db/global.setting.tcl 
Execute     set_part xczu3eg-sfvc784-2-e 
Execute       create_platform xczu3eg-sfvc784-2-e -board  
DBG:HLSDevice: Trying to load device library: C:/Xilinx\Vitis_HLS\2024.1\lib\win64.o\xv_hlsvwrap.dll
DBG:HLSDevice: first parts/arch.xml in RDI_DATADIR: C:/Xilinx/Vivado/2024.1/data/parts/arch.xml
DBG:HLSDevice: init success
INFO: [HLS 200-1611] Setting target device to 'xczu3eg-sfvc784-2-e'
Command       create_platform done; 1.367 sec.
Execute       source C:/Xilinx/Vitis_HLS/2024.1/common/technology/xilinx/common/xilinx.gen 
Execute         source C:/Xilinx/Vitis_HLS/2024.1/common/technology/xilinx/interface/plb46.gen 
Execute         source C:/Xilinx/Vitis_HLS/2024.1/common/technology/xilinx/interface/axi4.gen 
Execute         source C:/Xilinx/Vitis_HLS/2024.1/common/technology/xilinx/interface/nativeAXI4.gen 
Execute           source C:/Xilinx/Vitis_HLS/2024.1/common/technology/xilinx/interface/saxilite.gen 
Execute         source C:/Xilinx/Vitis_HLS/2024.1/common/technology/xilinx/scripts/xilinxcoregen.gen 
Execute         source C:/Xilinx/Vitis_HLS/2024.1/common/technology/xilinx/interface/XilEDKCoreGen.gen 
Execute         source C:/Xilinx/Vitis_HLS/2024.1/common/technology/xilinx/ip/dds_compiler.gen 
Execute         source C:/Xilinx/Vitis_HLS/2024.1/common/technology/xilinx/ip/util.gen 
Execute         source C:/Xilinx/Vitis_HLS/2024.1/common/technology/xilinx/ip/xfft.gen 
Execute         source C:/Xilinx/Vitis_HLS/2024.1/common/technology/xilinx/ip/xfir.gen 
Execute         source C:/Xilinx/Vitis_HLS/2024.1/common/technology/xilinx/DSP48/dsp48.gen 
Execute       ap_part_info -name xczu3eg-sfvc784-2-e -data info 
Execute       config_compile -quiet -complex-mul-dsp=0 
Command     set_part done; 1.508 sec.
Execute     send_msg_by_id INFO @200-1505@%s%s default  vivado 
INFO: [HLS 200-1505] Using default flow_target 'vivado'
Command   open_solution done; 1.55 sec.
Execute   apply_ini C:/Motor-Simulator/Envelope/Envelope_Detector/hls_config.cfg 
Execute     send_msg_by_id INFO @200-1465@%s 'syn.file=hilbert.cpp' from C:/Motor-Simulator/Envelope/Envelope_Detector/hls_config.cfg(8) 
INFO: [HLS 200-1465] Applying ini 'syn.file=hilbert.cpp' from C:/Motor-Simulator/Envelope/Envelope_Detector/hls_config.cfg(8)
Execute     add_files C:/Motor-Simulator/Envelope/Envelope_Detector/hilbert.cpp 
INFO: [HLS 200-10] Adding design file 'C:/Motor-Simulator/Envelope/Envelope_Detector/hilbert.cpp' to the project
Execute     send_msg_by_id INFO @200-1465@%s 'syn.file=hilbert.h' from C:/Motor-Simulator/Envelope/Envelope_Detector/hls_config.cfg(9) 
INFO: [HLS 200-1465] Applying ini 'syn.file=hilbert.h' from C:/Motor-Simulator/Envelope/Envelope_Detector/hls_config.cfg(9)
Execute     add_files C:/Motor-Simulator/Envelope/Envelope_Detector/hilbert.h 
INFO: [HLS 200-10] Adding design file 'C:/Motor-Simulator/Envelope/Envelope_Detector/hilbert.h' to the project
Execute     send_msg_by_id INFO @200-1465@%s 'tb.file=tb_hilbert.cpp' from C:/Motor-Simulator/Envelope/Envelope_Detector/hls_config.cfg(10) 
INFO: [HLS 200-1465] Applying ini 'tb.file=tb_hilbert.cpp' from C:/Motor-Simulator/Envelope/Envelope_Detector/hls_config.cfg(10)
Execute     add_files -tb C:/Motor-Simulator/Envelope/Envelope_Detector/tb_hilbert.cpp 
INFO: [HLS 200-10] Adding test bench file 'C:/Motor-Simulator/Envelope/Envelope_Detector/tb_hilbert.cpp' to the project
Execute     send_msg_by_id INFO @200-1465@%s 'tb.file=C:/Motor-Simulator/Envelope/Envelope_Detector/tb_all.cpp' from C:/Motor-Simulator/Envelope/Envelope_Detector/hls_config.cfg(11) 
INFO: [HLS 200-1465] Applying ini 'tb.file=C:/Motor-Simulator/Envelope/Envelope_Detector/tb_all.cpp' from C:/Motor-Simulator/Envelope/Envelope_Detector/hls_config.cfg(11)
Execute     add_files -tb C:/Motor-Simulator/Envelope/Envelope_Detector/tb_all.cpp 
INFO: [HLS 200-10] Adding test bench file 'C:/Motor-Simulator/Envelope/Envelope_Detector/tb_all.cpp' to the project
Execute     send_msg_by_id INFO @200-1465@%s 'syn.top=hilbert_envelope_axis' from C:/Motor-Simulator/Envelope/Envelope_Detector/hls_config.cfg(7) 
INFO: [HLS 200-1465] Applying ini 'syn.top=hilbert_envelope_axis' from C:/Motor-Simulator/Envelope/Envelope_Detector/hls_config.cfg(7)
Execute     set_top hilbert_envelope_axis 
Execute     send_msg_by_id INFO @200-1465@%s 'flow_target=vivado' from C:/Motor-Simulator/Envelope/Envelope_Detector/hls_config.cfg(4) 
INFO: [HLS 200-1465] Applying ini 'flow_target=vivado' from C:/Motor-Simulator/Envelope/Envelope_Detector/hls_config.cfg(4)
Execute     send_msg_by_id INFO @200-1505@%s%s  vivado 
INFO: [HLS 200-1505] Using flow_target 'vivado'
Execute     send_msg_by_id INFO @200-1465@%s 'part=xczu3eg-sfvc784-2-e' from C:/Motor-Simulator/Envelope/Envelope_Detector/hls_config.cfg(1) 
INFO: [HLS 200-1465] Applying ini 'part=xczu3eg-sfvc784-2-e' from C:/Motor-Simulator/Envelope/Envelope_Detector/hls_config.cfg(1)
Execute     set_part xczu3eg-sfvc784-2-e 
Execute       create_platform xczu3eg-sfvc784-2-e -board  
Command       create_platform done; 0.181 sec.
Execute       source C:/Xilinx/Vitis_HLS/2024.1/common/technology/xilinx/common/xilinx.gen 
Execute         source C:/Xilinx/Vitis_HLS/2024.1/common/technology/xilinx/interface/plb46.gen 
Execute         source C:/Xilinx/Vitis_HLS/2024.1/common/technology/xilinx/interface/axi4.gen 
Execute         source C:/Xilinx/Vitis_HLS/2024.1/common/technology/xilinx/interface/nativeAXI4.gen 
Execute           source C:/Xilinx/Vitis_HLS/2024.1/common/technology/xilinx/interface/saxilite.gen 
Execute         source C:/Xilinx/Vitis_HLS/2024.1/common/technology/xilinx/scripts/xilinxcoregen.gen 
Execute         source C:/Xilinx/Vitis_HLS/2024.1/common/technology/xilinx/interface/XilEDKCoreGen.gen 
Execute         source C:/Xilinx/Vitis_HLS/2024.1/common/technology/xilinx/ip/dds_compiler.gen 
Execute         source C:/Xilinx/Vitis_HLS/2024.1/common/technology/xilinx/ip/util.gen 
Execute         source C:/Xilinx/Vitis_HLS/2024.1/common/technology/xilinx/ip/xfft.gen 
Execute         source C:/Xilinx/Vitis_HLS/2024.1/common/technology/xilinx/ip/xfir.gen 
Execute         source C:/Xilinx/Vitis_HLS/2024.1/common/technology/xilinx/DSP48/dsp48.gen 
Execute       ap_part_info -name xczu3eg-sfvc784-2-e -data info 
Execute       config_compile -quiet -complex-mul-dsp=0 
Command     set_part done; 0.315 sec.
Execute     send_msg_by_id INFO @200-1465@%s 'package.output.format=ip_catalog' from C:/Motor-Simulator/Envelope/Envelope_Detector/hls_config.cfg(5) 
INFO: [HLS 200-1465] Applying ini 'package.output.format=ip_catalog' from C:/Motor-Simulator/Envelope/Envelope_Detector/hls_config.cfg(5)
Execute     config_export -format=ip_catalog 
Command   apply_ini done; 0.354 sec.
Execute   apply_ini C:/Motor-Simulator/Envelope/Envelope_Detector/Envelope_Detector/hls/config.cmdline 
Execute   export_design -flow none 
Execute     AP::app_get_file_relativeroot [AP::app_get_root] {}
Execute     AP::app_get_file_relativeroot [AP::app_get_root] {}
Execute     AP::app_get_file_relativeroot [AP::app_get_root] {}
Execute     AP::get_vpp_package_output_file
Execute     config_export -flow=none 
INFO-FLOW: DBG:PUTS: export_design_wrap: -format ip_catalog -rtl verilog
Execute     source C:/Motor-Simulator/Envelope/Envelope_Detector/Envelope_Detector/hls/.autopilot/db/global.setting.tcl 
INFO-FLOW: DBG:PUTS:   auto_impl: pack: -export -rtl verilog
INFO-FLOW: DBG:PROC: ::AESL_AUTOIMPL::auto_impl args='-export -rtl verilog'
Execute     source C:/Motor-Simulator/Envelope/Envelope_Detector/Envelope_Detector/hls/.autopilot/db/global.setting.tcl 
INFO: [IMPL 213-8] Exporting RTL as a Vivado IP.
INFO-FLOW: DBG:PUTS: automg_wrap -export -pcore_version 1.00.a -rtl vlog -tool Vivado -impltomg_flag
INFO-FLOW: DBG:PROC: ::AESL_AUTOMG::auto_generate args='-export -pcore_version 1.00.a -rtl vlog -tool Vivado -impltomg_flag'
INFO-FLOW: DBG:PUTS:     auto_generate -export -pcore_version 1.00.a -rtl vlog -tool Vivado -impltomg_flag
Execute     source C:/Motor-Simulator/Envelope/Envelope_Detector/Envelope_Detector/hls/.autopilot/db/global.setting.tcl 
INFO-FLOW: DBG:PUTS: read_platform_lib C:/Motor-Simulator/Envelope/Envelope_Detector/Envelope_Detector/hls/.autopilot/db/global.setting.tcl
Execute     source C:/Xilinx/Vitis_HLS/2024.1/common/technology/generic/autopilot/common.gen 
Execute       source C:/Xilinx/Vitis_HLS/2024.1/common/technology/generic/autopilot/APCoreGen.gen 
Execute     source C:/Xilinx/Vitis_HLS/2024.1/common/technology/generic/autopilot/op.gen 
Execute     source C:/Xilinx/Vitis_HLS/2024.1/common/technology/generic/autopilot/op_simcore.gen 
Execute     source C:/Xilinx/Vitis_HLS/2024.1/common/technology/generic/autopilot/interface.gen 
Execute     source C:/Motor-Simulator/Envelope/Envelope_Detector/Envelope_Detector/hls/.autopilot/db/global.setting.tcl 
Execute     source C:/Xilinx/Vitis_HLS/2024.1/common/technology/xilinx/common/xilinx.gen 
Execute       source C:/Xilinx/Vitis_HLS/2024.1/common/technology/xilinx/interface/plb46.gen 
Execute       source C:/Xilinx/Vitis_HLS/2024.1/common/technology/xilinx/interface/axi4.gen 
Execute       source C:/Xilinx/Vitis_HLS/2024.1/common/technology/xilinx/interface/nativeAXI4.gen 
Execute         source C:/Xilinx/Vitis_HLS/2024.1/common/technology/xilinx/interface/saxilite.gen 
Execute       source C:/Xilinx/Vitis_HLS/2024.1/common/technology/xilinx/scripts/xilinxcoregen.gen 
Execute       source C:/Xilinx/Vitis_HLS/2024.1/common/technology/xilinx/interface/XilEDKCoreGen.gen 
Execute       source C:/Xilinx/Vitis_HLS/2024.1/common/technology/xilinx/ip/dds_compiler.gen 
Execute       source C:/Xilinx/Vitis_HLS/2024.1/common/technology/xilinx/ip/util.gen 
Execute       source C:/Xilinx/Vitis_HLS/2024.1/common/technology/xilinx/ip/xfft.gen 
Execute       source C:/Xilinx/Vitis_HLS/2024.1/common/technology/xilinx/ip/xfir.gen 
Execute       source C:/Xilinx/Vitis_HLS/2024.1/common/technology/xilinx/DSP48/dsp48.gen 
INFO-FLOW: DBG:PUTS:   using AESL_AUTOCG::g_clock_period=10.000 (was NA)
INFO-FLOW: DBG:PUTS:       initCTypeInfo top_module=hilbert_envelope_axis xml_exists=0
Execute     source C:/Motor-Simulator/Envelope/Envelope_Detector/Envelope_Detector/hls/.autopilot/db/hilbert_envelope_axis.rtl_wrap.cfg.tcl 
Execute     source C:/Motor-Simulator/Envelope/Envelope_Detector/Envelope_Detector/hls/.autopilot/db/hilbert_envelope_axis.rtl_wrap.cfg.tcl 
Execute     source C:/Motor-Simulator/Envelope/Envelope_Detector/Envelope_Detector/hls/.autopilot/db/hilbert_envelope_axis.rtl_wrap.cfg.tcl 
Execute     source C:/Motor-Simulator/Envelope/Envelope_Detector/Envelope_Detector/hls/.autopilot/db/hilbert_envelope_axis.tbgen.tcl 
Execute     source C:/Motor-Simulator/Envelope/Envelope_Detector/Envelope_Detector/hls/.autopilot/db/hilbert_envelope_axis.tbgen.tcl 
Execute     source C:/Motor-Simulator/Envelope/Envelope_Detector/Envelope_Detector/hls/.autopilot/db/hilbert_envelope_axis.tbgen.tcl 
Execute     source C:/Motor-Simulator/Envelope/Envelope_Detector/Envelope_Detector/hls/.autopilot/db/global.setting.tcl 
Execute     source C:/Motor-Simulator/Envelope/Envelope_Detector/Envelope_Detector/hls/.autopilot/db/hilbert_envelope_axis.tbgen.tcl 
INFO-FLOW: DBG:PUTS:       cosim_export_main adding deadlock detection to hilbert_envelope_axis
INFO-FLOW: DBG:PUTS:       generate_datafile_ip_script ip_types={vitis sysgen} #gSsdmPorts=0
INFO-FLOW: DBG:PUTS: Skipping loadAnalyze_DB, #g_database=14
INFO-FLOW: DBG:PUTS:       generate_json generate_bd_files=0 generate_xo_files=false #modelList=22 #gSsdmPorts=0
INFO-FLOW: DBG:PROC: ::AP::DESIGN_DATA::generate_json generate_bd_files='0' generate_xo_files='false' modelList='hilbert_envelope_axis_sitofp_64ns_32_4_no_dsp_1
hilbert_envelope_axis_fsqrt_32ns_32ns_32_8_no_dsp_1
hilbert_envelope_axis_mul_32s_32s_64_1_1
hilbert_envelope_axis_flow_control_loop_pipe_sequential_init
hilbert_envelope_axis_x_RAM_AUTO_1R1W
hilbert_envelope_axis_regslice_both
hilbert_envelope_axis_regslice_both
hilbert_envelope_axis_regslice_both
hilbert_envelope_axis_regslice_both
hilbert_envelope_axis_regslice_both
hilbert_envelope_axis_regslice_both
hilbert_envelope_axis_regslice_both
hilbert_envelope_axis_regslice_both
hilbert_envelope_axis_regslice_both
hilbert_envelope_axis_regslice_both
hilbert_envelope_axis_regslice_both
hilbert_envelope_axis_regslice_both
hilbert_envelope_axis_regslice_both
hilbert_envelope_axis_regslice_both
p_hls_fptosi_float_i32
hilbert_envelope_axis_Pipeline_VITIS_LOOP_69_1
hilbert_envelope_axis
' rtl_lang='vlog' bootstrap_tcl='false' outdir='' outfilename=''
Execute     source C:/Xilinx/Vitis_HLS/2024.1/tps/tcl/tcllib1.11.1/yaml/huddle.tcl 
Execute     source C:/Xilinx/Vitis_HLS/2024.1/tps/tcl/tcllib1.11.1/yaml/json2huddle.tcl 
Execute     source C:/Motor-Simulator/Envelope/Envelope_Detector/Envelope_Detector/hls/.autopilot/db/global.setting.tcl 
Execute     source C:/Motor-Simulator/Envelope/Envelope_Detector/Envelope_Detector/hls/.autopilot/db/global.setting.tcl 
Execute     source C:/Motor-Simulator/Envelope/Envelope_Detector/Envelope_Detector/hls/.autopilot/db/top-io-be.tcl 
Execute     source C:/Motor-Simulator/Envelope/Envelope_Detector/Envelope_Detector/hls/.autopilot/db/hilbert_envelope_axis.tbgen.tcl 
Execute     source C:/Motor-Simulator/Envelope/Envelope_Detector/Envelope_Detector/hls/.autopilot/db/hilbert_envelope_axis.rtl_wrap.cfg.tcl 
Execute     source C:/Motor-Simulator/Envelope/Envelope_Detector/Envelope_Detector/hls/.autopilot/db/hilbert_envelope_axis.compgen.dataonly.tcl 
Execute     source C:/Motor-Simulator/Envelope/Envelope_Detector/Envelope_Detector/hls/.autopilot/db/p_hls_fptosi_float_i32.tbgen.tcl 
Execute     source C:/Motor-Simulator/Envelope/Envelope_Detector/Envelope_Detector/hls/.autopilot/db/hilbert_envelope_axis_Pipeline_VITIS_LOOP_69_1.tbgen.tcl 
Execute     source C:/Motor-Simulator/Envelope/Envelope_Detector/Envelope_Detector/hls/.autopilot/db/hilbert_envelope_axis.tbgen.tcl 
Execute     source C:/Motor-Simulator/Envelope/Envelope_Detector/Envelope_Detector/hls/.autopilot/db/global.setting.tcl 
Execute     ap_part_info -name xczu3eg-sfvc784-2-e -data names -quiet 
Execute     ap_part_info -name xczu3eg-sfvc784-2-e -data info -quiet 
Execute     source C:/Motor-Simulator/Envelope/Envelope_Detector/Envelope_Detector/hls/.autopilot/db/hilbert_envelope_axis.constraint.tcl 
Execute     sc_get_clocks hilbert_envelope_axis 
Execute     source C:/Motor-Simulator/Envelope/Envelope_Detector/Envelope_Detector/hls/.autopilot/db/global.setting.tcl 
Execute     source C:/Motor-Simulator/Envelope/Envelope_Detector/Envelope_Detector/hls/impl/misc/hilbert_envelope_axis_fsqrt_32ns_32ns_32_8_no_dsp_1_ip.tcl 
Execute     source C:/Motor-Simulator/Envelope/Envelope_Detector/Envelope_Detector/hls/impl/misc/hilbert_envelope_axis_sitofp_64ns_32_4_no_dsp_1_ip.tcl 
INFO-FLOW: DBG:PUTS:       generate_syn_sh
Execute     ap_part_info -name xczu3eg-sfvc784-2-e -data names -quiet 
Execute     ap_part_info -name xczu3eg-sfvc784-2-e -data info -quiet 
Execute     source C:/Motor-Simulator/Envelope/Envelope_Detector/Envelope_Detector/hls/.autopilot/db/global.setting.tcl 
INFO-FLOW: DBG:PUTS:       generate_imp_constraints
Execute     ap_part_info -name xczu3eg-sfvc784-2-e -data names -quiet 
Execute     ap_part_info -name xczu3eg-sfvc784-2-e -data info -quiet 
Execute     source C:/Motor-Simulator/Envelope/Envelope_Detector/Envelope_Detector/hls/.autopilot/db/hilbert_envelope_axis.constraint.tcl 
Execute     source C:/Motor-Simulator/Envelope/Envelope_Detector/Envelope_Detector/hls/.autopilot/db/hilbert_envelope_axis.tbgen.tcl 
INFO-FLOW: DBG:PUTS:       delete-temp-dirs (skipped for debug)
Execute     ap_part_info -name xczu3eg-sfvc784-2-e -data names -quiet 
Execute     ap_part_info -name xczu3eg-sfvc784-2-e -data info -quiet 
INFO-FLOW: DBG:PUTS: read_platform_lib C:/Motor-Simulator/Envelope/Envelope_Detector/Envelope_Detector/hls/.autopilot/db/global.setting.tcl
Execute     source C:/Xilinx/Vitis_HLS/2024.1/common/technology/generic/autopilot/common.gen 
Execute       source C:/Xilinx/Vitis_HLS/2024.1/common/technology/generic/autopilot/APCoreGen.gen 
Execute     source C:/Xilinx/Vitis_HLS/2024.1/common/technology/generic/autopilot/op.gen 
Execute     source C:/Xilinx/Vitis_HLS/2024.1/common/technology/generic/autopilot/op_simcore.gen 
Execute     source C:/Xilinx/Vitis_HLS/2024.1/common/technology/generic/autopilot/interface.gen 
Execute     source C:/Motor-Simulator/Envelope/Envelope_Detector/Envelope_Detector/hls/.autopilot/db/global.setting.tcl 
Execute     source C:/Xilinx/Vitis_HLS/2024.1/common/technology/xilinx/common/xilinx.gen 
Execute       source C:/Xilinx/Vitis_HLS/2024.1/common/technology/xilinx/interface/plb46.gen 
Execute       source C:/Xilinx/Vitis_HLS/2024.1/common/technology/xilinx/interface/axi4.gen 
Execute       source C:/Xilinx/Vitis_HLS/2024.1/common/technology/xilinx/interface/nativeAXI4.gen 
Execute         source C:/Xilinx/Vitis_HLS/2024.1/common/technology/xilinx/interface/saxilite.gen 
Execute       source C:/Xilinx/Vitis_HLS/2024.1/common/technology/xilinx/scripts/xilinxcoregen.gen 
Execute       source C:/Xilinx/Vitis_HLS/2024.1/common/technology/xilinx/interface/XilEDKCoreGen.gen 
Execute       source C:/Xilinx/Vitis_HLS/2024.1/common/technology/xilinx/ip/dds_compiler.gen 
Execute       source C:/Xilinx/Vitis_HLS/2024.1/common/technology/xilinx/ip/util.gen 
Execute       source C:/Xilinx/Vitis_HLS/2024.1/common/technology/xilinx/ip/xfft.gen 
Execute       source C:/Xilinx/Vitis_HLS/2024.1/common/technology/xilinx/ip/xfir.gen 
Execute       source C:/Xilinx/Vitis_HLS/2024.1/common/technology/xilinx/DSP48/dsp48.gen 
INFO-FLOW: DBG:PUTS:     IP package: exec C:/Motor-Simulator/Envelope/Envelope_Detector/Envelope_Detector/hls/impl/ip/pack.bat
INFO-FLOW: DBG:PUTS:     IP package: success C:/Motor-Simulator/Envelope/Envelope_Detector/Envelope_Detector/hls/impl/ip/pack.bat
Execute     send_msg_by_id INFO @200-802@%s Envelope_Detector/hilbert_envelope_axis.zip 
INFO: [HLS 200-802] Generated output file Envelope_Detector/hilbert_envelope_axis.zip
Command   export_design done; 30.933 sec.
Execute   close_project 
Execute     close_solution 
Execute       cleanup_all 
Execute       cleanup_all 
