

================================================================
== Vitis HLS Report for 'hilbert_envelope_axis'
================================================================
* Date:           Mon Apr 13 17:25:39 2026

* Version:        2024.1 (Build 5069499 on May 21 2024)
* Project:        Envelope_Detector
* Solution:       hls (Vivado IP Flow Target)
* Product family: zynquplus
* Target device:  xczu3eg-sfvc784-2-e


================================================================
== Performance Estimates
================================================================
+ Timing: 
    * Summary: 
    +--------+----------+----------+------------+
    |  Clock |  Target  | Estimated| Uncertainty|
    +--------+----------+----------+------------+
    |ap_clk  |  10.00 ns|  6.624 ns|     2.70 ns|
    +--------+----------+----------+------------+

+ Latency: 
    * Summary: 
    +---------+---------+----------+----------+-----+-----+-----------------------------------------------+
    |  Latency (cycles) |  Latency (absolute) |  Interval |                    Pipeline                   |
    |   min   |   max   |    min   |    max   | min | max |                      Type                     |
    +---------+---------+----------+----------+-----+-----+-----------------------------------------------+
    |        ?|        ?|         ?|         ?|    0|    0|  loop auto-rewind stp(delay=0 clock cycles(s))|
    +---------+---------+----------+----------+-----+-----+-----------------------------------------------+

    + Detail: 
        * Instance: 
        N/A

        * Loop: 
        +-------------------+---------+---------+----------+-----------+-----------+------+----------+
        |                   |  Latency (cycles) | Iteration|  Initiation Interval  | Trip |          |
        |     Loop Name     |   min   |   max   |  Latency |  achieved |   target  | Count| Pipelined|
        +-------------------+---------+---------+----------+-----------+-----------+------+----------+
        |- VITIS_LOOP_59_1  |        ?|        ?|        17|          1|          1|     ?|       yes|
        +-------------------+---------+---------+----------+-----------+-----------+------+----------+

============================================================
+ Verbose Summary: Synthesis Manager
============================================================
InlineROM: 1
ExposeGlobal: 0
============================================================
+ Verbose Summary: CDFG Model
============================================================
IsTopModel: 1
ResetActiveHigh: 1
IsCombinational: 0
IsDatapathOnly: 0
HasWiredReturn: 1
HasMFsm: 2
HasVarLatency: 1
IsPipeline: 0
IsRtlPipelined: 0
IsInstanceOverlapped: 0
IsDontTouch: 0
HasImplIP: 0
IsGatedGlobalClock: 0

+ Individual pipeline summary: 
  * Pipeline-0: initiation interval (II) = 1, depth = 17


============================================================
+ Verbose Summary: Schedule
============================================================
* Number of FSM states : 17
* Pipeline : 1
  Pipeline-0 : II = 1, D = 17, States = { 1 2 3 4 5 6 7 8 9 10 11 12 13 14 15 16 17 }
* Dataflow Pipeline: 0

* FSM state transitions: 
1 --> 2 
2 --> 3 
3 --> 4 
4 --> 5 
5 --> 6 
6 --> 7 
7 --> 8 
8 --> 9 
9 --> 10 
10 --> 11 
11 --> 12 
12 --> 13 
13 --> 14 
14 --> 15 
15 --> 16 
16 --> 17 
17 --> 

* FSM state operations: 

State 1 <SV = 0> <Delay = 5.11>
ST_1 : Operation 20 [1/1] (0.00ns)   --->   "%spectopmodule_ln51 = spectopmodule void @_ssdm_op_SpecTopModule, void @empty_1" [hilbert.cpp:51]   --->   Operation 20 'spectopmodule' 'spectopmodule_ln51' <Predicate = true> <Delay = 0.00>
ST_1 : Operation 21 [1/1] (0.00ns)   --->   "%specinterface_ln51 = specinterface void @_ssdm_op_SpecInterface, i32 0, void @empty_0, i32 0, i32 0, void @empty_6, i32 0, i32 0, void @empty_6, void @empty_6, void @empty_6, i32 0, i32 0, i32 0, i32 0, void @empty_6, void @empty_6, i32 4294967295, i32 0, i32 0" [hilbert.cpp:51]   --->   Operation 21 'specinterface' 'specinterface_ln51' <Predicate = true> <Delay = 0.00>
ST_1 : Operation 22 [1/1] (0.00ns)   --->   "%specinterface_ln0 = specinterface void @_ssdm_op_SpecInterface, i32 %in_stream_V_data_V, i4 %in_stream_V_keep_V, i4 %in_stream_V_strb_V, i2 %in_stream_V_user_V, i1 %in_stream_V_last_V, i5 %in_stream_V_id_V, i6 %in_stream_V_dest_V, void @empty_4, i32 1, i32 1, void @empty_5, i32 0, i32 0, void @empty_6, void @empty_6, void @empty_6, i32 0, i32 0, i32 0, i32 0, void @empty_6, void @empty_6, i32 4294967295, i32 0, i32 0"   --->   Operation 22 'specinterface' 'specinterface_ln0' <Predicate = true> <Delay = 0.00>
ST_1 : Operation 23 [1/1] (0.00ns)   --->   "%specbitsmap_ln0 = specbitsmap void @_ssdm_op_SpecBitsMap, i32 %in_stream_V_data_V"   --->   Operation 23 'specbitsmap' 'specbitsmap_ln0' <Predicate = true> <Delay = 0.00>
ST_1 : Operation 24 [1/1] (0.00ns)   --->   "%specbitsmap_ln0 = specbitsmap void @_ssdm_op_SpecBitsMap, i4 %in_stream_V_keep_V"   --->   Operation 24 'specbitsmap' 'specbitsmap_ln0' <Predicate = true> <Delay = 0.00>
ST_1 : Operation 25 [1/1] (0.00ns)   --->   "%specbitsmap_ln0 = specbitsmap void @_ssdm_op_SpecBitsMap, i4 %in_stream_V_strb_V"   --->   Operation 25 'specbitsmap' 'specbitsmap_ln0' <Predicate = true> <Delay = 0.00>
ST_1 : Operation 26 [1/1] (0.00ns)   --->   "%specbitsmap_ln0 = specbitsmap void @_ssdm_op_SpecBitsMap, i2 %in_stream_V_user_V"   --->   Operation 26 'specbitsmap' 'specbitsmap_ln0' <Predicate = true> <Delay = 0.00>
ST_1 : Operation 27 [1/1] (0.00ns)   --->   "%specbitsmap_ln0 = specbitsmap void @_ssdm_op_SpecBitsMap, i1 %in_stream_V_last_V"   --->   Operation 27 'specbitsmap' 'specbitsmap_ln0' <Predicate = true> <Delay = 0.00>
ST_1 : Operation 28 [1/1] (0.00ns)   --->   "%specbitsmap_ln0 = specbitsmap void @_ssdm_op_SpecBitsMap, i5 %in_stream_V_id_V"   --->   Operation 28 'specbitsmap' 'specbitsmap_ln0' <Predicate = true> <Delay = 0.00>
ST_1 : Operation 29 [1/1] (0.00ns)   --->   "%specbitsmap_ln0 = specbitsmap void @_ssdm_op_SpecBitsMap, i6 %in_stream_V_dest_V"   --->   Operation 29 'specbitsmap' 'specbitsmap_ln0' <Predicate = true> <Delay = 0.00>
ST_1 : Operation 30 [1/1] (0.00ns)   --->   "%specinterface_ln0 = specinterface void @_ssdm_op_SpecInterface, i32 %out_stream_V_data_V, i4 %out_stream_V_keep_V, i4 %out_stream_V_strb_V, i2 %out_stream_V_user_V, i1 %out_stream_V_last_V, i5 %out_stream_V_id_V, i6 %out_stream_V_dest_V, void @empty_4, i32 1, i32 1, void @empty_5, i32 0, i32 0, void @empty_6, void @empty_6, void @empty_6, i32 0, i32 0, i32 0, i32 0, void @empty_6, void @empty_6, i32 4294967295, i32 0, i32 0"   --->   Operation 30 'specinterface' 'specinterface_ln0' <Predicate = true> <Delay = 0.00>
ST_1 : Operation 31 [1/1] (0.00ns)   --->   "%specbitsmap_ln0 = specbitsmap void @_ssdm_op_SpecBitsMap, i32 %out_stream_V_data_V"   --->   Operation 31 'specbitsmap' 'specbitsmap_ln0' <Predicate = true> <Delay = 0.00>
ST_1 : Operation 32 [1/1] (0.00ns)   --->   "%specbitsmap_ln0 = specbitsmap void @_ssdm_op_SpecBitsMap, i4 %out_stream_V_keep_V"   --->   Operation 32 'specbitsmap' 'specbitsmap_ln0' <Predicate = true> <Delay = 0.00>
ST_1 : Operation 33 [1/1] (0.00ns)   --->   "%specbitsmap_ln0 = specbitsmap void @_ssdm_op_SpecBitsMap, i4 %out_stream_V_strb_V"   --->   Operation 33 'specbitsmap' 'specbitsmap_ln0' <Predicate = true> <Delay = 0.00>
ST_1 : Operation 34 [1/1] (0.00ns)   --->   "%specbitsmap_ln0 = specbitsmap void @_ssdm_op_SpecBitsMap, i2 %out_stream_V_user_V"   --->   Operation 34 'specbitsmap' 'specbitsmap_ln0' <Predicate = true> <Delay = 0.00>
ST_1 : Operation 35 [1/1] (0.00ns)   --->   "%specbitsmap_ln0 = specbitsmap void @_ssdm_op_SpecBitsMap, i1 %out_stream_V_last_V"   --->   Operation 35 'specbitsmap' 'specbitsmap_ln0' <Predicate = true> <Delay = 0.00>
ST_1 : Operation 36 [1/1] (0.00ns)   --->   "%specbitsmap_ln0 = specbitsmap void @_ssdm_op_SpecBitsMap, i5 %out_stream_V_id_V"   --->   Operation 36 'specbitsmap' 'specbitsmap_ln0' <Predicate = true> <Delay = 0.00>
ST_1 : Operation 37 [1/1] (0.00ns)   --->   "%specbitsmap_ln0 = specbitsmap void @_ssdm_op_SpecBitsMap, i6 %out_stream_V_dest_V"   --->   Operation 37 'specbitsmap' 'specbitsmap_ln0' <Predicate = true> <Delay = 0.00>
ST_1 : Operation 38 [1/1] (0.00ns)   --->   "%specaxissidechannel_ln59 = specaxissidechannel void @_ssdm_op_SpecAXISSideChannel, i32 %out_stream_V_data_V, i4 %out_stream_V_keep_V, i4 %out_stream_V_strb_V, i2 %out_stream_V_user_V, i1 %out_stream_V_last_V, i5 %out_stream_V_id_V, i6 %out_stream_V_dest_V, void @empty_3" [hilbert.cpp:59]   --->   Operation 38 'specaxissidechannel' 'specaxissidechannel_ln59' <Predicate = true> <Delay = 0.00>
ST_1 : Operation 39 [1/1] (0.00ns)   --->   "%specaxissidechannel_ln59 = specaxissidechannel void @_ssdm_op_SpecAXISSideChannel, i32 %in_stream_V_data_V, i4 %in_stream_V_keep_V, i4 %in_stream_V_strb_V, i2 %in_stream_V_user_V, i1 %in_stream_V_last_V, i5 %in_stream_V_id_V, i6 %in_stream_V_dest_V, void @empty_2" [hilbert.cpp:59]   --->   Operation 39 'specaxissidechannel' 'specaxissidechannel_ln59' <Predicate = true> <Delay = 0.00>
ST_1 : Operation 40 [1/1] (0.00ns)   --->   "%br_ln59 = br void %while.body" [hilbert.cpp:59]   --->   Operation 40 'br' 'br_ln59' <Predicate = true> <Delay = 0.00>
ST_1 : Operation 41 [1/1] (0.07ns)   --->   "%empty = read i54 @_ssdm_op_Read.axis.volatile.i32P0A.i4P0A.i4P0A.i2P0A.i1P0A.i5P0A.i6P0A, i32 %in_stream_V_data_V, i4 %in_stream_V_keep_V, i4 %in_stream_V_strb_V, i2 %in_stream_V_user_V, i1 %in_stream_V_last_V, i5 %in_stream_V_id_V, i6 %in_stream_V_dest_V" [hilbert.cpp:62]   --->   Operation 41 'read' 'empty' <Predicate = true> <Delay = 0.07> <CoreInst = "regslice">   --->   Core 148 'regslice' <Latency = 0> <II = 1> <Delay = 0.65> <Adapter> <Opcode : 'read' 'write'>
ST_1 : Operation 42 [1/1] (0.00ns)   --->   "%tmp_data_1 = extractvalue i54 %empty" [hilbert.cpp:62]   --->   Operation 42 'extractvalue' 'tmp_data_1' <Predicate = true> <Delay = 0.00>
ST_1 : Operation 43 [1/1] (0.00ns)   --->   "%tmp_keep = extractvalue i54 %empty" [hilbert.cpp:62]   --->   Operation 43 'extractvalue' 'tmp_keep' <Predicate = true> <Delay = 0.00>
ST_1 : Operation 44 [1/1] (0.00ns)   --->   "%tmp_strb = extractvalue i54 %empty" [hilbert.cpp:62]   --->   Operation 44 'extractvalue' 'tmp_strb' <Predicate = true> <Delay = 0.00>
ST_1 : Operation 45 [1/1] (0.00ns)   --->   "%tmp_user = extractvalue i54 %empty" [hilbert.cpp:62]   --->   Operation 45 'extractvalue' 'tmp_user' <Predicate = true> <Delay = 0.00>
ST_1 : Operation 46 [1/1] (0.00ns)   --->   "%tmp_last = extractvalue i54 %empty" [hilbert.cpp:62]   --->   Operation 46 'extractvalue' 'tmp_last' <Predicate = true> <Delay = 0.00>
ST_1 : Operation 47 [1/1] (0.00ns)   --->   "%tmp_id = extractvalue i54 %empty" [hilbert.cpp:62]   --->   Operation 47 'extractvalue' 'tmp_id' <Predicate = true> <Delay = 0.00>
ST_1 : Operation 48 [1/1] (0.00ns)   --->   "%tmp_dest = extractvalue i54 %empty" [hilbert.cpp:62]   --->   Operation 48 'extractvalue' 'tmp_dest' <Predicate = true> <Delay = 0.00>
ST_1 : Operation 49 [1/1] (0.00ns)   --->   "%hilbert_int_int_x = load i32 %p_ZZL7hilbertiRiE1x_23" [hilbert.cpp:30->hilbert.cpp:66]   --->   Operation 49 'load' 'hilbert_int_int_x' <Predicate = true> <Delay = 0.00>
ST_1 : Operation 50 [1/1] (0.00ns)   --->   "%hilbert_int_int_x_15 = load i32 %p_ZZL7hilbertiRiE1x_22" [hilbert.cpp:30->hilbert.cpp:66]   --->   Operation 50 'load' 'hilbert_int_int_x_15' <Predicate = true> <Delay = 0.00>
ST_1 : Operation 51 [1/1] (0.00ns)   --->   "%store_ln30 = store i32 %hilbert_int_int_x_15, i32 %p_ZZL7hilbertiRiE1x_23" [hilbert.cpp:30->hilbert.cpp:66]   --->   Operation 51 'store' 'store_ln30' <Predicate = true> <Delay = 0.00>
ST_1 : Operation 52 [1/1] (0.00ns)   --->   "%hilbert_int_int_x_16 = load i32 %p_ZZL7hilbertiRiE1x_21" [hilbert.cpp:30->hilbert.cpp:66]   --->   Operation 52 'load' 'hilbert_int_int_x_16' <Predicate = true> <Delay = 0.00>
ST_1 : Operation 53 [1/1] (0.00ns)   --->   "%store_ln30 = store i32 %hilbert_int_int_x_16, i32 %p_ZZL7hilbertiRiE1x_22" [hilbert.cpp:30->hilbert.cpp:66]   --->   Operation 53 'store' 'store_ln30' <Predicate = true> <Delay = 0.00>
ST_1 : Operation 54 [1/1] (0.00ns)   --->   "%p_ZZL7hilbertiRiE1x_20_load = load i32 %p_ZZL7hilbertiRiE1x_20" [hilbert.cpp:30->hilbert.cpp:66]   --->   Operation 54 'load' 'p_ZZL7hilbertiRiE1x_20_load' <Predicate = true> <Delay = 0.00>
ST_1 : Operation 55 [1/1] (0.00ns)   --->   "%store_ln30 = store i32 %p_ZZL7hilbertiRiE1x_20_load, i32 %p_ZZL7hilbertiRiE1x_21" [hilbert.cpp:30->hilbert.cpp:66]   --->   Operation 55 'store' 'store_ln30' <Predicate = true> <Delay = 0.00>
ST_1 : Operation 56 [1/1] (0.00ns)   --->   "%p_ZZL7hilbertiRiE1x_19_load = load i32 %p_ZZL7hilbertiRiE1x_19" [hilbert.cpp:30->hilbert.cpp:66]   --->   Operation 56 'load' 'p_ZZL7hilbertiRiE1x_19_load' <Predicate = true> <Delay = 0.00>
ST_1 : Operation 57 [1/1] (0.00ns)   --->   "%store_ln30 = store i32 %p_ZZL7hilbertiRiE1x_19_load, i32 %p_ZZL7hilbertiRiE1x_20" [hilbert.cpp:30->hilbert.cpp:66]   --->   Operation 57 'store' 'store_ln30' <Predicate = true> <Delay = 0.00>
ST_1 : Operation 58 [1/1] (0.00ns)   --->   "%p_ZZL7hilbertiRiE1x_18_load = load i32 %p_ZZL7hilbertiRiE1x_18" [hilbert.cpp:30->hilbert.cpp:66]   --->   Operation 58 'load' 'p_ZZL7hilbertiRiE1x_18_load' <Predicate = true> <Delay = 0.00>
ST_1 : Operation 59 [1/1] (0.00ns)   --->   "%store_ln30 = store i32 %p_ZZL7hilbertiRiE1x_18_load, i32 %p_ZZL7hilbertiRiE1x_19" [hilbert.cpp:30->hilbert.cpp:66]   --->   Operation 59 'store' 'store_ln30' <Predicate = true> <Delay = 0.00>
ST_1 : Operation 60 [1/1] (0.00ns)   --->   "%p_ZZL7hilbertiRiE1x_17_load = load i32 %p_ZZL7hilbertiRiE1x_17" [hilbert.cpp:30->hilbert.cpp:66]   --->   Operation 60 'load' 'p_ZZL7hilbertiRiE1x_17_load' <Predicate = true> <Delay = 0.00>
ST_1 : Operation 61 [1/1] (0.00ns)   --->   "%store_ln30 = store i32 %p_ZZL7hilbertiRiE1x_17_load, i32 %p_ZZL7hilbertiRiE1x_18" [hilbert.cpp:30->hilbert.cpp:66]   --->   Operation 61 'store' 'store_ln30' <Predicate = true> <Delay = 0.00>
ST_1 : Operation 62 [1/1] (0.00ns)   --->   "%p_ZZL7hilbertiRiE1x_16_load = load i32 %p_ZZL7hilbertiRiE1x_16" [hilbert.cpp:30->hilbert.cpp:66]   --->   Operation 62 'load' 'p_ZZL7hilbertiRiE1x_16_load' <Predicate = true> <Delay = 0.00>
ST_1 : Operation 63 [1/1] (0.00ns)   --->   "%store_ln30 = store i32 %p_ZZL7hilbertiRiE1x_16_load, i32 %p_ZZL7hilbertiRiE1x_17" [hilbert.cpp:30->hilbert.cpp:66]   --->   Operation 63 'store' 'store_ln30' <Predicate = true> <Delay = 0.00>
ST_1 : Operation 64 [1/1] (0.00ns)   --->   "%hilbert_int_int_x_17 = load i32 %p_ZZL7hilbertiRiE1x_15" [hilbert.cpp:30->hilbert.cpp:66]   --->   Operation 64 'load' 'hilbert_int_int_x_17' <Predicate = true> <Delay = 0.00>
ST_1 : Operation 65 [1/1] (0.00ns)   --->   "%store_ln30 = store i32 %hilbert_int_int_x_17, i32 %p_ZZL7hilbertiRiE1x_16" [hilbert.cpp:30->hilbert.cpp:66]   --->   Operation 65 'store' 'store_ln30' <Predicate = true> <Delay = 0.00>
ST_1 : Operation 66 [1/1] (0.00ns)   --->   "%hilbert_int_int_x_18 = load i32 %p_ZZL7hilbertiRiE1x_14" [hilbert.cpp:30->hilbert.cpp:66]   --->   Operation 66 'load' 'hilbert_int_int_x_18' <Predicate = true> <Delay = 0.00>
ST_1 : Operation 67 [1/1] (0.00ns)   --->   "%store_ln30 = store i32 %hilbert_int_int_x_18, i32 %p_ZZL7hilbertiRiE1x_15" [hilbert.cpp:30->hilbert.cpp:66]   --->   Operation 67 'store' 'store_ln30' <Predicate = true> <Delay = 0.00>
ST_1 : Operation 68 [1/1] (0.00ns)   --->   "%hilbert_int_int_x_19 = load i32 %p_ZZL7hilbertiRiE1x_13" [hilbert.cpp:30->hilbert.cpp:66]   --->   Operation 68 'load' 'hilbert_int_int_x_19' <Predicate = true> <Delay = 0.00>
ST_1 : Operation 69 [1/1] (0.00ns)   --->   "%store_ln30 = store i32 %hilbert_int_int_x_19, i32 %p_ZZL7hilbertiRiE1x_14" [hilbert.cpp:30->hilbert.cpp:66]   --->   Operation 69 'store' 'store_ln30' <Predicate = true> <Delay = 0.00>
ST_1 : Operation 70 [1/1] (0.00ns)   --->   "%hilbert_int_int_x_20 = load i32 %p_ZZL7hilbertiRiE1x_12" [hilbert.cpp:30->hilbert.cpp:66]   --->   Operation 70 'load' 'hilbert_int_int_x_20' <Predicate = true> <Delay = 0.00>
ST_1 : Operation 71 [1/1] (0.00ns)   --->   "%store_ln30 = store i32 %hilbert_int_int_x_20, i32 %p_ZZL7hilbertiRiE1x_13" [hilbert.cpp:30->hilbert.cpp:66]   --->   Operation 71 'store' 'store_ln30' <Predicate = true> <Delay = 0.00>
ST_1 : Operation 72 [1/1] (0.00ns)   --->   "%I_path = load i32 %p_ZZL7hilbertiRiE1x_11" [hilbert.cpp:30->hilbert.cpp:66]   --->   Operation 72 'load' 'I_path' <Predicate = true> <Delay = 0.00>
ST_1 : Operation 73 [1/1] (0.00ns)   --->   "%store_ln30 = store i32 %I_path, i32 %p_ZZL7hilbertiRiE1x_12" [hilbert.cpp:30->hilbert.cpp:66]   --->   Operation 73 'store' 'store_ln30' <Predicate = true> <Delay = 0.00>
ST_1 : Operation 74 [1/1] (0.00ns)   --->   "%p_ZZL7hilbertiRiE1x_10_load = load i32 %p_ZZL7hilbertiRiE1x_10" [hilbert.cpp:30->hilbert.cpp:66]   --->   Operation 74 'load' 'p_ZZL7hilbertiRiE1x_10_load' <Predicate = true> <Delay = 0.00>
ST_1 : Operation 75 [1/1] (0.00ns)   --->   "%store_ln30 = store i32 %p_ZZL7hilbertiRiE1x_10_load, i32 %p_ZZL7hilbertiRiE1x_11" [hilbert.cpp:30->hilbert.cpp:66]   --->   Operation 75 'store' 'store_ln30' <Predicate = true> <Delay = 0.00>
ST_1 : Operation 76 [1/1] (0.00ns)   --->   "%hilbert_int_int_x_9_load = load i32 %hilbert_int_int_x_9" [hilbert.cpp:30->hilbert.cpp:66]   --->   Operation 76 'load' 'hilbert_int_int_x_9_load' <Predicate = true> <Delay = 0.00>
ST_1 : Operation 77 [1/1] (0.00ns)   --->   "%store_ln30 = store i32 %hilbert_int_int_x_9_load, i32 %p_ZZL7hilbertiRiE1x_10" [hilbert.cpp:30->hilbert.cpp:66]   --->   Operation 77 'store' 'store_ln30' <Predicate = true> <Delay = 0.00>
ST_1 : Operation 78 [1/1] (0.00ns)   --->   "%hilbert_int_int_x_8_load = load i32 %hilbert_int_int_x_8" [hilbert.cpp:30->hilbert.cpp:66]   --->   Operation 78 'load' 'hilbert_int_int_x_8_load' <Predicate = true> <Delay = 0.00>
ST_1 : Operation 79 [1/1] (0.00ns)   --->   "%store_ln30 = store i32 %hilbert_int_int_x_8_load, i32 %hilbert_int_int_x_9" [hilbert.cpp:30->hilbert.cpp:66]   --->   Operation 79 'store' 'store_ln30' <Predicate = true> <Delay = 0.00>
ST_1 : Operation 80 [1/1] (0.00ns)   --->   "%hilbert_int_int_x_7_load = load i32 %hilbert_int_int_x_7" [hilbert.cpp:30->hilbert.cpp:66]   --->   Operation 80 'load' 'hilbert_int_int_x_7_load' <Predicate = true> <Delay = 0.00>
ST_1 : Operation 81 [1/1] (0.00ns)   --->   "%store_ln30 = store i32 %hilbert_int_int_x_7_load, i32 %hilbert_int_int_x_8" [hilbert.cpp:30->hilbert.cpp:66]   --->   Operation 81 'store' 'store_ln30' <Predicate = true> <Delay = 0.00>
ST_1 : Operation 82 [1/1] (0.00ns)   --->   "%hilbert_int_int_x_6_load = load i32 %hilbert_int_int_x_6" [hilbert.cpp:30->hilbert.cpp:66]   --->   Operation 82 'load' 'hilbert_int_int_x_6_load' <Predicate = true> <Delay = 0.00>
ST_1 : Operation 83 [1/1] (0.00ns)   --->   "%store_ln30 = store i32 %hilbert_int_int_x_6_load, i32 %hilbert_int_int_x_7" [hilbert.cpp:30->hilbert.cpp:66]   --->   Operation 83 'store' 'store_ln30' <Predicate = true> <Delay = 0.00>
ST_1 : Operation 84 [1/1] (0.00ns)   --->   "%hilbert_int_int_x_5_load = load i32 %hilbert_int_int_x_5" [hilbert.cpp:30->hilbert.cpp:66]   --->   Operation 84 'load' 'hilbert_int_int_x_5_load' <Predicate = true> <Delay = 0.00>
ST_1 : Operation 85 [1/1] (0.00ns)   --->   "%store_ln30 = store i32 %hilbert_int_int_x_5_load, i32 %hilbert_int_int_x_6" [hilbert.cpp:30->hilbert.cpp:66]   --->   Operation 85 'store' 'store_ln30' <Predicate = true> <Delay = 0.00>
ST_1 : Operation 86 [1/1] (0.00ns)   --->   "%hilbert_int_int_x_4_load = load i32 %hilbert_int_int_x_4" [hilbert.cpp:30->hilbert.cpp:66]   --->   Operation 86 'load' 'hilbert_int_int_x_4_load' <Predicate = true> <Delay = 0.00>
ST_1 : Operation 87 [1/1] (0.00ns)   --->   "%store_ln30 = store i32 %hilbert_int_int_x_4_load, i32 %hilbert_int_int_x_5" [hilbert.cpp:30->hilbert.cpp:66]   --->   Operation 87 'store' 'store_ln30' <Predicate = true> <Delay = 0.00>
ST_1 : Operation 88 [1/1] (0.00ns)   --->   "%hilbert_int_int_x_3_load = load i32 %hilbert_int_int_x_3" [hilbert.cpp:30->hilbert.cpp:66]   --->   Operation 88 'load' 'hilbert_int_int_x_3_load' <Predicate = true> <Delay = 0.00>
ST_1 : Operation 89 [1/1] (0.00ns)   --->   "%store_ln30 = store i32 %hilbert_int_int_x_3_load, i32 %hilbert_int_int_x_4" [hilbert.cpp:30->hilbert.cpp:66]   --->   Operation 89 'store' 'store_ln30' <Predicate = true> <Delay = 0.00>
ST_1 : Operation 90 [1/1] (0.00ns)   --->   "%hilbert_int_int_x_2_load = load i32 %hilbert_int_int_x_2" [hilbert.cpp:30->hilbert.cpp:66]   --->   Operation 90 'load' 'hilbert_int_int_x_2_load' <Predicate = true> <Delay = 0.00>
ST_1 : Operation 91 [1/1] (0.00ns)   --->   "%store_ln30 = store i32 %hilbert_int_int_x_2_load, i32 %hilbert_int_int_x_3" [hilbert.cpp:30->hilbert.cpp:66]   --->   Operation 91 'store' 'store_ln30' <Predicate = true> <Delay = 0.00>
ST_1 : Operation 92 [1/1] (0.00ns)   --->   "%hilbert_int_int_x_1_load = load i32 %hilbert_int_int_x_1" [hilbert.cpp:30->hilbert.cpp:66]   --->   Operation 92 'load' 'hilbert_int_int_x_1_load' <Predicate = true> <Delay = 0.00>
ST_1 : Operation 93 [1/1] (0.00ns)   --->   "%store_ln30 = store i32 %hilbert_int_int_x_1_load, i32 %hilbert_int_int_x_2" [hilbert.cpp:30->hilbert.cpp:66]   --->   Operation 93 'store' 'store_ln30' <Predicate = true> <Delay = 0.00>
ST_1 : Operation 94 [1/1] (0.00ns)   --->   "%hilbert_int_int_x_load = load i32 %hilbert_int_int_x" [hilbert.cpp:30->hilbert.cpp:66]   --->   Operation 94 'load' 'hilbert_int_int_x_load' <Predicate = true> <Delay = 0.00>
ST_1 : Operation 95 [1/1] (0.00ns)   --->   "%store_ln30 = store i32 %hilbert_int_int_x_load, i32 %hilbert_int_int_x_1" [hilbert.cpp:30->hilbert.cpp:66]   --->   Operation 95 'store' 'store_ln30' <Predicate = true> <Delay = 0.00>
ST_1 : Operation 96 [1/1] (0.00ns)   --->   "%store_ln32 = store i32 %tmp_data_1, i32 %hilbert_int_int_x" [hilbert.cpp:32->hilbert.cpp:66]   --->   Operation 96 'store' 'store_ln32' <Predicate = true> <Delay = 0.00>
ST_1 : Operation 97 [1/1] (1.01ns)   --->   "%sub_ln37 = sub i32 %hilbert_int_int_x, i32 %tmp_data_1" [hilbert.cpp:37->hilbert.cpp:66]   --->   Operation 97 'sub' 'sub_ln37' <Predicate = true> <Delay = 1.01> <CoreInst = "Adder">   --->   Core 1 'Adder' <Latency = 0> <II = 1> <Delay = 1.01> <FuncUnit> <Opcode : 'add' 'sub'> <InPorts = 2> <OutPorts = 1>
ST_1 : Operation 98 [1/1] (0.00ns)   --->   "%sext_ln38 = sext i32 %sub_ln37" [hilbert.cpp:38->hilbert.cpp:66]   --->   Operation 98 'sext' 'sext_ln38' <Predicate = true> <Delay = 0.00>
ST_1 : Operation 99 [1/1] (1.01ns)   --->   "%sub_ln38 = sub i32 %hilbert_int_int_x_16, i32 %hilbert_int_int_x_1_load" [hilbert.cpp:38->hilbert.cpp:66]   --->   Operation 99 'sub' 'sub_ln38' <Predicate = true> <Delay = 1.01> <CoreInst = "Adder">   --->   Core 1 'Adder' <Latency = 0> <II = 1> <Delay = 1.01> <FuncUnit> <Opcode : 'add' 'sub'> <InPorts = 2> <OutPorts = 1>
ST_1 : Operation 100 [1/1] (0.00ns)   --->   "%sext_ln39 = sext i32 %sub_ln38" [hilbert.cpp:39->hilbert.cpp:66]   --->   Operation 100 'sext' 'sext_ln39' <Predicate = true> <Delay = 0.00>
ST_1 : Operation 101 [1/1] (1.01ns)   --->   "%sub_ln39 = sub i32 %p_ZZL7hilbertiRiE1x_19_load, i32 %hilbert_int_int_x_3_load" [hilbert.cpp:39->hilbert.cpp:66]   --->   Operation 101 'sub' 'sub_ln39' <Predicate = true> <Delay = 1.01> <CoreInst = "Adder">   --->   Core 1 'Adder' <Latency = 0> <II = 1> <Delay = 1.01> <FuncUnit> <Opcode : 'add' 'sub'> <InPorts = 2> <OutPorts = 1>
ST_1 : Operation 102 [1/1] (0.00ns)   --->   "%sext_ln40 = sext i32 %sub_ln39" [hilbert.cpp:40->hilbert.cpp:66]   --->   Operation 102 'sext' 'sext_ln40' <Predicate = true> <Delay = 0.00>
ST_1 : Operation 103 [1/1] (1.01ns)   --->   "%sub_ln40 = sub i32 %p_ZZL7hilbertiRiE1x_17_load, i32 %hilbert_int_int_x_5_load" [hilbert.cpp:40->hilbert.cpp:66]   --->   Operation 103 'sub' 'sub_ln40' <Predicate = true> <Delay = 1.01> <CoreInst = "Adder">   --->   Core 1 'Adder' <Latency = 0> <II = 1> <Delay = 1.01> <FuncUnit> <Opcode : 'add' 'sub'> <InPorts = 2> <OutPorts = 1>
ST_1 : Operation 104 [1/1] (0.00ns)   --->   "%sext_ln41 = sext i32 %sub_ln40" [hilbert.cpp:41->hilbert.cpp:66]   --->   Operation 104 'sext' 'sext_ln41' <Predicate = true> <Delay = 0.00>
ST_1 : Operation 105 [1/1] (1.01ns)   --->   "%sub_ln41 = sub i32 %hilbert_int_int_x_17, i32 %hilbert_int_int_x_7_load" [hilbert.cpp:41->hilbert.cpp:66]   --->   Operation 105 'sub' 'sub_ln41' <Predicate = true> <Delay = 1.01> <CoreInst = "Adder">   --->   Core 1 'Adder' <Latency = 0> <II = 1> <Delay = 1.01> <FuncUnit> <Opcode : 'add' 'sub'> <InPorts = 2> <OutPorts = 1>
ST_1 : Operation 106 [1/1] (1.01ns)   --->   "%sub_ln42 = sub i32 %hilbert_int_int_x_19, i32 %hilbert_int_int_x_9_load" [hilbert.cpp:42->hilbert.cpp:66]   --->   Operation 106 'sub' 'sub_ln42' <Predicate = true> <Delay = 1.01> <CoreInst = "Adder">   --->   Core 1 'Adder' <Latency = 0> <II = 1> <Delay = 1.01> <FuncUnit> <Opcode : 'add' 'sub'> <InPorts = 2> <OutPorts = 1>
ST_1 : Operation 107 [1/1] (0.00ns)   --->   "%tmp = bitconcatenate i42 @_ssdm_op_BitConcatenate.i42.i32.i10, i32 %sub_ln39, i10 0" [hilbert.cpp:45->hilbert.cpp:66]   --->   Operation 107 'bitconcatenate' 'tmp' <Predicate = true> <Delay = 0.00>
ST_1 : Operation 108 [1/1] (0.00ns)   --->   "%sext_ln45 = sext i42 %tmp" [hilbert.cpp:45->hilbert.cpp:66]   --->   Operation 108 'sext' 'sext_ln45' <Predicate = true> <Delay = 0.00>
ST_1 : Operation 109 [1/1] (0.00ns)   --->   "%tmp_1 = bitconcatenate i39 @_ssdm_op_BitConcatenate.i39.i32.i7, i32 %sub_ln39, i7 0" [hilbert.cpp:45->hilbert.cpp:66]   --->   Operation 109 'bitconcatenate' 'tmp_1' <Predicate = true> <Delay = 0.00>
ST_1 : Operation 110 [1/1] (0.00ns)   --->   "%sext_ln45_1 = sext i39 %tmp_1" [hilbert.cpp:45->hilbert.cpp:66]   --->   Operation 110 'sext' 'sext_ln45_1' <Predicate = true> <Delay = 0.00>
ST_1 : Operation 111 [1/1] (1.04ns)   --->   "%sub_ln45_2 = sub i43 %sext_ln45, i43 %sext_ln45_1" [hilbert.cpp:45->hilbert.cpp:66]   --->   Operation 111 'sub' 'sub_ln45_2' <Predicate = true> <Delay = 1.04> <CoreInst = "Adder">   --->   Core 1 'Adder' <Latency = 0> <II = 1> <Delay = 1.04> <FuncUnit> <Opcode : 'add' 'sub'> <InPorts = 2> <OutPorts = 1>
ST_1 : Operation 112 [1/1] (0.00ns)   --->   "%tmp_5 = bitconcatenate i36 @_ssdm_op_BitConcatenate.i36.i32.i4, i32 %sub_ln39, i4 0" [hilbert.cpp:45->hilbert.cpp:66]   --->   Operation 112 'bitconcatenate' 'tmp_5' <Predicate = true> <Delay = 0.00>
ST_1 : Operation 113 [1/1] (0.00ns)   --->   "%sext_ln45_7 = sext i36 %tmp_5" [hilbert.cpp:45->hilbert.cpp:66]   --->   Operation 113 'sext' 'sext_ln45_7' <Predicate = true> <Delay = 0.00>
ST_1 : Operation 114 [1/1] (0.00ns) (grouped into TernaryAdder)   --->   "%add_ln45_5 = add i43 %sub_ln45_2, i43 %sext_ln45_7" [hilbert.cpp:45->hilbert.cpp:66]   --->   Operation 114 'add' 'add_ln45_5' <Predicate = true> <Delay = 0.00> <CoreInst = "TAddSub">   --->   Core 10 'TAddSub' <Latency = 0> <II = 1> <Delay = 0.38> <IPBlock> <Opcode : '' 'add' 'sub'> <InPorts = 3> <OutPorts = 1> <Sync> <CReg>
ST_1 : Operation 115 [1/1] (0.00ns)   --->   "%tmp_6 = bitconcatenate i34 @_ssdm_op_BitConcatenate.i34.i32.i2, i32 %sub_ln39, i2 0" [hilbert.cpp:45->hilbert.cpp:66]   --->   Operation 115 'bitconcatenate' 'tmp_6' <Predicate = true> <Delay = 0.00>
ST_1 : Operation 116 [1/1] (0.00ns)   --->   "%sext_ln45_8 = sext i34 %tmp_6" [hilbert.cpp:45->hilbert.cpp:66]   --->   Operation 116 'sext' 'sext_ln45_8' <Predicate = true> <Delay = 0.00>
ST_1 : Operation 117 [1/1] (0.75ns) (root node of TernaryAdder)   --->   "%sub_ln45_3 = sub i43 %add_ln45_5, i43 %sext_ln45_8" [hilbert.cpp:45->hilbert.cpp:66]   --->   Operation 117 'sub' 'sub_ln45_3' <Predicate = true> <Delay = 0.75> <CoreInst = "TAddSub">   --->   Core 10 'TAddSub' <Latency = 0> <II = 1> <Delay = 0.38> <IPBlock> <Opcode : '' 'add' 'sub'> <InPorts = 3> <OutPorts = 1> <Sync> <CReg>
ST_1 : Operation 118 [1/1] (0.00ns) (grouped into TernaryAdder)   --->   "%add_ln45_6 = add i43 %sub_ln45_3, i43 %sext_ln40" [hilbert.cpp:45->hilbert.cpp:66]   --->   Operation 118 'add' 'add_ln45_6' <Predicate = true> <Delay = 0.00> <CoreInst = "TAddSub">   --->   Core 10 'TAddSub' <Latency = 0> <II = 1> <Delay = 0.38> <IPBlock> <Opcode : '' 'add' 'sub'> <InPorts = 3> <OutPorts = 1> <Sync> <CReg>
ST_1 : Operation 119 [1/1] (0.00ns)   --->   "%tmp_7 = bitconcatenate i41 @_ssdm_op_BitConcatenate.i41.i32.i9, i32 %sub_ln37, i9 0" [hilbert.cpp:45->hilbert.cpp:66]   --->   Operation 119 'bitconcatenate' 'tmp_7' <Predicate = true> <Delay = 0.00>
ST_1 : Operation 120 [1/1] (0.00ns)   --->   "%sext_ln45_9 = sext i41 %tmp_7" [hilbert.cpp:45->hilbert.cpp:66]   --->   Operation 120 'sext' 'sext_ln45_9' <Predicate = true> <Delay = 0.00>
ST_1 : Operation 121 [1/1] (0.00ns)   --->   "%tmp_8 = bitconcatenate i38 @_ssdm_op_BitConcatenate.i38.i32.i6, i32 %sub_ln37, i6 0" [hilbert.cpp:45->hilbert.cpp:66]   --->   Operation 121 'bitconcatenate' 'tmp_8' <Predicate = true> <Delay = 0.00>
ST_1 : Operation 122 [1/1] (0.00ns)   --->   "%sext_ln45_10 = sext i38 %tmp_8" [hilbert.cpp:45->hilbert.cpp:66]   --->   Operation 122 'sext' 'sext_ln45_10' <Predicate = true> <Delay = 0.00>
ST_1 : Operation 123 [1/1] (1.04ns)   --->   "%add_ln45_7 = add i43 %sext_ln45_9, i43 %sext_ln45_10" [hilbert.cpp:45->hilbert.cpp:66]   --->   Operation 123 'add' 'add_ln45_7' <Predicate = true> <Delay = 1.04> <CoreInst = "Adder">   --->   Core 1 'Adder' <Latency = 0> <II = 1> <Delay = 1.04> <FuncUnit> <Opcode : 'add' 'sub'> <InPorts = 2> <OutPorts = 1>
ST_1 : Operation 124 [1/1] (0.00ns)   --->   "%tmp_9 = bitconcatenate i34 @_ssdm_op_BitConcatenate.i34.i32.i2, i32 %sub_ln37, i2 0" [hilbert.cpp:45->hilbert.cpp:66]   --->   Operation 124 'bitconcatenate' 'tmp_9' <Predicate = true> <Delay = 0.00>
ST_1 : Operation 125 [1/1] (0.00ns)   --->   "%sext_ln45_11 = sext i34 %tmp_9" [hilbert.cpp:45->hilbert.cpp:66]   --->   Operation 125 'sext' 'sext_ln45_11' <Predicate = true> <Delay = 0.00>
ST_1 : Operation 126 [1/1] (0.00ns) (grouped into TernaryAdder)   --->   "%add_ln45_8 = add i43 %add_ln45_7, i43 %sext_ln45_11" [hilbert.cpp:45->hilbert.cpp:66]   --->   Operation 126 'add' 'add_ln45_8' <Predicate = true> <Delay = 0.00> <CoreInst = "TAddSub">   --->   Core 10 'TAddSub' <Latency = 0> <II = 1> <Delay = 0.38> <IPBlock> <Opcode : '' 'add' 'sub'> <InPorts = 3> <OutPorts = 1> <Sync> <CReg>
ST_1 : Operation 127 [1/1] (0.75ns) (root node of TernaryAdder)   --->   "%sub_ln45_4 = sub i43 %add_ln45_8, i43 %sext_ln38" [hilbert.cpp:45->hilbert.cpp:66]   --->   Operation 127 'sub' 'sub_ln45_4' <Predicate = true> <Delay = 0.75> <CoreInst = "TAddSub">   --->   Core 10 'TAddSub' <Latency = 0> <II = 1> <Delay = 0.38> <IPBlock> <Opcode : '' 'add' 'sub'> <InPorts = 3> <OutPorts = 1> <Sync> <CReg>
ST_1 : Operation 128 [1/1] (0.00ns)   --->   "%sext_ln45_2 = sext i43 %sub_ln45_4" [hilbert.cpp:45->hilbert.cpp:66]   --->   Operation 128 'sext' 'sext_ln45_2' <Predicate = true> <Delay = 0.00>
ST_1 : Operation 129 [1/1] (0.00ns)   --->   "%tmp_10 = bitconcatenate i43 @_ssdm_op_BitConcatenate.i43.i32.i11, i32 %sub_ln41, i11 0" [hilbert.cpp:45->hilbert.cpp:66]   --->   Operation 129 'bitconcatenate' 'tmp_10' <Predicate = true> <Delay = 0.00>
ST_1 : Operation 130 [1/1] (0.00ns)   --->   "%sext_ln45_12 = sext i43 %tmp_10" [hilbert.cpp:45->hilbert.cpp:66]   --->   Operation 130 'sext' 'sext_ln45_12' <Predicate = true> <Delay = 0.00>
ST_1 : Operation 131 [1/1] (0.00ns)   --->   "%tmp_11 = bitconcatenate i38 @_ssdm_op_BitConcatenate.i38.i32.i6, i32 %sub_ln41, i6 0" [hilbert.cpp:45->hilbert.cpp:66]   --->   Operation 131 'bitconcatenate' 'tmp_11' <Predicate = true> <Delay = 0.00>
ST_1 : Operation 132 [1/1] (0.00ns)   --->   "%sext_ln45_13 = sext i38 %tmp_11" [hilbert.cpp:45->hilbert.cpp:66]   --->   Operation 132 'sext' 'sext_ln45_13' <Predicate = true> <Delay = 0.00>
ST_1 : Operation 133 [1/1] (0.00ns) (grouped into TernaryAdder)   --->   "%add_ln45_9 = add i44 %sext_ln45_12, i44 %sext_ln45_13" [hilbert.cpp:45->hilbert.cpp:66]   --->   Operation 133 'add' 'add_ln45_9' <Predicate = true> <Delay = 0.00> <CoreInst = "TAddSub">   --->   Core 10 'TAddSub' <Latency = 0> <II = 1> <Delay = 0.38> <IPBlock> <Opcode : '' 'add' 'sub'> <InPorts = 3> <OutPorts = 1> <Sync> <CReg>
ST_1 : Operation 134 [1/1] (0.00ns)   --->   "%tmp_12 = bitconcatenate i35 @_ssdm_op_BitConcatenate.i35.i32.i3, i32 %sub_ln41, i3 0" [hilbert.cpp:45->hilbert.cpp:66]   --->   Operation 134 'bitconcatenate' 'tmp_12' <Predicate = true> <Delay = 0.00>
ST_1 : Operation 135 [1/1] (0.00ns)   --->   "%sext_ln45_14 = sext i35 %tmp_12" [hilbert.cpp:45->hilbert.cpp:66]   --->   Operation 135 'sext' 'sext_ln45_14' <Predicate = true> <Delay = 0.00>
ST_1 : Operation 136 [1/1] (0.76ns) (root node of TernaryAdder)   --->   "%add_ln45_10 = add i44 %add_ln45_9, i44 %sext_ln45_14" [hilbert.cpp:45->hilbert.cpp:66]   --->   Operation 136 'add' 'add_ln45_10' <Predicate = true> <Delay = 0.76> <CoreInst = "TAddSub">   --->   Core 10 'TAddSub' <Latency = 0> <II = 1> <Delay = 0.38> <IPBlock> <Opcode : '' 'add' 'sub'> <InPorts = 3> <OutPorts = 1> <Sync> <CReg>
ST_1 : Operation 137 [1/1] (0.00ns)   --->   "%tmp_13 = bitconcatenate i33 @_ssdm_op_BitConcatenate.i33.i32.i1, i32 %sub_ln41, i1 0" [hilbert.cpp:45->hilbert.cpp:66]   --->   Operation 137 'bitconcatenate' 'tmp_13' <Predicate = true> <Delay = 0.00>
ST_1 : Operation 138 [1/1] (0.00ns)   --->   "%sext_ln45_15 = sext i33 %tmp_13" [hilbert.cpp:45->hilbert.cpp:66]   --->   Operation 138 'sext' 'sext_ln45_15' <Predicate = true> <Delay = 0.00>
ST_1 : Operation 139 [1/1] (0.00ns) (grouped into TernaryAdder)   --->   "%add_ln45_11 = add i44 %add_ln45_10, i44 %sext_ln45_15" [hilbert.cpp:45->hilbert.cpp:66]   --->   Operation 139 'add' 'add_ln45_11' <Predicate = true> <Delay = 0.00> <CoreInst = "TAddSub">   --->   Core 10 'TAddSub' <Latency = 0> <II = 1> <Delay = 0.38> <IPBlock> <Opcode : '' 'add' 'sub'> <InPorts = 3> <OutPorts = 1> <Sync> <CReg>
ST_1 : Operation 140 [1/1] (0.00ns)   --->   "%tmp_14 = bitconcatenate i42 @_ssdm_op_BitConcatenate.i42.i32.i10, i32 %sub_ln40, i10 0" [hilbert.cpp:45->hilbert.cpp:66]   --->   Operation 140 'bitconcatenate' 'tmp_14' <Predicate = true> <Delay = 0.00>
ST_1 : Operation 141 [1/1] (0.00ns)   --->   "%sext_ln45_16 = sext i42 %tmp_14" [hilbert.cpp:45->hilbert.cpp:66]   --->   Operation 141 'sext' 'sext_ln45_16' <Predicate = true> <Delay = 0.00>
ST_1 : Operation 142 [1/1] (0.00ns)   --->   "%tmp_15 = bitconcatenate i40 @_ssdm_op_BitConcatenate.i40.i32.i8, i32 %sub_ln40, i8 0" [hilbert.cpp:45->hilbert.cpp:66]   --->   Operation 142 'bitconcatenate' 'tmp_15' <Predicate = true> <Delay = 0.00>
ST_1 : Operation 143 [1/1] (0.00ns)   --->   "%sext_ln45_17 = sext i40 %tmp_15" [hilbert.cpp:45->hilbert.cpp:66]   --->   Operation 143 'sext' 'sext_ln45_17' <Predicate = true> <Delay = 0.00>
ST_1 : Operation 144 [1/1] (0.00ns) (grouped into TernaryAdder)   --->   "%add_ln45_12 = add i44 %sext_ln45_16, i44 %sext_ln45_17" [hilbert.cpp:45->hilbert.cpp:66]   --->   Operation 144 'add' 'add_ln45_12' <Predicate = true> <Delay = 0.00> <CoreInst = "TAddSub">   --->   Core 10 'TAddSub' <Latency = 0> <II = 1> <Delay = 0.38> <IPBlock> <Opcode : '' 'add' 'sub'> <InPorts = 3> <OutPorts = 1> <Sync> <CReg>
ST_1 : Operation 145 [1/1] (0.00ns)   --->   "%tmp_16 = bitconcatenate i35 @_ssdm_op_BitConcatenate.i35.i32.i3, i32 %sub_ln40, i3 0" [hilbert.cpp:45->hilbert.cpp:66]   --->   Operation 145 'bitconcatenate' 'tmp_16' <Predicate = true> <Delay = 0.00>
ST_1 : Operation 146 [1/1] (0.00ns)   --->   "%sext_ln45_18 = sext i35 %tmp_16" [hilbert.cpp:45->hilbert.cpp:66]   --->   Operation 146 'sext' 'sext_ln45_18' <Predicate = true> <Delay = 0.00>
ST_1 : Operation 147 [1/1] (0.75ns) (root node of TernaryAdder)   --->   "%sub_ln45_5 = sub i44 %add_ln45_12, i44 %sext_ln45_18" [hilbert.cpp:45->hilbert.cpp:66]   --->   Operation 147 'sub' 'sub_ln45_5' <Predicate = true> <Delay = 0.75> <CoreInst = "TAddSub">   --->   Core 10 'TAddSub' <Latency = 0> <II = 1> <Delay = 0.38> <IPBlock> <Opcode : '' 'add' 'sub'> <InPorts = 3> <OutPorts = 1> <Sync> <CReg>
ST_1 : Operation 148 [1/1] (0.00ns) (grouped into TernaryAdder)   --->   "%add_ln45_13 = add i44 %sub_ln45_5, i44 %sext_ln41" [hilbert.cpp:45->hilbert.cpp:66]   --->   Operation 148 'add' 'add_ln45_13' <Predicate = true> <Delay = 0.00> <CoreInst = "TAddSub">   --->   Core 10 'TAddSub' <Latency = 0> <II = 1> <Delay = 0.38> <IPBlock> <Opcode : '' 'add' 'sub'> <InPorts = 3> <OutPorts = 1> <Sync> <CReg>
ST_1 : Operation 149 [1/1] (0.00ns)   --->   "%tmp_17 = bitconcatenate i45 @_ssdm_op_BitConcatenate.i45.i32.i13, i32 %sub_ln42, i13 0" [hilbert.cpp:45->hilbert.cpp:66]   --->   Operation 149 'bitconcatenate' 'tmp_17' <Predicate = true> <Delay = 0.00>
ST_1 : Operation 150 [1/1] (0.00ns)   --->   "%sext_ln45_19 = sext i45 %tmp_17" [hilbert.cpp:45->hilbert.cpp:66]   --->   Operation 150 'sext' 'sext_ln45_19' <Predicate = true> <Delay = 0.00>
ST_1 : Operation 151 [1/1] (0.00ns)   --->   "%tmp_18 = bitconcatenate i43 @_ssdm_op_BitConcatenate.i43.i32.i11, i32 %sub_ln42, i11 0" [hilbert.cpp:45->hilbert.cpp:66]   --->   Operation 151 'bitconcatenate' 'tmp_18' <Predicate = true> <Delay = 0.00>
ST_1 : Operation 152 [1/1] (0.00ns)   --->   "%sext_ln45_20 = sext i43 %tmp_18" [hilbert.cpp:45->hilbert.cpp:66]   --->   Operation 152 'sext' 'sext_ln45_20' <Predicate = true> <Delay = 0.00>
ST_1 : Operation 153 [1/1] (0.00ns) (grouped into TernaryAdder)   --->   "%sub_ln45_6 = sub i46 %sext_ln45_19, i46 %sext_ln45_20" [hilbert.cpp:45->hilbert.cpp:66]   --->   Operation 153 'sub' 'sub_ln45_6' <Predicate = true> <Delay = 0.00> <CoreInst = "TAddSub">   --->   Core 10 'TAddSub' <Latency = 0> <II = 1> <Delay = 0.38> <IPBlock> <Opcode : '' 'add' 'sub'> <InPorts = 3> <OutPorts = 1> <Sync> <CReg>
ST_1 : Operation 154 [1/1] (0.00ns)   --->   "%tmp_19 = bitconcatenate i40 @_ssdm_op_BitConcatenate.i40.i32.i8, i32 %sub_ln42, i8 0" [hilbert.cpp:45->hilbert.cpp:66]   --->   Operation 154 'bitconcatenate' 'tmp_19' <Predicate = true> <Delay = 0.00>
ST_1 : Operation 155 [1/1] (0.00ns)   --->   "%sext_ln45_21 = sext i40 %tmp_19" [hilbert.cpp:45->hilbert.cpp:66]   --->   Operation 155 'sext' 'sext_ln45_21' <Predicate = true> <Delay = 0.00>
ST_1 : Operation 156 [1/1] (0.76ns) (root node of TernaryAdder)   --->   "%add_ln45_14 = add i46 %sub_ln45_6, i46 %sext_ln45_21" [hilbert.cpp:45->hilbert.cpp:66]   --->   Operation 156 'add' 'add_ln45_14' <Predicate = true> <Delay = 0.76> <CoreInst = "TAddSub">   --->   Core 10 'TAddSub' <Latency = 0> <II = 1> <Delay = 0.38> <IPBlock> <Opcode : '' 'add' 'sub'> <InPorts = 3> <OutPorts = 1> <Sync> <CReg>
ST_1 : Operation 157 [1/1] (0.00ns)   --->   "%tmp_20 = bitconcatenate i37 @_ssdm_op_BitConcatenate.i37.i32.i5, i32 %sub_ln42, i5 0" [hilbert.cpp:45->hilbert.cpp:66]   --->   Operation 157 'bitconcatenate' 'tmp_20' <Predicate = true> <Delay = 0.00>
ST_1 : Operation 158 [1/1] (0.00ns)   --->   "%sext_ln45_22 = sext i37 %tmp_20" [hilbert.cpp:45->hilbert.cpp:66]   --->   Operation 158 'sext' 'sext_ln45_22' <Predicate = true> <Delay = 0.00>
ST_1 : Operation 159 [1/1] (0.00ns) (grouped into TernaryAdder)   --->   "%sub_ln45_7 = sub i46 %add_ln45_14, i46 %sext_ln45_22" [hilbert.cpp:45->hilbert.cpp:66]   --->   Operation 159 'sub' 'sub_ln45_7' <Predicate = true> <Delay = 0.00> <CoreInst = "TAddSub">   --->   Core 10 'TAddSub' <Latency = 0> <II = 1> <Delay = 0.38> <IPBlock> <Opcode : '' 'add' 'sub'> <InPorts = 3> <OutPorts = 1> <Sync> <CReg>
ST_1 : Operation 160 [1/1] (0.00ns)   --->   "%tmp_21 = bitconcatenate i33 @_ssdm_op_BitConcatenate.i33.i32.i1, i32 %sub_ln42, i1 0" [hilbert.cpp:45->hilbert.cpp:66]   --->   Operation 160 'bitconcatenate' 'tmp_21' <Predicate = true> <Delay = 0.00>
ST_1 : Operation 161 [1/1] (0.00ns)   --->   "%sext_ln45_23 = sext i33 %tmp_21" [hilbert.cpp:45->hilbert.cpp:66]   --->   Operation 161 'sext' 'sext_ln45_23' <Predicate = true> <Delay = 0.00>
ST_1 : Operation 162 [1/1] (0.76ns) (root node of TernaryAdder)   --->   "%sub_ln45_8 = sub i46 %sub_ln45_7, i46 %sext_ln45_23" [hilbert.cpp:45->hilbert.cpp:66]   --->   Operation 162 'sub' 'sub_ln45_8' <Predicate = true> <Delay = 0.76> <CoreInst = "TAddSub">   --->   Core 10 'TAddSub' <Latency = 0> <II = 1> <Delay = 0.38> <IPBlock> <Opcode : '' 'add' 'sub'> <InPorts = 3> <OutPorts = 1> <Sync> <CReg>
ST_1 : Operation 163 [1/1] (0.00ns)   --->   "%tmp_22 = bitconcatenate i42 @_ssdm_op_BitConcatenate.i42.i32.i10, i32 %sub_ln38, i10 0" [hilbert.cpp:45->hilbert.cpp:66]   --->   Operation 163 'bitconcatenate' 'tmp_22' <Predicate = true> <Delay = 0.00>
ST_1 : Operation 164 [1/1] (0.00ns)   --->   "%sext_ln45_24 = sext i42 %tmp_22" [hilbert.cpp:45->hilbert.cpp:66]   --->   Operation 164 'sext' 'sext_ln45_24' <Predicate = true> <Delay = 0.00>
ST_1 : Operation 165 [1/1] (0.00ns)   --->   "%tmp_23 = bitconcatenate i40 @_ssdm_op_BitConcatenate.i40.i32.i8, i32 %sub_ln38, i8 0" [hilbert.cpp:45->hilbert.cpp:66]   --->   Operation 165 'bitconcatenate' 'tmp_23' <Predicate = true> <Delay = 0.00>
ST_1 : Operation 166 [1/1] (0.00ns)   --->   "%sext_ln45_25 = sext i40 %tmp_23" [hilbert.cpp:45->hilbert.cpp:66]   --->   Operation 166 'sext' 'sext_ln45_25' <Predicate = true> <Delay = 0.00>
ST_1 : Operation 167 [1/1] (0.00ns) (grouped into TernaryAdder)   --->   "%sub_ln45_9 = sub i43 %sext_ln45_24, i43 %sext_ln45_25" [hilbert.cpp:45->hilbert.cpp:66]   --->   Operation 167 'sub' 'sub_ln45_9' <Predicate = true> <Delay = 0.00> <CoreInst = "TAddSub">   --->   Core 10 'TAddSub' <Latency = 0> <II = 1> <Delay = 0.38> <IPBlock> <Opcode : '' 'add' 'sub'> <InPorts = 3> <OutPorts = 1> <Sync> <CReg>
ST_1 : Operation 168 [1/1] (0.00ns)   --->   "%tmp_24 = bitconcatenate i38 @_ssdm_op_BitConcatenate.i38.i32.i6, i32 %sub_ln38, i6 0" [hilbert.cpp:45->hilbert.cpp:66]   --->   Operation 168 'bitconcatenate' 'tmp_24' <Predicate = true> <Delay = 0.00>
ST_1 : Operation 169 [1/1] (0.00ns)   --->   "%sext_ln45_26 = sext i38 %tmp_24" [hilbert.cpp:45->hilbert.cpp:66]   --->   Operation 169 'sext' 'sext_ln45_26' <Predicate = true> <Delay = 0.00>
ST_1 : Operation 170 [1/1] (0.75ns) (root node of TernaryAdder)   --->   "%sub_ln45_10 = sub i43 %sub_ln45_9, i43 %sext_ln45_26" [hilbert.cpp:45->hilbert.cpp:66]   --->   Operation 170 'sub' 'sub_ln45_10' <Predicate = true> <Delay = 0.75> <CoreInst = "TAddSub">   --->   Core 10 'TAddSub' <Latency = 0> <II = 1> <Delay = 0.38> <IPBlock> <Opcode : '' 'add' 'sub'> <InPorts = 3> <OutPorts = 1> <Sync> <CReg>
ST_1 : Operation 171 [1/1] (0.00ns)   --->   "%tmp_25 = bitconcatenate i34 @_ssdm_op_BitConcatenate.i34.i32.i2, i32 %sub_ln38, i2 0" [hilbert.cpp:45->hilbert.cpp:66]   --->   Operation 171 'bitconcatenate' 'tmp_25' <Predicate = true> <Delay = 0.00>
ST_1 : Operation 172 [1/1] (0.00ns)   --->   "%sext_ln45_27 = sext i34 %tmp_25" [hilbert.cpp:45->hilbert.cpp:66]   --->   Operation 172 'sext' 'sext_ln45_27' <Predicate = true> <Delay = 0.00>
ST_1 : Operation 173 [1/1] (0.00ns) (grouped into TernaryAdder)   --->   "%add_ln45_15 = add i43 %sub_ln45_10, i43 %sext_ln45_27" [hilbert.cpp:45->hilbert.cpp:66]   --->   Operation 173 'add' 'add_ln45_15' <Predicate = true> <Delay = 0.00> <CoreInst = "TAddSub">   --->   Core 10 'TAddSub' <Latency = 0> <II = 1> <Delay = 0.38> <IPBlock> <Opcode : '' 'add' 'sub'> <InPorts = 3> <OutPorts = 1> <Sync> <CReg>
ST_1 : Operation 174 [1/1] (0.75ns) (root node of TernaryAdder)   --->   "%sub_ln45_11 = sub i43 %add_ln45_15, i43 %sext_ln39" [hilbert.cpp:45->hilbert.cpp:66]   --->   Operation 174 'sub' 'sub_ln45_11' <Predicate = true> <Delay = 0.75> <CoreInst = "TAddSub">   --->   Core 10 'TAddSub' <Latency = 0> <II = 1> <Delay = 0.38> <IPBlock> <Opcode : '' 'add' 'sub'> <InPorts = 3> <OutPorts = 1> <Sync> <CReg>
ST_1 : Operation 175 [1/1] (0.76ns) (root node of TernaryAdder)   --->   "%add_ln45 = add i44 %sext_ln45_2, i44 %add_ln45_11" [hilbert.cpp:45->hilbert.cpp:66]   --->   Operation 175 'add' 'add_ln45' <Predicate = true> <Delay = 0.76> <CoreInst = "TAddSub">   --->   Core 10 'TAddSub' <Latency = 0> <II = 1> <Delay = 0.38> <IPBlock> <Opcode : '' 'add' 'sub'> <InPorts = 3> <OutPorts = 1> <Sync> <CReg>
ST_1 : Operation 176 [1/1] (0.00ns)   --->   "%sext_ln45_3 = sext i44 %add_ln45" [hilbert.cpp:45->hilbert.cpp:66]   --->   Operation 176 'sext' 'sext_ln45_3' <Predicate = true> <Delay = 0.00>
ST_1 : Operation 177 [1/1] (0.00ns) (grouped into TernaryAdder)   --->   "%add_ln45_1 = add i46 %sext_ln45_3, i46 %sub_ln45_8" [hilbert.cpp:45->hilbert.cpp:66]   --->   Operation 177 'add' 'add_ln45_1' <Predicate = true> <Delay = 0.00> <CoreInst = "TAddSub">   --->   Core 10 'TAddSub' <Latency = 0> <II = 1> <Delay = 0.38> <IPBlock> <Opcode : '' 'add' 'sub'> <InPorts = 3> <OutPorts = 1> <Sync> <CReg>
ST_1 : Operation 178 [1/1] (0.75ns) (root node of TernaryAdder)   --->   "%add_ln45_2 = add i43 %add_ln45_6, i43 %sub_ln45_11" [hilbert.cpp:45->hilbert.cpp:66]   --->   Operation 178 'add' 'add_ln45_2' <Predicate = true> <Delay = 0.75> <CoreInst = "TAddSub">   --->   Core 10 'TAddSub' <Latency = 0> <II = 1> <Delay = 0.38> <IPBlock> <Opcode : '' 'add' 'sub'> <InPorts = 3> <OutPorts = 1> <Sync> <CReg>
ST_1 : Operation 179 [1/1] (0.00ns)   --->   "%sext_ln45_4 = sext i43 %add_ln45_2" [hilbert.cpp:45->hilbert.cpp:66]   --->   Operation 179 'sext' 'sext_ln45_4' <Predicate = true> <Delay = 0.00>
ST_1 : Operation 180 [1/1] (0.76ns) (root node of TernaryAdder)   --->   "%add_ln45_3 = add i44 %sext_ln45_4, i44 %add_ln45_13" [hilbert.cpp:45->hilbert.cpp:66]   --->   Operation 180 'add' 'add_ln45_3' <Predicate = true> <Delay = 0.76> <CoreInst = "TAddSub">   --->   Core 10 'TAddSub' <Latency = 0> <II = 1> <Delay = 0.38> <IPBlock> <Opcode : '' 'add' 'sub'> <InPorts = 3> <OutPorts = 1> <Sync> <CReg>
ST_1 : Operation 181 [1/1] (0.00ns)   --->   "%sext_ln45_5 = sext i44 %add_ln45_3" [hilbert.cpp:45->hilbert.cpp:66]   --->   Operation 181 'sext' 'sext_ln45_5' <Predicate = true> <Delay = 0.00>
ST_1 : Operation 182 [1/1] (0.76ns) (root node of TernaryAdder)   --->   "%add_ln45_4 = add i46 %sext_ln45_5, i46 %add_ln45_1" [hilbert.cpp:45->hilbert.cpp:66]   --->   Operation 182 'add' 'add_ln45_4' <Predicate = true> <Delay = 0.76> <CoreInst = "TAddSub">   --->   Core 10 'TAddSub' <Latency = 0> <II = 1> <Delay = 0.38> <IPBlock> <Opcode : '' 'add' 'sub'> <InPorts = 3> <OutPorts = 1> <Sync> <CReg>
ST_1 : Operation 183 [1/1] (0.00ns)   --->   "%tmp_26 = bitselect i1 @_ssdm_op_BitSelect.i1.i46.i32, i46 %add_ln45_4, i32 45" [hilbert.cpp:45->hilbert.cpp:66]   --->   Operation 183 'bitselect' 'tmp_26' <Predicate = true> <Delay = 0.00>
ST_1 : Operation 184 [1/1] (0.00ns)   --->   "%br_ln62 = br i1 %tmp_last, void %cleanup.cont, void %while.end" [hilbert.cpp:62]   --->   Operation 184 'br' 'br_ln62' <Predicate = true> <Delay = 0.00>
ST_1 : Operation 185 [1/1] (0.00ns)   --->   "%specpipeline_ln60 = specpipeline void @_ssdm_op_SpecPipeline, i32 1, i32 0, i32 0, i32 0, void @empty_6" [hilbert.cpp:60]   --->   Operation 185 'specpipeline' 'specpipeline_ln60' <Predicate = (!tmp_last)> <Delay = 0.00>
ST_1 : Operation 186 [1/1] (0.00ns)   --->   "%specloopname_ln59 = specloopname void @_ssdm_op_SpecLoopName, void @empty" [hilbert.cpp:59]   --->   Operation 186 'specloopname' 'specloopname_ln59' <Predicate = (!tmp_last)> <Delay = 0.00>
ST_1 : Operation 187 [1/1] (0.00ns)   --->   "%br_ln59 = br void %while.body" [hilbert.cpp:59]   --->   Operation 187 'br' 'br_ln59' <Predicate = (!tmp_last)> <Delay = 0.00>

State 2 <SV = 1> <Delay = 6.62>
ST_2 : Operation 188 [1/1] (0.00ns)   --->   "%sext_ln45_28 = sext i46 %add_ln45_4" [hilbert.cpp:45->hilbert.cpp:66]   --->   Operation 188 'sext' 'sext_ln45_28' <Predicate = true> <Delay = 0.00>
ST_2 : Operation 189 [1/1] (3.90ns)   --->   "%mul_ln45 = mul i93 %sext_ln45_28, i93 115292150460685" [hilbert.cpp:45->hilbert.cpp:66]   --->   Operation 189 'mul' 'mul_ln45' <Predicate = true> <Delay = 3.90> <CoreInst = "Multiplier">   --->   Core 3 'Multiplier' <Latency = 0> <II = 1> <Delay = 3.90> <FuncUnit> <Opcode : 'mul'> <InPorts = 2> <OutPorts = 1>
ST_2 : Operation 190 [1/1] (1.30ns)   --->   "%sub_ln45 = sub i93 0, i93 %mul_ln45" [hilbert.cpp:45->hilbert.cpp:66]   --->   Operation 190 'sub' 'sub_ln45' <Predicate = (tmp_26)> <Delay = 1.30> <CoreInst = "Adder">   --->   Core 1 'Adder' <Latency = 0> <II = 1> <Delay = 1.30> <FuncUnit> <Opcode : 'add' 'sub'> <InPorts = 2> <OutPorts = 1>
ST_2 : Operation 191 [1/1] (0.00ns) (grouped into LUT with out node sub_ln45_1)   --->   "%tmp_27 = partselect i33 @_ssdm_op_PartSelect.i33.i93.i32.i32, i93 %sub_ln45, i32 60, i32 92" [hilbert.cpp:45->hilbert.cpp:66]   --->   Operation 191 'partselect' 'tmp_27' <Predicate = (tmp_26)> <Delay = 0.00>
ST_2 : Operation 192 [1/1] (0.00ns)   --->   "%tmp_28 = partselect i33 @_ssdm_op_PartSelect.i33.i93.i32.i32, i93 %mul_ln45, i32 60, i32 92" [hilbert.cpp:45->hilbert.cpp:66]   --->   Operation 192 'partselect' 'tmp_28' <Predicate = true> <Delay = 0.00>
ST_2 : Operation 193 [1/1] (0.00ns)   --->   "%sext_ln45_29 = sext i33 %tmp_28" [hilbert.cpp:45->hilbert.cpp:66]   --->   Operation 193 'sext' 'sext_ln45_29' <Predicate = (!tmp_26)> <Delay = 0.00>
ST_2 : Operation 194 [1/1] (0.00ns) (grouped into LUT with out node sub_ln45_1)   --->   "%select_ln45_1 = select i1 %tmp_26, i33 %tmp_27, i33 %tmp_28" [hilbert.cpp:45->hilbert.cpp:66]   --->   Operation 194 'select' 'select_ln45_1' <Predicate = (tmp_26)> <Delay = 0.00> <CoreInst = "Sel">   --->   Core 73 'Sel' <Latency = 0> <II = 1> <Delay = 0.43> <FuncUnit> <Opcode : 'select'> <InPorts = 3> <OutPorts = 1>
ST_2 : Operation 195 [1/1] (0.00ns) (grouped into LUT with out node sub_ln45_1)   --->   "%sext_ln45_30 = sext i33 %select_ln45_1" [hilbert.cpp:45->hilbert.cpp:66]   --->   Operation 195 'sext' 'sext_ln45_30' <Predicate = (tmp_26)> <Delay = 0.00>
ST_2 : Operation 196 [1/1] (1.01ns) (out node of the LUT)   --->   "%sub_ln45_1 = sub i46 0, i46 %sext_ln45_30" [hilbert.cpp:45->hilbert.cpp:66]   --->   Operation 196 'sub' 'sub_ln45_1' <Predicate = (tmp_26)> <Delay = 1.01> <CoreInst = "Adder">   --->   Core 1 'Adder' <Latency = 0> <II = 1> <Delay = 1.01> <FuncUnit> <Opcode : 'add' 'sub'> <InPorts = 2> <OutPorts = 1>
ST_2 : Operation 197 [1/1] (0.39ns)   --->   "%Q_path = select i1 %tmp_26, i46 %sub_ln45_1, i46 %sext_ln45_29" [hilbert.cpp:45->hilbert.cpp:66]   --->   Operation 197 'select' 'Q_path' <Predicate = true> <Delay = 0.39> <CoreInst = "Sel">   --->   Core 73 'Sel' <Latency = 0> <II = 1> <Delay = 0.39> <FuncUnit> <Opcode : 'select'> <InPorts = 3> <OutPorts = 1>

State 3 <SV = 2> <Delay = 3.42>
ST_3 : Operation 198 [1/1] (0.00ns)   --->   "%sext_ln45_6 = sext i46 %Q_path" [hilbert.cpp:45->hilbert.cpp:66]   --->   Operation 198 'sext' 'sext_ln45_6' <Predicate = true> <Delay = 0.00>
ST_3 : Operation 199 [1/1] (0.00ns)   --->   "%sext_ln47 = sext i32 %I_path" [hilbert.cpp:47->hilbert.cpp:66]   --->   Operation 199 'sext' 'sext_ln47' <Predicate = true> <Delay = 0.00>
ST_3 : Operation 200 [1/1] (3.42ns)   --->   "%mul_ln47 = mul i64 %sext_ln47, i64 %sext_ln47" [hilbert.cpp:47->hilbert.cpp:66]   --->   Operation 200 'mul' 'mul_ln47' <Predicate = true> <Delay = 3.42> <CoreInst = "Multiplier">   --->   Core 3 'Multiplier' <Latency = 0> <II = 1> <Delay = 3.42> <FuncUnit> <Opcode : 'mul'> <InPorts = 2> <OutPorts = 1>
ST_3 : Operation 201 [1/1] (3.40ns)   --->   "%mul_ln47_1 = mul i64 %sext_ln45_6, i64 %sext_ln45_6" [hilbert.cpp:47->hilbert.cpp:66]   --->   Operation 201 'mul' 'mul_ln47_1' <Predicate = true> <Delay = 3.40> <CoreInst = "Multiplier">   --->   Core 3 'Multiplier' <Latency = 0> <II = 1> <Delay = 3.40> <FuncUnit> <Opcode : 'mul'> <InPorts = 2> <OutPorts = 1>

State 4 <SV = 3> <Delay = 6.28>
ST_4 : Operation 202 [1/1] (1.08ns)   --->   "%mag_sq = add i64 %mul_ln47_1, i64 %mul_ln47" [hilbert.cpp:47->hilbert.cpp:66]   --->   Operation 202 'add' 'mag_sq' <Predicate = true> <Delay = 1.08> <CoreInst = "Adder">   --->   Core 1 'Adder' <Latency = 0> <II = 1> <Delay = 1.08> <FuncUnit> <Opcode : 'add' 'sub'> <InPorts = 2> <OutPorts = 1>
ST_4 : Operation 203 [4/4] (5.19ns)   --->   "%x_assign = sitofp i64 %mag_sq" [hilbert.cpp:48->hilbert.cpp:66]   --->   Operation 203 'sitofp' 'x_assign' <Predicate = true> <Delay = 5.19> <CoreInst = "Int2Float">   --->   Core 62 'Int2Float' <Latency = 3> <II = 1> <Delay = 5.19> <FuncUnit> <Opcode : 'uitofp' 'sitofp'> <InPorts = 1> <OutPorts = 1>

State 5 <SV = 4> <Delay = 5.19>
ST_5 : Operation 204 [3/4] (5.19ns)   --->   "%x_assign = sitofp i64 %mag_sq" [hilbert.cpp:48->hilbert.cpp:66]   --->   Operation 204 'sitofp' 'x_assign' <Predicate = true> <Delay = 5.19> <CoreInst = "Int2Float">   --->   Core 62 'Int2Float' <Latency = 3> <II = 1> <Delay = 5.19> <FuncUnit> <Opcode : 'uitofp' 'sitofp'> <InPorts = 1> <OutPorts = 1>

State 6 <SV = 5> <Delay = 5.19>
ST_6 : Operation 205 [2/4] (5.19ns)   --->   "%x_assign = sitofp i64 %mag_sq" [hilbert.cpp:48->hilbert.cpp:66]   --->   Operation 205 'sitofp' 'x_assign' <Predicate = true> <Delay = 5.19> <CoreInst = "Int2Float">   --->   Core 62 'Int2Float' <Latency = 3> <II = 1> <Delay = 5.19> <FuncUnit> <Opcode : 'uitofp' 'sitofp'> <InPorts = 1> <OutPorts = 1>

State 7 <SV = 6> <Delay = 5.19>
ST_7 : Operation 206 [1/4] (5.19ns)   --->   "%x_assign = sitofp i64 %mag_sq" [hilbert.cpp:48->hilbert.cpp:66]   --->   Operation 206 'sitofp' 'x_assign' <Predicate = true> <Delay = 5.19> <CoreInst = "Int2Float">   --->   Core 62 'Int2Float' <Latency = 3> <II = 1> <Delay = 5.19> <FuncUnit> <Opcode : 'uitofp' 'sitofp'> <InPorts = 1> <OutPorts = 1>

State 8 <SV = 7> <Delay = 6.57>
ST_8 : Operation 207 [8/8] (6.57ns)   --->   "%dc = fsqrt i32 @llvm.sqrt.f32, i32 %x_assign" [C:\scratch\2024.1\hls_product\545\2024.1\src\shared\hls\clib\hlsmath\src\c++\sqrtfloat.cpp:8->hilbert.cpp:48->hilbert.cpp:66]   --->   Operation 207 'fsqrt' 'dc' <Predicate = true> <Delay = 6.57> <CoreInst = "FSqrt">   --->   Core 35 'FSqrt' <Latency = 7> <II = 1> <Delay = 6.57> <FuncUnit> <Opcode : 'fsqrt'> <InPorts = 1> <OutPorts = 1>

State 9 <SV = 8> <Delay = 6.57>
ST_9 : Operation 208 [7/8] (6.57ns)   --->   "%dc = fsqrt i32 @llvm.sqrt.f32, i32 %x_assign" [C:\scratch\2024.1\hls_product\545\2024.1\src\shared\hls\clib\hlsmath\src\c++\sqrtfloat.cpp:8->hilbert.cpp:48->hilbert.cpp:66]   --->   Operation 208 'fsqrt' 'dc' <Predicate = true> <Delay = 6.57> <CoreInst = "FSqrt">   --->   Core 35 'FSqrt' <Latency = 7> <II = 1> <Delay = 6.57> <FuncUnit> <Opcode : 'fsqrt'> <InPorts = 1> <OutPorts = 1>

State 10 <SV = 9> <Delay = 6.57>
ST_10 : Operation 209 [6/8] (6.57ns)   --->   "%dc = fsqrt i32 @llvm.sqrt.f32, i32 %x_assign" [C:\scratch\2024.1\hls_product\545\2024.1\src\shared\hls\clib\hlsmath\src\c++\sqrtfloat.cpp:8->hilbert.cpp:48->hilbert.cpp:66]   --->   Operation 209 'fsqrt' 'dc' <Predicate = true> <Delay = 6.57> <CoreInst = "FSqrt">   --->   Core 35 'FSqrt' <Latency = 7> <II = 1> <Delay = 6.57> <FuncUnit> <Opcode : 'fsqrt'> <InPorts = 1> <OutPorts = 1>

State 11 <SV = 10> <Delay = 6.57>
ST_11 : Operation 210 [5/8] (6.57ns)   --->   "%dc = fsqrt i32 @llvm.sqrt.f32, i32 %x_assign" [C:\scratch\2024.1\hls_product\545\2024.1\src\shared\hls\clib\hlsmath\src\c++\sqrtfloat.cpp:8->hilbert.cpp:48->hilbert.cpp:66]   --->   Operation 210 'fsqrt' 'dc' <Predicate = true> <Delay = 6.57> <CoreInst = "FSqrt">   --->   Core 35 'FSqrt' <Latency = 7> <II = 1> <Delay = 6.57> <FuncUnit> <Opcode : 'fsqrt'> <InPorts = 1> <OutPorts = 1>

State 12 <SV = 11> <Delay = 6.57>
ST_12 : Operation 211 [4/8] (6.57ns)   --->   "%dc = fsqrt i32 @llvm.sqrt.f32, i32 %x_assign" [C:\scratch\2024.1\hls_product\545\2024.1\src\shared\hls\clib\hlsmath\src\c++\sqrtfloat.cpp:8->hilbert.cpp:48->hilbert.cpp:66]   --->   Operation 211 'fsqrt' 'dc' <Predicate = true> <Delay = 6.57> <CoreInst = "FSqrt">   --->   Core 35 'FSqrt' <Latency = 7> <II = 1> <Delay = 6.57> <FuncUnit> <Opcode : 'fsqrt'> <InPorts = 1> <OutPorts = 1>

State 13 <SV = 12> <Delay = 6.57>
ST_13 : Operation 212 [3/8] (6.57ns)   --->   "%dc = fsqrt i32 @llvm.sqrt.f32, i32 %x_assign" [C:\scratch\2024.1\hls_product\545\2024.1\src\shared\hls\clib\hlsmath\src\c++\sqrtfloat.cpp:8->hilbert.cpp:48->hilbert.cpp:66]   --->   Operation 212 'fsqrt' 'dc' <Predicate = true> <Delay = 6.57> <CoreInst = "FSqrt">   --->   Core 35 'FSqrt' <Latency = 7> <II = 1> <Delay = 6.57> <FuncUnit> <Opcode : 'fsqrt'> <InPorts = 1> <OutPorts = 1>

State 14 <SV = 13> <Delay = 6.57>
ST_14 : Operation 213 [2/8] (6.57ns)   --->   "%dc = fsqrt i32 @llvm.sqrt.f32, i32 %x_assign" [C:\scratch\2024.1\hls_product\545\2024.1\src\shared\hls\clib\hlsmath\src\c++\sqrtfloat.cpp:8->hilbert.cpp:48->hilbert.cpp:66]   --->   Operation 213 'fsqrt' 'dc' <Predicate = true> <Delay = 6.57> <CoreInst = "FSqrt">   --->   Core 35 'FSqrt' <Latency = 7> <II = 1> <Delay = 6.57> <FuncUnit> <Opcode : 'fsqrt'> <InPorts = 1> <OutPorts = 1>

State 15 <SV = 14> <Delay = 6.57>
ST_15 : Operation 214 [1/8] (6.57ns)   --->   "%dc = fsqrt i32 @llvm.sqrt.f32, i32 %x_assign" [C:\scratch\2024.1\hls_product\545\2024.1\src\shared\hls\clib\hlsmath\src\c++\sqrtfloat.cpp:8->hilbert.cpp:48->hilbert.cpp:66]   --->   Operation 214 'fsqrt' 'dc' <Predicate = true> <Delay = 6.57> <CoreInst = "FSqrt">   --->   Core 35 'FSqrt' <Latency = 7> <II = 1> <Delay = 6.57> <FuncUnit> <Opcode : 'fsqrt'> <InPorts = 1> <OutPorts = 1>

State 16 <SV = 15> <Delay = 4.96>
ST_16 : Operation 215 [1/1] (0.00ns)   --->   "%data = bitcast i32 %dc" [C:\scratch\2024.1\hls_product\545\2024.1\src\shared\hls\clib/src/hls\utils/x_hls_utils.h:288->C:\scratch\2024.1\hls_product\545\2024.1\src\shared\hls\clib/hlsmath/include/FloatingPoint\hls_case_IEEE754.h:13->C:\scratch\2024.1\hls_product\545\2024.1\src\shared\hls\clib/hlsmath/include/FloatingPoint\hls_case_IEEE754.h:117->C:\scratch\2024.1\hls_product\545\2024.1\src\shared\hls\clib\hlsmath\src\lib_floatconversion.cpp:51->hilbert.cpp:48->hilbert.cpp:66]   --->   Operation 215 'bitcast' 'data' <Predicate = true> <Delay = 0.00>
ST_16 : Operation 216 [1/1] (0.00ns)   --->   "%xs_sign = bitselect i1 @_ssdm_op_BitSelect.i1.i32.i32, i32 %data, i32 31" [C:\scratch\2024.1\hls_product\545\2024.1\src\shared\hls\clib/src/hls\utils/x_hls_utils.h:294->C:\scratch\2024.1\hls_product\545\2024.1\src\shared\hls\clib/hlsmath/include/FloatingPoint\hls_case_IEEE754.h:13->C:\scratch\2024.1\hls_product\545\2024.1\src\shared\hls\clib/hlsmath/include/FloatingPoint\hls_case_IEEE754.h:117->C:\scratch\2024.1\hls_product\545\2024.1\src\shared\hls\clib\hlsmath\src\lib_floatconversion.cpp:51->hilbert.cpp:48->hilbert.cpp:66]   --->   Operation 216 'bitselect' 'xs_sign' <Predicate = true> <Delay = 0.00>
ST_16 : Operation 217 [1/1] (0.00ns)   --->   "%xs_exp = partselect i8 @_ssdm_op_PartSelect.i8.i32.i32.i32, i32 %data, i32 23, i32 30" [C:\scratch\2024.1\hls_product\545\2024.1\src\shared\hls\clib/src/hls\utils/x_hls_utils.h:295->C:\scratch\2024.1\hls_product\545\2024.1\src\shared\hls\clib/hlsmath/include/FloatingPoint\hls_case_IEEE754.h:13->C:\scratch\2024.1\hls_product\545\2024.1\src\shared\hls\clib/hlsmath/include/FloatingPoint\hls_case_IEEE754.h:117->C:\scratch\2024.1\hls_product\545\2024.1\src\shared\hls\clib\hlsmath\src\lib_floatconversion.cpp:51->hilbert.cpp:48->hilbert.cpp:66]   --->   Operation 217 'partselect' 'xs_exp' <Predicate = true> <Delay = 0.00>
ST_16 : Operation 218 [1/1] (0.00ns)   --->   "%trunc_ln342 = trunc i32 %data" [C:\scratch\2024.1\hls_product\545\2024.1\src\shared\hls\clib/src/hls\utils/x_hls_utils.h:342->C:\scratch\2024.1\hls_product\545\2024.1\src\shared\hls\clib/hlsmath/include/FloatingPoint\hls_case_IEEE754.h:15->C:\scratch\2024.1\hls_product\545\2024.1\src\shared\hls\clib/hlsmath/include/FloatingPoint\hls_case_IEEE754.h:117->C:\scratch\2024.1\hls_product\545\2024.1\src\shared\hls\clib\hlsmath\src\lib_floatconversion.cpp:51->hilbert.cpp:48->hilbert.cpp:66]   --->   Operation 218 'trunc' 'trunc_ln342' <Predicate = true> <Delay = 0.00>
ST_16 : Operation 219 [1/1] (0.00ns)   --->   "%mantissa = bitconcatenate i25 @_ssdm_op_BitConcatenate.i25.i1.i23.i1, i1 1, i23 %trunc_ln342, i1 0" [C:\scratch\2024.1\hls_product\545\2024.1\src\shared\hls\clib/hlsmath/include/FloatingPoint\hls_case_IEEE754.h:15->C:\scratch\2024.1\hls_product\545\2024.1\src\shared\hls\clib/hlsmath/include/FloatingPoint\hls_case_IEEE754.h:117->C:\scratch\2024.1\hls_product\545\2024.1\src\shared\hls\clib\hlsmath\src\lib_floatconversion.cpp:51->hilbert.cpp:48->hilbert.cpp:66]   --->   Operation 219 'bitconcatenate' 'mantissa' <Predicate = true> <Delay = 0.00>
ST_16 : Operation 220 [1/1] (0.00ns)   --->   "%zext_ln15 = zext i25 %mantissa" [C:\scratch\2024.1\hls_product\545\2024.1\src\shared\hls\clib/hlsmath/include/FloatingPoint\hls_case_IEEE754.h:15->C:\scratch\2024.1\hls_product\545\2024.1\src\shared\hls\clib/hlsmath/include/FloatingPoint\hls_case_IEEE754.h:117->C:\scratch\2024.1\hls_product\545\2024.1\src\shared\hls\clib\hlsmath\src\lib_floatconversion.cpp:51->hilbert.cpp:48->hilbert.cpp:66]   --->   Operation 220 'zext' 'zext_ln15' <Predicate = true> <Delay = 0.00>
ST_16 : Operation 221 [1/1] (0.00ns)   --->   "%zext_ln317 = zext i8 %xs_exp" [C:\scratch\2024.1\hls_product\545\2024.1\src\shared\hls\clib/src/hls\utils/x_hls_utils.h:317->C:\scratch\2024.1\hls_product\545\2024.1\src\shared\hls\clib/hlsmath/include/FloatingPoint\hls_case_IEEE754.h:18->C:\scratch\2024.1\hls_product\545\2024.1\src\shared\hls\clib/hlsmath/include/FloatingPoint\hls_case_IEEE754.h:117->C:\scratch\2024.1\hls_product\545\2024.1\src\shared\hls\clib\hlsmath\src\lib_floatconversion.cpp:51->hilbert.cpp:48->hilbert.cpp:66]   --->   Operation 221 'zext' 'zext_ln317' <Predicate = true> <Delay = 0.00>
ST_16 : Operation 222 [1/1] (0.76ns)   --->   "%add_ln317 = add i9 %zext_ln317, i9 385" [C:\scratch\2024.1\hls_product\545\2024.1\src\shared\hls\clib/src/hls\utils/x_hls_utils.h:317->C:\scratch\2024.1\hls_product\545\2024.1\src\shared\hls\clib/hlsmath/include/FloatingPoint\hls_case_IEEE754.h:18->C:\scratch\2024.1\hls_product\545\2024.1\src\shared\hls\clib/hlsmath/include/FloatingPoint\hls_case_IEEE754.h:117->C:\scratch\2024.1\hls_product\545\2024.1\src\shared\hls\clib\hlsmath\src\lib_floatconversion.cpp:51->hilbert.cpp:48->hilbert.cpp:66]   --->   Operation 222 'add' 'add_ln317' <Predicate = true> <Delay = 0.76> <CoreInst = "Adder">   --->   Core 1 'Adder' <Latency = 0> <II = 1> <Delay = 0.76> <FuncUnit> <Opcode : 'add' 'sub'> <InPorts = 2> <OutPorts = 1>
ST_16 : Operation 223 [1/1] (0.00ns)   --->   "%tmp_30 = bitselect i1 @_ssdm_op_BitSelect.i1.i9.i32, i9 %add_ln317, i32 8" [C:\scratch\2024.1\hls_product\545\2024.1\src\shared\hls\clib/hlsmath/include/FloatingPoint\hls_case_IEEE754.h:18->C:\scratch\2024.1\hls_product\545\2024.1\src\shared\hls\clib/hlsmath/include/FloatingPoint\hls_case_IEEE754.h:117->C:\scratch\2024.1\hls_product\545\2024.1\src\shared\hls\clib\hlsmath\src\lib_floatconversion.cpp:51->hilbert.cpp:48->hilbert.cpp:66]   --->   Operation 223 'bitselect' 'tmp_30' <Predicate = true> <Delay = 0.00>
ST_16 : Operation 224 [1/1] (0.76ns)   --->   "%sub_ln18 = sub i8 127, i8 %xs_exp" [C:\scratch\2024.1\hls_product\545\2024.1\src\shared\hls\clib/hlsmath/include/FloatingPoint\hls_case_IEEE754.h:18->C:\scratch\2024.1\hls_product\545\2024.1\src\shared\hls\clib/hlsmath/include/FloatingPoint\hls_case_IEEE754.h:117->C:\scratch\2024.1\hls_product\545\2024.1\src\shared\hls\clib\hlsmath\src\lib_floatconversion.cpp:51->hilbert.cpp:48->hilbert.cpp:66]   --->   Operation 224 'sub' 'sub_ln18' <Predicate = true> <Delay = 0.76> <CoreInst = "Adder">   --->   Core 1 'Adder' <Latency = 0> <II = 1> <Delay = 0.76> <FuncUnit> <Opcode : 'add' 'sub'> <InPorts = 2> <OutPorts = 1>
ST_16 : Operation 225 [1/1] (0.00ns)   --->   "%sext_ln18 = sext i8 %sub_ln18" [C:\scratch\2024.1\hls_product\545\2024.1\src\shared\hls\clib/hlsmath/include/FloatingPoint\hls_case_IEEE754.h:18->C:\scratch\2024.1\hls_product\545\2024.1\src\shared\hls\clib/hlsmath/include/FloatingPoint\hls_case_IEEE754.h:117->C:\scratch\2024.1\hls_product\545\2024.1\src\shared\hls\clib\hlsmath\src\lib_floatconversion.cpp:51->hilbert.cpp:48->hilbert.cpp:66]   --->   Operation 225 'sext' 'sext_ln18' <Predicate = true> <Delay = 0.00>
ST_16 : Operation 226 [1/1] (0.39ns)   --->   "%select_ln18 = select i1 %tmp_30, i9 %sext_ln18, i9 %add_ln317" [C:\scratch\2024.1\hls_product\545\2024.1\src\shared\hls\clib/hlsmath/include/FloatingPoint\hls_case_IEEE754.h:18->C:\scratch\2024.1\hls_product\545\2024.1\src\shared\hls\clib/hlsmath/include/FloatingPoint\hls_case_IEEE754.h:117->C:\scratch\2024.1\hls_product\545\2024.1\src\shared\hls\clib\hlsmath\src\lib_floatconversion.cpp:51->hilbert.cpp:48->hilbert.cpp:66]   --->   Operation 226 'select' 'select_ln18' <Predicate = true> <Delay = 0.39> <CoreInst = "Sel">   --->   Core 73 'Sel' <Latency = 0> <II = 1> <Delay = 0.39> <FuncUnit> <Opcode : 'select'> <InPorts = 3> <OutPorts = 1>
ST_16 : Operation 227 [1/1] (0.00ns)   --->   "%sext_ln18_1 = sext i9 %select_ln18" [C:\scratch\2024.1\hls_product\545\2024.1\src\shared\hls\clib/hlsmath/include/FloatingPoint\hls_case_IEEE754.h:18->C:\scratch\2024.1\hls_product\545\2024.1\src\shared\hls\clib/hlsmath/include/FloatingPoint\hls_case_IEEE754.h:117->C:\scratch\2024.1\hls_product\545\2024.1\src\shared\hls\clib\hlsmath\src\lib_floatconversion.cpp:51->hilbert.cpp:48->hilbert.cpp:66]   --->   Operation 227 'sext' 'sext_ln18_1' <Predicate = true> <Delay = 0.00>
ST_16 : Operation 228 [1/1] (0.00ns)   --->   "%zext_ln18 = zext i32 %sext_ln18_1" [C:\scratch\2024.1\hls_product\545\2024.1\src\shared\hls\clib/hlsmath/include/FloatingPoint\hls_case_IEEE754.h:18->C:\scratch\2024.1\hls_product\545\2024.1\src\shared\hls\clib/hlsmath/include/FloatingPoint\hls_case_IEEE754.h:117->C:\scratch\2024.1\hls_product\545\2024.1\src\shared\hls\clib\hlsmath\src\lib_floatconversion.cpp:51->hilbert.cpp:48->hilbert.cpp:66]   --->   Operation 228 'zext' 'zext_ln18' <Predicate = true> <Delay = 0.00>
ST_16 : Operation 229 [1/1] (1.38ns)   --->   "%lshr_ln18 = lshr i79 %zext_ln15, i79 %zext_ln18" [C:\scratch\2024.1\hls_product\545\2024.1\src\shared\hls\clib/hlsmath/include/FloatingPoint\hls_case_IEEE754.h:18->C:\scratch\2024.1\hls_product\545\2024.1\src\shared\hls\clib/hlsmath/include/FloatingPoint\hls_case_IEEE754.h:117->C:\scratch\2024.1\hls_product\545\2024.1\src\shared\hls\clib\hlsmath\src\lib_floatconversion.cpp:51->hilbert.cpp:48->hilbert.cpp:66]   --->   Operation 229 'lshr' 'lshr_ln18' <Predicate = true> <Delay = 1.38> <CoreInst = "Shifter">   --->   Core 75 'Shifter' <Latency = 0> <II = 1> <Delay = 1.38> <FuncUnit> <Opcode : 'shl' 'lshr' 'ashr'> <InPorts = 2> <OutPorts = 1>
ST_16 : Operation 230 [1/1] (1.38ns)   --->   "%shl_ln18 = shl i79 %zext_ln15, i79 %zext_ln18" [C:\scratch\2024.1\hls_product\545\2024.1\src\shared\hls\clib/hlsmath/include/FloatingPoint\hls_case_IEEE754.h:18->C:\scratch\2024.1\hls_product\545\2024.1\src\shared\hls\clib/hlsmath/include/FloatingPoint\hls_case_IEEE754.h:117->C:\scratch\2024.1\hls_product\545\2024.1\src\shared\hls\clib\hlsmath\src\lib_floatconversion.cpp:51->hilbert.cpp:48->hilbert.cpp:66]   --->   Operation 230 'shl' 'shl_ln18' <Predicate = true> <Delay = 1.38> <CoreInst = "Shifter">   --->   Core 75 'Shifter' <Latency = 0> <II = 1> <Delay = 1.38> <FuncUnit> <Opcode : 'shl' 'lshr' 'ashr'> <InPorts = 2> <OutPorts = 1>
ST_16 : Operation 231 [1/1] (0.00ns)   --->   "%tmp_3 = partselect i32 @_ssdm_op_PartSelect.i32.i79.i32.i32, i79 %lshr_ln18, i32 24, i32 55" [C:\scratch\2024.1\hls_product\545\2024.1\src\shared\hls\clib/hlsmath/include/FloatingPoint\hls_case_IEEE754.h:21->C:\scratch\2024.1\hls_product\545\2024.1\src\shared\hls\clib/hlsmath/include/FloatingPoint\hls_case_IEEE754.h:117->C:\scratch\2024.1\hls_product\545\2024.1\src\shared\hls\clib\hlsmath\src\lib_floatconversion.cpp:51->hilbert.cpp:48->hilbert.cpp:66]   --->   Operation 231 'partselect' 'tmp_3' <Predicate = true> <Delay = 0.00>
ST_16 : Operation 232 [1/1] (0.00ns)   --->   "%tmp_4 = partselect i32 @_ssdm_op_PartSelect.i32.i79.i32.i32, i79 %shl_ln18, i32 24, i32 55" [C:\scratch\2024.1\hls_product\545\2024.1\src\shared\hls\clib/hlsmath/include/FloatingPoint\hls_case_IEEE754.h:21->C:\scratch\2024.1\hls_product\545\2024.1\src\shared\hls\clib/hlsmath/include/FloatingPoint\hls_case_IEEE754.h:117->C:\scratch\2024.1\hls_product\545\2024.1\src\shared\hls\clib\hlsmath\src\lib_floatconversion.cpp:51->hilbert.cpp:48->hilbert.cpp:66]   --->   Operation 232 'partselect' 'tmp_4' <Predicate = true> <Delay = 0.00>
ST_16 : Operation 233 [1/1] (0.44ns)   --->   "%val = select i1 %tmp_30, i32 %tmp_3, i32 %tmp_4" [C:\scratch\2024.1\hls_product\545\2024.1\src\shared\hls\clib/hlsmath/include/FloatingPoint\hls_case_IEEE754.h:18->C:\scratch\2024.1\hls_product\545\2024.1\src\shared\hls\clib/hlsmath/include/FloatingPoint\hls_case_IEEE754.h:117->C:\scratch\2024.1\hls_product\545\2024.1\src\shared\hls\clib\hlsmath\src\lib_floatconversion.cpp:51->hilbert.cpp:48->hilbert.cpp:66]   --->   Operation 233 'select' 'val' <Predicate = true> <Delay = 0.44> <CoreInst = "Sel">   --->   Core 73 'Sel' <Latency = 0> <II = 1> <Delay = 0.44> <FuncUnit> <Opcode : 'select'> <InPorts = 3> <OutPorts = 1>
ST_16 : Operation 234 [1/1] (1.01ns)   --->   "%result_1 = sub i32 0, i32 %val" [C:\scratch\2024.1\hls_product\545\2024.1\src\shared\hls\clib/hlsmath/include/FloatingPoint\hls_case_IEEE754.h:59->C:\scratch\2024.1\hls_product\545\2024.1\src\shared\hls\clib/hlsmath/include/FloatingPoint\hls_case_IEEE754.h:117->C:\scratch\2024.1\hls_product\545\2024.1\src\shared\hls\clib\hlsmath\src\lib_floatconversion.cpp:51->hilbert.cpp:48->hilbert.cpp:66]   --->   Operation 234 'sub' 'result_1' <Predicate = true> <Delay = 1.01> <CoreInst = "Adder">   --->   Core 1 'Adder' <Latency = 0> <II = 1> <Delay = 1.01> <FuncUnit> <Opcode : 'add' 'sub'> <InPorts = 2> <OutPorts = 1>
ST_16 : Operation 235 [1/1] (0.44ns)   --->   "%result = select i1 %xs_sign, i32 %result_1, i32 %val" [C:\scratch\2024.1\hls_product\545\2024.1\src\shared\hls\clib/hlsmath/include/FloatingPoint\hls_case_IEEE754.h:59->C:\scratch\2024.1\hls_product\545\2024.1\src\shared\hls\clib/hlsmath/include/FloatingPoint\hls_case_IEEE754.h:117->C:\scratch\2024.1\hls_product\545\2024.1\src\shared\hls\clib\hlsmath\src\lib_floatconversion.cpp:51->hilbert.cpp:48->hilbert.cpp:66]   --->   Operation 235 'select' 'result' <Predicate = true> <Delay = 0.44> <CoreInst = "Sel">   --->   Core 73 'Sel' <Latency = 0> <II = 1> <Delay = 0.44> <FuncUnit> <Opcode : 'select'> <InPorts = 3> <OutPorts = 1>
ST_16 : Operation 236 [2/2] (0.49ns)   --->   "%write_ln70 = write void @_ssdm_op_Write.axis.volatile.i32P0A.i4P0A.i4P0A.i2P0A.i1P0A.i5P0A.i6P0A, i32 %out_stream_V_data_V, i4 %out_stream_V_keep_V, i4 %out_stream_V_strb_V, i2 %out_stream_V_user_V, i1 %out_stream_V_last_V, i5 %out_stream_V_id_V, i6 %out_stream_V_dest_V, i32 %result, i4 %tmp_keep, i4 %tmp_strb, i2 %tmp_user, i1 %tmp_last, i5 %tmp_id, i6 %tmp_dest" [hilbert.cpp:70]   --->   Operation 236 'write' 'write_ln70' <Predicate = true> <Delay = 0.49> <CoreInst = "regslice">   --->   Core 148 'regslice' <Latency = 0> <II = 1> <Delay = 0.65> <Adapter> <Opcode : 'read' 'write'>

State 17 <SV = 16> <Delay = 0.49>
ST_17 : Operation 237 [1/2] (0.49ns)   --->   "%write_ln70 = write void @_ssdm_op_Write.axis.volatile.i32P0A.i4P0A.i4P0A.i2P0A.i1P0A.i5P0A.i6P0A, i32 %out_stream_V_data_V, i4 %out_stream_V_keep_V, i4 %out_stream_V_strb_V, i2 %out_stream_V_user_V, i1 %out_stream_V_last_V, i5 %out_stream_V_id_V, i6 %out_stream_V_dest_V, i32 %result, i4 %tmp_keep, i4 %tmp_strb, i2 %tmp_user, i1 %tmp_last, i5 %tmp_id, i6 %tmp_dest" [hilbert.cpp:70]   --->   Operation 237 'write' 'write_ln70' <Predicate = true> <Delay = 0.49> <CoreInst = "regslice">   --->   Core 148 'regslice' <Latency = 0> <II = 1> <Delay = 0.65> <Adapter> <Opcode : 'read' 'write'>
ST_17 : Operation 238 [1/1] (0.42ns)   --->   "%ret_ln75 = ret" [hilbert.cpp:75]   --->   Operation 238 'ret' 'ret_ln75' <Predicate = (tmp_last)> <Delay = 0.42>


============================================================
+ Verbose Summary: Binding
============================================================
STG Binding: 
---------------- STG Properties BEGIN ----------------
- Is combinational: 0
- Is one-state seq: 0
- Is datapath-only: 0
- Is pipelined: 0
- Is top level: 1
Port [ Return ] is wired: 1; IO mode=ap_ctrl_none:ce=0
Port [ in_stream_V_data_V]:  wired=1; compound=1; hidden=0; nouse=0; global=0; static=0; extern=0; dir=0; type=0; pingpong=0; private_global=0; IO mode=axis:ce=0
Port [ in_stream_V_keep_V]:  wired=1; compound=1; hidden=0; nouse=0; global=0; static=0; extern=0; dir=0; type=0; pingpong=0; private_global=0; IO mode=axis:ce=0
Port [ in_stream_V_strb_V]:  wired=1; compound=1; hidden=0; nouse=0; global=0; static=0; extern=0; dir=0; type=0; pingpong=0; private_global=0; IO mode=axis:ce=0
Port [ in_stream_V_user_V]:  wired=1; compound=1; hidden=0; nouse=0; global=0; static=0; extern=0; dir=0; type=0; pingpong=0; private_global=0; IO mode=axis:ce=0
Port [ in_stream_V_last_V]:  wired=1; compound=1; hidden=0; nouse=0; global=0; static=0; extern=0; dir=0; type=0; pingpong=0; private_global=0; IO mode=axis:ce=0
Port [ in_stream_V_id_V]:  wired=1; compound=1; hidden=0; nouse=0; global=0; static=0; extern=0; dir=0; type=0; pingpong=0; private_global=0; IO mode=axis:ce=0
Port [ in_stream_V_dest_V]:  wired=1; compound=1; hidden=0; nouse=0; global=0; static=0; extern=0; dir=0; type=0; pingpong=0; private_global=0; IO mode=axis:ce=0
Port [ out_stream_V_data_V]:  wired=1; compound=1; hidden=0; nouse=0; global=0; static=0; extern=0; dir=1; type=0; pingpong=0; private_global=0; IO mode=axis:ce=0
Port [ out_stream_V_keep_V]:  wired=1; compound=1; hidden=0; nouse=0; global=0; static=0; extern=0; dir=1; type=0; pingpong=0; private_global=0; IO mode=axis:ce=0
Port [ out_stream_V_strb_V]:  wired=1; compound=1; hidden=0; nouse=0; global=0; static=0; extern=0; dir=1; type=0; pingpong=0; private_global=0; IO mode=axis:ce=0
Port [ out_stream_V_user_V]:  wired=1; compound=1; hidden=0; nouse=0; global=0; static=0; extern=0; dir=1; type=0; pingpong=0; private_global=0; IO mode=axis:ce=0
Port [ out_stream_V_last_V]:  wired=1; compound=1; hidden=0; nouse=0; global=0; static=0; extern=0; dir=1; type=0; pingpong=0; private_global=0; IO mode=axis:ce=0
Port [ out_stream_V_id_V]:  wired=1; compound=1; hidden=0; nouse=0; global=0; static=0; extern=0; dir=1; type=0; pingpong=0; private_global=0; IO mode=axis:ce=0
Port [ out_stream_V_dest_V]:  wired=1; compound=1; hidden=0; nouse=0; global=0; static=0; extern=0; dir=1; type=0; pingpong=0; private_global=0; IO mode=axis:ce=0
Port [ p_ZZL7hilbertiRiE1x_23]:  wired=0; compound=0; hidden=1; nouse=0; global=1; static=1; extern=0; dir=2; type=0; pingpong=0; private_global=1; IO mode=ap_ovld:ce=0
Port [ p_ZZL7hilbertiRiE1x_22]:  wired=0; compound=0; hidden=1; nouse=0; global=1; static=1; extern=0; dir=2; type=0; pingpong=0; private_global=1; IO mode=ap_ovld:ce=0
Port [ p_ZZL7hilbertiRiE1x_21]:  wired=0; compound=0; hidden=1; nouse=0; global=1; static=1; extern=0; dir=2; type=0; pingpong=0; private_global=1; IO mode=ap_ovld:ce=0
Port [ p_ZZL7hilbertiRiE1x_20]:  wired=0; compound=0; hidden=1; nouse=0; global=1; static=1; extern=0; dir=2; type=0; pingpong=0; private_global=1; IO mode=ap_ovld:ce=0
Port [ p_ZZL7hilbertiRiE1x_19]:  wired=0; compound=0; hidden=1; nouse=0; global=1; static=1; extern=0; dir=2; type=0; pingpong=0; private_global=1; IO mode=ap_ovld:ce=0
Port [ p_ZZL7hilbertiRiE1x_18]:  wired=0; compound=0; hidden=1; nouse=0; global=1; static=1; extern=0; dir=2; type=0; pingpong=0; private_global=1; IO mode=ap_ovld:ce=0
Port [ p_ZZL7hilbertiRiE1x_17]:  wired=0; compound=0; hidden=1; nouse=0; global=1; static=1; extern=0; dir=2; type=0; pingpong=0; private_global=1; IO mode=ap_ovld:ce=0
Port [ p_ZZL7hilbertiRiE1x_16]:  wired=0; compound=0; hidden=1; nouse=0; global=1; static=1; extern=0; dir=2; type=0; pingpong=0; private_global=1; IO mode=ap_ovld:ce=0
Port [ p_ZZL7hilbertiRiE1x_15]:  wired=0; compound=0; hidden=1; nouse=0; global=1; static=1; extern=0; dir=2; type=0; pingpong=0; private_global=1; IO mode=ap_ovld:ce=0
Port [ p_ZZL7hilbertiRiE1x_14]:  wired=0; compound=0; hidden=1; nouse=0; global=1; static=1; extern=0; dir=2; type=0; pingpong=0; private_global=1; IO mode=ap_ovld:ce=0
Port [ p_ZZL7hilbertiRiE1x_13]:  wired=0; compound=0; hidden=1; nouse=0; global=1; static=1; extern=0; dir=2; type=0; pingpong=0; private_global=1; IO mode=ap_ovld:ce=0
Port [ p_ZZL7hilbertiRiE1x_12]:  wired=0; compound=0; hidden=1; nouse=0; global=1; static=1; extern=0; dir=2; type=0; pingpong=0; private_global=1; IO mode=ap_ovld:ce=0
Port [ p_ZZL7hilbertiRiE1x_11]:  wired=0; compound=0; hidden=1; nouse=0; global=1; static=1; extern=0; dir=2; type=0; pingpong=0; private_global=1; IO mode=ap_ovld:ce=0
Port [ p_ZZL7hilbertiRiE1x_10]:  wired=0; compound=0; hidden=1; nouse=0; global=1; static=1; extern=0; dir=2; type=0; pingpong=0; private_global=1; IO mode=ap_ovld:ce=0
Port [ hilbert_int_int_x_9]:  wired=0; compound=0; hidden=1; nouse=0; global=1; static=1; extern=0; dir=2; type=0; pingpong=0; private_global=1; IO mode=ap_ovld:ce=0
Port [ hilbert_int_int_x_8]:  wired=0; compound=0; hidden=1; nouse=0; global=1; static=1; extern=0; dir=2; type=0; pingpong=0; private_global=1; IO mode=ap_ovld:ce=0
Port [ hilbert_int_int_x_7]:  wired=0; compound=0; hidden=1; nouse=0; global=1; static=1; extern=0; dir=2; type=0; pingpong=0; private_global=1; IO mode=ap_ovld:ce=0
Port [ hilbert_int_int_x_6]:  wired=0; compound=0; hidden=1; nouse=0; global=1; static=1; extern=0; dir=2; type=0; pingpong=0; private_global=1; IO mode=ap_ovld:ce=0
Port [ hilbert_int_int_x_5]:  wired=0; compound=0; hidden=1; nouse=0; global=1; static=1; extern=0; dir=2; type=0; pingpong=0; private_global=1; IO mode=ap_ovld:ce=0
Port [ hilbert_int_int_x_4]:  wired=0; compound=0; hidden=1; nouse=0; global=1; static=1; extern=0; dir=2; type=0; pingpong=0; private_global=1; IO mode=ap_ovld:ce=0
Port [ hilbert_int_int_x_3]:  wired=0; compound=0; hidden=1; nouse=0; global=1; static=1; extern=0; dir=2; type=0; pingpong=0; private_global=1; IO mode=ap_ovld:ce=0
Port [ hilbert_int_int_x_2]:  wired=0; compound=0; hidden=1; nouse=0; global=1; static=1; extern=0; dir=2; type=0; pingpong=0; private_global=1; IO mode=ap_ovld:ce=0
Port [ hilbert_int_int_x_1]:  wired=0; compound=0; hidden=1; nouse=0; global=1; static=1; extern=0; dir=2; type=0; pingpong=0; private_global=1; IO mode=ap_ovld:ce=0
Port [ hilbert_int_int_x]:  wired=0; compound=0; hidden=1; nouse=0; global=1; static=1; extern=0; dir=2; type=0; pingpong=0; private_global=1; IO mode=ap_ovld:ce=0
---------------- STG Properties END ------------------

---------------- Datapath Model BEGIN ----------------

<LifeTime>
<method=bitvector/>
spectopmodule_ln51          (spectopmodule      ) [ 000000000000000000]
specinterface_ln51          (specinterface      ) [ 000000000000000000]
specinterface_ln0           (specinterface      ) [ 000000000000000000]
specbitsmap_ln0             (specbitsmap        ) [ 000000000000000000]
specbitsmap_ln0             (specbitsmap        ) [ 000000000000000000]
specbitsmap_ln0             (specbitsmap        ) [ 000000000000000000]
specbitsmap_ln0             (specbitsmap        ) [ 000000000000000000]
specbitsmap_ln0             (specbitsmap        ) [ 000000000000000000]
specbitsmap_ln0             (specbitsmap        ) [ 000000000000000000]
specbitsmap_ln0             (specbitsmap        ) [ 000000000000000000]
specinterface_ln0           (specinterface      ) [ 000000000000000000]
specbitsmap_ln0             (specbitsmap        ) [ 000000000000000000]
specbitsmap_ln0             (specbitsmap        ) [ 000000000000000000]
specbitsmap_ln0             (specbitsmap        ) [ 000000000000000000]
specbitsmap_ln0             (specbitsmap        ) [ 000000000000000000]
specbitsmap_ln0             (specbitsmap        ) [ 000000000000000000]
specbitsmap_ln0             (specbitsmap        ) [ 000000000000000000]
specbitsmap_ln0             (specbitsmap        ) [ 000000000000000000]
specaxissidechannel_ln59    (specaxissidechannel) [ 000000000000000000]
specaxissidechannel_ln59    (specaxissidechannel) [ 000000000000000000]
br_ln59                     (br                 ) [ 000000000000000000]
empty                       (read               ) [ 000000000000000000]
tmp_data_1                  (extractvalue       ) [ 000000000000000000]
tmp_keep                    (extractvalue       ) [ 011111111111111111]
tmp_strb                    (extractvalue       ) [ 011111111111111111]
tmp_user                    (extractvalue       ) [ 011111111111111111]
tmp_last                    (extractvalue       ) [ 011111111111111111]
tmp_id                      (extractvalue       ) [ 011111111111111111]
tmp_dest                    (extractvalue       ) [ 011111111111111111]
hilbert_int_int_x           (load               ) [ 000000000000000000]
hilbert_int_int_x_15        (load               ) [ 000000000000000000]
store_ln30                  (store              ) [ 000000000000000000]
hilbert_int_int_x_16        (load               ) [ 000000000000000000]
store_ln30                  (store              ) [ 000000000000000000]
p_ZZL7hilbertiRiE1x_20_load (load               ) [ 000000000000000000]
store_ln30                  (store              ) [ 000000000000000000]
p_ZZL7hilbertiRiE1x_19_load (load               ) [ 000000000000000000]
store_ln30                  (store              ) [ 000000000000000000]
p_ZZL7hilbertiRiE1x_18_load (load               ) [ 000000000000000000]
store_ln30                  (store              ) [ 000000000000000000]
p_ZZL7hilbertiRiE1x_17_load (load               ) [ 000000000000000000]
store_ln30                  (store              ) [ 000000000000000000]
p_ZZL7hilbertiRiE1x_16_load (load               ) [ 000000000000000000]
store_ln30                  (store              ) [ 000000000000000000]
hilbert_int_int_x_17        (load               ) [ 000000000000000000]
store_ln30                  (store              ) [ 000000000000000000]
hilbert_int_int_x_18        (load               ) [ 000000000000000000]
store_ln30                  (store              ) [ 000000000000000000]
hilbert_int_int_x_19        (load               ) [ 000000000000000000]
store_ln30                  (store              ) [ 000000000000000000]
hilbert_int_int_x_20        (load               ) [ 000000000000000000]
store_ln30                  (store              ) [ 000000000000000000]
I_path                      (load               ) [ 011100000000000000]
store_ln30                  (store              ) [ 000000000000000000]
p_ZZL7hilbertiRiE1x_10_load (load               ) [ 000000000000000000]
store_ln30                  (store              ) [ 000000000000000000]
hilbert_int_int_x_9_load    (load               ) [ 000000000000000000]
store_ln30                  (store              ) [ 000000000000000000]
hilbert_int_int_x_8_load    (load               ) [ 000000000000000000]
store_ln30                  (store              ) [ 000000000000000000]
hilbert_int_int_x_7_load    (load               ) [ 000000000000000000]
store_ln30                  (store              ) [ 000000000000000000]
hilbert_int_int_x_6_load    (load               ) [ 000000000000000000]
store_ln30                  (store              ) [ 000000000000000000]
hilbert_int_int_x_5_load    (load               ) [ 000000000000000000]
store_ln30                  (store              ) [ 000000000000000000]
hilbert_int_int_x_4_load    (load               ) [ 000000000000000000]
store_ln30                  (store              ) [ 000000000000000000]
hilbert_int_int_x_3_load    (load               ) [ 000000000000000000]
store_ln30                  (store              ) [ 000000000000000000]
hilbert_int_int_x_2_load    (load               ) [ 000000000000000000]
store_ln30                  (store              ) [ 000000000000000000]
hilbert_int_int_x_1_load    (load               ) [ 000000000000000000]
store_ln30                  (store              ) [ 000000000000000000]
hilbert_int_int_x_load      (load               ) [ 000000000000000000]
store_ln30                  (store              ) [ 000000000000000000]
store_ln32                  (store              ) [ 000000000000000000]
sub_ln37                    (sub                ) [ 000000000000000000]
sext_ln38                   (sext               ) [ 000000000000000000]
sub_ln38                    (sub                ) [ 000000000000000000]
sext_ln39                   (sext               ) [ 000000000000000000]
sub_ln39                    (sub                ) [ 000000000000000000]
sext_ln40                   (sext               ) [ 000000000000000000]
sub_ln40                    (sub                ) [ 000000000000000000]
sext_ln41                   (sext               ) [ 000000000000000000]
sub_ln41                    (sub                ) [ 000000000000000000]
sub_ln42                    (sub                ) [ 000000000000000000]
tmp                         (bitconcatenate     ) [ 000000000000000000]
sext_ln45                   (sext               ) [ 000000000000000000]
tmp_1                       (bitconcatenate     ) [ 000000000000000000]
sext_ln45_1                 (sext               ) [ 000000000000000000]
sub_ln45_2                  (sub                ) [ 000000000000000000]
tmp_5                       (bitconcatenate     ) [ 000000000000000000]
sext_ln45_7                 (sext               ) [ 000000000000000000]
add_ln45_5                  (add                ) [ 000000000000000000]
tmp_6                       (bitconcatenate     ) [ 000000000000000000]
sext_ln45_8                 (sext               ) [ 000000000000000000]
sub_ln45_3                  (sub                ) [ 000000000000000000]
add_ln45_6                  (add                ) [ 000000000000000000]
tmp_7                       (bitconcatenate     ) [ 000000000000000000]
sext_ln45_9                 (sext               ) [ 000000000000000000]
tmp_8                       (bitconcatenate     ) [ 000000000000000000]
sext_ln45_10                (sext               ) [ 000000000000000000]
add_ln45_7                  (add                ) [ 000000000000000000]
tmp_9                       (bitconcatenate     ) [ 000000000000000000]
sext_ln45_11                (sext               ) [ 000000000000000000]
add_ln45_8                  (add                ) [ 000000000000000000]
sub_ln45_4                  (sub                ) [ 000000000000000000]
sext_ln45_2                 (sext               ) [ 000000000000000000]
tmp_10                      (bitconcatenate     ) [ 000000000000000000]
sext_ln45_12                (sext               ) [ 000000000000000000]
tmp_11                      (bitconcatenate     ) [ 000000000000000000]
sext_ln45_13                (sext               ) [ 000000000000000000]
add_ln45_9                  (add                ) [ 000000000000000000]
tmp_12                      (bitconcatenate     ) [ 000000000000000000]
sext_ln45_14                (sext               ) [ 000000000000000000]
add_ln45_10                 (add                ) [ 000000000000000000]
tmp_13                      (bitconcatenate     ) [ 000000000000000000]
sext_ln45_15                (sext               ) [ 000000000000000000]
add_ln45_11                 (add                ) [ 000000000000000000]
tmp_14                      (bitconcatenate     ) [ 000000000000000000]
sext_ln45_16                (sext               ) [ 000000000000000000]
tmp_15                      (bitconcatenate     ) [ 000000000000000000]
sext_ln45_17                (sext               ) [ 000000000000000000]
add_ln45_12                 (add                ) [ 000000000000000000]
tmp_16                      (bitconcatenate     ) [ 000000000000000000]
sext_ln45_18                (sext               ) [ 000000000000000000]
sub_ln45_5                  (sub                ) [ 000000000000000000]
add_ln45_13                 (add                ) [ 000000000000000000]
tmp_17                      (bitconcatenate     ) [ 000000000000000000]
sext_ln45_19                (sext               ) [ 000000000000000000]
tmp_18                      (bitconcatenate     ) [ 000000000000000000]
sext_ln45_20                (sext               ) [ 000000000000000000]
sub_ln45_6                  (sub                ) [ 000000000000000000]
tmp_19                      (bitconcatenate     ) [ 000000000000000000]
sext_ln45_21                (sext               ) [ 000000000000000000]
add_ln45_14                 (add                ) [ 000000000000000000]
tmp_20                      (bitconcatenate     ) [ 000000000000000000]
sext_ln45_22                (sext               ) [ 000000000000000000]
sub_ln45_7                  (sub                ) [ 000000000000000000]
tmp_21                      (bitconcatenate     ) [ 000000000000000000]
sext_ln45_23                (sext               ) [ 000000000000000000]
sub_ln45_8                  (sub                ) [ 000000000000000000]
tmp_22                      (bitconcatenate     ) [ 000000000000000000]
sext_ln45_24                (sext               ) [ 000000000000000000]
tmp_23                      (bitconcatenate     ) [ 000000000000000000]
sext_ln45_25                (sext               ) [ 000000000000000000]
sub_ln45_9                  (sub                ) [ 000000000000000000]
tmp_24                      (bitconcatenate     ) [ 000000000000000000]
sext_ln45_26                (sext               ) [ 000000000000000000]
sub_ln45_10                 (sub                ) [ 000000000000000000]
tmp_25                      (bitconcatenate     ) [ 000000000000000000]
sext_ln45_27                (sext               ) [ 000000000000000000]
add_ln45_15                 (add                ) [ 000000000000000000]
sub_ln45_11                 (sub                ) [ 000000000000000000]
add_ln45                    (add                ) [ 000000000000000000]
sext_ln45_3                 (sext               ) [ 000000000000000000]
add_ln45_1                  (add                ) [ 000000000000000000]
add_ln45_2                  (add                ) [ 000000000000000000]
sext_ln45_4                 (sext               ) [ 000000000000000000]
add_ln45_3                  (add                ) [ 000000000000000000]
sext_ln45_5                 (sext               ) [ 000000000000000000]
add_ln45_4                  (add                ) [ 011000000000000000]
tmp_26                      (bitselect          ) [ 011000000000000000]
br_ln62                     (br                 ) [ 000000000000000000]
specpipeline_ln60           (specpipeline       ) [ 000000000000000000]
specloopname_ln59           (specloopname       ) [ 000000000000000000]
br_ln59                     (br                 ) [ 000000000000000000]
sext_ln45_28                (sext               ) [ 000000000000000000]
mul_ln45                    (mul                ) [ 000000000000000000]
sub_ln45                    (sub                ) [ 000000000000000000]
tmp_27                      (partselect         ) [ 000000000000000000]
tmp_28                      (partselect         ) [ 000000000000000000]
sext_ln45_29                (sext               ) [ 000000000000000000]
select_ln45_1               (select             ) [ 000000000000000000]
sext_ln45_30                (sext               ) [ 000000000000000000]
sub_ln45_1                  (sub                ) [ 000000000000000000]
Q_path                      (select             ) [ 010100000000000000]
sext_ln45_6                 (sext               ) [ 000000000000000000]
sext_ln47                   (sext               ) [ 000000000000000000]
mul_ln47                    (mul                ) [ 010010000000000000]
mul_ln47_1                  (mul                ) [ 010010000000000000]
mag_sq                      (add                ) [ 010001110000000000]
x_assign                    (sitofp             ) [ 010000001111111100]
dc                          (fsqrt              ) [ 010000000000000010]
data                        (bitcast            ) [ 000000000000000000]
xs_sign                     (bitselect          ) [ 000000000000000000]
xs_exp                      (partselect         ) [ 000000000000000000]
trunc_ln342                 (trunc              ) [ 000000000000000000]
mantissa                    (bitconcatenate     ) [ 000000000000000000]
zext_ln15                   (zext               ) [ 000000000000000000]
zext_ln317                  (zext               ) [ 000000000000000000]
add_ln317                   (add                ) [ 000000000000000000]
tmp_30                      (bitselect          ) [ 000000000000000000]
sub_ln18                    (sub                ) [ 000000000000000000]
sext_ln18                   (sext               ) [ 000000000000000000]
select_ln18                 (select             ) [ 000000000000000000]
sext_ln18_1                 (sext               ) [ 000000000000000000]
zext_ln18                   (zext               ) [ 000000000000000000]
lshr_ln18                   (lshr               ) [ 000000000000000000]
shl_ln18                    (shl                ) [ 000000000000000000]
tmp_3                       (partselect         ) [ 000000000000000000]
tmp_4                       (partselect         ) [ 000000000000000000]
val                         (select             ) [ 000000000000000000]
result_1                    (sub                ) [ 000000000000000000]
result                      (select             ) [ 010000000000000001]
write_ln70                  (write              ) [ 000000000000000000]
ret_ln75                    (ret                ) [ 000000000000000000]
</LifeTime>

<model>

<comp_list>
<comp id="0" class="1000" name="in_stream_V_data_V">
<pin_list>
<pin id="1" dir="1" index="0" bw="1" slack="0"/>
</pin_list>
<bind>
<StgValue><ssdm name="in_stream_V_data_V"/></StgValue>
</bind>
</comp>

<comp id="2" class="1000" name="in_stream_V_keep_V">
<pin_list>
<pin id="3" dir="1" index="0" bw="1" slack="0"/>
</pin_list>
<bind>
<StgValue><ssdm name="in_stream_V_keep_V"/></StgValue>
</bind>
</comp>

<comp id="4" class="1000" name="in_stream_V_strb_V">
<pin_list>
<pin id="5" dir="1" index="0" bw="1" slack="0"/>
</pin_list>
<bind>
<StgValue><ssdm name="in_stream_V_strb_V"/></StgValue>
</bind>
</comp>

<comp id="6" class="1000" name="in_stream_V_user_V">
<pin_list>
<pin id="7" dir="1" index="0" bw="1" slack="0"/>
</pin_list>
<bind>
<StgValue><ssdm name="in_stream_V_user_V"/></StgValue>
</bind>
</comp>

<comp id="8" class="1000" name="in_stream_V_last_V">
<pin_list>
<pin id="9" dir="1" index="0" bw="1" slack="0"/>
</pin_list>
<bind>
<StgValue><ssdm name="in_stream_V_last_V"/></StgValue>
</bind>
</comp>

<comp id="10" class="1000" name="in_stream_V_id_V">
<pin_list>
<pin id="11" dir="1" index="0" bw="1" slack="0"/>
</pin_list>
<bind>
<StgValue><ssdm name="in_stream_V_id_V"/></StgValue>
</bind>
</comp>

<comp id="12" class="1000" name="in_stream_V_dest_V">
<pin_list>
<pin id="13" dir="1" index="0" bw="1" slack="0"/>
</pin_list>
<bind>
<StgValue><ssdm name="in_stream_V_dest_V"/></StgValue>
</bind>
</comp>

<comp id="14" class="1000" name="out_stream_V_data_V">
<pin_list>
<pin id="15" dir="1" index="0" bw="1" slack="0"/>
</pin_list>
<bind>
<StgValue><ssdm name="out_stream_V_data_V"/></StgValue>
</bind>
</comp>

<comp id="16" class="1000" name="out_stream_V_keep_V">
<pin_list>
<pin id="17" dir="1" index="0" bw="1" slack="0"/>
</pin_list>
<bind>
<StgValue><ssdm name="out_stream_V_keep_V"/></StgValue>
</bind>
</comp>

<comp id="18" class="1000" name="out_stream_V_strb_V">
<pin_list>
<pin id="19" dir="1" index="0" bw="1" slack="0"/>
</pin_list>
<bind>
<StgValue><ssdm name="out_stream_V_strb_V"/></StgValue>
</bind>
</comp>

<comp id="20" class="1000" name="out_stream_V_user_V">
<pin_list>
<pin id="21" dir="1" index="0" bw="1" slack="0"/>
</pin_list>
<bind>
<StgValue><ssdm name="out_stream_V_user_V"/></StgValue>
</bind>
</comp>

<comp id="22" class="1000" name="out_stream_V_last_V">
<pin_list>
<pin id="23" dir="1" index="0" bw="1" slack="0"/>
</pin_list>
<bind>
<StgValue><ssdm name="out_stream_V_last_V"/></StgValue>
</bind>
</comp>

<comp id="24" class="1000" name="out_stream_V_id_V">
<pin_list>
<pin id="25" dir="1" index="0" bw="1" slack="0"/>
</pin_list>
<bind>
<StgValue><ssdm name="out_stream_V_id_V"/></StgValue>
</bind>
</comp>

<comp id="26" class="1000" name="out_stream_V_dest_V">
<pin_list>
<pin id="27" dir="1" index="0" bw="1" slack="0"/>
</pin_list>
<bind>
<StgValue><ssdm name="out_stream_V_dest_V"/></StgValue>
</bind>
</comp>

<comp id="28" class="1000" name="p_ZZL7hilbertiRiE1x_23">
<pin_list>
<pin id="29" dir="1" index="0" bw="1" slack="0"/>
</pin_list>
<bind>
<StgValue><ssdm name="p_ZZL7hilbertiRiE1x_23"/></StgValue>
</bind>
</comp>

<comp id="30" class="1000" name="p_ZZL7hilbertiRiE1x_22">
<pin_list>
<pin id="31" dir="1" index="0" bw="1" slack="0"/>
</pin_list>
<bind>
<StgValue><ssdm name="p_ZZL7hilbertiRiE1x_22"/></StgValue>
</bind>
</comp>

<comp id="32" class="1000" name="p_ZZL7hilbertiRiE1x_21">
<pin_list>
<pin id="33" dir="1" index="0" bw="1" slack="0"/>
</pin_list>
<bind>
<StgValue><ssdm name="p_ZZL7hilbertiRiE1x_21"/></StgValue>
</bind>
</comp>

<comp id="34" class="1000" name="p_ZZL7hilbertiRiE1x_20">
<pin_list>
<pin id="35" dir="1" index="0" bw="1" slack="0"/>
</pin_list>
<bind>
<StgValue><ssdm name="p_ZZL7hilbertiRiE1x_20"/></StgValue>
</bind>
</comp>

<comp id="36" class="1000" name="p_ZZL7hilbertiRiE1x_19">
<pin_list>
<pin id="37" dir="1" index="0" bw="1" slack="0"/>
</pin_list>
<bind>
<StgValue><ssdm name="p_ZZL7hilbertiRiE1x_19"/></StgValue>
</bind>
</comp>

<comp id="38" class="1000" name="p_ZZL7hilbertiRiE1x_18">
<pin_list>
<pin id="39" dir="1" index="0" bw="1" slack="0"/>
</pin_list>
<bind>
<StgValue><ssdm name="p_ZZL7hilbertiRiE1x_18"/></StgValue>
</bind>
</comp>

<comp id="40" class="1000" name="p_ZZL7hilbertiRiE1x_17">
<pin_list>
<pin id="41" dir="1" index="0" bw="1" slack="0"/>
</pin_list>
<bind>
<StgValue><ssdm name="p_ZZL7hilbertiRiE1x_17"/></StgValue>
</bind>
</comp>

<comp id="42" class="1000" name="p_ZZL7hilbertiRiE1x_16">
<pin_list>
<pin id="43" dir="1" index="0" bw="1" slack="0"/>
</pin_list>
<bind>
<StgValue><ssdm name="p_ZZL7hilbertiRiE1x_16"/></StgValue>
</bind>
</comp>

<comp id="44" class="1000" name="p_ZZL7hilbertiRiE1x_15">
<pin_list>
<pin id="45" dir="1" index="0" bw="1" slack="0"/>
</pin_list>
<bind>
<StgValue><ssdm name="p_ZZL7hilbertiRiE1x_15"/></StgValue>
</bind>
</comp>

<comp id="46" class="1000" name="p_ZZL7hilbertiRiE1x_14">
<pin_list>
<pin id="47" dir="1" index="0" bw="1" slack="0"/>
</pin_list>
<bind>
<StgValue><ssdm name="p_ZZL7hilbertiRiE1x_14"/></StgValue>
</bind>
</comp>

<comp id="48" class="1000" name="p_ZZL7hilbertiRiE1x_13">
<pin_list>
<pin id="49" dir="1" index="0" bw="1" slack="0"/>
</pin_list>
<bind>
<StgValue><ssdm name="p_ZZL7hilbertiRiE1x_13"/></StgValue>
</bind>
</comp>

<comp id="50" class="1000" name="p_ZZL7hilbertiRiE1x_12">
<pin_list>
<pin id="51" dir="1" index="0" bw="1" slack="0"/>
</pin_list>
<bind>
<StgValue><ssdm name="p_ZZL7hilbertiRiE1x_12"/></StgValue>
</bind>
</comp>

<comp id="52" class="1000" name="p_ZZL7hilbertiRiE1x_11">
<pin_list>
<pin id="53" dir="1" index="0" bw="1" slack="0"/>
</pin_list>
<bind>
<StgValue><ssdm name="p_ZZL7hilbertiRiE1x_11"/></StgValue>
</bind>
</comp>

<comp id="54" class="1000" name="p_ZZL7hilbertiRiE1x_10">
<pin_list>
<pin id="55" dir="1" index="0" bw="1" slack="0"/>
</pin_list>
<bind>
<StgValue><ssdm name="p_ZZL7hilbertiRiE1x_10"/></StgValue>
</bind>
</comp>

<comp id="56" class="1000" name="hilbert_int_int_x_9">
<pin_list>
<pin id="57" dir="1" index="0" bw="1" slack="0"/>
</pin_list>
<bind>
<StgValue><ssdm name="hilbert_int_int_x_9"/></StgValue>
</bind>
</comp>

<comp id="58" class="1000" name="hilbert_int_int_x_8">
<pin_list>
<pin id="59" dir="1" index="0" bw="1" slack="0"/>
</pin_list>
<bind>
<StgValue><ssdm name="hilbert_int_int_x_8"/></StgValue>
</bind>
</comp>

<comp id="60" class="1000" name="hilbert_int_int_x_7">
<pin_list>
<pin id="61" dir="1" index="0" bw="1" slack="0"/>
</pin_list>
<bind>
<StgValue><ssdm name="hilbert_int_int_x_7"/></StgValue>
</bind>
</comp>

<comp id="62" class="1000" name="hilbert_int_int_x_6">
<pin_list>
<pin id="63" dir="1" index="0" bw="1" slack="0"/>
</pin_list>
<bind>
<StgValue><ssdm name="hilbert_int_int_x_6"/></StgValue>
</bind>
</comp>

<comp id="64" class="1000" name="hilbert_int_int_x_5">
<pin_list>
<pin id="65" dir="1" index="0" bw="1" slack="0"/>
</pin_list>
<bind>
<StgValue><ssdm name="hilbert_int_int_x_5"/></StgValue>
</bind>
</comp>

<comp id="66" class="1000" name="hilbert_int_int_x_4">
<pin_list>
<pin id="67" dir="1" index="0" bw="1" slack="0"/>
</pin_list>
<bind>
<StgValue><ssdm name="hilbert_int_int_x_4"/></StgValue>
</bind>
</comp>

<comp id="68" class="1000" name="hilbert_int_int_x_3">
<pin_list>
<pin id="69" dir="1" index="0" bw="1" slack="0"/>
</pin_list>
<bind>
<StgValue><ssdm name="hilbert_int_int_x_3"/></StgValue>
</bind>
</comp>

<comp id="70" class="1000" name="hilbert_int_int_x_2">
<pin_list>
<pin id="71" dir="1" index="0" bw="1" slack="0"/>
</pin_list>
<bind>
<StgValue><ssdm name="hilbert_int_int_x_2"/></StgValue>
</bind>
</comp>

<comp id="72" class="1000" name="hilbert_int_int_x_1">
<pin_list>
<pin id="73" dir="1" index="0" bw="1" slack="0"/>
</pin_list>
<bind>
<StgValue><ssdm name="hilbert_int_int_x_1"/></StgValue>
</bind>
</comp>

<comp id="74" class="1000" name="hilbert_int_int_x">
<pin_list>
<pin id="75" dir="1" index="0" bw="1" slack="0"/>
</pin_list>
<bind>
<StgValue><ssdm name="hilbert_int_int_x"/></StgValue>
</bind>
</comp>

<comp id="76" class="1001" name="const_76">
<pin_list>
<pin id="77" dir="1" index="0" bw="1" slack="2147483647"/>
</pin_list>
<bind>
<StgValue><ssdm name="_ssdm_op_SpecTopModule"/></StgValue>
</bind>
</comp>

<comp id="78" class="1001" name="const_78">
<pin_list>
<pin id="79" dir="1" index="0" bw="1" slack="2147483647"/>
</pin_list>
<bind>
<StgValue><ssdm name="empty_1"/></StgValue>
</bind>
</comp>

<comp id="80" class="1001" name="const_80">
<pin_list>
<pin id="81" dir="1" index="0" bw="1" slack="2147483647"/>
</pin_list>
<bind>
<StgValue><ssdm name="_ssdm_op_SpecInterface"/></StgValue>
</bind>
</comp>

<comp id="82" class="1001" name="const_82">
<pin_list>
<pin id="83" dir="1" index="0" bw="1" slack="0"/>
</pin_list>
<bind>
<StgValue><ssdm name=""/></StgValue>
</bind>
</comp>

<comp id="84" class="1001" name="const_84">
<pin_list>
<pin id="85" dir="1" index="0" bw="1" slack="2147483647"/>
</pin_list>
<bind>
<StgValue><ssdm name="empty_0"/></StgValue>
</bind>
</comp>

<comp id="86" class="1001" name="const_86">
<pin_list>
<pin id="87" dir="1" index="0" bw="1" slack="2147483647"/>
</pin_list>
<bind>
<StgValue><ssdm name="empty_6"/></StgValue>
</bind>
</comp>

<comp id="88" class="1001" name="const_88">
<pin_list>
<pin id="89" dir="1" index="0" bw="1" slack="2147483647"/>
</pin_list>
<bind>
<StgValue><ssdm name=""/></StgValue>
</bind>
</comp>

<comp id="90" class="1001" name="const_90">
<pin_list>
<pin id="91" dir="1" index="0" bw="1" slack="2147483647"/>
</pin_list>
<bind>
<StgValue><ssdm name="empty_4"/></StgValue>
</bind>
</comp>

<comp id="92" class="1001" name="const_92">
<pin_list>
<pin id="93" dir="1" index="0" bw="1" slack="2147483647"/>
</pin_list>
<bind>
<StgValue><ssdm name=""/></StgValue>
</bind>
</comp>

<comp id="94" class="1001" name="const_94">
<pin_list>
<pin id="95" dir="1" index="0" bw="1" slack="2147483647"/>
</pin_list>
<bind>
<StgValue><ssdm name="empty_5"/></StgValue>
</bind>
</comp>

<comp id="96" class="1001" name="const_96">
<pin_list>
<pin id="97" dir="1" index="0" bw="1" slack="2147483647"/>
</pin_list>
<bind>
<StgValue><ssdm name="_ssdm_op_SpecBitsMap"/></StgValue>
</bind>
</comp>

<comp id="98" class="1001" name="const_98">
<pin_list>
<pin id="99" dir="1" index="0" bw="1" slack="2147483647"/>
</pin_list>
<bind>
<StgValue><ssdm name="_ssdm_op_SpecAXISSideChannel"/></StgValue>
</bind>
</comp>

<comp id="100" class="1001" name="const_100">
<pin_list>
<pin id="101" dir="1" index="0" bw="1" slack="2147483647"/>
</pin_list>
<bind>
<StgValue><ssdm name="empty_3"/></StgValue>
</bind>
</comp>

<comp id="102" class="1001" name="const_102">
<pin_list>
<pin id="103" dir="1" index="0" bw="1" slack="2147483647"/>
</pin_list>
<bind>
<StgValue><ssdm name="empty_2"/></StgValue>
</bind>
</comp>

<comp id="104" class="1001" name="const_104">
<pin_list>
<pin id="105" dir="1" index="0" bw="1" slack="0"/>
</pin_list>
<bind>
<StgValue><ssdm name="_ssdm_op_Read.axis.volatile.i32P0A.i4P0A.i4P0A.i2P0A.i1P0A.i5P0A.i6P0A"/></StgValue>
</bind>
</comp>

<comp id="106" class="1001" name="const_106">
<pin_list>
<pin id="107" dir="1" index="0" bw="1" slack="0"/>
</pin_list>
<bind>
<StgValue><ssdm name="_ssdm_op_BitConcatenate.i42.i32.i10"/></StgValue>
</bind>
</comp>

<comp id="108" class="1001" name="const_108">
<pin_list>
<pin id="109" dir="1" index="0" bw="1" slack="0"/>
</pin_list>
<bind>
<StgValue><ssdm name=""/></StgValue>
</bind>
</comp>

<comp id="110" class="1001" name="const_110">
<pin_list>
<pin id="111" dir="1" index="0" bw="1" slack="0"/>
</pin_list>
<bind>
<StgValue><ssdm name="_ssdm_op_BitConcatenate.i39.i32.i7"/></StgValue>
</bind>
</comp>

<comp id="112" class="1001" name="const_112">
<pin_list>
<pin id="113" dir="1" index="0" bw="1" slack="0"/>
</pin_list>
<bind>
<StgValue><ssdm name=""/></StgValue>
</bind>
</comp>

<comp id="114" class="1001" name="const_114">
<pin_list>
<pin id="115" dir="1" index="0" bw="1" slack="0"/>
</pin_list>
<bind>
<StgValue><ssdm name="_ssdm_op_BitConcatenate.i36.i32.i4"/></StgValue>
</bind>
</comp>

<comp id="116" class="1001" name="const_116">
<pin_list>
<pin id="117" dir="1" index="0" bw="1" slack="0"/>
</pin_list>
<bind>
<StgValue><ssdm name=""/></StgValue>
</bind>
</comp>

<comp id="118" class="1001" name="const_118">
<pin_list>
<pin id="119" dir="1" index="0" bw="1" slack="0"/>
</pin_list>
<bind>
<StgValue><ssdm name="_ssdm_op_BitConcatenate.i34.i32.i2"/></StgValue>
</bind>
</comp>

<comp id="120" class="1001" name="const_120">
<pin_list>
<pin id="121" dir="1" index="0" bw="1" slack="0"/>
</pin_list>
<bind>
<StgValue><ssdm name=""/></StgValue>
</bind>
</comp>

<comp id="122" class="1001" name="const_122">
<pin_list>
<pin id="123" dir="1" index="0" bw="1" slack="0"/>
</pin_list>
<bind>
<StgValue><ssdm name="_ssdm_op_BitConcatenate.i41.i32.i9"/></StgValue>
</bind>
</comp>

<comp id="124" class="1001" name="const_124">
<pin_list>
<pin id="125" dir="1" index="0" bw="1" slack="0"/>
</pin_list>
<bind>
<StgValue><ssdm name=""/></StgValue>
</bind>
</comp>

<comp id="126" class="1001" name="const_126">
<pin_list>
<pin id="127" dir="1" index="0" bw="1" slack="0"/>
</pin_list>
<bind>
<StgValue><ssdm name="_ssdm_op_BitConcatenate.i38.i32.i6"/></StgValue>
</bind>
</comp>

<comp id="128" class="1001" name="const_128">
<pin_list>
<pin id="129" dir="1" index="0" bw="1" slack="0"/>
</pin_list>
<bind>
<StgValue><ssdm name=""/></StgValue>
</bind>
</comp>

<comp id="130" class="1001" name="const_130">
<pin_list>
<pin id="131" dir="1" index="0" bw="1" slack="0"/>
</pin_list>
<bind>
<StgValue><ssdm name="_ssdm_op_BitConcatenate.i43.i32.i11"/></StgValue>
</bind>
</comp>

<comp id="132" class="1001" name="const_132">
<pin_list>
<pin id="133" dir="1" index="0" bw="1" slack="0"/>
</pin_list>
<bind>
<StgValue><ssdm name=""/></StgValue>
</bind>
</comp>

<comp id="134" class="1001" name="const_134">
<pin_list>
<pin id="135" dir="1" index="0" bw="1" slack="0"/>
</pin_list>
<bind>
<StgValue><ssdm name="_ssdm_op_BitConcatenate.i35.i32.i3"/></StgValue>
</bind>
</comp>

<comp id="136" class="1001" name="const_136">
<pin_list>
<pin id="137" dir="1" index="0" bw="1" slack="0"/>
</pin_list>
<bind>
<StgValue><ssdm name=""/></StgValue>
</bind>
</comp>

<comp id="138" class="1001" name="const_138">
<pin_list>
<pin id="139" dir="1" index="0" bw="1" slack="0"/>
</pin_list>
<bind>
<StgValue><ssdm name="_ssdm_op_BitConcatenate.i33.i32.i1"/></StgValue>
</bind>
</comp>

<comp id="140" class="1001" name="const_140">
<pin_list>
<pin id="141" dir="1" index="0" bw="1" slack="0"/>
</pin_list>
<bind>
<StgValue><ssdm name=""/></StgValue>
</bind>
</comp>

<comp id="142" class="1001" name="const_142">
<pin_list>
<pin id="143" dir="1" index="0" bw="1" slack="0"/>
</pin_list>
<bind>
<StgValue><ssdm name="_ssdm_op_BitConcatenate.i40.i32.i8"/></StgValue>
</bind>
</comp>

<comp id="144" class="1001" name="const_144">
<pin_list>
<pin id="145" dir="1" index="0" bw="1" slack="0"/>
</pin_list>
<bind>
<StgValue><ssdm name=""/></StgValue>
</bind>
</comp>

<comp id="146" class="1001" name="const_146">
<pin_list>
<pin id="147" dir="1" index="0" bw="1" slack="0"/>
</pin_list>
<bind>
<StgValue><ssdm name="_ssdm_op_BitConcatenate.i45.i32.i13"/></StgValue>
</bind>
</comp>

<comp id="148" class="1001" name="const_148">
<pin_list>
<pin id="149" dir="1" index="0" bw="1" slack="0"/>
</pin_list>
<bind>
<StgValue><ssdm name=""/></StgValue>
</bind>
</comp>

<comp id="150" class="1001" name="const_150">
<pin_list>
<pin id="151" dir="1" index="0" bw="1" slack="0"/>
</pin_list>
<bind>
<StgValue><ssdm name="_ssdm_op_BitConcatenate.i37.i32.i5"/></StgValue>
</bind>
</comp>

<comp id="152" class="1001" name="const_152">
<pin_list>
<pin id="153" dir="1" index="0" bw="1" slack="0"/>
</pin_list>
<bind>
<StgValue><ssdm name=""/></StgValue>
</bind>
</comp>

<comp id="154" class="1001" name="const_154">
<pin_list>
<pin id="155" dir="1" index="0" bw="1" slack="0"/>
</pin_list>
<bind>
<StgValue><ssdm name="_ssdm_op_BitSelect.i1.i46.i32"/></StgValue>
</bind>
</comp>

<comp id="156" class="1001" name="const_156">
<pin_list>
<pin id="157" dir="1" index="0" bw="1" slack="0"/>
</pin_list>
<bind>
<StgValue><ssdm name=""/></StgValue>
</bind>
</comp>

<comp id="158" class="1001" name="const_158">
<pin_list>
<pin id="159" dir="1" index="0" bw="1" slack="2147483647"/>
</pin_list>
<bind>
<StgValue><ssdm name="_ssdm_op_SpecPipeline"/></StgValue>
</bind>
</comp>

<comp id="160" class="1001" name="const_160">
<pin_list>
<pin id="161" dir="1" index="0" bw="1" slack="2147483647"/>
</pin_list>
<bind>
<StgValue><ssdm name="_ssdm_op_SpecLoopName"/></StgValue>
</bind>
</comp>

<comp id="162" class="1001" name="const_162">
<pin_list>
<pin id="163" dir="1" index="0" bw="1" slack="2147483647"/>
</pin_list>
<bind>
<StgValue><ssdm name="empty"/></StgValue>
</bind>
</comp>

<comp id="164" class="1001" name="const_164">
<pin_list>
<pin id="165" dir="1" index="0" bw="1" slack="0"/>
</pin_list>
<bind>
<StgValue><ssdm name=""/></StgValue>
</bind>
</comp>

<comp id="166" class="1001" name="const_166">
<pin_list>
<pin id="167" dir="1" index="0" bw="1" slack="0"/>
</pin_list>
<bind>
<StgValue><ssdm name=""/></StgValue>
</bind>
</comp>

<comp id="168" class="1001" name="const_168">
<pin_list>
<pin id="169" dir="1" index="0" bw="1" slack="0"/>
</pin_list>
<bind>
<StgValue><ssdm name="_ssdm_op_PartSelect.i33.i93.i32.i32"/></StgValue>
</bind>
</comp>

<comp id="170" class="1001" name="const_170">
<pin_list>
<pin id="171" dir="1" index="0" bw="1" slack="0"/>
</pin_list>
<bind>
<StgValue><ssdm name=""/></StgValue>
</bind>
</comp>

<comp id="172" class="1001" name="const_172">
<pin_list>
<pin id="173" dir="1" index="0" bw="1" slack="0"/>
</pin_list>
<bind>
<StgValue><ssdm name=""/></StgValue>
</bind>
</comp>

<comp id="174" class="1001" name="const_174">
<pin_list>
<pin id="175" dir="1" index="0" bw="1" slack="0"/>
</pin_list>
<bind>
<StgValue><ssdm name=""/></StgValue>
</bind>
</comp>

<comp id="176" class="1001" name="const_176">
<pin_list>
<pin id="177" dir="1" index="0" bw="1" slack="0"/>
</pin_list>
<bind>
<StgValue><ssdm name="llvm.sqrt.f32"/></StgValue>
</bind>
</comp>

<comp id="178" class="1001" name="const_178">
<pin_list>
<pin id="179" dir="1" index="0" bw="1" slack="0"/>
</pin_list>
<bind>
<StgValue><ssdm name="_ssdm_op_BitSelect.i1.i32.i32"/></StgValue>
</bind>
</comp>

<comp id="180" class="1001" name="const_180">
<pin_list>
<pin id="181" dir="1" index="0" bw="1" slack="0"/>
</pin_list>
<bind>
<StgValue><ssdm name=""/></StgValue>
</bind>
</comp>

<comp id="182" class="1001" name="const_182">
<pin_list>
<pin id="183" dir="1" index="0" bw="1" slack="0"/>
</pin_list>
<bind>
<StgValue><ssdm name="_ssdm_op_PartSelect.i8.i32.i32.i32"/></StgValue>
</bind>
</comp>

<comp id="184" class="1001" name="const_184">
<pin_list>
<pin id="185" dir="1" index="0" bw="1" slack="0"/>
</pin_list>
<bind>
<StgValue><ssdm name=""/></StgValue>
</bind>
</comp>

<comp id="186" class="1001" name="const_186">
<pin_list>
<pin id="187" dir="1" index="0" bw="1" slack="0"/>
</pin_list>
<bind>
<StgValue><ssdm name=""/></StgValue>
</bind>
</comp>

<comp id="188" class="1001" name="const_188">
<pin_list>
<pin id="189" dir="1" index="0" bw="1" slack="0"/>
</pin_list>
<bind>
<StgValue><ssdm name="_ssdm_op_BitConcatenate.i25.i1.i23.i1"/></StgValue>
</bind>
</comp>

<comp id="190" class="1001" name="const_190">
<pin_list>
<pin id="191" dir="1" index="0" bw="1" slack="0"/>
</pin_list>
<bind>
<StgValue><ssdm name=""/></StgValue>
</bind>
</comp>

<comp id="192" class="1001" name="const_192">
<pin_list>
<pin id="193" dir="1" index="0" bw="1" slack="0"/>
</pin_list>
<bind>
<StgValue><ssdm name=""/></StgValue>
</bind>
</comp>

<comp id="194" class="1001" name="const_194">
<pin_list>
<pin id="195" dir="1" index="0" bw="1" slack="0"/>
</pin_list>
<bind>
<StgValue><ssdm name="_ssdm_op_BitSelect.i1.i9.i32"/></StgValue>
</bind>
</comp>

<comp id="196" class="1001" name="const_196">
<pin_list>
<pin id="197" dir="1" index="0" bw="1" slack="0"/>
</pin_list>
<bind>
<StgValue><ssdm name=""/></StgValue>
</bind>
</comp>

<comp id="198" class="1001" name="const_198">
<pin_list>
<pin id="199" dir="1" index="0" bw="1" slack="0"/>
</pin_list>
<bind>
<StgValue><ssdm name=""/></StgValue>
</bind>
</comp>

<comp id="200" class="1001" name="const_200">
<pin_list>
<pin id="201" dir="1" index="0" bw="1" slack="0"/>
</pin_list>
<bind>
<StgValue><ssdm name="_ssdm_op_PartSelect.i32.i79.i32.i32"/></StgValue>
</bind>
</comp>

<comp id="202" class="1001" name="const_202">
<pin_list>
<pin id="203" dir="1" index="0" bw="1" slack="0"/>
</pin_list>
<bind>
<StgValue><ssdm name=""/></StgValue>
</bind>
</comp>

<comp id="204" class="1001" name="const_204">
<pin_list>
<pin id="205" dir="1" index="0" bw="1" slack="0"/>
</pin_list>
<bind>
<StgValue><ssdm name=""/></StgValue>
</bind>
</comp>

<comp id="206" class="1001" name="const_206">
<pin_list>
<pin id="207" dir="1" index="0" bw="1" slack="0"/>
</pin_list>
<bind>
<StgValue><ssdm name="_ssdm_op_Write.axis.volatile.i32P0A.i4P0A.i4P0A.i2P0A.i1P0A.i5P0A.i6P0A"/></StgValue>
</bind>
</comp>

<comp id="208" class="1004" name="empty_read_fu_208">
<pin_list>
<pin id="209" dir="0" index="0" bw="54" slack="0"/>
<pin id="210" dir="0" index="1" bw="32" slack="0"/>
<pin id="211" dir="0" index="2" bw="4" slack="0"/>
<pin id="212" dir="0" index="3" bw="4" slack="0"/>
<pin id="213" dir="0" index="4" bw="2" slack="0"/>
<pin id="214" dir="0" index="5" bw="1" slack="0"/>
<pin id="215" dir="0" index="6" bw="5" slack="0"/>
<pin id="216" dir="0" index="7" bw="6" slack="0"/>
<pin id="217" dir="1" index="8" bw="54" slack="0"/>
</pin_list>
<bind>
<opcode="read(1150) " fcode="read"/>
<opset="empty/1 "/>
</bind>
</comp>

<comp id="226" class="1004" name="grp_write_fu_226">
<pin_list>
<pin id="227" dir="0" index="0" bw="0" slack="0"/>
<pin id="228" dir="0" index="1" bw="32" slack="0"/>
<pin id="229" dir="0" index="2" bw="4" slack="0"/>
<pin id="230" dir="0" index="3" bw="4" slack="0"/>
<pin id="231" dir="0" index="4" bw="2" slack="0"/>
<pin id="232" dir="0" index="5" bw="1" slack="0"/>
<pin id="233" dir="0" index="6" bw="5" slack="0"/>
<pin id="234" dir="0" index="7" bw="6" slack="0"/>
<pin id="235" dir="0" index="8" bw="32" slack="0"/>
<pin id="236" dir="0" index="9" bw="4" slack="15"/>
<pin id="237" dir="0" index="10" bw="4" slack="15"/>
<pin id="238" dir="0" index="11" bw="2" slack="15"/>
<pin id="239" dir="0" index="12" bw="1" slack="15"/>
<pin id="240" dir="0" index="13" bw="5" slack="15"/>
<pin id="241" dir="0" index="14" bw="6" slack="15"/>
<pin id="242" dir="1" index="15" bw="0" slack="2147483647"/>
</pin_list>
<bind>
<opcode="write(1151) " fcode="write"/>
<opset="write_ln70/16 "/>
</bind>
</comp>

<comp id="251" class="1004" name="grp_fu_251">
<pin_list>
<pin id="252" dir="0" index="0" bw="64" slack="0"/>
<pin id="253" dir="1" index="1" bw="32" slack="1"/>
</pin_list>
<bind>
<opcode="sitofp(39) " fcode="sitofp"/>
<opset="x_assign/4 "/>
</bind>
</comp>

<comp id="254" class="1004" name="grp_fu_254">
<pin_list>
<pin id="255" dir="0" index="0" bw="32" slack="0"/>
<pin id="256" dir="0" index="1" bw="32" slack="1"/>
<pin id="257" dir="1" index="2" bw="32" slack="1"/>
</pin_list>
<bind>
<opcode="fsqrt(503) " fcode="fsqrt"/>
<opset="dc/8 "/>
</bind>
</comp>

<comp id="259" class="1004" name="mul_ln47_fu_259">
<pin_list>
<pin id="260" dir="0" index="0" bw="32" slack="0"/>
<pin id="261" dir="0" index="1" bw="32" slack="0"/>
<pin id="262" dir="1" index="2" bw="64" slack="1"/>
</pin_list>
<bind>
<opcode="mul(12) " fcode="mul"/>
<opset="mul_ln47/3 "/>
</bind>
</comp>

<comp id="263" class="1004" name="mul_ln47_1_fu_263">
<pin_list>
<pin id="264" dir="0" index="0" bw="35" slack="0"/>
<pin id="265" dir="0" index="1" bw="35" slack="0"/>
<pin id="266" dir="1" index="2" bw="64" slack="1"/>
</pin_list>
<bind>
<opcode="mul(12) " fcode="mul"/>
<opset="mul_ln47_1/3 "/>
</bind>
</comp>

<comp id="267" class="1004" name="mul_ln45_fu_267">
<pin_list>
<pin id="268" dir="0" index="0" bw="46" slack="0"/>
<pin id="269" dir="0" index="1" bw="48" slack="0"/>
<pin id="270" dir="1" index="2" bw="93" slack="0"/>
</pin_list>
<bind>
<opcode="mul(12) " fcode="mul"/>
<opset="mul_ln45/2 "/>
</bind>
</comp>

<comp id="272" class="1004" name="tmp_data_1_fu_272">
<pin_list>
<pin id="273" dir="0" index="0" bw="54" slack="0"/>
<pin id="274" dir="1" index="1" bw="32" slack="0"/>
</pin_list>
<bind>
<opcode="extractvalue(56) " fcode="extractvalue"/>
<opset="tmp_data_1/1 "/>
</bind>
</comp>

<comp id="276" class="1004" name="tmp_keep_fu_276">
<pin_list>
<pin id="277" dir="0" index="0" bw="54" slack="0"/>
<pin id="278" dir="1" index="1" bw="4" slack="15"/>
</pin_list>
<bind>
<opcode="extractvalue(56) " fcode="extractvalue"/>
<opset="tmp_keep/1 "/>
</bind>
</comp>

<comp id="280" class="1004" name="tmp_strb_fu_280">
<pin_list>
<pin id="281" dir="0" index="0" bw="54" slack="0"/>
<pin id="282" dir="1" index="1" bw="4" slack="15"/>
</pin_list>
<bind>
<opcode="extractvalue(56) " fcode="extractvalue"/>
<opset="tmp_strb/1 "/>
</bind>
</comp>

<comp id="284" class="1004" name="tmp_user_fu_284">
<pin_list>
<pin id="285" dir="0" index="0" bw="54" slack="0"/>
<pin id="286" dir="1" index="1" bw="2" slack="15"/>
</pin_list>
<bind>
<opcode="extractvalue(56) " fcode="extractvalue"/>
<opset="tmp_user/1 "/>
</bind>
</comp>

<comp id="288" class="1004" name="tmp_last_fu_288">
<pin_list>
<pin id="289" dir="0" index="0" bw="54" slack="0"/>
<pin id="290" dir="1" index="1" bw="1" slack="15"/>
</pin_list>
<bind>
<opcode="extractvalue(56) " fcode="extractvalue"/>
<opset="tmp_last/1 "/>
</bind>
</comp>

<comp id="292" class="1004" name="tmp_id_fu_292">
<pin_list>
<pin id="293" dir="0" index="0" bw="54" slack="0"/>
<pin id="294" dir="1" index="1" bw="5" slack="15"/>
</pin_list>
<bind>
<opcode="extractvalue(56) " fcode="extractvalue"/>
<opset="tmp_id/1 "/>
</bind>
</comp>

<comp id="296" class="1004" name="tmp_dest_fu_296">
<pin_list>
<pin id="297" dir="0" index="0" bw="54" slack="0"/>
<pin id="298" dir="1" index="1" bw="6" slack="15"/>
</pin_list>
<bind>
<opcode="extractvalue(56) " fcode="extractvalue"/>
<opset="tmp_dest/1 "/>
</bind>
</comp>

<comp id="300" class="1004" name="hilbert_int_int_x_load_fu_300">
<pin_list>
<pin id="301" dir="0" index="0" bw="32" slack="0"/>
<pin id="302" dir="1" index="1" bw="32" slack="0"/>
</pin_list>
<bind>
<opcode="load(27) " fcode="load"/>
<opset="hilbert_int_int_x/1 "/>
</bind>
</comp>

<comp id="304" class="1004" name="hilbert_int_int_x_15_load_fu_304">
<pin_list>
<pin id="305" dir="0" index="0" bw="32" slack="0"/>
<pin id="306" dir="1" index="1" bw="32" slack="0"/>
</pin_list>
<bind>
<opcode="load(27) " fcode="load"/>
<opset="hilbert_int_int_x_15/1 "/>
</bind>
</comp>

<comp id="308" class="1004" name="store_ln30_store_fu_308">
<pin_list>
<pin id="309" dir="0" index="0" bw="32" slack="0"/>
<pin id="310" dir="0" index="1" bw="32" slack="0"/>
<pin id="311" dir="1" index="2" bw="0" slack="2147483647"/>
</pin_list>
<bind>
<opcode="store(28) " fcode="store"/>
<opset="store_ln30/1 "/>
</bind>
</comp>

<comp id="314" class="1004" name="hilbert_int_int_x_16_load_fu_314">
<pin_list>
<pin id="315" dir="0" index="0" bw="32" slack="0"/>
<pin id="316" dir="1" index="1" bw="32" slack="0"/>
</pin_list>
<bind>
<opcode="load(27) " fcode="load"/>
<opset="hilbert_int_int_x_16/1 "/>
</bind>
</comp>

<comp id="318" class="1004" name="store_ln30_store_fu_318">
<pin_list>
<pin id="319" dir="0" index="0" bw="32" slack="0"/>
<pin id="320" dir="0" index="1" bw="32" slack="0"/>
<pin id="321" dir="1" index="2" bw="0" slack="2147483647"/>
</pin_list>
<bind>
<opcode="store(28) " fcode="store"/>
<opset="store_ln30/1 "/>
</bind>
</comp>

<comp id="324" class="1004" name="p_ZZL7hilbertiRiE1x_20_load_load_fu_324">
<pin_list>
<pin id="325" dir="0" index="0" bw="32" slack="0"/>
<pin id="326" dir="1" index="1" bw="32" slack="0"/>
</pin_list>
<bind>
<opcode="load(27) " fcode="load"/>
<opset="p_ZZL7hilbertiRiE1x_20_load/1 "/>
</bind>
</comp>

<comp id="328" class="1004" name="store_ln30_store_fu_328">
<pin_list>
<pin id="329" dir="0" index="0" bw="32" slack="0"/>
<pin id="330" dir="0" index="1" bw="32" slack="0"/>
<pin id="331" dir="1" index="2" bw="0" slack="2147483647"/>
</pin_list>
<bind>
<opcode="store(28) " fcode="store"/>
<opset="store_ln30/1 "/>
</bind>
</comp>

<comp id="334" class="1004" name="p_ZZL7hilbertiRiE1x_19_load_load_fu_334">
<pin_list>
<pin id="335" dir="0" index="0" bw="32" slack="0"/>
<pin id="336" dir="1" index="1" bw="32" slack="0"/>
</pin_list>
<bind>
<opcode="load(27) " fcode="load"/>
<opset="p_ZZL7hilbertiRiE1x_19_load/1 "/>
</bind>
</comp>

<comp id="338" class="1004" name="store_ln30_store_fu_338">
<pin_list>
<pin id="339" dir="0" index="0" bw="32" slack="0"/>
<pin id="340" dir="0" index="1" bw="32" slack="0"/>
<pin id="341" dir="1" index="2" bw="0" slack="2147483647"/>
</pin_list>
<bind>
<opcode="store(28) " fcode="store"/>
<opset="store_ln30/1 "/>
</bind>
</comp>

<comp id="344" class="1004" name="p_ZZL7hilbertiRiE1x_18_load_load_fu_344">
<pin_list>
<pin id="345" dir="0" index="0" bw="32" slack="0"/>
<pin id="346" dir="1" index="1" bw="32" slack="0"/>
</pin_list>
<bind>
<opcode="load(27) " fcode="load"/>
<opset="p_ZZL7hilbertiRiE1x_18_load/1 "/>
</bind>
</comp>

<comp id="348" class="1004" name="store_ln30_store_fu_348">
<pin_list>
<pin id="349" dir="0" index="0" bw="32" slack="0"/>
<pin id="350" dir="0" index="1" bw="32" slack="0"/>
<pin id="351" dir="1" index="2" bw="0" slack="2147483647"/>
</pin_list>
<bind>
<opcode="store(28) " fcode="store"/>
<opset="store_ln30/1 "/>
</bind>
</comp>

<comp id="354" class="1004" name="p_ZZL7hilbertiRiE1x_17_load_load_fu_354">
<pin_list>
<pin id="355" dir="0" index="0" bw="32" slack="0"/>
<pin id="356" dir="1" index="1" bw="32" slack="0"/>
</pin_list>
<bind>
<opcode="load(27) " fcode="load"/>
<opset="p_ZZL7hilbertiRiE1x_17_load/1 "/>
</bind>
</comp>

<comp id="358" class="1004" name="store_ln30_store_fu_358">
<pin_list>
<pin id="359" dir="0" index="0" bw="32" slack="0"/>
<pin id="360" dir="0" index="1" bw="32" slack="0"/>
<pin id="361" dir="1" index="2" bw="0" slack="2147483647"/>
</pin_list>
<bind>
<opcode="store(28) " fcode="store"/>
<opset="store_ln30/1 "/>
</bind>
</comp>

<comp id="364" class="1004" name="p_ZZL7hilbertiRiE1x_16_load_load_fu_364">
<pin_list>
<pin id="365" dir="0" index="0" bw="32" slack="0"/>
<pin id="366" dir="1" index="1" bw="32" slack="0"/>
</pin_list>
<bind>
<opcode="load(27) " fcode="load"/>
<opset="p_ZZL7hilbertiRiE1x_16_load/1 "/>
</bind>
</comp>

<comp id="368" class="1004" name="store_ln30_store_fu_368">
<pin_list>
<pin id="369" dir="0" index="0" bw="32" slack="0"/>
<pin id="370" dir="0" index="1" bw="32" slack="0"/>
<pin id="371" dir="1" index="2" bw="0" slack="2147483647"/>
</pin_list>
<bind>
<opcode="store(28) " fcode="store"/>
<opset="store_ln30/1 "/>
</bind>
</comp>

<comp id="374" class="1004" name="hilbert_int_int_x_17_load_fu_374">
<pin_list>
<pin id="375" dir="0" index="0" bw="32" slack="0"/>
<pin id="376" dir="1" index="1" bw="32" slack="0"/>
</pin_list>
<bind>
<opcode="load(27) " fcode="load"/>
<opset="hilbert_int_int_x_17/1 "/>
</bind>
</comp>

<comp id="378" class="1004" name="store_ln30_store_fu_378">
<pin_list>
<pin id="379" dir="0" index="0" bw="32" slack="0"/>
<pin id="380" dir="0" index="1" bw="32" slack="0"/>
<pin id="381" dir="1" index="2" bw="0" slack="2147483647"/>
</pin_list>
<bind>
<opcode="store(28) " fcode="store"/>
<opset="store_ln30/1 "/>
</bind>
</comp>

<comp id="384" class="1004" name="hilbert_int_int_x_18_load_fu_384">
<pin_list>
<pin id="385" dir="0" index="0" bw="32" slack="0"/>
<pin id="386" dir="1" index="1" bw="32" slack="0"/>
</pin_list>
<bind>
<opcode="load(27) " fcode="load"/>
<opset="hilbert_int_int_x_18/1 "/>
</bind>
</comp>

<comp id="388" class="1004" name="store_ln30_store_fu_388">
<pin_list>
<pin id="389" dir="0" index="0" bw="32" slack="0"/>
<pin id="390" dir="0" index="1" bw="32" slack="0"/>
<pin id="391" dir="1" index="2" bw="0" slack="2147483647"/>
</pin_list>
<bind>
<opcode="store(28) " fcode="store"/>
<opset="store_ln30/1 "/>
</bind>
</comp>

<comp id="394" class="1004" name="hilbert_int_int_x_19_load_fu_394">
<pin_list>
<pin id="395" dir="0" index="0" bw="32" slack="0"/>
<pin id="396" dir="1" index="1" bw="32" slack="0"/>
</pin_list>
<bind>
<opcode="load(27) " fcode="load"/>
<opset="hilbert_int_int_x_19/1 "/>
</bind>
</comp>

<comp id="398" class="1004" name="store_ln30_store_fu_398">
<pin_list>
<pin id="399" dir="0" index="0" bw="32" slack="0"/>
<pin id="400" dir="0" index="1" bw="32" slack="0"/>
<pin id="401" dir="1" index="2" bw="0" slack="2147483647"/>
</pin_list>
<bind>
<opcode="store(28) " fcode="store"/>
<opset="store_ln30/1 "/>
</bind>
</comp>

<comp id="404" class="1004" name="hilbert_int_int_x_20_load_fu_404">
<pin_list>
<pin id="405" dir="0" index="0" bw="32" slack="0"/>
<pin id="406" dir="1" index="1" bw="32" slack="0"/>
</pin_list>
<bind>
<opcode="load(27) " fcode="load"/>
<opset="hilbert_int_int_x_20/1 "/>
</bind>
</comp>

<comp id="408" class="1004" name="store_ln30_store_fu_408">
<pin_list>
<pin id="409" dir="0" index="0" bw="32" slack="0"/>
<pin id="410" dir="0" index="1" bw="32" slack="0"/>
<pin id="411" dir="1" index="2" bw="0" slack="2147483647"/>
</pin_list>
<bind>
<opcode="store(28) " fcode="store"/>
<opset="store_ln30/1 "/>
</bind>
</comp>

<comp id="414" class="1004" name="I_path_load_fu_414">
<pin_list>
<pin id="415" dir="0" index="0" bw="32" slack="0"/>
<pin id="416" dir="1" index="1" bw="32" slack="0"/>
</pin_list>
<bind>
<opcode="load(27) " fcode="load"/>
<opset="I_path/1 "/>
</bind>
</comp>

<comp id="418" class="1004" name="store_ln30_store_fu_418">
<pin_list>
<pin id="419" dir="0" index="0" bw="32" slack="0"/>
<pin id="420" dir="0" index="1" bw="32" slack="0"/>
<pin id="421" dir="1" index="2" bw="0" slack="2147483647"/>
</pin_list>
<bind>
<opcode="store(28) " fcode="store"/>
<opset="store_ln30/1 "/>
</bind>
</comp>

<comp id="424" class="1004" name="p_ZZL7hilbertiRiE1x_10_load_load_fu_424">
<pin_list>
<pin id="425" dir="0" index="0" bw="32" slack="0"/>
<pin id="426" dir="1" index="1" bw="32" slack="0"/>
</pin_list>
<bind>
<opcode="load(27) " fcode="load"/>
<opset="p_ZZL7hilbertiRiE1x_10_load/1 "/>
</bind>
</comp>

<comp id="428" class="1004" name="store_ln30_store_fu_428">
<pin_list>
<pin id="429" dir="0" index="0" bw="32" slack="0"/>
<pin id="430" dir="0" index="1" bw="32" slack="0"/>
<pin id="431" dir="1" index="2" bw="0" slack="2147483647"/>
</pin_list>
<bind>
<opcode="store(28) " fcode="store"/>
<opset="store_ln30/1 "/>
</bind>
</comp>

<comp id="434" class="1004" name="hilbert_int_int_x_9_load_load_fu_434">
<pin_list>
<pin id="435" dir="0" index="0" bw="32" slack="0"/>
<pin id="436" dir="1" index="1" bw="32" slack="0"/>
</pin_list>
<bind>
<opcode="load(27) " fcode="load"/>
<opset="hilbert_int_int_x_9_load/1 "/>
</bind>
</comp>

<comp id="438" class="1004" name="store_ln30_store_fu_438">
<pin_list>
<pin id="439" dir="0" index="0" bw="32" slack="0"/>
<pin id="440" dir="0" index="1" bw="32" slack="0"/>
<pin id="441" dir="1" index="2" bw="0" slack="2147483647"/>
</pin_list>
<bind>
<opcode="store(28) " fcode="store"/>
<opset="store_ln30/1 "/>
</bind>
</comp>

<comp id="444" class="1004" name="hilbert_int_int_x_8_load_load_fu_444">
<pin_list>
<pin id="445" dir="0" index="0" bw="32" slack="0"/>
<pin id="446" dir="1" index="1" bw="32" slack="0"/>
</pin_list>
<bind>
<opcode="load(27) " fcode="load"/>
<opset="hilbert_int_int_x_8_load/1 "/>
</bind>
</comp>

<comp id="448" class="1004" name="store_ln30_store_fu_448">
<pin_list>
<pin id="449" dir="0" index="0" bw="32" slack="0"/>
<pin id="450" dir="0" index="1" bw="32" slack="0"/>
<pin id="451" dir="1" index="2" bw="0" slack="2147483647"/>
</pin_list>
<bind>
<opcode="store(28) " fcode="store"/>
<opset="store_ln30/1 "/>
</bind>
</comp>

<comp id="454" class="1004" name="hilbert_int_int_x_7_load_load_fu_454">
<pin_list>
<pin id="455" dir="0" index="0" bw="32" slack="0"/>
<pin id="456" dir="1" index="1" bw="32" slack="0"/>
</pin_list>
<bind>
<opcode="load(27) " fcode="load"/>
<opset="hilbert_int_int_x_7_load/1 "/>
</bind>
</comp>

<comp id="458" class="1004" name="store_ln30_store_fu_458">
<pin_list>
<pin id="459" dir="0" index="0" bw="32" slack="0"/>
<pin id="460" dir="0" index="1" bw="32" slack="0"/>
<pin id="461" dir="1" index="2" bw="0" slack="2147483647"/>
</pin_list>
<bind>
<opcode="store(28) " fcode="store"/>
<opset="store_ln30/1 "/>
</bind>
</comp>

<comp id="464" class="1004" name="hilbert_int_int_x_6_load_load_fu_464">
<pin_list>
<pin id="465" dir="0" index="0" bw="32" slack="0"/>
<pin id="466" dir="1" index="1" bw="32" slack="0"/>
</pin_list>
<bind>
<opcode="load(27) " fcode="load"/>
<opset="hilbert_int_int_x_6_load/1 "/>
</bind>
</comp>

<comp id="468" class="1004" name="store_ln30_store_fu_468">
<pin_list>
<pin id="469" dir="0" index="0" bw="32" slack="0"/>
<pin id="470" dir="0" index="1" bw="32" slack="0"/>
<pin id="471" dir="1" index="2" bw="0" slack="2147483647"/>
</pin_list>
<bind>
<opcode="store(28) " fcode="store"/>
<opset="store_ln30/1 "/>
</bind>
</comp>

<comp id="474" class="1004" name="hilbert_int_int_x_5_load_load_fu_474">
<pin_list>
<pin id="475" dir="0" index="0" bw="32" slack="0"/>
<pin id="476" dir="1" index="1" bw="32" slack="0"/>
</pin_list>
<bind>
<opcode="load(27) " fcode="load"/>
<opset="hilbert_int_int_x_5_load/1 "/>
</bind>
</comp>

<comp id="478" class="1004" name="store_ln30_store_fu_478">
<pin_list>
<pin id="479" dir="0" index="0" bw="32" slack="0"/>
<pin id="480" dir="0" index="1" bw="32" slack="0"/>
<pin id="481" dir="1" index="2" bw="0" slack="2147483647"/>
</pin_list>
<bind>
<opcode="store(28) " fcode="store"/>
<opset="store_ln30/1 "/>
</bind>
</comp>

<comp id="484" class="1004" name="hilbert_int_int_x_4_load_load_fu_484">
<pin_list>
<pin id="485" dir="0" index="0" bw="32" slack="0"/>
<pin id="486" dir="1" index="1" bw="32" slack="0"/>
</pin_list>
<bind>
<opcode="load(27) " fcode="load"/>
<opset="hilbert_int_int_x_4_load/1 "/>
</bind>
</comp>

<comp id="488" class="1004" name="store_ln30_store_fu_488">
<pin_list>
<pin id="489" dir="0" index="0" bw="32" slack="0"/>
<pin id="490" dir="0" index="1" bw="32" slack="0"/>
<pin id="491" dir="1" index="2" bw="0" slack="2147483647"/>
</pin_list>
<bind>
<opcode="store(28) " fcode="store"/>
<opset="store_ln30/1 "/>
</bind>
</comp>

<comp id="494" class="1004" name="hilbert_int_int_x_3_load_load_fu_494">
<pin_list>
<pin id="495" dir="0" index="0" bw="32" slack="0"/>
<pin id="496" dir="1" index="1" bw="32" slack="0"/>
</pin_list>
<bind>
<opcode="load(27) " fcode="load"/>
<opset="hilbert_int_int_x_3_load/1 "/>
</bind>
</comp>

<comp id="498" class="1004" name="store_ln30_store_fu_498">
<pin_list>
<pin id="499" dir="0" index="0" bw="32" slack="0"/>
<pin id="500" dir="0" index="1" bw="32" slack="0"/>
<pin id="501" dir="1" index="2" bw="0" slack="2147483647"/>
</pin_list>
<bind>
<opcode="store(28) " fcode="store"/>
<opset="store_ln30/1 "/>
</bind>
</comp>

<comp id="504" class="1004" name="hilbert_int_int_x_2_load_load_fu_504">
<pin_list>
<pin id="505" dir="0" index="0" bw="32" slack="0"/>
<pin id="506" dir="1" index="1" bw="32" slack="0"/>
</pin_list>
<bind>
<opcode="load(27) " fcode="load"/>
<opset="hilbert_int_int_x_2_load/1 "/>
</bind>
</comp>

<comp id="508" class="1004" name="store_ln30_store_fu_508">
<pin_list>
<pin id="509" dir="0" index="0" bw="32" slack="0"/>
<pin id="510" dir="0" index="1" bw="32" slack="0"/>
<pin id="511" dir="1" index="2" bw="0" slack="2147483647"/>
</pin_list>
<bind>
<opcode="store(28) " fcode="store"/>
<opset="store_ln30/1 "/>
</bind>
</comp>

<comp id="514" class="1004" name="hilbert_int_int_x_1_load_load_fu_514">
<pin_list>
<pin id="515" dir="0" index="0" bw="32" slack="0"/>
<pin id="516" dir="1" index="1" bw="32" slack="0"/>
</pin_list>
<bind>
<opcode="load(27) " fcode="load"/>
<opset="hilbert_int_int_x_1_load/1 "/>
</bind>
</comp>

<comp id="518" class="1004" name="store_ln30_store_fu_518">
<pin_list>
<pin id="519" dir="0" index="0" bw="32" slack="0"/>
<pin id="520" dir="0" index="1" bw="32" slack="0"/>
<pin id="521" dir="1" index="2" bw="0" slack="2147483647"/>
</pin_list>
<bind>
<opcode="store(28) " fcode="store"/>
<opset="store_ln30/1 "/>
</bind>
</comp>

<comp id="524" class="1004" name="hilbert_int_int_x_load_load_fu_524">
<pin_list>
<pin id="525" dir="0" index="0" bw="32" slack="0"/>
<pin id="526" dir="1" index="1" bw="32" slack="0"/>
</pin_list>
<bind>
<opcode="load(27) " fcode="load"/>
<opset="hilbert_int_int_x_load/1 "/>
</bind>
</comp>

<comp id="528" class="1004" name="store_ln30_store_fu_528">
<pin_list>
<pin id="529" dir="0" index="0" bw="32" slack="0"/>
<pin id="530" dir="0" index="1" bw="32" slack="0"/>
<pin id="531" dir="1" index="2" bw="0" slack="2147483647"/>
</pin_list>
<bind>
<opcode="store(28) " fcode="store"/>
<opset="store_ln30/1 "/>
</bind>
</comp>

<comp id="534" class="1004" name="store_ln32_store_fu_534">
<pin_list>
<pin id="535" dir="0" index="0" bw="32" slack="0"/>
<pin id="536" dir="0" index="1" bw="32" slack="0"/>
<pin id="537" dir="1" index="2" bw="0" slack="2147483647"/>
</pin_list>
<bind>
<opcode="store(28) " fcode="store"/>
<opset="store_ln32/1 "/>
</bind>
</comp>

<comp id="540" class="1004" name="sub_ln37_fu_540">
<pin_list>
<pin id="541" dir="0" index="0" bw="32" slack="0"/>
<pin id="542" dir="0" index="1" bw="32" slack="0"/>
<pin id="543" dir="1" index="2" bw="32" slack="0"/>
</pin_list>
<bind>
<opcode="sub(10) " fcode="sub"/>
<opset="sub_ln37/1 "/>
</bind>
</comp>

<comp id="546" class="1004" name="sext_ln38_fu_546">
<pin_list>
<pin id="547" dir="0" index="0" bw="32" slack="0"/>
<pin id="548" dir="1" index="1" bw="43" slack="0"/>
</pin_list>
<bind>
<opcode="sext(35) " fcode="sext"/>
<opset="sext_ln38/1 "/>
</bind>
</comp>

<comp id="550" class="1004" name="sub_ln38_fu_550">
<pin_list>
<pin id="551" dir="0" index="0" bw="32" slack="0"/>
<pin id="552" dir="0" index="1" bw="32" slack="0"/>
<pin id="553" dir="1" index="2" bw="32" slack="0"/>
</pin_list>
<bind>
<opcode="sub(10) " fcode="sub"/>
<opset="sub_ln38/1 "/>
</bind>
</comp>

<comp id="556" class="1004" name="sext_ln39_fu_556">
<pin_list>
<pin id="557" dir="0" index="0" bw="32" slack="0"/>
<pin id="558" dir="1" index="1" bw="43" slack="0"/>
</pin_list>
<bind>
<opcode="sext(35) " fcode="sext"/>
<opset="sext_ln39/1 "/>
</bind>
</comp>

<comp id="560" class="1004" name="sub_ln39_fu_560">
<pin_list>
<pin id="561" dir="0" index="0" bw="32" slack="0"/>
<pin id="562" dir="0" index="1" bw="32" slack="0"/>
<pin id="563" dir="1" index="2" bw="32" slack="0"/>
</pin_list>
<bind>
<opcode="sub(10) " fcode="sub"/>
<opset="sub_ln39/1 "/>
</bind>
</comp>

<comp id="566" class="1004" name="sext_ln40_fu_566">
<pin_list>
<pin id="567" dir="0" index="0" bw="32" slack="0"/>
<pin id="568" dir="1" index="1" bw="43" slack="0"/>
</pin_list>
<bind>
<opcode="sext(35) " fcode="sext"/>
<opset="sext_ln40/1 "/>
</bind>
</comp>

<comp id="570" class="1004" name="sub_ln40_fu_570">
<pin_list>
<pin id="571" dir="0" index="0" bw="32" slack="0"/>
<pin id="572" dir="0" index="1" bw="32" slack="0"/>
<pin id="573" dir="1" index="2" bw="32" slack="0"/>
</pin_list>
<bind>
<opcode="sub(10) " fcode="sub"/>
<opset="sub_ln40/1 "/>
</bind>
</comp>

<comp id="576" class="1004" name="sext_ln41_fu_576">
<pin_list>
<pin id="577" dir="0" index="0" bw="32" slack="0"/>
<pin id="578" dir="1" index="1" bw="44" slack="0"/>
</pin_list>
<bind>
<opcode="sext(35) " fcode="sext"/>
<opset="sext_ln41/1 "/>
</bind>
</comp>

<comp id="580" class="1004" name="sub_ln41_fu_580">
<pin_list>
<pin id="581" dir="0" index="0" bw="32" slack="0"/>
<pin id="582" dir="0" index="1" bw="32" slack="0"/>
<pin id="583" dir="1" index="2" bw="32" slack="0"/>
</pin_list>
<bind>
<opcode="sub(10) " fcode="sub"/>
<opset="sub_ln41/1 "/>
</bind>
</comp>

<comp id="586" class="1004" name="sub_ln42_fu_586">
<pin_list>
<pin id="587" dir="0" index="0" bw="32" slack="0"/>
<pin id="588" dir="0" index="1" bw="32" slack="0"/>
<pin id="589" dir="1" index="2" bw="32" slack="0"/>
</pin_list>
<bind>
<opcode="sub(10) " fcode="sub"/>
<opset="sub_ln42/1 "/>
</bind>
</comp>

<comp id="592" class="1004" name="tmp_fu_592">
<pin_list>
<pin id="593" dir="0" index="0" bw="42" slack="0"/>
<pin id="594" dir="0" index="1" bw="32" slack="0"/>
<pin id="595" dir="0" index="2" bw="1" slack="0"/>
<pin id="596" dir="1" index="3" bw="42" slack="0"/>
</pin_list>
<bind>
<opcode="bitconcatenate(1004) " fcode="bitconcatenate"/>
<opset="tmp/1 "/>
</bind>
</comp>

<comp id="600" class="1004" name="sext_ln45_fu_600">
<pin_list>
<pin id="601" dir="0" index="0" bw="42" slack="0"/>
<pin id="602" dir="1" index="1" bw="43" slack="0"/>
</pin_list>
<bind>
<opcode="sext(35) " fcode="sext"/>
<opset="sext_ln45/1 "/>
</bind>
</comp>

<comp id="604" class="1004" name="tmp_1_fu_604">
<pin_list>
<pin id="605" dir="0" index="0" bw="39" slack="0"/>
<pin id="606" dir="0" index="1" bw="32" slack="0"/>
<pin id="607" dir="0" index="2" bw="1" slack="0"/>
<pin id="608" dir="1" index="3" bw="39" slack="0"/>
</pin_list>
<bind>
<opcode="bitconcatenate(1004) " fcode="bitconcatenate"/>
<opset="tmp_1/1 "/>
</bind>
</comp>

<comp id="612" class="1004" name="sext_ln45_1_fu_612">
<pin_list>
<pin id="613" dir="0" index="0" bw="39" slack="0"/>
<pin id="614" dir="1" index="1" bw="43" slack="0"/>
</pin_list>
<bind>
<opcode="sext(35) " fcode="sext"/>
<opset="sext_ln45_1/1 "/>
</bind>
</comp>

<comp id="616" class="1004" name="sub_ln45_2_fu_616">
<pin_list>
<pin id="617" dir="0" index="0" bw="42" slack="0"/>
<pin id="618" dir="0" index="1" bw="39" slack="0"/>
<pin id="619" dir="1" index="2" bw="43" slack="0"/>
</pin_list>
<bind>
<opcode="sub(10) " fcode="sub"/>
<opset="sub_ln45_2/1 "/>
</bind>
</comp>

<comp id="622" class="1004" name="tmp_5_fu_622">
<pin_list>
<pin id="623" dir="0" index="0" bw="36" slack="0"/>
<pin id="624" dir="0" index="1" bw="32" slack="0"/>
<pin id="625" dir="0" index="2" bw="1" slack="0"/>
<pin id="626" dir="1" index="3" bw="36" slack="0"/>
</pin_list>
<bind>
<opcode="bitconcatenate(1004) " fcode="bitconcatenate"/>
<opset="tmp_5/1 "/>
</bind>
</comp>

<comp id="630" class="1004" name="sext_ln45_7_fu_630">
<pin_list>
<pin id="631" dir="0" index="0" bw="36" slack="0"/>
<pin id="632" dir="1" index="1" bw="43" slack="0"/>
</pin_list>
<bind>
<opcode="sext(35) " fcode="sext"/>
<opset="sext_ln45_7/1 "/>
</bind>
</comp>

<comp id="634" class="1004" name="add_ln45_5_fu_634">
<pin_list>
<pin id="635" dir="0" index="0" bw="43" slack="0"/>
<pin id="636" dir="0" index="1" bw="36" slack="0"/>
<pin id="637" dir="1" index="2" bw="43" slack="0"/>
</pin_list>
<bind>
<opcode="add(8) " fcode="add"/>
<opset="add_ln45_5/1 "/>
</bind>
</comp>

<comp id="640" class="1004" name="tmp_6_fu_640">
<pin_list>
<pin id="641" dir="0" index="0" bw="34" slack="0"/>
<pin id="642" dir="0" index="1" bw="32" slack="0"/>
<pin id="643" dir="0" index="2" bw="1" slack="0"/>
<pin id="644" dir="1" index="3" bw="34" slack="0"/>
</pin_list>
<bind>
<opcode="bitconcatenate(1004) " fcode="bitconcatenate"/>
<opset="tmp_6/1 "/>
</bind>
</comp>

<comp id="648" class="1004" name="sext_ln45_8_fu_648">
<pin_list>
<pin id="649" dir="0" index="0" bw="34" slack="0"/>
<pin id="650" dir="1" index="1" bw="43" slack="0"/>
</pin_list>
<bind>
<opcode="sext(35) " fcode="sext"/>
<opset="sext_ln45_8/1 "/>
</bind>
</comp>

<comp id="652" class="1004" name="sub_ln45_3_fu_652">
<pin_list>
<pin id="653" dir="0" index="0" bw="43" slack="0"/>
<pin id="654" dir="0" index="1" bw="34" slack="0"/>
<pin id="655" dir="1" index="2" bw="43" slack="0"/>
</pin_list>
<bind>
<opcode="sub(10) " fcode="sub"/>
<opset="sub_ln45_3/1 "/>
</bind>
</comp>

<comp id="658" class="1004" name="add_ln45_6_fu_658">
<pin_list>
<pin id="659" dir="0" index="0" bw="43" slack="0"/>
<pin id="660" dir="0" index="1" bw="32" slack="0"/>
<pin id="661" dir="1" index="2" bw="43" slack="0"/>
</pin_list>
<bind>
<opcode="add(8) " fcode="add"/>
<opset="add_ln45_6/1 "/>
</bind>
</comp>

<comp id="664" class="1004" name="tmp_7_fu_664">
<pin_list>
<pin id="665" dir="0" index="0" bw="41" slack="0"/>
<pin id="666" dir="0" index="1" bw="32" slack="0"/>
<pin id="667" dir="0" index="2" bw="1" slack="0"/>
<pin id="668" dir="1" index="3" bw="41" slack="0"/>
</pin_list>
<bind>
<opcode="bitconcatenate(1004) " fcode="bitconcatenate"/>
<opset="tmp_7/1 "/>
</bind>
</comp>

<comp id="672" class="1004" name="sext_ln45_9_fu_672">
<pin_list>
<pin id="673" dir="0" index="0" bw="41" slack="0"/>
<pin id="674" dir="1" index="1" bw="43" slack="0"/>
</pin_list>
<bind>
<opcode="sext(35) " fcode="sext"/>
<opset="sext_ln45_9/1 "/>
</bind>
</comp>

<comp id="676" class="1004" name="tmp_8_fu_676">
<pin_list>
<pin id="677" dir="0" index="0" bw="38" slack="0"/>
<pin id="678" dir="0" index="1" bw="32" slack="0"/>
<pin id="679" dir="0" index="2" bw="1" slack="0"/>
<pin id="680" dir="1" index="3" bw="38" slack="0"/>
</pin_list>
<bind>
<opcode="bitconcatenate(1004) " fcode="bitconcatenate"/>
<opset="tmp_8/1 "/>
</bind>
</comp>

<comp id="684" class="1004" name="sext_ln45_10_fu_684">
<pin_list>
<pin id="685" dir="0" index="0" bw="38" slack="0"/>
<pin id="686" dir="1" index="1" bw="43" slack="0"/>
</pin_list>
<bind>
<opcode="sext(35) " fcode="sext"/>
<opset="sext_ln45_10/1 "/>
</bind>
</comp>

<comp id="688" class="1004" name="add_ln45_7_fu_688">
<pin_list>
<pin id="689" dir="0" index="0" bw="41" slack="0"/>
<pin id="690" dir="0" index="1" bw="38" slack="0"/>
<pin id="691" dir="1" index="2" bw="43" slack="0"/>
</pin_list>
<bind>
<opcode="add(8) " fcode="add"/>
<opset="add_ln45_7/1 "/>
</bind>
</comp>

<comp id="694" class="1004" name="tmp_9_fu_694">
<pin_list>
<pin id="695" dir="0" index="0" bw="34" slack="0"/>
<pin id="696" dir="0" index="1" bw="32" slack="0"/>
<pin id="697" dir="0" index="2" bw="1" slack="0"/>
<pin id="698" dir="1" index="3" bw="34" slack="0"/>
</pin_list>
<bind>
<opcode="bitconcatenate(1004) " fcode="bitconcatenate"/>
<opset="tmp_9/1 "/>
</bind>
</comp>

<comp id="702" class="1004" name="sext_ln45_11_fu_702">
<pin_list>
<pin id="703" dir="0" index="0" bw="34" slack="0"/>
<pin id="704" dir="1" index="1" bw="43" slack="0"/>
</pin_list>
<bind>
<opcode="sext(35) " fcode="sext"/>
<opset="sext_ln45_11/1 "/>
</bind>
</comp>

<comp id="706" class="1004" name="add_ln45_8_fu_706">
<pin_list>
<pin id="707" dir="0" index="0" bw="42" slack="0"/>
<pin id="708" dir="0" index="1" bw="34" slack="0"/>
<pin id="709" dir="1" index="2" bw="43" slack="0"/>
</pin_list>
<bind>
<opcode="add(8) " fcode="add"/>
<opset="add_ln45_8/1 "/>
</bind>
</comp>

<comp id="712" class="1004" name="sub_ln45_4_fu_712">
<pin_list>
<pin id="713" dir="0" index="0" bw="43" slack="0"/>
<pin id="714" dir="0" index="1" bw="32" slack="0"/>
<pin id="715" dir="1" index="2" bw="43" slack="0"/>
</pin_list>
<bind>
<opcode="sub(10) " fcode="sub"/>
<opset="sub_ln45_4/1 "/>
</bind>
</comp>

<comp id="718" class="1004" name="sext_ln45_2_fu_718">
<pin_list>
<pin id="719" dir="0" index="0" bw="43" slack="0"/>
<pin id="720" dir="1" index="1" bw="44" slack="0"/>
</pin_list>
<bind>
<opcode="sext(35) " fcode="sext"/>
<opset="sext_ln45_2/1 "/>
</bind>
</comp>

<comp id="722" class="1004" name="tmp_10_fu_722">
<pin_list>
<pin id="723" dir="0" index="0" bw="43" slack="0"/>
<pin id="724" dir="0" index="1" bw="32" slack="0"/>
<pin id="725" dir="0" index="2" bw="1" slack="0"/>
<pin id="726" dir="1" index="3" bw="43" slack="0"/>
</pin_list>
<bind>
<opcode="bitconcatenate(1004) " fcode="bitconcatenate"/>
<opset="tmp_10/1 "/>
</bind>
</comp>

<comp id="730" class="1004" name="sext_ln45_12_fu_730">
<pin_list>
<pin id="731" dir="0" index="0" bw="43" slack="0"/>
<pin id="732" dir="1" index="1" bw="44" slack="0"/>
</pin_list>
<bind>
<opcode="sext(35) " fcode="sext"/>
<opset="sext_ln45_12/1 "/>
</bind>
</comp>

<comp id="734" class="1004" name="tmp_11_fu_734">
<pin_list>
<pin id="735" dir="0" index="0" bw="38" slack="0"/>
<pin id="736" dir="0" index="1" bw="32" slack="0"/>
<pin id="737" dir="0" index="2" bw="1" slack="0"/>
<pin id="738" dir="1" index="3" bw="38" slack="0"/>
</pin_list>
<bind>
<opcode="bitconcatenate(1004) " fcode="bitconcatenate"/>
<opset="tmp_11/1 "/>
</bind>
</comp>

<comp id="742" class="1004" name="sext_ln45_13_fu_742">
<pin_list>
<pin id="743" dir="0" index="0" bw="38" slack="0"/>
<pin id="744" dir="1" index="1" bw="44" slack="0"/>
</pin_list>
<bind>
<opcode="sext(35) " fcode="sext"/>
<opset="sext_ln45_13/1 "/>
</bind>
</comp>

<comp id="746" class="1004" name="add_ln45_9_fu_746">
<pin_list>
<pin id="747" dir="0" index="0" bw="43" slack="0"/>
<pin id="748" dir="0" index="1" bw="38" slack="0"/>
<pin id="749" dir="1" index="2" bw="44" slack="0"/>
</pin_list>
<bind>
<opcode="add(8) " fcode="add"/>
<opset="add_ln45_9/1 "/>
</bind>
</comp>

<comp id="752" class="1004" name="tmp_12_fu_752">
<pin_list>
<pin id="753" dir="0" index="0" bw="35" slack="0"/>
<pin id="754" dir="0" index="1" bw="32" slack="0"/>
<pin id="755" dir="0" index="2" bw="1" slack="0"/>
<pin id="756" dir="1" index="3" bw="35" slack="0"/>
</pin_list>
<bind>
<opcode="bitconcatenate(1004) " fcode="bitconcatenate"/>
<opset="tmp_12/1 "/>
</bind>
</comp>

<comp id="760" class="1004" name="sext_ln45_14_fu_760">
<pin_list>
<pin id="761" dir="0" index="0" bw="35" slack="0"/>
<pin id="762" dir="1" index="1" bw="44" slack="0"/>
</pin_list>
<bind>
<opcode="sext(35) " fcode="sext"/>
<opset="sext_ln45_14/1 "/>
</bind>
</comp>

<comp id="764" class="1004" name="add_ln45_10_fu_764">
<pin_list>
<pin id="765" dir="0" index="0" bw="44" slack="0"/>
<pin id="766" dir="0" index="1" bw="35" slack="0"/>
<pin id="767" dir="1" index="2" bw="44" slack="0"/>
</pin_list>
<bind>
<opcode="add(8) " fcode="add"/>
<opset="add_ln45_10/1 "/>
</bind>
</comp>

<comp id="770" class="1004" name="tmp_13_fu_770">
<pin_list>
<pin id="771" dir="0" index="0" bw="33" slack="0"/>
<pin id="772" dir="0" index="1" bw="32" slack="0"/>
<pin id="773" dir="0" index="2" bw="1" slack="0"/>
<pin id="774" dir="1" index="3" bw="33" slack="0"/>
</pin_list>
<bind>
<opcode="bitconcatenate(1004) " fcode="bitconcatenate"/>
<opset="tmp_13/1 "/>
</bind>
</comp>

<comp id="778" class="1004" name="sext_ln45_15_fu_778">
<pin_list>
<pin id="779" dir="0" index="0" bw="33" slack="0"/>
<pin id="780" dir="1" index="1" bw="44" slack="0"/>
</pin_list>
<bind>
<opcode="sext(35) " fcode="sext"/>
<opset="sext_ln45_15/1 "/>
</bind>
</comp>

<comp id="782" class="1004" name="add_ln45_11_fu_782">
<pin_list>
<pin id="783" dir="0" index="0" bw="44" slack="0"/>
<pin id="784" dir="0" index="1" bw="33" slack="0"/>
<pin id="785" dir="1" index="2" bw="44" slack="0"/>
</pin_list>
<bind>
<opcode="add(8) " fcode="add"/>
<opset="add_ln45_11/1 "/>
</bind>
</comp>

<comp id="788" class="1004" name="tmp_14_fu_788">
<pin_list>
<pin id="789" dir="0" index="0" bw="42" slack="0"/>
<pin id="790" dir="0" index="1" bw="32" slack="0"/>
<pin id="791" dir="0" index="2" bw="1" slack="0"/>
<pin id="792" dir="1" index="3" bw="42" slack="0"/>
</pin_list>
<bind>
<opcode="bitconcatenate(1004) " fcode="bitconcatenate"/>
<opset="tmp_14/1 "/>
</bind>
</comp>

<comp id="796" class="1004" name="sext_ln45_16_fu_796">
<pin_list>
<pin id="797" dir="0" index="0" bw="42" slack="0"/>
<pin id="798" dir="1" index="1" bw="44" slack="0"/>
</pin_list>
<bind>
<opcode="sext(35) " fcode="sext"/>
<opset="sext_ln45_16/1 "/>
</bind>
</comp>

<comp id="800" class="1004" name="tmp_15_fu_800">
<pin_list>
<pin id="801" dir="0" index="0" bw="40" slack="0"/>
<pin id="802" dir="0" index="1" bw="32" slack="0"/>
<pin id="803" dir="0" index="2" bw="1" slack="0"/>
<pin id="804" dir="1" index="3" bw="40" slack="0"/>
</pin_list>
<bind>
<opcode="bitconcatenate(1004) " fcode="bitconcatenate"/>
<opset="tmp_15/1 "/>
</bind>
</comp>

<comp id="808" class="1004" name="sext_ln45_17_fu_808">
<pin_list>
<pin id="809" dir="0" index="0" bw="40" slack="0"/>
<pin id="810" dir="1" index="1" bw="44" slack="0"/>
</pin_list>
<bind>
<opcode="sext(35) " fcode="sext"/>
<opset="sext_ln45_17/1 "/>
</bind>
</comp>

<comp id="812" class="1004" name="add_ln45_12_fu_812">
<pin_list>
<pin id="813" dir="0" index="0" bw="42" slack="0"/>
<pin id="814" dir="0" index="1" bw="40" slack="0"/>
<pin id="815" dir="1" index="2" bw="44" slack="0"/>
</pin_list>
<bind>
<opcode="add(8) " fcode="add"/>
<opset="add_ln45_12/1 "/>
</bind>
</comp>

<comp id="818" class="1004" name="tmp_16_fu_818">
<pin_list>
<pin id="819" dir="0" index="0" bw="35" slack="0"/>
<pin id="820" dir="0" index="1" bw="32" slack="0"/>
<pin id="821" dir="0" index="2" bw="1" slack="0"/>
<pin id="822" dir="1" index="3" bw="35" slack="0"/>
</pin_list>
<bind>
<opcode="bitconcatenate(1004) " fcode="bitconcatenate"/>
<opset="tmp_16/1 "/>
</bind>
</comp>

<comp id="826" class="1004" name="sext_ln45_18_fu_826">
<pin_list>
<pin id="827" dir="0" index="0" bw="35" slack="0"/>
<pin id="828" dir="1" index="1" bw="44" slack="0"/>
</pin_list>
<bind>
<opcode="sext(35) " fcode="sext"/>
<opset="sext_ln45_18/1 "/>
</bind>
</comp>

<comp id="830" class="1004" name="sub_ln45_5_fu_830">
<pin_list>
<pin id="831" dir="0" index="0" bw="43" slack="0"/>
<pin id="832" dir="0" index="1" bw="35" slack="0"/>
<pin id="833" dir="1" index="2" bw="44" slack="0"/>
</pin_list>
<bind>
<opcode="sub(10) " fcode="sub"/>
<opset="sub_ln45_5/1 "/>
</bind>
</comp>

<comp id="836" class="1004" name="add_ln45_13_fu_836">
<pin_list>
<pin id="837" dir="0" index="0" bw="44" slack="0"/>
<pin id="838" dir="0" index="1" bw="32" slack="0"/>
<pin id="839" dir="1" index="2" bw="44" slack="0"/>
</pin_list>
<bind>
<opcode="add(8) " fcode="add"/>
<opset="add_ln45_13/1 "/>
</bind>
</comp>

<comp id="842" class="1004" name="tmp_17_fu_842">
<pin_list>
<pin id="843" dir="0" index="0" bw="45" slack="0"/>
<pin id="844" dir="0" index="1" bw="32" slack="0"/>
<pin id="845" dir="0" index="2" bw="1" slack="0"/>
<pin id="846" dir="1" index="3" bw="45" slack="0"/>
</pin_list>
<bind>
<opcode="bitconcatenate(1004) " fcode="bitconcatenate"/>
<opset="tmp_17/1 "/>
</bind>
</comp>

<comp id="850" class="1004" name="sext_ln45_19_fu_850">
<pin_list>
<pin id="851" dir="0" index="0" bw="45" slack="0"/>
<pin id="852" dir="1" index="1" bw="46" slack="0"/>
</pin_list>
<bind>
<opcode="sext(35) " fcode="sext"/>
<opset="sext_ln45_19/1 "/>
</bind>
</comp>

<comp id="854" class="1004" name="tmp_18_fu_854">
<pin_list>
<pin id="855" dir="0" index="0" bw="43" slack="0"/>
<pin id="856" dir="0" index="1" bw="32" slack="0"/>
<pin id="857" dir="0" index="2" bw="1" slack="0"/>
<pin id="858" dir="1" index="3" bw="43" slack="0"/>
</pin_list>
<bind>
<opcode="bitconcatenate(1004) " fcode="bitconcatenate"/>
<opset="tmp_18/1 "/>
</bind>
</comp>

<comp id="862" class="1004" name="sext_ln45_20_fu_862">
<pin_list>
<pin id="863" dir="0" index="0" bw="43" slack="0"/>
<pin id="864" dir="1" index="1" bw="46" slack="0"/>
</pin_list>
<bind>
<opcode="sext(35) " fcode="sext"/>
<opset="sext_ln45_20/1 "/>
</bind>
</comp>

<comp id="866" class="1004" name="sub_ln45_6_fu_866">
<pin_list>
<pin id="867" dir="0" index="0" bw="45" slack="0"/>
<pin id="868" dir="0" index="1" bw="43" slack="0"/>
<pin id="869" dir="1" index="2" bw="46" slack="0"/>
</pin_list>
<bind>
<opcode="sub(10) " fcode="sub"/>
<opset="sub_ln45_6/1 "/>
</bind>
</comp>

<comp id="872" class="1004" name="tmp_19_fu_872">
<pin_list>
<pin id="873" dir="0" index="0" bw="40" slack="0"/>
<pin id="874" dir="0" index="1" bw="32" slack="0"/>
<pin id="875" dir="0" index="2" bw="1" slack="0"/>
<pin id="876" dir="1" index="3" bw="40" slack="0"/>
</pin_list>
<bind>
<opcode="bitconcatenate(1004) " fcode="bitconcatenate"/>
<opset="tmp_19/1 "/>
</bind>
</comp>

<comp id="880" class="1004" name="sext_ln45_21_fu_880">
<pin_list>
<pin id="881" dir="0" index="0" bw="40" slack="0"/>
<pin id="882" dir="1" index="1" bw="46" slack="0"/>
</pin_list>
<bind>
<opcode="sext(35) " fcode="sext"/>
<opset="sext_ln45_21/1 "/>
</bind>
</comp>

<comp id="884" class="1004" name="add_ln45_14_fu_884">
<pin_list>
<pin id="885" dir="0" index="0" bw="46" slack="0"/>
<pin id="886" dir="0" index="1" bw="40" slack="0"/>
<pin id="887" dir="1" index="2" bw="46" slack="0"/>
</pin_list>
<bind>
<opcode="add(8) " fcode="add"/>
<opset="add_ln45_14/1 "/>
</bind>
</comp>

<comp id="890" class="1004" name="tmp_20_fu_890">
<pin_list>
<pin id="891" dir="0" index="0" bw="37" slack="0"/>
<pin id="892" dir="0" index="1" bw="32" slack="0"/>
<pin id="893" dir="0" index="2" bw="1" slack="0"/>
<pin id="894" dir="1" index="3" bw="37" slack="0"/>
</pin_list>
<bind>
<opcode="bitconcatenate(1004) " fcode="bitconcatenate"/>
<opset="tmp_20/1 "/>
</bind>
</comp>

<comp id="898" class="1004" name="sext_ln45_22_fu_898">
<pin_list>
<pin id="899" dir="0" index="0" bw="37" slack="0"/>
<pin id="900" dir="1" index="1" bw="46" slack="0"/>
</pin_list>
<bind>
<opcode="sext(35) " fcode="sext"/>
<opset="sext_ln45_22/1 "/>
</bind>
</comp>

<comp id="902" class="1004" name="sub_ln45_7_fu_902">
<pin_list>
<pin id="903" dir="0" index="0" bw="46" slack="0"/>
<pin id="904" dir="0" index="1" bw="37" slack="0"/>
<pin id="905" dir="1" index="2" bw="46" slack="0"/>
</pin_list>
<bind>
<opcode="sub(10) " fcode="sub"/>
<opset="sub_ln45_7/1 "/>
</bind>
</comp>

<comp id="908" class="1004" name="tmp_21_fu_908">
<pin_list>
<pin id="909" dir="0" index="0" bw="33" slack="0"/>
<pin id="910" dir="0" index="1" bw="32" slack="0"/>
<pin id="911" dir="0" index="2" bw="1" slack="0"/>
<pin id="912" dir="1" index="3" bw="33" slack="0"/>
</pin_list>
<bind>
<opcode="bitconcatenate(1004) " fcode="bitconcatenate"/>
<opset="tmp_21/1 "/>
</bind>
</comp>

<comp id="916" class="1004" name="sext_ln45_23_fu_916">
<pin_list>
<pin id="917" dir="0" index="0" bw="33" slack="0"/>
<pin id="918" dir="1" index="1" bw="46" slack="0"/>
</pin_list>
<bind>
<opcode="sext(35) " fcode="sext"/>
<opset="sext_ln45_23/1 "/>
</bind>
</comp>

<comp id="920" class="1004" name="sub_ln45_8_fu_920">
<pin_list>
<pin id="921" dir="0" index="0" bw="46" slack="0"/>
<pin id="922" dir="0" index="1" bw="33" slack="0"/>
<pin id="923" dir="1" index="2" bw="46" slack="0"/>
</pin_list>
<bind>
<opcode="sub(10) " fcode="sub"/>
<opset="sub_ln45_8/1 "/>
</bind>
</comp>

<comp id="926" class="1004" name="tmp_22_fu_926">
<pin_list>
<pin id="927" dir="0" index="0" bw="42" slack="0"/>
<pin id="928" dir="0" index="1" bw="32" slack="0"/>
<pin id="929" dir="0" index="2" bw="1" slack="0"/>
<pin id="930" dir="1" index="3" bw="42" slack="0"/>
</pin_list>
<bind>
<opcode="bitconcatenate(1004) " fcode="bitconcatenate"/>
<opset="tmp_22/1 "/>
</bind>
</comp>

<comp id="934" class="1004" name="sext_ln45_24_fu_934">
<pin_list>
<pin id="935" dir="0" index="0" bw="42" slack="0"/>
<pin id="936" dir="1" index="1" bw="43" slack="0"/>
</pin_list>
<bind>
<opcode="sext(35) " fcode="sext"/>
<opset="sext_ln45_24/1 "/>
</bind>
</comp>

<comp id="938" class="1004" name="tmp_23_fu_938">
<pin_list>
<pin id="939" dir="0" index="0" bw="40" slack="0"/>
<pin id="940" dir="0" index="1" bw="32" slack="0"/>
<pin id="941" dir="0" index="2" bw="1" slack="0"/>
<pin id="942" dir="1" index="3" bw="40" slack="0"/>
</pin_list>
<bind>
<opcode="bitconcatenate(1004) " fcode="bitconcatenate"/>
<opset="tmp_23/1 "/>
</bind>
</comp>

<comp id="946" class="1004" name="sext_ln45_25_fu_946">
<pin_list>
<pin id="947" dir="0" index="0" bw="40" slack="0"/>
<pin id="948" dir="1" index="1" bw="43" slack="0"/>
</pin_list>
<bind>
<opcode="sext(35) " fcode="sext"/>
<opset="sext_ln45_25/1 "/>
</bind>
</comp>

<comp id="950" class="1004" name="sub_ln45_9_fu_950">
<pin_list>
<pin id="951" dir="0" index="0" bw="42" slack="0"/>
<pin id="952" dir="0" index="1" bw="40" slack="0"/>
<pin id="953" dir="1" index="2" bw="43" slack="0"/>
</pin_list>
<bind>
<opcode="sub(10) " fcode="sub"/>
<opset="sub_ln45_9/1 "/>
</bind>
</comp>

<comp id="956" class="1004" name="tmp_24_fu_956">
<pin_list>
<pin id="957" dir="0" index="0" bw="38" slack="0"/>
<pin id="958" dir="0" index="1" bw="32" slack="0"/>
<pin id="959" dir="0" index="2" bw="1" slack="0"/>
<pin id="960" dir="1" index="3" bw="38" slack="0"/>
</pin_list>
<bind>
<opcode="bitconcatenate(1004) " fcode="bitconcatenate"/>
<opset="tmp_24/1 "/>
</bind>
</comp>

<comp id="964" class="1004" name="sext_ln45_26_fu_964">
<pin_list>
<pin id="965" dir="0" index="0" bw="38" slack="0"/>
<pin id="966" dir="1" index="1" bw="43" slack="0"/>
</pin_list>
<bind>
<opcode="sext(35) " fcode="sext"/>
<opset="sext_ln45_26/1 "/>
</bind>
</comp>

<comp id="968" class="1004" name="sub_ln45_10_fu_968">
<pin_list>
<pin id="969" dir="0" index="0" bw="43" slack="0"/>
<pin id="970" dir="0" index="1" bw="38" slack="0"/>
<pin id="971" dir="1" index="2" bw="43" slack="0"/>
</pin_list>
<bind>
<opcode="sub(10) " fcode="sub"/>
<opset="sub_ln45_10/1 "/>
</bind>
</comp>

<comp id="974" class="1004" name="tmp_25_fu_974">
<pin_list>
<pin id="975" dir="0" index="0" bw="34" slack="0"/>
<pin id="976" dir="0" index="1" bw="32" slack="0"/>
<pin id="977" dir="0" index="2" bw="1" slack="0"/>
<pin id="978" dir="1" index="3" bw="34" slack="0"/>
</pin_list>
<bind>
<opcode="bitconcatenate(1004) " fcode="bitconcatenate"/>
<opset="tmp_25/1 "/>
</bind>
</comp>

<comp id="982" class="1004" name="sext_ln45_27_fu_982">
<pin_list>
<pin id="983" dir="0" index="0" bw="34" slack="0"/>
<pin id="984" dir="1" index="1" bw="43" slack="0"/>
</pin_list>
<bind>
<opcode="sext(35) " fcode="sext"/>
<opset="sext_ln45_27/1 "/>
</bind>
</comp>

<comp id="986" class="1004" name="add_ln45_15_fu_986">
<pin_list>
<pin id="987" dir="0" index="0" bw="43" slack="0"/>
<pin id="988" dir="0" index="1" bw="34" slack="0"/>
<pin id="989" dir="1" index="2" bw="43" slack="0"/>
</pin_list>
<bind>
<opcode="add(8) " fcode="add"/>
<opset="add_ln45_15/1 "/>
</bind>
</comp>

<comp id="992" class="1004" name="sub_ln45_11_fu_992">
<pin_list>
<pin id="993" dir="0" index="0" bw="43" slack="0"/>
<pin id="994" dir="0" index="1" bw="32" slack="0"/>
<pin id="995" dir="1" index="2" bw="43" slack="0"/>
</pin_list>
<bind>
<opcode="sub(10) " fcode="sub"/>
<opset="sub_ln45_11/1 "/>
</bind>
</comp>

<comp id="998" class="1004" name="add_ln45_fu_998">
<pin_list>
<pin id="999" dir="0" index="0" bw="43" slack="0"/>
<pin id="1000" dir="0" index="1" bw="44" slack="0"/>
<pin id="1001" dir="1" index="2" bw="44" slack="0"/>
</pin_list>
<bind>
<opcode="add(8) " fcode="add"/>
<opset="add_ln45/1 "/>
</bind>
</comp>

<comp id="1004" class="1004" name="sext_ln45_3_fu_1004">
<pin_list>
<pin id="1005" dir="0" index="0" bw="44" slack="0"/>
<pin id="1006" dir="1" index="1" bw="46" slack="0"/>
</pin_list>
<bind>
<opcode="sext(35) " fcode="sext"/>
<opset="sext_ln45_3/1 "/>
</bind>
</comp>

<comp id="1008" class="1004" name="add_ln45_1_fu_1008">
<pin_list>
<pin id="1009" dir="0" index="0" bw="44" slack="0"/>
<pin id="1010" dir="0" index="1" bw="46" slack="0"/>
<pin id="1011" dir="1" index="2" bw="46" slack="0"/>
</pin_list>
<bind>
<opcode="add(8) " fcode="add"/>
<opset="add_ln45_1/1 "/>
</bind>
</comp>

<comp id="1014" class="1004" name="add_ln45_2_fu_1014">
<pin_list>
<pin id="1015" dir="0" index="0" bw="43" slack="0"/>
<pin id="1016" dir="0" index="1" bw="43" slack="0"/>
<pin id="1017" dir="1" index="2" bw="43" slack="0"/>
</pin_list>
<bind>
<opcode="add(8) " fcode="add"/>
<opset="add_ln45_2/1 "/>
</bind>
</comp>

<comp id="1020" class="1004" name="sext_ln45_4_fu_1020">
<pin_list>
<pin id="1021" dir="0" index="0" bw="43" slack="0"/>
<pin id="1022" dir="1" index="1" bw="44" slack="0"/>
</pin_list>
<bind>
<opcode="sext(35) " fcode="sext"/>
<opset="sext_ln45_4/1 "/>
</bind>
</comp>

<comp id="1024" class="1004" name="add_ln45_3_fu_1024">
<pin_list>
<pin id="1025" dir="0" index="0" bw="43" slack="0"/>
<pin id="1026" dir="0" index="1" bw="44" slack="0"/>
<pin id="1027" dir="1" index="2" bw="44" slack="0"/>
</pin_list>
<bind>
<opcode="add(8) " fcode="add"/>
<opset="add_ln45_3/1 "/>
</bind>
</comp>

<comp id="1030" class="1004" name="sext_ln45_5_fu_1030">
<pin_list>
<pin id="1031" dir="0" index="0" bw="44" slack="0"/>
<pin id="1032" dir="1" index="1" bw="46" slack="0"/>
</pin_list>
<bind>
<opcode="sext(35) " fcode="sext"/>
<opset="sext_ln45_5/1 "/>
</bind>
</comp>

<comp id="1034" class="1004" name="add_ln45_4_fu_1034">
<pin_list>
<pin id="1035" dir="0" index="0" bw="44" slack="0"/>
<pin id="1036" dir="0" index="1" bw="46" slack="0"/>
<pin id="1037" dir="1" index="2" bw="46" slack="0"/>
</pin_list>
<bind>
<opcode="add(8) " fcode="add"/>
<opset="add_ln45_4/1 "/>
</bind>
</comp>

<comp id="1040" class="1004" name="tmp_26_fu_1040">
<pin_list>
<pin id="1041" dir="0" index="0" bw="1" slack="0"/>
<pin id="1042" dir="0" index="1" bw="46" slack="0"/>
<pin id="1043" dir="0" index="2" bw="7" slack="0"/>
<pin id="1044" dir="1" index="3" bw="1" slack="1"/>
</pin_list>
<bind>
<opcode="bitselect(1000) " fcode="bitselect"/>
<opset="tmp_26/1 "/>
</bind>
</comp>

<comp id="1048" class="1004" name="sext_ln45_28_fu_1048">
<pin_list>
<pin id="1049" dir="0" index="0" bw="46" slack="1"/>
<pin id="1050" dir="1" index="1" bw="93" slack="0"/>
</pin_list>
<bind>
<opcode="sext(35) " fcode="sext"/>
<opset="sext_ln45_28/2 "/>
</bind>
</comp>

<comp id="1052" class="1004" name="sub_ln45_fu_1052">
<pin_list>
<pin id="1053" dir="0" index="0" bw="1" slack="0"/>
<pin id="1054" dir="0" index="1" bw="93" slack="0"/>
<pin id="1055" dir="1" index="2" bw="93" slack="0"/>
</pin_list>
<bind>
<opcode="sub(10) " fcode="sub"/>
<opset="sub_ln45/2 "/>
</bind>
</comp>

<comp id="1058" class="1004" name="tmp_27_fu_1058">
<pin_list>
<pin id="1059" dir="0" index="0" bw="33" slack="0"/>
<pin id="1060" dir="0" index="1" bw="93" slack="0"/>
<pin id="1061" dir="0" index="2" bw="7" slack="0"/>
<pin id="1062" dir="0" index="3" bw="8" slack="0"/>
<pin id="1063" dir="1" index="4" bw="33" slack="0"/>
</pin_list>
<bind>
<opcode="partselect(1002) " fcode="partselect"/>
<opset="tmp_27/2 "/>
</bind>
</comp>

<comp id="1068" class="1004" name="tmp_28_fu_1068">
<pin_list>
<pin id="1069" dir="0" index="0" bw="33" slack="0"/>
<pin id="1070" dir="0" index="1" bw="93" slack="0"/>
<pin id="1071" dir="0" index="2" bw="7" slack="0"/>
<pin id="1072" dir="0" index="3" bw="8" slack="0"/>
<pin id="1073" dir="1" index="4" bw="33" slack="0"/>
</pin_list>
<bind>
<opcode="partselect(1002) " fcode="partselect"/>
<opset="tmp_28/2 "/>
</bind>
</comp>

<comp id="1078" class="1004" name="sext_ln45_29_fu_1078">
<pin_list>
<pin id="1079" dir="0" index="0" bw="33" slack="0"/>
<pin id="1080" dir="1" index="1" bw="46" slack="0"/>
</pin_list>
<bind>
<opcode="sext(35) " fcode="sext"/>
<opset="sext_ln45_29/2 "/>
</bind>
</comp>

<comp id="1082" class="1004" name="select_ln45_1_fu_1082">
<pin_list>
<pin id="1083" dir="0" index="0" bw="1" slack="1"/>
<pin id="1084" dir="0" index="1" bw="33" slack="0"/>
<pin id="1085" dir="0" index="2" bw="33" slack="0"/>
<pin id="1086" dir="1" index="3" bw="33" slack="0"/>
</pin_list>
<bind>
<opcode="select(49) " fcode="select"/>
<opset="select_ln45_1/2 "/>
</bind>
</comp>

<comp id="1089" class="1004" name="sext_ln45_30_fu_1089">
<pin_list>
<pin id="1090" dir="0" index="0" bw="33" slack="0"/>
<pin id="1091" dir="1" index="1" bw="46" slack="0"/>
</pin_list>
<bind>
<opcode="sext(35) " fcode="sext"/>
<opset="sext_ln45_30/2 "/>
</bind>
</comp>

<comp id="1093" class="1004" name="sub_ln45_1_fu_1093">
<pin_list>
<pin id="1094" dir="0" index="0" bw="1" slack="0"/>
<pin id="1095" dir="0" index="1" bw="33" slack="0"/>
<pin id="1096" dir="1" index="2" bw="46" slack="0"/>
</pin_list>
<bind>
<opcode="sub(10) " fcode="sub"/>
<opset="sub_ln45_1/2 "/>
</bind>
</comp>

<comp id="1099" class="1004" name="Q_path_fu_1099">
<pin_list>
<pin id="1100" dir="0" index="0" bw="1" slack="1"/>
<pin id="1101" dir="0" index="1" bw="35" slack="0"/>
<pin id="1102" dir="0" index="2" bw="33" slack="0"/>
<pin id="1103" dir="1" index="3" bw="46" slack="1"/>
</pin_list>
<bind>
<opcode="select(49) " fcode="select"/>
<opset="Q_path/2 "/>
</bind>
</comp>

<comp id="1106" class="1004" name="sext_ln45_6_fu_1106">
<pin_list>
<pin id="1107" dir="0" index="0" bw="35" slack="1"/>
<pin id="1108" dir="1" index="1" bw="64" slack="0"/>
</pin_list>
<bind>
<opcode="sext(35) " fcode="sext"/>
<opset="sext_ln45_6/3 "/>
</bind>
</comp>

<comp id="1111" class="1004" name="sext_ln47_fu_1111">
<pin_list>
<pin id="1112" dir="0" index="0" bw="32" slack="2"/>
<pin id="1113" dir="1" index="1" bw="64" slack="0"/>
</pin_list>
<bind>
<opcode="sext(35) " fcode="sext"/>
<opset="sext_ln47/3 "/>
</bind>
</comp>

<comp id="1116" class="1004" name="mag_sq_fu_1116">
<pin_list>
<pin id="1117" dir="0" index="0" bw="64" slack="1"/>
<pin id="1118" dir="0" index="1" bw="64" slack="1"/>
<pin id="1119" dir="1" index="2" bw="64" slack="0"/>
</pin_list>
<bind>
<opcode="add(8) " fcode="add"/>
<opset="mag_sq/4 "/>
</bind>
</comp>

<comp id="1121" class="1004" name="data_fu_1121">
<pin_list>
<pin id="1122" dir="0" index="0" bw="32" slack="1"/>
<pin id="1123" dir="1" index="1" bw="32" slack="0"/>
</pin_list>
<bind>
<opcode="bitcast(44) " fcode="bitcast"/>
<opset="data/16 "/>
</bind>
</comp>

<comp id="1124" class="1004" name="xs_sign_fu_1124">
<pin_list>
<pin id="1125" dir="0" index="0" bw="1" slack="0"/>
<pin id="1126" dir="0" index="1" bw="32" slack="0"/>
<pin id="1127" dir="0" index="2" bw="6" slack="0"/>
<pin id="1128" dir="1" index="3" bw="1" slack="0"/>
</pin_list>
<bind>
<opcode="bitselect(1000) " fcode="bitselect"/>
<opset="xs_sign/16 "/>
</bind>
</comp>

<comp id="1132" class="1004" name="xs_exp_fu_1132">
<pin_list>
<pin id="1133" dir="0" index="0" bw="8" slack="0"/>
<pin id="1134" dir="0" index="1" bw="32" slack="0"/>
<pin id="1135" dir="0" index="2" bw="6" slack="0"/>
<pin id="1136" dir="0" index="3" bw="6" slack="0"/>
<pin id="1137" dir="1" index="4" bw="8" slack="0"/>
</pin_list>
<bind>
<opcode="partselect(1002) " fcode="partselect"/>
<opset="xs_exp/16 "/>
</bind>
</comp>

<comp id="1142" class="1004" name="trunc_ln342_fu_1142">
<pin_list>
<pin id="1143" dir="0" index="0" bw="32" slack="0"/>
<pin id="1144" dir="1" index="1" bw="23" slack="0"/>
</pin_list>
<bind>
<opcode="trunc(33) " fcode="trunc"/>
<opset="trunc_ln342/16 "/>
</bind>
</comp>

<comp id="1146" class="1004" name="mantissa_fu_1146">
<pin_list>
<pin id="1147" dir="0" index="0" bw="25" slack="0"/>
<pin id="1148" dir="0" index="1" bw="1" slack="0"/>
<pin id="1149" dir="0" index="2" bw="23" slack="0"/>
<pin id="1150" dir="0" index="3" bw="1" slack="0"/>
<pin id="1151" dir="1" index="4" bw="25" slack="0"/>
</pin_list>
<bind>
<opcode="bitconcatenate(1004) " fcode="bitconcatenate"/>
<opset="mantissa/16 "/>
</bind>
</comp>

<comp id="1156" class="1004" name="zext_ln15_fu_1156">
<pin_list>
<pin id="1157" dir="0" index="0" bw="25" slack="0"/>
<pin id="1158" dir="1" index="1" bw="79" slack="0"/>
</pin_list>
<bind>
<opcode="zext(34) " fcode="zext"/>
<opset="zext_ln15/16 "/>
</bind>
</comp>

<comp id="1160" class="1004" name="zext_ln317_fu_1160">
<pin_list>
<pin id="1161" dir="0" index="0" bw="8" slack="0"/>
<pin id="1162" dir="1" index="1" bw="9" slack="0"/>
</pin_list>
<bind>
<opcode="zext(34) " fcode="zext"/>
<opset="zext_ln317/16 "/>
</bind>
</comp>

<comp id="1164" class="1004" name="add_ln317_fu_1164">
<pin_list>
<pin id="1165" dir="0" index="0" bw="8" slack="0"/>
<pin id="1166" dir="0" index="1" bw="8" slack="0"/>
<pin id="1167" dir="1" index="2" bw="9" slack="0"/>
</pin_list>
<bind>
<opcode="add(8) " fcode="add"/>
<opset="add_ln317/16 "/>
</bind>
</comp>

<comp id="1170" class="1004" name="tmp_30_fu_1170">
<pin_list>
<pin id="1171" dir="0" index="0" bw="1" slack="0"/>
<pin id="1172" dir="0" index="1" bw="9" slack="0"/>
<pin id="1173" dir="0" index="2" bw="5" slack="0"/>
<pin id="1174" dir="1" index="3" bw="1" slack="0"/>
</pin_list>
<bind>
<opcode="bitselect(1000) " fcode="bitselect"/>
<opset="tmp_30/16 "/>
</bind>
</comp>

<comp id="1178" class="1004" name="sub_ln18_fu_1178">
<pin_list>
<pin id="1179" dir="0" index="0" bw="8" slack="0"/>
<pin id="1180" dir="0" index="1" bw="8" slack="0"/>
<pin id="1181" dir="1" index="2" bw="8" slack="0"/>
</pin_list>
<bind>
<opcode="sub(10) " fcode="sub"/>
<opset="sub_ln18/16 "/>
</bind>
</comp>

<comp id="1184" class="1004" name="sext_ln18_fu_1184">
<pin_list>
<pin id="1185" dir="0" index="0" bw="8" slack="0"/>
<pin id="1186" dir="1" index="1" bw="9" slack="0"/>
</pin_list>
<bind>
<opcode="sext(35) " fcode="sext"/>
<opset="sext_ln18/16 "/>
</bind>
</comp>

<comp id="1188" class="1004" name="select_ln18_fu_1188">
<pin_list>
<pin id="1189" dir="0" index="0" bw="1" slack="0"/>
<pin id="1190" dir="0" index="1" bw="8" slack="0"/>
<pin id="1191" dir="0" index="2" bw="9" slack="0"/>
<pin id="1192" dir="1" index="3" bw="9" slack="0"/>
</pin_list>
<bind>
<opcode="select(49) " fcode="select"/>
<opset="select_ln18/16 "/>
</bind>
</comp>

<comp id="1196" class="1004" name="sext_ln18_1_fu_1196">
<pin_list>
<pin id="1197" dir="0" index="0" bw="9" slack="0"/>
<pin id="1198" dir="1" index="1" bw="32" slack="0"/>
</pin_list>
<bind>
<opcode="sext(35) " fcode="sext"/>
<opset="sext_ln18_1/16 "/>
</bind>
</comp>

<comp id="1200" class="1004" name="zext_ln18_fu_1200">
<pin_list>
<pin id="1201" dir="0" index="0" bw="9" slack="0"/>
<pin id="1202" dir="1" index="1" bw="79" slack="0"/>
</pin_list>
<bind>
<opcode="zext(34) " fcode="zext"/>
<opset="zext_ln18/16 "/>
</bind>
</comp>

<comp id="1204" class="1004" name="lshr_ln18_fu_1204">
<pin_list>
<pin id="1205" dir="0" index="0" bw="25" slack="0"/>
<pin id="1206" dir="0" index="1" bw="32" slack="0"/>
<pin id="1207" dir="1" index="2" bw="79" slack="0"/>
</pin_list>
<bind>
<opcode="lshr(21) " fcode="lshr"/>
<opset="lshr_ln18/16 "/>
</bind>
</comp>

<comp id="1210" class="1004" name="shl_ln18_fu_1210">
<pin_list>
<pin id="1211" dir="0" index="0" bw="25" slack="0"/>
<pin id="1212" dir="0" index="1" bw="32" slack="0"/>
<pin id="1213" dir="1" index="2" bw="79" slack="0"/>
</pin_list>
<bind>
<opcode="shl(20) " fcode="shl"/>
<opset="shl_ln18/16 "/>
</bind>
</comp>

<comp id="1216" class="1004" name="tmp_3_fu_1216">
<pin_list>
<pin id="1217" dir="0" index="0" bw="32" slack="0"/>
<pin id="1218" dir="0" index="1" bw="79" slack="0"/>
<pin id="1219" dir="0" index="2" bw="6" slack="0"/>
<pin id="1220" dir="0" index="3" bw="7" slack="0"/>
<pin id="1221" dir="1" index="4" bw="32" slack="0"/>
</pin_list>
<bind>
<opcode="partselect(1002) " fcode="partselect"/>
<opset="tmp_3/16 "/>
</bind>
</comp>

<comp id="1226" class="1004" name="tmp_4_fu_1226">
<pin_list>
<pin id="1227" dir="0" index="0" bw="32" slack="0"/>
<pin id="1228" dir="0" index="1" bw="79" slack="0"/>
<pin id="1229" dir="0" index="2" bw="6" slack="0"/>
<pin id="1230" dir="0" index="3" bw="7" slack="0"/>
<pin id="1231" dir="1" index="4" bw="32" slack="0"/>
</pin_list>
<bind>
<opcode="partselect(1002) " fcode="partselect"/>
<opset="tmp_4/16 "/>
</bind>
</comp>

<comp id="1236" class="1004" name="val_fu_1236">
<pin_list>
<pin id="1237" dir="0" index="0" bw="1" slack="0"/>
<pin id="1238" dir="0" index="1" bw="32" slack="0"/>
<pin id="1239" dir="0" index="2" bw="32" slack="0"/>
<pin id="1240" dir="1" index="3" bw="32" slack="0"/>
</pin_list>
<bind>
<opcode="select(49) " fcode="select"/>
<opset="val/16 "/>
</bind>
</comp>

<comp id="1244" class="1004" name="result_1_fu_1244">
<pin_list>
<pin id="1245" dir="0" index="0" bw="1" slack="0"/>
<pin id="1246" dir="0" index="1" bw="32" slack="0"/>
<pin id="1247" dir="1" index="2" bw="32" slack="0"/>
</pin_list>
<bind>
<opcode="sub(10) " fcode="sub"/>
<opset="result_1/16 "/>
</bind>
</comp>

<comp id="1250" class="1004" name="result_fu_1250">
<pin_list>
<pin id="1251" dir="0" index="0" bw="1" slack="0"/>
<pin id="1252" dir="0" index="1" bw="32" slack="0"/>
<pin id="1253" dir="0" index="2" bw="32" slack="0"/>
<pin id="1254" dir="1" index="3" bw="32" slack="0"/>
</pin_list>
<bind>
<opcode="select(49) " fcode="select"/>
<opset="result/16 "/>
</bind>
</comp>

<comp id="1259" class="1005" name="tmp_keep_reg_1259">
<pin_list>
<pin id="1260" dir="0" index="0" bw="4" slack="15"/>
<pin id="1261" dir="1" index="1" bw="4" slack="15"/>
</pin_list>
<bind>
<opset="tmp_keep "/>
</bind>
</comp>

<comp id="1264" class="1005" name="tmp_strb_reg_1264">
<pin_list>
<pin id="1265" dir="0" index="0" bw="4" slack="15"/>
<pin id="1266" dir="1" index="1" bw="4" slack="15"/>
</pin_list>
<bind>
<opset="tmp_strb "/>
</bind>
</comp>

<comp id="1269" class="1005" name="tmp_user_reg_1269">
<pin_list>
<pin id="1270" dir="0" index="0" bw="2" slack="15"/>
<pin id="1271" dir="1" index="1" bw="2" slack="15"/>
</pin_list>
<bind>
<opset="tmp_user "/>
</bind>
</comp>

<comp id="1274" class="1005" name="tmp_last_reg_1274">
<pin_list>
<pin id="1275" dir="0" index="0" bw="1" slack="15"/>
<pin id="1276" dir="1" index="1" bw="1" slack="15"/>
</pin_list>
<bind>
<opset="tmp_last "/>
</bind>
</comp>

<comp id="1279" class="1005" name="tmp_id_reg_1279">
<pin_list>
<pin id="1280" dir="0" index="0" bw="5" slack="15"/>
<pin id="1281" dir="1" index="1" bw="5" slack="15"/>
</pin_list>
<bind>
<opset="tmp_id "/>
</bind>
</comp>

<comp id="1284" class="1005" name="tmp_dest_reg_1284">
<pin_list>
<pin id="1285" dir="0" index="0" bw="6" slack="15"/>
<pin id="1286" dir="1" index="1" bw="6" slack="15"/>
</pin_list>
<bind>
<opset="tmp_dest "/>
</bind>
</comp>

<comp id="1289" class="1005" name="I_path_reg_1289">
<pin_list>
<pin id="1290" dir="0" index="0" bw="32" slack="2"/>
<pin id="1291" dir="1" index="1" bw="32" slack="2"/>
</pin_list>
<bind>
<opset="I_path "/>
</bind>
</comp>

<comp id="1294" class="1005" name="add_ln45_4_reg_1294">
<pin_list>
<pin id="1295" dir="0" index="0" bw="46" slack="1"/>
<pin id="1296" dir="1" index="1" bw="46" slack="1"/>
</pin_list>
<bind>
<opset="add_ln45_4 "/>
</bind>
</comp>

<comp id="1299" class="1005" name="tmp_26_reg_1299">
<pin_list>
<pin id="1300" dir="0" index="0" bw="1" slack="1"/>
<pin id="1301" dir="1" index="1" bw="1" slack="1"/>
</pin_list>
<bind>
<opset="tmp_26 "/>
</bind>
</comp>

<comp id="1305" class="1005" name="Q_path_reg_1305">
<pin_list>
<pin id="1306" dir="0" index="0" bw="46" slack="1"/>
<pin id="1307" dir="1" index="1" bw="46" slack="1"/>
</pin_list>
<bind>
<opset="Q_path "/>
</bind>
</comp>

<comp id="1310" class="1005" name="mul_ln47_reg_1310">
<pin_list>
<pin id="1311" dir="0" index="0" bw="64" slack="1"/>
<pin id="1312" dir="1" index="1" bw="64" slack="1"/>
</pin_list>
<bind>
<opset="mul_ln47 "/>
</bind>
</comp>

<comp id="1315" class="1005" name="mul_ln47_1_reg_1315">
<pin_list>
<pin id="1316" dir="0" index="0" bw="64" slack="1"/>
<pin id="1317" dir="1" index="1" bw="64" slack="1"/>
</pin_list>
<bind>
<opset="mul_ln47_1 "/>
</bind>
</comp>

<comp id="1320" class="1005" name="mag_sq_reg_1320">
<pin_list>
<pin id="1321" dir="0" index="0" bw="64" slack="1"/>
<pin id="1322" dir="1" index="1" bw="64" slack="1"/>
</pin_list>
<bind>
<opset="mag_sq "/>
</bind>
</comp>

<comp id="1325" class="1005" name="x_assign_reg_1325">
<pin_list>
<pin id="1326" dir="0" index="0" bw="32" slack="1"/>
<pin id="1327" dir="1" index="1" bw="32" slack="1"/>
</pin_list>
<bind>
<opset="x_assign "/>
</bind>
</comp>

<comp id="1330" class="1005" name="dc_reg_1330">
<pin_list>
<pin id="1331" dir="0" index="0" bw="32" slack="1"/>
<pin id="1332" dir="1" index="1" bw="32" slack="1"/>
</pin_list>
<bind>
<opset="dc "/>
</bind>
</comp>

<comp id="1335" class="1005" name="result_reg_1335">
<pin_list>
<pin id="1336" dir="0" index="0" bw="32" slack="1"/>
<pin id="1337" dir="1" index="1" bw="32" slack="1"/>
</pin_list>
<bind>
<opset="result "/>
</bind>
</comp>

</comp_list>

<net_list>
<net id="218"><net_src comp="104" pin="0"/><net_sink comp="208" pin=0"/></net>

<net id="219"><net_src comp="0" pin="0"/><net_sink comp="208" pin=1"/></net>

<net id="220"><net_src comp="2" pin="0"/><net_sink comp="208" pin=2"/></net>

<net id="221"><net_src comp="4" pin="0"/><net_sink comp="208" pin=3"/></net>

<net id="222"><net_src comp="6" pin="0"/><net_sink comp="208" pin=4"/></net>

<net id="223"><net_src comp="8" pin="0"/><net_sink comp="208" pin=5"/></net>

<net id="224"><net_src comp="10" pin="0"/><net_sink comp="208" pin=6"/></net>

<net id="225"><net_src comp="12" pin="0"/><net_sink comp="208" pin=7"/></net>

<net id="243"><net_src comp="206" pin="0"/><net_sink comp="226" pin=0"/></net>

<net id="244"><net_src comp="14" pin="0"/><net_sink comp="226" pin=1"/></net>

<net id="245"><net_src comp="16" pin="0"/><net_sink comp="226" pin=2"/></net>

<net id="246"><net_src comp="18" pin="0"/><net_sink comp="226" pin=3"/></net>

<net id="247"><net_src comp="20" pin="0"/><net_sink comp="226" pin=4"/></net>

<net id="248"><net_src comp="22" pin="0"/><net_sink comp="226" pin=5"/></net>

<net id="249"><net_src comp="24" pin="0"/><net_sink comp="226" pin=6"/></net>

<net id="250"><net_src comp="26" pin="0"/><net_sink comp="226" pin=7"/></net>

<net id="258"><net_src comp="176" pin="0"/><net_sink comp="254" pin=0"/></net>

<net id="271"><net_src comp="164" pin="0"/><net_sink comp="267" pin=1"/></net>

<net id="275"><net_src comp="208" pin="8"/><net_sink comp="272" pin=0"/></net>

<net id="279"><net_src comp="208" pin="8"/><net_sink comp="276" pin=0"/></net>

<net id="283"><net_src comp="208" pin="8"/><net_sink comp="280" pin=0"/></net>

<net id="287"><net_src comp="208" pin="8"/><net_sink comp="284" pin=0"/></net>

<net id="291"><net_src comp="208" pin="8"/><net_sink comp="288" pin=0"/></net>

<net id="295"><net_src comp="208" pin="8"/><net_sink comp="292" pin=0"/></net>

<net id="299"><net_src comp="208" pin="8"/><net_sink comp="296" pin=0"/></net>

<net id="303"><net_src comp="28" pin="0"/><net_sink comp="300" pin=0"/></net>

<net id="307"><net_src comp="30" pin="0"/><net_sink comp="304" pin=0"/></net>

<net id="312"><net_src comp="304" pin="1"/><net_sink comp="308" pin=0"/></net>

<net id="313"><net_src comp="28" pin="0"/><net_sink comp="308" pin=1"/></net>

<net id="317"><net_src comp="32" pin="0"/><net_sink comp="314" pin=0"/></net>

<net id="322"><net_src comp="314" pin="1"/><net_sink comp="318" pin=0"/></net>

<net id="323"><net_src comp="30" pin="0"/><net_sink comp="318" pin=1"/></net>

<net id="327"><net_src comp="34" pin="0"/><net_sink comp="324" pin=0"/></net>

<net id="332"><net_src comp="324" pin="1"/><net_sink comp="328" pin=0"/></net>

<net id="333"><net_src comp="32" pin="0"/><net_sink comp="328" pin=1"/></net>

<net id="337"><net_src comp="36" pin="0"/><net_sink comp="334" pin=0"/></net>

<net id="342"><net_src comp="334" pin="1"/><net_sink comp="338" pin=0"/></net>

<net id="343"><net_src comp="34" pin="0"/><net_sink comp="338" pin=1"/></net>

<net id="347"><net_src comp="38" pin="0"/><net_sink comp="344" pin=0"/></net>

<net id="352"><net_src comp="344" pin="1"/><net_sink comp="348" pin=0"/></net>

<net id="353"><net_src comp="36" pin="0"/><net_sink comp="348" pin=1"/></net>

<net id="357"><net_src comp="40" pin="0"/><net_sink comp="354" pin=0"/></net>

<net id="362"><net_src comp="354" pin="1"/><net_sink comp="358" pin=0"/></net>

<net id="363"><net_src comp="38" pin="0"/><net_sink comp="358" pin=1"/></net>

<net id="367"><net_src comp="42" pin="0"/><net_sink comp="364" pin=0"/></net>

<net id="372"><net_src comp="364" pin="1"/><net_sink comp="368" pin=0"/></net>

<net id="373"><net_src comp="40" pin="0"/><net_sink comp="368" pin=1"/></net>

<net id="377"><net_src comp="44" pin="0"/><net_sink comp="374" pin=0"/></net>

<net id="382"><net_src comp="374" pin="1"/><net_sink comp="378" pin=0"/></net>

<net id="383"><net_src comp="42" pin="0"/><net_sink comp="378" pin=1"/></net>

<net id="387"><net_src comp="46" pin="0"/><net_sink comp="384" pin=0"/></net>

<net id="392"><net_src comp="384" pin="1"/><net_sink comp="388" pin=0"/></net>

<net id="393"><net_src comp="44" pin="0"/><net_sink comp="388" pin=1"/></net>

<net id="397"><net_src comp="48" pin="0"/><net_sink comp="394" pin=0"/></net>

<net id="402"><net_src comp="394" pin="1"/><net_sink comp="398" pin=0"/></net>

<net id="403"><net_src comp="46" pin="0"/><net_sink comp="398" pin=1"/></net>

<net id="407"><net_src comp="50" pin="0"/><net_sink comp="404" pin=0"/></net>

<net id="412"><net_src comp="404" pin="1"/><net_sink comp="408" pin=0"/></net>

<net id="413"><net_src comp="48" pin="0"/><net_sink comp="408" pin=1"/></net>

<net id="417"><net_src comp="52" pin="0"/><net_sink comp="414" pin=0"/></net>

<net id="422"><net_src comp="414" pin="1"/><net_sink comp="418" pin=0"/></net>

<net id="423"><net_src comp="50" pin="0"/><net_sink comp="418" pin=1"/></net>

<net id="427"><net_src comp="54" pin="0"/><net_sink comp="424" pin=0"/></net>

<net id="432"><net_src comp="424" pin="1"/><net_sink comp="428" pin=0"/></net>

<net id="433"><net_src comp="52" pin="0"/><net_sink comp="428" pin=1"/></net>

<net id="437"><net_src comp="56" pin="0"/><net_sink comp="434" pin=0"/></net>

<net id="442"><net_src comp="434" pin="1"/><net_sink comp="438" pin=0"/></net>

<net id="443"><net_src comp="54" pin="0"/><net_sink comp="438" pin=1"/></net>

<net id="447"><net_src comp="58" pin="0"/><net_sink comp="444" pin=0"/></net>

<net id="452"><net_src comp="444" pin="1"/><net_sink comp="448" pin=0"/></net>

<net id="453"><net_src comp="56" pin="0"/><net_sink comp="448" pin=1"/></net>

<net id="457"><net_src comp="60" pin="0"/><net_sink comp="454" pin=0"/></net>

<net id="462"><net_src comp="454" pin="1"/><net_sink comp="458" pin=0"/></net>

<net id="463"><net_src comp="58" pin="0"/><net_sink comp="458" pin=1"/></net>

<net id="467"><net_src comp="62" pin="0"/><net_sink comp="464" pin=0"/></net>

<net id="472"><net_src comp="464" pin="1"/><net_sink comp="468" pin=0"/></net>

<net id="473"><net_src comp="60" pin="0"/><net_sink comp="468" pin=1"/></net>

<net id="477"><net_src comp="64" pin="0"/><net_sink comp="474" pin=0"/></net>

<net id="482"><net_src comp="474" pin="1"/><net_sink comp="478" pin=0"/></net>

<net id="483"><net_src comp="62" pin="0"/><net_sink comp="478" pin=1"/></net>

<net id="487"><net_src comp="66" pin="0"/><net_sink comp="484" pin=0"/></net>

<net id="492"><net_src comp="484" pin="1"/><net_sink comp="488" pin=0"/></net>

<net id="493"><net_src comp="64" pin="0"/><net_sink comp="488" pin=1"/></net>

<net id="497"><net_src comp="68" pin="0"/><net_sink comp="494" pin=0"/></net>

<net id="502"><net_src comp="494" pin="1"/><net_sink comp="498" pin=0"/></net>

<net id="503"><net_src comp="66" pin="0"/><net_sink comp="498" pin=1"/></net>

<net id="507"><net_src comp="70" pin="0"/><net_sink comp="504" pin=0"/></net>

<net id="512"><net_src comp="504" pin="1"/><net_sink comp="508" pin=0"/></net>

<net id="513"><net_src comp="68" pin="0"/><net_sink comp="508" pin=1"/></net>

<net id="517"><net_src comp="72" pin="0"/><net_sink comp="514" pin=0"/></net>

<net id="522"><net_src comp="514" pin="1"/><net_sink comp="518" pin=0"/></net>

<net id="523"><net_src comp="70" pin="0"/><net_sink comp="518" pin=1"/></net>

<net id="527"><net_src comp="74" pin="0"/><net_sink comp="524" pin=0"/></net>

<net id="532"><net_src comp="524" pin="1"/><net_sink comp="528" pin=0"/></net>

<net id="533"><net_src comp="72" pin="0"/><net_sink comp="528" pin=1"/></net>

<net id="538"><net_src comp="272" pin="1"/><net_sink comp="534" pin=0"/></net>

<net id="539"><net_src comp="74" pin="0"/><net_sink comp="534" pin=1"/></net>

<net id="544"><net_src comp="300" pin="1"/><net_sink comp="540" pin=0"/></net>

<net id="545"><net_src comp="272" pin="1"/><net_sink comp="540" pin=1"/></net>

<net id="549"><net_src comp="540" pin="2"/><net_sink comp="546" pin=0"/></net>

<net id="554"><net_src comp="314" pin="1"/><net_sink comp="550" pin=0"/></net>

<net id="555"><net_src comp="514" pin="1"/><net_sink comp="550" pin=1"/></net>

<net id="559"><net_src comp="550" pin="2"/><net_sink comp="556" pin=0"/></net>

<net id="564"><net_src comp="334" pin="1"/><net_sink comp="560" pin=0"/></net>

<net id="565"><net_src comp="494" pin="1"/><net_sink comp="560" pin=1"/></net>

<net id="569"><net_src comp="560" pin="2"/><net_sink comp="566" pin=0"/></net>

<net id="574"><net_src comp="354" pin="1"/><net_sink comp="570" pin=0"/></net>

<net id="575"><net_src comp="474" pin="1"/><net_sink comp="570" pin=1"/></net>

<net id="579"><net_src comp="570" pin="2"/><net_sink comp="576" pin=0"/></net>

<net id="584"><net_src comp="374" pin="1"/><net_sink comp="580" pin=0"/></net>

<net id="585"><net_src comp="454" pin="1"/><net_sink comp="580" pin=1"/></net>

<net id="590"><net_src comp="394" pin="1"/><net_sink comp="586" pin=0"/></net>

<net id="591"><net_src comp="434" pin="1"/><net_sink comp="586" pin=1"/></net>

<net id="597"><net_src comp="106" pin="0"/><net_sink comp="592" pin=0"/></net>

<net id="598"><net_src comp="560" pin="2"/><net_sink comp="592" pin=1"/></net>

<net id="599"><net_src comp="108" pin="0"/><net_sink comp="592" pin=2"/></net>

<net id="603"><net_src comp="592" pin="3"/><net_sink comp="600" pin=0"/></net>

<net id="609"><net_src comp="110" pin="0"/><net_sink comp="604" pin=0"/></net>

<net id="610"><net_src comp="560" pin="2"/><net_sink comp="604" pin=1"/></net>

<net id="611"><net_src comp="112" pin="0"/><net_sink comp="604" pin=2"/></net>

<net id="615"><net_src comp="604" pin="3"/><net_sink comp="612" pin=0"/></net>

<net id="620"><net_src comp="600" pin="1"/><net_sink comp="616" pin=0"/></net>

<net id="621"><net_src comp="612" pin="1"/><net_sink comp="616" pin=1"/></net>

<net id="627"><net_src comp="114" pin="0"/><net_sink comp="622" pin=0"/></net>

<net id="628"><net_src comp="560" pin="2"/><net_sink comp="622" pin=1"/></net>

<net id="629"><net_src comp="116" pin="0"/><net_sink comp="622" pin=2"/></net>

<net id="633"><net_src comp="622" pin="3"/><net_sink comp="630" pin=0"/></net>

<net id="638"><net_src comp="616" pin="2"/><net_sink comp="634" pin=0"/></net>

<net id="639"><net_src comp="630" pin="1"/><net_sink comp="634" pin=1"/></net>

<net id="645"><net_src comp="118" pin="0"/><net_sink comp="640" pin=0"/></net>

<net id="646"><net_src comp="560" pin="2"/><net_sink comp="640" pin=1"/></net>

<net id="647"><net_src comp="120" pin="0"/><net_sink comp="640" pin=2"/></net>

<net id="651"><net_src comp="640" pin="3"/><net_sink comp="648" pin=0"/></net>

<net id="656"><net_src comp="634" pin="2"/><net_sink comp="652" pin=0"/></net>

<net id="657"><net_src comp="648" pin="1"/><net_sink comp="652" pin=1"/></net>

<net id="662"><net_src comp="652" pin="2"/><net_sink comp="658" pin=0"/></net>

<net id="663"><net_src comp="566" pin="1"/><net_sink comp="658" pin=1"/></net>

<net id="669"><net_src comp="122" pin="0"/><net_sink comp="664" pin=0"/></net>

<net id="670"><net_src comp="540" pin="2"/><net_sink comp="664" pin=1"/></net>

<net id="671"><net_src comp="124" pin="0"/><net_sink comp="664" pin=2"/></net>

<net id="675"><net_src comp="664" pin="3"/><net_sink comp="672" pin=0"/></net>

<net id="681"><net_src comp="126" pin="0"/><net_sink comp="676" pin=0"/></net>

<net id="682"><net_src comp="540" pin="2"/><net_sink comp="676" pin=1"/></net>

<net id="683"><net_src comp="128" pin="0"/><net_sink comp="676" pin=2"/></net>

<net id="687"><net_src comp="676" pin="3"/><net_sink comp="684" pin=0"/></net>

<net id="692"><net_src comp="672" pin="1"/><net_sink comp="688" pin=0"/></net>

<net id="693"><net_src comp="684" pin="1"/><net_sink comp="688" pin=1"/></net>

<net id="699"><net_src comp="118" pin="0"/><net_sink comp="694" pin=0"/></net>

<net id="700"><net_src comp="540" pin="2"/><net_sink comp="694" pin=1"/></net>

<net id="701"><net_src comp="120" pin="0"/><net_sink comp="694" pin=2"/></net>

<net id="705"><net_src comp="694" pin="3"/><net_sink comp="702" pin=0"/></net>

<net id="710"><net_src comp="688" pin="2"/><net_sink comp="706" pin=0"/></net>

<net id="711"><net_src comp="702" pin="1"/><net_sink comp="706" pin=1"/></net>

<net id="716"><net_src comp="706" pin="2"/><net_sink comp="712" pin=0"/></net>

<net id="717"><net_src comp="546" pin="1"/><net_sink comp="712" pin=1"/></net>

<net id="721"><net_src comp="712" pin="2"/><net_sink comp="718" pin=0"/></net>

<net id="727"><net_src comp="130" pin="0"/><net_sink comp="722" pin=0"/></net>

<net id="728"><net_src comp="580" pin="2"/><net_sink comp="722" pin=1"/></net>

<net id="729"><net_src comp="132" pin="0"/><net_sink comp="722" pin=2"/></net>

<net id="733"><net_src comp="722" pin="3"/><net_sink comp="730" pin=0"/></net>

<net id="739"><net_src comp="126" pin="0"/><net_sink comp="734" pin=0"/></net>

<net id="740"><net_src comp="580" pin="2"/><net_sink comp="734" pin=1"/></net>

<net id="741"><net_src comp="128" pin="0"/><net_sink comp="734" pin=2"/></net>

<net id="745"><net_src comp="734" pin="3"/><net_sink comp="742" pin=0"/></net>

<net id="750"><net_src comp="730" pin="1"/><net_sink comp="746" pin=0"/></net>

<net id="751"><net_src comp="742" pin="1"/><net_sink comp="746" pin=1"/></net>

<net id="757"><net_src comp="134" pin="0"/><net_sink comp="752" pin=0"/></net>

<net id="758"><net_src comp="580" pin="2"/><net_sink comp="752" pin=1"/></net>

<net id="759"><net_src comp="136" pin="0"/><net_sink comp="752" pin=2"/></net>

<net id="763"><net_src comp="752" pin="3"/><net_sink comp="760" pin=0"/></net>

<net id="768"><net_src comp="746" pin="2"/><net_sink comp="764" pin=0"/></net>

<net id="769"><net_src comp="760" pin="1"/><net_sink comp="764" pin=1"/></net>

<net id="775"><net_src comp="138" pin="0"/><net_sink comp="770" pin=0"/></net>

<net id="776"><net_src comp="580" pin="2"/><net_sink comp="770" pin=1"/></net>

<net id="777"><net_src comp="140" pin="0"/><net_sink comp="770" pin=2"/></net>

<net id="781"><net_src comp="770" pin="3"/><net_sink comp="778" pin=0"/></net>

<net id="786"><net_src comp="764" pin="2"/><net_sink comp="782" pin=0"/></net>

<net id="787"><net_src comp="778" pin="1"/><net_sink comp="782" pin=1"/></net>

<net id="793"><net_src comp="106" pin="0"/><net_sink comp="788" pin=0"/></net>

<net id="794"><net_src comp="570" pin="2"/><net_sink comp="788" pin=1"/></net>

<net id="795"><net_src comp="108" pin="0"/><net_sink comp="788" pin=2"/></net>

<net id="799"><net_src comp="788" pin="3"/><net_sink comp="796" pin=0"/></net>

<net id="805"><net_src comp="142" pin="0"/><net_sink comp="800" pin=0"/></net>

<net id="806"><net_src comp="570" pin="2"/><net_sink comp="800" pin=1"/></net>

<net id="807"><net_src comp="144" pin="0"/><net_sink comp="800" pin=2"/></net>

<net id="811"><net_src comp="800" pin="3"/><net_sink comp="808" pin=0"/></net>

<net id="816"><net_src comp="796" pin="1"/><net_sink comp="812" pin=0"/></net>

<net id="817"><net_src comp="808" pin="1"/><net_sink comp="812" pin=1"/></net>

<net id="823"><net_src comp="134" pin="0"/><net_sink comp="818" pin=0"/></net>

<net id="824"><net_src comp="570" pin="2"/><net_sink comp="818" pin=1"/></net>

<net id="825"><net_src comp="136" pin="0"/><net_sink comp="818" pin=2"/></net>

<net id="829"><net_src comp="818" pin="3"/><net_sink comp="826" pin=0"/></net>

<net id="834"><net_src comp="812" pin="2"/><net_sink comp="830" pin=0"/></net>

<net id="835"><net_src comp="826" pin="1"/><net_sink comp="830" pin=1"/></net>

<net id="840"><net_src comp="830" pin="2"/><net_sink comp="836" pin=0"/></net>

<net id="841"><net_src comp="576" pin="1"/><net_sink comp="836" pin=1"/></net>

<net id="847"><net_src comp="146" pin="0"/><net_sink comp="842" pin=0"/></net>

<net id="848"><net_src comp="586" pin="2"/><net_sink comp="842" pin=1"/></net>

<net id="849"><net_src comp="148" pin="0"/><net_sink comp="842" pin=2"/></net>

<net id="853"><net_src comp="842" pin="3"/><net_sink comp="850" pin=0"/></net>

<net id="859"><net_src comp="130" pin="0"/><net_sink comp="854" pin=0"/></net>

<net id="860"><net_src comp="586" pin="2"/><net_sink comp="854" pin=1"/></net>

<net id="861"><net_src comp="132" pin="0"/><net_sink comp="854" pin=2"/></net>

<net id="865"><net_src comp="854" pin="3"/><net_sink comp="862" pin=0"/></net>

<net id="870"><net_src comp="850" pin="1"/><net_sink comp="866" pin=0"/></net>

<net id="871"><net_src comp="862" pin="1"/><net_sink comp="866" pin=1"/></net>

<net id="877"><net_src comp="142" pin="0"/><net_sink comp="872" pin=0"/></net>

<net id="878"><net_src comp="586" pin="2"/><net_sink comp="872" pin=1"/></net>

<net id="879"><net_src comp="144" pin="0"/><net_sink comp="872" pin=2"/></net>

<net id="883"><net_src comp="872" pin="3"/><net_sink comp="880" pin=0"/></net>

<net id="888"><net_src comp="866" pin="2"/><net_sink comp="884" pin=0"/></net>

<net id="889"><net_src comp="880" pin="1"/><net_sink comp="884" pin=1"/></net>

<net id="895"><net_src comp="150" pin="0"/><net_sink comp="890" pin=0"/></net>

<net id="896"><net_src comp="586" pin="2"/><net_sink comp="890" pin=1"/></net>

<net id="897"><net_src comp="152" pin="0"/><net_sink comp="890" pin=2"/></net>

<net id="901"><net_src comp="890" pin="3"/><net_sink comp="898" pin=0"/></net>

<net id="906"><net_src comp="884" pin="2"/><net_sink comp="902" pin=0"/></net>

<net id="907"><net_src comp="898" pin="1"/><net_sink comp="902" pin=1"/></net>

<net id="913"><net_src comp="138" pin="0"/><net_sink comp="908" pin=0"/></net>

<net id="914"><net_src comp="586" pin="2"/><net_sink comp="908" pin=1"/></net>

<net id="915"><net_src comp="140" pin="0"/><net_sink comp="908" pin=2"/></net>

<net id="919"><net_src comp="908" pin="3"/><net_sink comp="916" pin=0"/></net>

<net id="924"><net_src comp="902" pin="2"/><net_sink comp="920" pin=0"/></net>

<net id="925"><net_src comp="916" pin="1"/><net_sink comp="920" pin=1"/></net>

<net id="931"><net_src comp="106" pin="0"/><net_sink comp="926" pin=0"/></net>

<net id="932"><net_src comp="550" pin="2"/><net_sink comp="926" pin=1"/></net>

<net id="933"><net_src comp="108" pin="0"/><net_sink comp="926" pin=2"/></net>

<net id="937"><net_src comp="926" pin="3"/><net_sink comp="934" pin=0"/></net>

<net id="943"><net_src comp="142" pin="0"/><net_sink comp="938" pin=0"/></net>

<net id="944"><net_src comp="550" pin="2"/><net_sink comp="938" pin=1"/></net>

<net id="945"><net_src comp="144" pin="0"/><net_sink comp="938" pin=2"/></net>

<net id="949"><net_src comp="938" pin="3"/><net_sink comp="946" pin=0"/></net>

<net id="954"><net_src comp="934" pin="1"/><net_sink comp="950" pin=0"/></net>

<net id="955"><net_src comp="946" pin="1"/><net_sink comp="950" pin=1"/></net>

<net id="961"><net_src comp="126" pin="0"/><net_sink comp="956" pin=0"/></net>

<net id="962"><net_src comp="550" pin="2"/><net_sink comp="956" pin=1"/></net>

<net id="963"><net_src comp="128" pin="0"/><net_sink comp="956" pin=2"/></net>

<net id="967"><net_src comp="956" pin="3"/><net_sink comp="964" pin=0"/></net>

<net id="972"><net_src comp="950" pin="2"/><net_sink comp="968" pin=0"/></net>

<net id="973"><net_src comp="964" pin="1"/><net_sink comp="968" pin=1"/></net>

<net id="979"><net_src comp="118" pin="0"/><net_sink comp="974" pin=0"/></net>

<net id="980"><net_src comp="550" pin="2"/><net_sink comp="974" pin=1"/></net>

<net id="981"><net_src comp="120" pin="0"/><net_sink comp="974" pin=2"/></net>

<net id="985"><net_src comp="974" pin="3"/><net_sink comp="982" pin=0"/></net>

<net id="990"><net_src comp="968" pin="2"/><net_sink comp="986" pin=0"/></net>

<net id="991"><net_src comp="982" pin="1"/><net_sink comp="986" pin=1"/></net>

<net id="996"><net_src comp="986" pin="2"/><net_sink comp="992" pin=0"/></net>

<net id="997"><net_src comp="556" pin="1"/><net_sink comp="992" pin=1"/></net>

<net id="1002"><net_src comp="718" pin="1"/><net_sink comp="998" pin=0"/></net>

<net id="1003"><net_src comp="782" pin="2"/><net_sink comp="998" pin=1"/></net>

<net id="1007"><net_src comp="998" pin="2"/><net_sink comp="1004" pin=0"/></net>

<net id="1012"><net_src comp="1004" pin="1"/><net_sink comp="1008" pin=0"/></net>

<net id="1013"><net_src comp="920" pin="2"/><net_sink comp="1008" pin=1"/></net>

<net id="1018"><net_src comp="658" pin="2"/><net_sink comp="1014" pin=0"/></net>

<net id="1019"><net_src comp="992" pin="2"/><net_sink comp="1014" pin=1"/></net>

<net id="1023"><net_src comp="1014" pin="2"/><net_sink comp="1020" pin=0"/></net>

<net id="1028"><net_src comp="1020" pin="1"/><net_sink comp="1024" pin=0"/></net>

<net id="1029"><net_src comp="836" pin="2"/><net_sink comp="1024" pin=1"/></net>

<net id="1033"><net_src comp="1024" pin="2"/><net_sink comp="1030" pin=0"/></net>

<net id="1038"><net_src comp="1030" pin="1"/><net_sink comp="1034" pin=0"/></net>

<net id="1039"><net_src comp="1008" pin="2"/><net_sink comp="1034" pin=1"/></net>

<net id="1045"><net_src comp="154" pin="0"/><net_sink comp="1040" pin=0"/></net>

<net id="1046"><net_src comp="1034" pin="2"/><net_sink comp="1040" pin=1"/></net>

<net id="1047"><net_src comp="156" pin="0"/><net_sink comp="1040" pin=2"/></net>

<net id="1051"><net_src comp="1048" pin="1"/><net_sink comp="267" pin=0"/></net>

<net id="1056"><net_src comp="166" pin="0"/><net_sink comp="1052" pin=0"/></net>

<net id="1057"><net_src comp="267" pin="2"/><net_sink comp="1052" pin=1"/></net>

<net id="1064"><net_src comp="168" pin="0"/><net_sink comp="1058" pin=0"/></net>

<net id="1065"><net_src comp="1052" pin="2"/><net_sink comp="1058" pin=1"/></net>

<net id="1066"><net_src comp="170" pin="0"/><net_sink comp="1058" pin=2"/></net>

<net id="1067"><net_src comp="172" pin="0"/><net_sink comp="1058" pin=3"/></net>

<net id="1074"><net_src comp="168" pin="0"/><net_sink comp="1068" pin=0"/></net>

<net id="1075"><net_src comp="267" pin="2"/><net_sink comp="1068" pin=1"/></net>

<net id="1076"><net_src comp="170" pin="0"/><net_sink comp="1068" pin=2"/></net>

<net id="1077"><net_src comp="172" pin="0"/><net_sink comp="1068" pin=3"/></net>

<net id="1081"><net_src comp="1068" pin="4"/><net_sink comp="1078" pin=0"/></net>

<net id="1087"><net_src comp="1058" pin="4"/><net_sink comp="1082" pin=1"/></net>

<net id="1088"><net_src comp="1068" pin="4"/><net_sink comp="1082" pin=2"/></net>

<net id="1092"><net_src comp="1082" pin="3"/><net_sink comp="1089" pin=0"/></net>

<net id="1097"><net_src comp="174" pin="0"/><net_sink comp="1093" pin=0"/></net>

<net id="1098"><net_src comp="1089" pin="1"/><net_sink comp="1093" pin=1"/></net>

<net id="1104"><net_src comp="1093" pin="2"/><net_sink comp="1099" pin=1"/></net>

<net id="1105"><net_src comp="1078" pin="1"/><net_sink comp="1099" pin=2"/></net>

<net id="1109"><net_src comp="1106" pin="1"/><net_sink comp="263" pin=0"/></net>

<net id="1110"><net_src comp="1106" pin="1"/><net_sink comp="263" pin=1"/></net>

<net id="1114"><net_src comp="1111" pin="1"/><net_sink comp="259" pin=0"/></net>

<net id="1115"><net_src comp="1111" pin="1"/><net_sink comp="259" pin=1"/></net>

<net id="1120"><net_src comp="1116" pin="2"/><net_sink comp="251" pin=0"/></net>

<net id="1129"><net_src comp="178" pin="0"/><net_sink comp="1124" pin=0"/></net>

<net id="1130"><net_src comp="1121" pin="1"/><net_sink comp="1124" pin=1"/></net>

<net id="1131"><net_src comp="180" pin="0"/><net_sink comp="1124" pin=2"/></net>

<net id="1138"><net_src comp="182" pin="0"/><net_sink comp="1132" pin=0"/></net>

<net id="1139"><net_src comp="1121" pin="1"/><net_sink comp="1132" pin=1"/></net>

<net id="1140"><net_src comp="184" pin="0"/><net_sink comp="1132" pin=2"/></net>

<net id="1141"><net_src comp="186" pin="0"/><net_sink comp="1132" pin=3"/></net>

<net id="1145"><net_src comp="1121" pin="1"/><net_sink comp="1142" pin=0"/></net>

<net id="1152"><net_src comp="188" pin="0"/><net_sink comp="1146" pin=0"/></net>

<net id="1153"><net_src comp="190" pin="0"/><net_sink comp="1146" pin=1"/></net>

<net id="1154"><net_src comp="1142" pin="1"/><net_sink comp="1146" pin=2"/></net>

<net id="1155"><net_src comp="140" pin="0"/><net_sink comp="1146" pin=3"/></net>

<net id="1159"><net_src comp="1146" pin="4"/><net_sink comp="1156" pin=0"/></net>

<net id="1163"><net_src comp="1132" pin="4"/><net_sink comp="1160" pin=0"/></net>

<net id="1168"><net_src comp="1160" pin="1"/><net_sink comp="1164" pin=0"/></net>

<net id="1169"><net_src comp="192" pin="0"/><net_sink comp="1164" pin=1"/></net>

<net id="1175"><net_src comp="194" pin="0"/><net_sink comp="1170" pin=0"/></net>

<net id="1176"><net_src comp="1164" pin="2"/><net_sink comp="1170" pin=1"/></net>

<net id="1177"><net_src comp="196" pin="0"/><net_sink comp="1170" pin=2"/></net>

<net id="1182"><net_src comp="198" pin="0"/><net_sink comp="1178" pin=0"/></net>

<net id="1183"><net_src comp="1132" pin="4"/><net_sink comp="1178" pin=1"/></net>

<net id="1187"><net_src comp="1178" pin="2"/><net_sink comp="1184" pin=0"/></net>

<net id="1193"><net_src comp="1170" pin="3"/><net_sink comp="1188" pin=0"/></net>

<net id="1194"><net_src comp="1184" pin="1"/><net_sink comp="1188" pin=1"/></net>

<net id="1195"><net_src comp="1164" pin="2"/><net_sink comp="1188" pin=2"/></net>

<net id="1199"><net_src comp="1188" pin="3"/><net_sink comp="1196" pin=0"/></net>

<net id="1203"><net_src comp="1196" pin="1"/><net_sink comp="1200" pin=0"/></net>

<net id="1208"><net_src comp="1156" pin="1"/><net_sink comp="1204" pin=0"/></net>

<net id="1209"><net_src comp="1200" pin="1"/><net_sink comp="1204" pin=1"/></net>

<net id="1214"><net_src comp="1156" pin="1"/><net_sink comp="1210" pin=0"/></net>

<net id="1215"><net_src comp="1200" pin="1"/><net_sink comp="1210" pin=1"/></net>

<net id="1222"><net_src comp="200" pin="0"/><net_sink comp="1216" pin=0"/></net>

<net id="1223"><net_src comp="1204" pin="2"/><net_sink comp="1216" pin=1"/></net>

<net id="1224"><net_src comp="202" pin="0"/><net_sink comp="1216" pin=2"/></net>

<net id="1225"><net_src comp="204" pin="0"/><net_sink comp="1216" pin=3"/></net>

<net id="1232"><net_src comp="200" pin="0"/><net_sink comp="1226" pin=0"/></net>

<net id="1233"><net_src comp="1210" pin="2"/><net_sink comp="1226" pin=1"/></net>

<net id="1234"><net_src comp="202" pin="0"/><net_sink comp="1226" pin=2"/></net>

<net id="1235"><net_src comp="204" pin="0"/><net_sink comp="1226" pin=3"/></net>

<net id="1241"><net_src comp="1170" pin="3"/><net_sink comp="1236" pin=0"/></net>

<net id="1242"><net_src comp="1216" pin="4"/><net_sink comp="1236" pin=1"/></net>

<net id="1243"><net_src comp="1226" pin="4"/><net_sink comp="1236" pin=2"/></net>

<net id="1248"><net_src comp="82" pin="0"/><net_sink comp="1244" pin=0"/></net>

<net id="1249"><net_src comp="1236" pin="3"/><net_sink comp="1244" pin=1"/></net>

<net id="1255"><net_src comp="1124" pin="3"/><net_sink comp="1250" pin=0"/></net>

<net id="1256"><net_src comp="1244" pin="2"/><net_sink comp="1250" pin=1"/></net>

<net id="1257"><net_src comp="1236" pin="3"/><net_sink comp="1250" pin=2"/></net>

<net id="1258"><net_src comp="1250" pin="3"/><net_sink comp="226" pin=8"/></net>

<net id="1262"><net_src comp="276" pin="1"/><net_sink comp="1259" pin=0"/></net>

<net id="1263"><net_src comp="1259" pin="1"/><net_sink comp="226" pin=9"/></net>

<net id="1267"><net_src comp="280" pin="1"/><net_sink comp="1264" pin=0"/></net>

<net id="1268"><net_src comp="1264" pin="1"/><net_sink comp="226" pin=10"/></net>

<net id="1272"><net_src comp="284" pin="1"/><net_sink comp="1269" pin=0"/></net>

<net id="1273"><net_src comp="1269" pin="1"/><net_sink comp="226" pin=11"/></net>

<net id="1277"><net_src comp="288" pin="1"/><net_sink comp="1274" pin=0"/></net>

<net id="1278"><net_src comp="1274" pin="1"/><net_sink comp="226" pin=12"/></net>

<net id="1282"><net_src comp="292" pin="1"/><net_sink comp="1279" pin=0"/></net>

<net id="1283"><net_src comp="1279" pin="1"/><net_sink comp="226" pin=13"/></net>

<net id="1287"><net_src comp="296" pin="1"/><net_sink comp="1284" pin=0"/></net>

<net id="1288"><net_src comp="1284" pin="1"/><net_sink comp="226" pin=14"/></net>

<net id="1292"><net_src comp="414" pin="1"/><net_sink comp="1289" pin=0"/></net>

<net id="1293"><net_src comp="1289" pin="1"/><net_sink comp="1111" pin=0"/></net>

<net id="1297"><net_src comp="1034" pin="2"/><net_sink comp="1294" pin=0"/></net>

<net id="1298"><net_src comp="1294" pin="1"/><net_sink comp="1048" pin=0"/></net>

<net id="1302"><net_src comp="1040" pin="3"/><net_sink comp="1299" pin=0"/></net>

<net id="1303"><net_src comp="1299" pin="1"/><net_sink comp="1082" pin=0"/></net>

<net id="1304"><net_src comp="1299" pin="1"/><net_sink comp="1099" pin=0"/></net>

<net id="1308"><net_src comp="1099" pin="3"/><net_sink comp="1305" pin=0"/></net>

<net id="1309"><net_src comp="1305" pin="1"/><net_sink comp="1106" pin=0"/></net>

<net id="1313"><net_src comp="259" pin="2"/><net_sink comp="1310" pin=0"/></net>

<net id="1314"><net_src comp="1310" pin="1"/><net_sink comp="1116" pin=1"/></net>

<net id="1318"><net_src comp="263" pin="2"/><net_sink comp="1315" pin=0"/></net>

<net id="1319"><net_src comp="1315" pin="1"/><net_sink comp="1116" pin=0"/></net>

<net id="1323"><net_src comp="1116" pin="2"/><net_sink comp="1320" pin=0"/></net>

<net id="1324"><net_src comp="1320" pin="1"/><net_sink comp="251" pin=0"/></net>

<net id="1328"><net_src comp="251" pin="1"/><net_sink comp="1325" pin=0"/></net>

<net id="1329"><net_src comp="1325" pin="1"/><net_sink comp="254" pin=1"/></net>

<net id="1333"><net_src comp="254" pin="2"/><net_sink comp="1330" pin=0"/></net>

<net id="1334"><net_src comp="1330" pin="1"/><net_sink comp="1121" pin=0"/></net>

<net id="1338"><net_src comp="1250" pin="3"/><net_sink comp="1335" pin=0"/></net>

<net id="1339"><net_src comp="1335" pin="1"/><net_sink comp="226" pin=8"/></net>

</net_list>

</model> 
---------------- Datapath Model END ------------------

* FSMD analyzer results:
  - Output states:
	Port: out_stream_V_data_V | {17 }
	Port: out_stream_V_keep_V | {17 }
	Port: out_stream_V_strb_V | {17 }
	Port: out_stream_V_user_V | {17 }
	Port: out_stream_V_last_V | {17 }
	Port: out_stream_V_id_V | {17 }
	Port: out_stream_V_dest_V | {17 }
	Port: p_ZZL7hilbertiRiE1x_23 | {1 }
	Port: p_ZZL7hilbertiRiE1x_22 | {1 }
	Port: p_ZZL7hilbertiRiE1x_21 | {1 }
	Port: p_ZZL7hilbertiRiE1x_20 | {1 }
	Port: p_ZZL7hilbertiRiE1x_19 | {1 }
	Port: p_ZZL7hilbertiRiE1x_18 | {1 }
	Port: p_ZZL7hilbertiRiE1x_17 | {1 }
	Port: p_ZZL7hilbertiRiE1x_16 | {1 }
	Port: p_ZZL7hilbertiRiE1x_15 | {1 }
	Port: p_ZZL7hilbertiRiE1x_14 | {1 }
	Port: p_ZZL7hilbertiRiE1x_13 | {1 }
	Port: p_ZZL7hilbertiRiE1x_12 | {1 }
	Port: p_ZZL7hilbertiRiE1x_11 | {1 }
	Port: p_ZZL7hilbertiRiE1x_10 | {1 }
	Port: hilbert_int_int_x_9 | {1 }
	Port: hilbert_int_int_x_8 | {1 }
	Port: hilbert_int_int_x_7 | {1 }
	Port: hilbert_int_int_x_6 | {1 }
	Port: hilbert_int_int_x_5 | {1 }
	Port: hilbert_int_int_x_4 | {1 }
	Port: hilbert_int_int_x_3 | {1 }
	Port: hilbert_int_int_x_2 | {1 }
	Port: hilbert_int_int_x_1 | {1 }
	Port: hilbert_int_int_x | {1 }
 - Input state : 
	Port: hilbert_envelope_axis : in_stream_V_data_V | {1 }
	Port: hilbert_envelope_axis : in_stream_V_keep_V | {1 }
	Port: hilbert_envelope_axis : in_stream_V_strb_V | {1 }
	Port: hilbert_envelope_axis : in_stream_V_user_V | {1 }
	Port: hilbert_envelope_axis : in_stream_V_last_V | {1 }
	Port: hilbert_envelope_axis : in_stream_V_id_V | {1 }
	Port: hilbert_envelope_axis : in_stream_V_dest_V | {1 }
	Port: hilbert_envelope_axis : p_ZZL7hilbertiRiE1x_23 | {1 }
	Port: hilbert_envelope_axis : p_ZZL7hilbertiRiE1x_22 | {1 }
	Port: hilbert_envelope_axis : p_ZZL7hilbertiRiE1x_21 | {1 }
	Port: hilbert_envelope_axis : p_ZZL7hilbertiRiE1x_20 | {1 }
	Port: hilbert_envelope_axis : p_ZZL7hilbertiRiE1x_19 | {1 }
	Port: hilbert_envelope_axis : p_ZZL7hilbertiRiE1x_18 | {1 }
	Port: hilbert_envelope_axis : p_ZZL7hilbertiRiE1x_17 | {1 }
	Port: hilbert_envelope_axis : p_ZZL7hilbertiRiE1x_16 | {1 }
	Port: hilbert_envelope_axis : p_ZZL7hilbertiRiE1x_15 | {1 }
	Port: hilbert_envelope_axis : p_ZZL7hilbertiRiE1x_14 | {1 }
	Port: hilbert_envelope_axis : p_ZZL7hilbertiRiE1x_13 | {1 }
	Port: hilbert_envelope_axis : p_ZZL7hilbertiRiE1x_12 | {1 }
	Port: hilbert_envelope_axis : p_ZZL7hilbertiRiE1x_11 | {1 }
	Port: hilbert_envelope_axis : p_ZZL7hilbertiRiE1x_10 | {1 }
	Port: hilbert_envelope_axis : hilbert_int_int_x_9 | {1 }
	Port: hilbert_envelope_axis : hilbert_int_int_x_8 | {1 }
	Port: hilbert_envelope_axis : hilbert_int_int_x_7 | {1 }
	Port: hilbert_envelope_axis : hilbert_int_int_x_6 | {1 }
	Port: hilbert_envelope_axis : hilbert_int_int_x_5 | {1 }
	Port: hilbert_envelope_axis : hilbert_int_int_x_4 | {1 }
	Port: hilbert_envelope_axis : hilbert_int_int_x_3 | {1 }
	Port: hilbert_envelope_axis : hilbert_int_int_x_2 | {1 }
	Port: hilbert_envelope_axis : hilbert_int_int_x_1 | {1 }
	Port: hilbert_envelope_axis : hilbert_int_int_x | {1 }
  - Chain level:
	State 1
		store_ln30 : 1
		store_ln30 : 1
		store_ln30 : 1
		store_ln30 : 1
		store_ln30 : 1
		store_ln30 : 1
		store_ln30 : 1
		store_ln30 : 1
		store_ln30 : 1
		store_ln30 : 1
		store_ln30 : 1
		store_ln30 : 1
		store_ln30 : 1
		store_ln30 : 1
		store_ln30 : 1
		store_ln30 : 1
		store_ln30 : 1
		store_ln30 : 1
		store_ln30 : 1
		store_ln30 : 1
		store_ln30 : 1
		store_ln30 : 1
		store_ln30 : 1
		store_ln32 : 1
		sub_ln37 : 1
		sext_ln38 : 2
		sub_ln38 : 1
		sext_ln39 : 2
		sub_ln39 : 1
		sext_ln40 : 2
		sub_ln40 : 1
		sext_ln41 : 2
		sub_ln41 : 1
		sub_ln42 : 1
		tmp : 2
		sext_ln45 : 3
		tmp_1 : 2
		sext_ln45_1 : 3
		sub_ln45_2 : 4
		tmp_5 : 2
		sext_ln45_7 : 3
		add_ln45_5 : 5
		tmp_6 : 2
		sext_ln45_8 : 3
		sub_ln45_3 : 6
		add_ln45_6 : 7
		tmp_7 : 2
		sext_ln45_9 : 3
		tmp_8 : 2
		sext_ln45_10 : 3
		add_ln45_7 : 4
		tmp_9 : 2
		sext_ln45_11 : 3
		add_ln45_8 : 5
		sub_ln45_4 : 6
		sext_ln45_2 : 7
		tmp_10 : 2
		sext_ln45_12 : 3
		tmp_11 : 2
		sext_ln45_13 : 3
		add_ln45_9 : 4
		tmp_12 : 2
		sext_ln45_14 : 3
		add_ln45_10 : 5
		tmp_13 : 2
		sext_ln45_15 : 3
		add_ln45_11 : 6
		tmp_14 : 2
		sext_ln45_16 : 3
		tmp_15 : 2
		sext_ln45_17 : 3
		add_ln45_12 : 4
		tmp_16 : 2
		sext_ln45_18 : 3
		sub_ln45_5 : 5
		add_ln45_13 : 6
		tmp_17 : 2
		sext_ln45_19 : 3
		tmp_18 : 2
		sext_ln45_20 : 3
		sub_ln45_6 : 4
		tmp_19 : 2
		sext_ln45_21 : 3
		add_ln45_14 : 5
		tmp_20 : 2
		sext_ln45_22 : 3
		sub_ln45_7 : 6
		tmp_21 : 2
		sext_ln45_23 : 3
		sub_ln45_8 : 7
		tmp_22 : 2
		sext_ln45_24 : 3
		tmp_23 : 2
		sext_ln45_25 : 3
		sub_ln45_9 : 4
		tmp_24 : 2
		sext_ln45_26 : 3
		sub_ln45_10 : 5
		tmp_25 : 2
		sext_ln45_27 : 3
		add_ln45_15 : 6
		sub_ln45_11 : 7
		add_ln45 : 8
		sext_ln45_3 : 9
		add_ln45_1 : 10
		add_ln45_2 : 8
		sext_ln45_4 : 9
		add_ln45_3 : 10
		sext_ln45_5 : 11
		add_ln45_4 : 12
		tmp_26 : 13
		br_ln62 : 1
	State 2
		mul_ln45 : 1
		sub_ln45 : 2
		tmp_27 : 3
		tmp_28 : 2
		sext_ln45_29 : 3
		select_ln45_1 : 4
		sext_ln45_30 : 5
		sub_ln45_1 : 6
		Q_path : 7
	State 3
		mul_ln47 : 1
		mul_ln47_1 : 1
	State 4
		x_assign : 1
	State 5
	State 6
	State 7
	State 8
	State 9
	State 10
	State 11
	State 12
	State 13
	State 14
	State 15
	State 16
		xs_sign : 1
		xs_exp : 1
		trunc_ln342 : 1
		mantissa : 2
		zext_ln15 : 3
		zext_ln317 : 2
		add_ln317 : 3
		tmp_30 : 4
		sub_ln18 : 2
		sext_ln18 : 3
		select_ln18 : 5
		sext_ln18_1 : 6
		zext_ln18 : 7
		lshr_ln18 : 8
		shl_ln18 : 8
		tmp_3 : 9
		tmp_4 : 9
		val : 10
		result_1 : 11
		result : 12
		write_ln70 : 13
	State 17


============================================================
+ Verbose Summary: Datapath Resource usage 
============================================================

* Functional unit list:
|----------|-----------------------|---------|---------|---------|
| Operation|    Functional Unit    |   DSP   |    FF   |   LUT   |
|----------|-----------------------|---------|---------|---------|
|          |    sub_ln37_fu_540    |    0    |    0    |    39   |
|          |    sub_ln38_fu_550    |    0    |    0    |    39   |
|          |    sub_ln39_fu_560    |    0    |    0    |    39   |
|          |    sub_ln40_fu_570    |    0    |    0    |    39   |
|          |    sub_ln41_fu_580    |    0    |    0    |    39   |
|          |    sub_ln42_fu_586    |    0    |    0    |    39   |
|          |   sub_ln45_2_fu_616   |    0    |    0    |    49   |
|          |   sub_ln45_3_fu_652   |    0    |    0    |    43   |
|          |   sub_ln45_4_fu_712   |    0    |    0    |    43   |
|    sub   |   sub_ln45_5_fu_830   |    0    |    0    |    43   |
|          |   sub_ln45_6_fu_866   |    0    |    0    |    45   |
|          |   sub_ln45_7_fu_902   |    0    |    0    |    46   |
|          |   sub_ln45_8_fu_920   |    0    |    0    |    46   |
|          |   sub_ln45_9_fu_950   |    0    |    0    |    42   |
|          |   sub_ln45_10_fu_968  |    0    |    0    |    43   |
|          |   sub_ln45_11_fu_992  |    0    |    0    |    43   |
|          |    sub_ln45_fu_1052   |    0    |    0    |   100   |
|          |   sub_ln45_1_fu_1093  |    0    |    0    |    40   |
|          |    sub_ln18_fu_1178   |    0    |    0    |    15   |
|          |    result_1_fu_1244   |    0    |    0    |    39   |
|----------|-----------------------|---------|---------|---------|
|          |   add_ln45_5_fu_634   |    0    |    0    |    43   |
|          |   add_ln45_6_fu_658   |    0    |    0    |    43   |
|          |   add_ln45_7_fu_688   |    0    |    0    |    48   |
|          |   add_ln45_8_fu_706   |    0    |    0    |    42   |
|          |   add_ln45_9_fu_746   |    0    |    0    |    43   |
|          |   add_ln45_10_fu_764  |    0    |    0    |    44   |
|          |   add_ln45_11_fu_782  |    0    |    0    |    44   |
|          |   add_ln45_12_fu_812  |    0    |    0    |    42   |
|    add   |   add_ln45_13_fu_836  |    0    |    0    |    44   |
|          |   add_ln45_14_fu_884  |    0    |    0    |    46   |
|          |   add_ln45_15_fu_986  |    0    |    0    |    43   |
|          |    add_ln45_fu_998    |    0    |    0    |    44   |
|          |   add_ln45_1_fu_1008  |    0    |    0    |    46   |
|          |   add_ln45_2_fu_1014  |    0    |    0    |    43   |
|          |   add_ln45_3_fu_1024  |    0    |    0    |    44   |
|          |   add_ln45_4_fu_1034  |    0    |    0    |    46   |
|          |     mag_sq_fu_1116    |    0    |    0    |    71   |
|          |   add_ln317_fu_1164   |    0    |    0    |    15   |
|----------|-----------------------|---------|---------|---------|
|          | select_ln45_1_fu_1082 |    0    |    0    |    32   |
|          |     Q_path_fu_1099    |    0    |    0    |    33   |
|  select  |  select_ln18_fu_1188  |    0    |    0    |    9    |
|          |      val_fu_1236      |    0    |    0    |    32   |
|          |     result_fu_1250    |    0    |    0    |    32   |
|----------|-----------------------|---------|---------|---------|
|   lshr   |   lshr_ln18_fu_1204   |    0    |    0    |    96   |
|----------|-----------------------|---------|---------|---------|
|    shl   |    shl_ln18_fu_1210   |    0    |    0    |    96   |
|----------|-----------------------|---------|---------|---------|
|          |    mul_ln47_fu_259    |    4    |    0    |    20   |
|    mul   |   mul_ln47_1_fu_263   |    4    |    0    |    23   |
|          |    mul_ln45_fu_267    |    9    |    0    |    19   |
|----------|-----------------------|---------|---------|---------|
|   read   |   empty_read_fu_208   |    0    |    0    |    0    |
|----------|-----------------------|---------|---------|---------|
|   write  |    grp_write_fu_226   |    0    |    0    |    0    |
|----------|-----------------------|---------|---------|---------|
|  sitofp  |       grp_fu_251      |    0    |    0    |    0    |
|----------|-----------------------|---------|---------|---------|
|   fsqrt  |       grp_fu_254      |    0    |    0    |    0    |
|----------|-----------------------|---------|---------|---------|
|          |   tmp_data_1_fu_272   |    0    |    0    |    0    |
|          |    tmp_keep_fu_276    |    0    |    0    |    0    |
|          |    tmp_strb_fu_280    |    0    |    0    |    0    |
|extractvalue|    tmp_user_fu_284    |    0    |    0    |    0    |
|          |    tmp_last_fu_288    |    0    |    0    |    0    |
|          |     tmp_id_fu_292     |    0    |    0    |    0    |
|          |    tmp_dest_fu_296    |    0    |    0    |    0    |
|----------|-----------------------|---------|---------|---------|
|          |    sext_ln38_fu_546   |    0    |    0    |    0    |
|          |    sext_ln39_fu_556   |    0    |    0    |    0    |
|          |    sext_ln40_fu_566   |    0    |    0    |    0    |
|          |    sext_ln41_fu_576   |    0    |    0    |    0    |
|          |    sext_ln45_fu_600   |    0    |    0    |    0    |
|          |   sext_ln45_1_fu_612  |    0    |    0    |    0    |
|          |   sext_ln45_7_fu_630  |    0    |    0    |    0    |
|          |   sext_ln45_8_fu_648  |    0    |    0    |    0    |
|          |   sext_ln45_9_fu_672  |    0    |    0    |    0    |
|          |  sext_ln45_10_fu_684  |    0    |    0    |    0    |
|          |  sext_ln45_11_fu_702  |    0    |    0    |    0    |
|          |   sext_ln45_2_fu_718  |    0    |    0    |    0    |
|          |  sext_ln45_12_fu_730  |    0    |    0    |    0    |
|          |  sext_ln45_13_fu_742  |    0    |    0    |    0    |
|          |  sext_ln45_14_fu_760  |    0    |    0    |    0    |
|          |  sext_ln45_15_fu_778  |    0    |    0    |    0    |
|          |  sext_ln45_16_fu_796  |    0    |    0    |    0    |
|          |  sext_ln45_17_fu_808  |    0    |    0    |    0    |
|   sext   |  sext_ln45_18_fu_826  |    0    |    0    |    0    |
|          |  sext_ln45_19_fu_850  |    0    |    0    |    0    |
|          |  sext_ln45_20_fu_862  |    0    |    0    |    0    |
|          |  sext_ln45_21_fu_880  |    0    |    0    |    0    |
|          |  sext_ln45_22_fu_898  |    0    |    0    |    0    |
|          |  sext_ln45_23_fu_916  |    0    |    0    |    0    |
|          |  sext_ln45_24_fu_934  |    0    |    0    |    0    |
|          |  sext_ln45_25_fu_946  |    0    |    0    |    0    |
|          |  sext_ln45_26_fu_964  |    0    |    0    |    0    |
|          |  sext_ln45_27_fu_982  |    0    |    0    |    0    |
|          |  sext_ln45_3_fu_1004  |    0    |    0    |    0    |
|          |  sext_ln45_4_fu_1020  |    0    |    0    |    0    |
|          |  sext_ln45_5_fu_1030  |    0    |    0    |    0    |
|          |  sext_ln45_28_fu_1048 |    0    |    0    |    0    |
|          |  sext_ln45_29_fu_1078 |    0    |    0    |    0    |
|          |  sext_ln45_30_fu_1089 |    0    |    0    |    0    |
|          |  sext_ln45_6_fu_1106  |    0    |    0    |    0    |
|          |   sext_ln47_fu_1111   |    0    |    0    |    0    |
|          |   sext_ln18_fu_1184   |    0    |    0    |    0    |
|          |  sext_ln18_1_fu_1196  |    0    |    0    |    0    |
|----------|-----------------------|---------|---------|---------|
|          |       tmp_fu_592      |    0    |    0    |    0    |
|          |      tmp_1_fu_604     |    0    |    0    |    0    |
|          |      tmp_5_fu_622     |    0    |    0    |    0    |
|          |      tmp_6_fu_640     |    0    |    0    |    0    |
|          |      tmp_7_fu_664     |    0    |    0    |    0    |
|          |      tmp_8_fu_676     |    0    |    0    |    0    |
|          |      tmp_9_fu_694     |    0    |    0    |    0    |
|          |     tmp_10_fu_722     |    0    |    0    |    0    |
|          |     tmp_11_fu_734     |    0    |    0    |    0    |
|          |     tmp_12_fu_752     |    0    |    0    |    0    |
|          |     tmp_13_fu_770     |    0    |    0    |    0    |
|bitconcatenate|     tmp_14_fu_788     |    0    |    0    |    0    |
|          |     tmp_15_fu_800     |    0    |    0    |    0    |
|          |     tmp_16_fu_818     |    0    |    0    |    0    |
|          |     tmp_17_fu_842     |    0    |    0    |    0    |
|          |     tmp_18_fu_854     |    0    |    0    |    0    |
|          |     tmp_19_fu_872     |    0    |    0    |    0    |
|          |     tmp_20_fu_890     |    0    |    0    |    0    |
|          |     tmp_21_fu_908     |    0    |    0    |    0    |
|          |     tmp_22_fu_926     |    0    |    0    |    0    |
|          |     tmp_23_fu_938     |    0    |    0    |    0    |
|          |     tmp_24_fu_956     |    0    |    0    |    0    |
|          |     tmp_25_fu_974     |    0    |    0    |    0    |
|          |    mantissa_fu_1146   |    0    |    0    |    0    |
|----------|-----------------------|---------|---------|---------|
|          |     tmp_26_fu_1040    |    0    |    0    |    0    |
| bitselect|    xs_sign_fu_1124    |    0    |    0    |    0    |
|          |     tmp_30_fu_1170    |    0    |    0    |    0    |
|----------|-----------------------|---------|---------|---------|
|          |     tmp_27_fu_1058    |    0    |    0    |    0    |
|          |     tmp_28_fu_1068    |    0    |    0    |    0    |
|partselect|     xs_exp_fu_1132    |    0    |    0    |    0    |
|          |     tmp_3_fu_1216     |    0    |    0    |    0    |
|          |     tmp_4_fu_1226     |    0    |    0    |    0    |
|----------|-----------------------|---------|---------|---------|
|   trunc  |  trunc_ln342_fu_1142  |    0    |    0    |    0    |
|----------|-----------------------|---------|---------|---------|
|          |   zext_ln15_fu_1156   |    0    |    0    |    0    |
|   zext   |   zext_ln317_fu_1160  |    0    |    0    |    0    |
|          |   zext_ln18_fu_1200   |    0    |    0    |    0    |
|----------|-----------------------|---------|---------|---------|
|   Total  |                       |    17   |    0    |   2054  |
|----------|-----------------------|---------|---------|---------|

Memories:
N/A

* Register list:
+-------------------+--------+
|                   |   FF   |
+-------------------+--------+
|  I_path_reg_1289  |   32   |
|  Q_path_reg_1305  |   46   |
|add_ln45_4_reg_1294|   46   |
|    dc_reg_1330    |   32   |
|  mag_sq_reg_1320  |   64   |
|mul_ln47_1_reg_1315|   64   |
| mul_ln47_reg_1310 |   64   |
|  result_reg_1335  |   32   |
|  tmp_26_reg_1299  |    1   |
| tmp_dest_reg_1284 |    6   |
|  tmp_id_reg_1279  |    5   |
| tmp_keep_reg_1259 |    4   |
| tmp_last_reg_1274 |    1   |
| tmp_strb_reg_1264 |    4   |
| tmp_user_reg_1269 |    2   |
| x_assign_reg_1325 |   32   |
+-------------------+--------+
|       Total       |   435  |
+-------------------+--------+

* Multiplexer (MUX) list: 
|------------------|------|------|------|--------||---------||---------||---------|
|       Comp       |  Pin | Size |  BW  | S x BW ||  Delay  ||    FF   ||   LUT   |
|------------------|------|------|------|--------||---------||---------||---------|
| grp_write_fu_226 |  p8  |   2  |  32  |   64   ||    0    ||    9    |
|    grp_fu_251    |  p0  |   2  |  64  |   128  ||    0    ||    9    |
|------------------|------|------|------|--------||---------||---------||---------|
|       Total      |      |      |      |   192  ||  0.854  ||    0    ||    18   |
|------------------|------|------|------|--------||---------||---------||---------|



* Summary:
+-----------+--------+--------+--------+--------+
|           |   DSP  |  Delay |   FF   |   LUT  |
+-----------+--------+--------+--------+--------+
|  Function |   17   |    -   |    0   |  2054  |
|   Memory  |    -   |    -   |    -   |    -   |
|Multiplexer|    -   |    0   |    0   |   18   |
|  Register |    -   |    -   |   435  |    -   |
+-----------+--------+--------+--------+--------+
|   Total   |   17   |    0   |   435  |  2072  |
+-----------+--------+--------+--------+--------+
