

================================================================
== Vitis HLS Report for 'hilbert_envelope_axis_Pipeline_VITIS_LOOP_69_1'
================================================================
* Date:           Thu Apr 16 19:55:01 2026

* Version:        2024.1 (Build 5069499 on May 21 2024)
* Project:        Envelope_Detector
* Solution:       hls (Vivado IP Flow Target)
* Product family: zynquplus
* Target device:  xczu3eg-sfvc784-2-e


================================================================
== Performance Estimates
================================================================
+ Timing: 
    * Summary: 
    +--------+----------+----------+------------+
    |  Clock |  Target  | Estimated| Uncertainty|
    +--------+----------+----------+------------+
    |ap_clk  |  10.00 ns|  6.737 ns|     2.70 ns|
    +--------+----------+----------+------------+

+ Latency: 
    * Summary: 
    +---------+---------+----------+----------+-----+-----+-----------------------------------------------+
    |  Latency (cycles) |  Latency (absolute) |  Interval |                    Pipeline                   |
    |   min   |   max   |    min   |    max   | min | max |                      Type                     |
    +---------+---------+----------+----------+-----+-----+-----------------------------------------------+
    |        ?|        ?|         ?|         ?|    0|    0|  loop auto-rewind stp(delay=0 clock cycles(s))|
    +---------+---------+----------+----------+-----+-----+-----------------------------------------------+

    + Detail: 
        * Instance: 
        N/A

        * Loop: 
        +-------------------+---------+---------+----------+-----------+-----------+------+----------+
        |                   |  Latency (cycles) | Iteration|  Initiation Interval  | Trip |          |
        |     Loop Name     |   min   |   max   |  Latency |  achieved |   target  | Count| Pipelined|
        +-------------------+---------+---------+----------+-----------+-----------+------+----------+
        |- VITIS_LOOP_69_1  |        ?|        ?|        16|          1|          1|     ?|       yes|
        +-------------------+---------+---------+----------+-----------+-----------+------+----------+

============================================================
+ Verbose Summary: Synthesis Manager
============================================================
InlineROM: 1
ExposeGlobal: 0
============================================================
+ Verbose Summary: CDFG Model
============================================================
IsTopModel: 0
ResetActiveHigh: 1
IsCombinational: 0
IsDatapathOnly: 0
HasWiredReturn: 1
HasMFsm: 2
HasVarLatency: 1
IsPipeline: 0
IsRtlPipelined: 0
IsInstanceOverlapped: 0
IsDontTouch: 0
HasImplIP: 0
IsGatedGlobalClock: 0

+ Individual pipeline summary: 
  * Pipeline-0: initiation interval (II) = 1, depth = 17


============================================================
+ Verbose Summary: Schedule
============================================================
* Number of FSM states : 17
* Pipeline : 1
  Pipeline-0 : II = 1, D = 17, States = { 1 2 3 4 5 6 7 8 9 10 11 12 13 14 15 16 17 }
* Dataflow Pipeline: 0

* FSM state transitions: 
1 --> 2 
2 --> 3 
3 --> 4 
4 --> 5 
5 --> 6 
6 --> 7 
7 --> 8 
8 --> 9 
9 --> 10 
10 --> 11 
11 --> 12 
12 --> 13 
13 --> 14 
14 --> 15 
15 --> 16 
16 --> 17 
17 --> 

* FSM state operations: 

State 1 <SV = 0> <Delay = 0.42>
ST_1 : Operation 19 [1/1] (0.00ns)   --->   "%empty = alloca i32 1"   --->   Operation 19 'alloca' 'empty' <Predicate = true> <Delay = 0.00>
ST_1 : Operation 20 [1/1] (0.00ns)   --->   "%empty_18 = alloca i32 1"   --->   Operation 20 'alloca' 'empty_18' <Predicate = true> <Delay = 0.00>
ST_1 : Operation 21 [1/1] (0.00ns)   --->   "%empty_19 = alloca i32 1"   --->   Operation 21 'alloca' 'empty_19' <Predicate = true> <Delay = 0.00>
ST_1 : Operation 22 [1/1] (0.00ns)   --->   "%empty_20 = alloca i32 1"   --->   Operation 22 'alloca' 'empty_20' <Predicate = true> <Delay = 0.00>
ST_1 : Operation 23 [1/1] (0.00ns)   --->   "%empty_21 = alloca i32 1"   --->   Operation 23 'alloca' 'empty_21' <Predicate = true> <Delay = 0.00>
ST_1 : Operation 24 [1/1] (0.00ns)   --->   "%empty_22 = alloca i32 1"   --->   Operation 24 'alloca' 'empty_22' <Predicate = true> <Delay = 0.00>
ST_1 : Operation 25 [1/1] (0.00ns)   --->   "%empty_23 = alloca i32 1"   --->   Operation 25 'alloca' 'empty_23' <Predicate = true> <Delay = 0.00>
ST_1 : Operation 26 [1/1] (0.00ns)   --->   "%empty_24 = alloca i32 1"   --->   Operation 26 'alloca' 'empty_24' <Predicate = true> <Delay = 0.00>
ST_1 : Operation 27 [1/1] (0.00ns)   --->   "%empty_25 = alloca i32 1"   --->   Operation 27 'alloca' 'empty_25' <Predicate = true> <Delay = 0.00>
ST_1 : Operation 28 [1/1] (0.00ns)   --->   "%empty_26 = alloca i32 1"   --->   Operation 28 'alloca' 'empty_26' <Predicate = true> <Delay = 0.00>
ST_1 : Operation 29 [1/1] (0.00ns)   --->   "%empty_27 = alloca i32 1"   --->   Operation 29 'alloca' 'empty_27' <Predicate = true> <Delay = 0.00>
ST_1 : Operation 30 [1/1] (0.00ns)   --->   "%empty_28 = alloca i32 1"   --->   Operation 30 'alloca' 'empty_28' <Predicate = true> <Delay = 0.00>
ST_1 : Operation 31 [1/1] (0.00ns)   --->   "%empty_29 = alloca i32 1"   --->   Operation 31 'alloca' 'empty_29' <Predicate = true> <Delay = 0.00>
ST_1 : Operation 32 [1/1] (0.00ns)   --->   "%empty_30 = alloca i32 1"   --->   Operation 32 'alloca' 'empty_30' <Predicate = true> <Delay = 0.00>
ST_1 : Operation 33 [1/1] (0.00ns)   --->   "%empty_31 = alloca i32 1"   --->   Operation 33 'alloca' 'empty_31' <Predicate = true> <Delay = 0.00>
ST_1 : Operation 34 [1/1] (0.00ns)   --->   "%empty_32 = alloca i32 1"   --->   Operation 34 'alloca' 'empty_32' <Predicate = true> <Delay = 0.00>
ST_1 : Operation 35 [1/1] (0.00ns)   --->   "%empty_33 = alloca i32 1"   --->   Operation 35 'alloca' 'empty_33' <Predicate = true> <Delay = 0.00>
ST_1 : Operation 36 [1/1] (0.00ns)   --->   "%empty_34 = alloca i32 1"   --->   Operation 36 'alloca' 'empty_34' <Predicate = true> <Delay = 0.00>
ST_1 : Operation 37 [1/1] (0.00ns)   --->   "%empty_35 = alloca i32 1"   --->   Operation 37 'alloca' 'empty_35' <Predicate = true> <Delay = 0.00>
ST_1 : Operation 38 [1/1] (0.00ns)   --->   "%empty_36 = alloca i32 1"   --->   Operation 38 'alloca' 'empty_36' <Predicate = true> <Delay = 0.00>
ST_1 : Operation 39 [1/1] (0.00ns)   --->   "%empty_37 = alloca i32 1"   --->   Operation 39 'alloca' 'empty_37' <Predicate = true> <Delay = 0.00>
ST_1 : Operation 40 [1/1] (0.00ns)   --->   "%empty_38 = alloca i32 1"   --->   Operation 40 'alloca' 'empty_38' <Predicate = true> <Delay = 0.00>
ST_1 : Operation 41 [1/1] (0.00ns)   --->   "%empty_39 = alloca i32 1"   --->   Operation 41 'alloca' 'empty_39' <Predicate = true> <Delay = 0.00>
ST_1 : Operation 42 [1/1] (0.00ns)   --->   "%empty_40 = alloca i32 1"   --->   Operation 42 'alloca' 'empty_40' <Predicate = true> <Delay = 0.00>
ST_1 : Operation 43 [1/1] (0.00ns)   --->   "%empty_41 = alloca i32 1"   --->   Operation 43 'alloca' 'empty_41' <Predicate = true> <Delay = 0.00>
ST_1 : Operation 44 [1/1] (0.00ns)   --->   "%empty_42 = alloca i32 1"   --->   Operation 44 'alloca' 'empty_42' <Predicate = true> <Delay = 0.00>
ST_1 : Operation 45 [1/1] (0.00ns)   --->   "%empty_43 = alloca i32 1"   --->   Operation 45 'alloca' 'empty_43' <Predicate = true> <Delay = 0.00>
ST_1 : Operation 46 [1/1] (0.00ns)   --->   "%empty_44 = alloca i32 1"   --->   Operation 46 'alloca' 'empty_44' <Predicate = true> <Delay = 0.00>
ST_1 : Operation 47 [1/1] (0.00ns)   --->   "%empty_45 = alloca i32 1"   --->   Operation 47 'alloca' 'empty_45' <Predicate = true> <Delay = 0.00>
ST_1 : Operation 48 [1/1] (0.00ns)   --->   "%empty_46 = alloca i32 1"   --->   Operation 48 'alloca' 'empty_46' <Predicate = true> <Delay = 0.00>
ST_1 : Operation 49 [1/1] (0.00ns)   --->   "%empty_47 = alloca i32 1"   --->   Operation 49 'alloca' 'empty_47' <Predicate = true> <Delay = 0.00>
ST_1 : Operation 50 [1/1] (0.00ns)   --->   "%empty_48 = alloca i32 1"   --->   Operation 50 'alloca' 'empty_48' <Predicate = true> <Delay = 0.00>
ST_1 : Operation 51 [1/1] (0.00ns)   --->   "%empty_49 = alloca i32 1"   --->   Operation 51 'alloca' 'empty_49' <Predicate = true> <Delay = 0.00>
ST_1 : Operation 52 [1/1] (0.00ns)   --->   "%empty_50 = alloca i32 1"   --->   Operation 52 'alloca' 'empty_50' <Predicate = true> <Delay = 0.00>
ST_1 : Operation 53 [1/1] (0.00ns)   --->   "%empty_51 = alloca i32 1"   --->   Operation 53 'alloca' 'empty_51' <Predicate = true> <Delay = 0.00>
ST_1 : Operation 54 [1/1] (0.00ns)   --->   "%empty_52 = alloca i32 1"   --->   Operation 54 'alloca' 'empty_52' <Predicate = true> <Delay = 0.00>
ST_1 : Operation 55 [1/1] (0.00ns)   --->   "%empty_53 = alloca i32 1"   --->   Operation 55 'alloca' 'empty_53' <Predicate = true> <Delay = 0.00>
ST_1 : Operation 56 [1/1] (0.00ns)   --->   "%empty_54 = alloca i32 1"   --->   Operation 56 'alloca' 'empty_54' <Predicate = true> <Delay = 0.00>
ST_1 : Operation 57 [1/1] (0.00ns)   --->   "%empty_55 = alloca i32 1"   --->   Operation 57 'alloca' 'empty_55' <Predicate = true> <Delay = 0.00>
ST_1 : Operation 58 [1/1] (0.00ns)   --->   "%empty_56 = alloca i32 1"   --->   Operation 58 'alloca' 'empty_56' <Predicate = true> <Delay = 0.00>
ST_1 : Operation 59 [1/1] (0.00ns)   --->   "%empty_57 = alloca i32 1"   --->   Operation 59 'alloca' 'empty_57' <Predicate = true> <Delay = 0.00>
ST_1 : Operation 60 [1/1] (0.00ns)   --->   "%empty_58 = alloca i32 1"   --->   Operation 60 'alloca' 'empty_58' <Predicate = true> <Delay = 0.00>
ST_1 : Operation 61 [1/1] (0.00ns)   --->   "%empty_59 = alloca i32 1"   --->   Operation 61 'alloca' 'empty_59' <Predicate = true> <Delay = 0.00>
ST_1 : Operation 62 [1/1] (0.00ns)   --->   "%empty_60 = alloca i32 1"   --->   Operation 62 'alloca' 'empty_60' <Predicate = true> <Delay = 0.00>
ST_1 : Operation 63 [1/1] (0.00ns)   --->   "%empty_61 = alloca i32 1"   --->   Operation 63 'alloca' 'empty_61' <Predicate = true> <Delay = 0.00>
ST_1 : Operation 64 [1/1] (0.00ns)   --->   "%empty_62 = alloca i32 1"   --->   Operation 64 'alloca' 'empty_62' <Predicate = true> <Delay = 0.00>
ST_1 : Operation 65 [1/1] (0.00ns)   --->   "%empty_63 = alloca i32 1"   --->   Operation 65 'alloca' 'empty_63' <Predicate = true> <Delay = 0.00>
ST_1 : Operation 66 [1/1] (0.00ns)   --->   "%empty_64 = alloca i32 1"   --->   Operation 66 'alloca' 'empty_64' <Predicate = true> <Delay = 0.00>
ST_1 : Operation 67 [1/1] (0.00ns)   --->   "%empty_65 = alloca i32 1"   --->   Operation 67 'alloca' 'empty_65' <Predicate = true> <Delay = 0.00>
ST_1 : Operation 68 [1/1] (0.00ns)   --->   "%empty_66 = alloca i32 1"   --->   Operation 68 'alloca' 'empty_66' <Predicate = true> <Delay = 0.00>
ST_1 : Operation 69 [1/1] (0.00ns)   --->   "%empty_67 = alloca i32 1"   --->   Operation 69 'alloca' 'empty_67' <Predicate = true> <Delay = 0.00>
ST_1 : Operation 70 [1/1] (0.00ns)   --->   "%empty_68 = alloca i32 1"   --->   Operation 70 'alloca' 'empty_68' <Predicate = true> <Delay = 0.00>
ST_1 : Operation 71 [1/1] (0.00ns)   --->   "%empty_69 = alloca i32 1"   --->   Operation 71 'alloca' 'empty_69' <Predicate = true> <Delay = 0.00>
ST_1 : Operation 72 [1/1] (0.00ns)   --->   "%empty_70 = alloca i32 1"   --->   Operation 72 'alloca' 'empty_70' <Predicate = true> <Delay = 0.00>
ST_1 : Operation 73 [1/1] (0.00ns)   --->   "%empty_71 = alloca i32 1"   --->   Operation 73 'alloca' 'empty_71' <Predicate = true> <Delay = 0.00>
ST_1 : Operation 74 [1/1] (0.00ns)   --->   "%empty_72 = alloca i32 1"   --->   Operation 74 'alloca' 'empty_72' <Predicate = true> <Delay = 0.00>
ST_1 : Operation 75 [1/1] (0.00ns)   --->   "%empty_73 = alloca i32 1"   --->   Operation 75 'alloca' 'empty_73' <Predicate = true> <Delay = 0.00>
ST_1 : Operation 76 [1/1] (0.00ns)   --->   "%empty_74 = alloca i32 1"   --->   Operation 76 'alloca' 'empty_74' <Predicate = true> <Delay = 0.00>
ST_1 : Operation 77 [1/1] (0.00ns)   --->   "%empty_75 = alloca i32 1"   --->   Operation 77 'alloca' 'empty_75' <Predicate = true> <Delay = 0.00>
ST_1 : Operation 78 [1/1] (0.00ns)   --->   "%empty_76 = alloca i32 1"   --->   Operation 78 'alloca' 'empty_76' <Predicate = true> <Delay = 0.00>
ST_1 : Operation 79 [1/1] (0.00ns)   --->   "%empty_77 = alloca i32 1"   --->   Operation 79 'alloca' 'empty_77' <Predicate = true> <Delay = 0.00>
ST_1 : Operation 80 [1/1] (0.00ns)   --->   "%empty_78 = alloca i32 1"   --->   Operation 80 'alloca' 'empty_78' <Predicate = true> <Delay = 0.00>
ST_1 : Operation 81 [1/1] (0.00ns)   --->   "%empty_79 = alloca i32 1"   --->   Operation 81 'alloca' 'empty_79' <Predicate = true> <Delay = 0.00>
ST_1 : Operation 82 [1/1] (0.00ns)   --->   "%empty_80 = alloca i32 1"   --->   Operation 82 'alloca' 'empty_80' <Predicate = true> <Delay = 0.00>
ST_1 : Operation 83 [1/1] (0.00ns)   --->   "%empty_81 = alloca i32 1"   --->   Operation 83 'alloca' 'empty_81' <Predicate = true> <Delay = 0.00>
ST_1 : Operation 84 [1/1] (0.00ns)   --->   "%empty_82 = alloca i32 1"   --->   Operation 84 'alloca' 'empty_82' <Predicate = true> <Delay = 0.00>
ST_1 : Operation 85 [1/1] (0.00ns)   --->   "%empty_83 = alloca i32 1"   --->   Operation 85 'alloca' 'empty_83' <Predicate = true> <Delay = 0.00>
ST_1 : Operation 86 [1/1] (0.00ns)   --->   "%empty_84 = alloca i32 1"   --->   Operation 86 'alloca' 'empty_84' <Predicate = true> <Delay = 0.00>
ST_1 : Operation 87 [1/1] (0.00ns)   --->   "%empty_85 = alloca i32 1"   --->   Operation 87 'alloca' 'empty_85' <Predicate = true> <Delay = 0.00>
ST_1 : Operation 88 [1/1] (0.00ns)   --->   "%empty_86 = alloca i32 1"   --->   Operation 88 'alloca' 'empty_86' <Predicate = true> <Delay = 0.00>
ST_1 : Operation 89 [1/1] (0.00ns)   --->   "%empty_87 = alloca i32 1"   --->   Operation 89 'alloca' 'empty_87' <Predicate = true> <Delay = 0.00>
ST_1 : Operation 90 [1/1] (0.00ns)   --->   "%empty_88 = alloca i32 1"   --->   Operation 90 'alloca' 'empty_88' <Predicate = true> <Delay = 0.00>
ST_1 : Operation 91 [1/1] (0.00ns)   --->   "%empty_89 = alloca i32 1"   --->   Operation 91 'alloca' 'empty_89' <Predicate = true> <Delay = 0.00>
ST_1 : Operation 92 [1/1] (0.00ns)   --->   "%empty_90 = alloca i32 1"   --->   Operation 92 'alloca' 'empty_90' <Predicate = true> <Delay = 0.00>
ST_1 : Operation 93 [1/1] (0.00ns)   --->   "%empty_91 = alloca i32 1"   --->   Operation 93 'alloca' 'empty_91' <Predicate = true> <Delay = 0.00>
ST_1 : Operation 94 [1/1] (0.00ns)   --->   "%empty_92 = alloca i32 1"   --->   Operation 94 'alloca' 'empty_92' <Predicate = true> <Delay = 0.00>
ST_1 : Operation 95 [1/1] (0.00ns)   --->   "%empty_93 = alloca i32 1"   --->   Operation 95 'alloca' 'empty_93' <Predicate = true> <Delay = 0.00>
ST_1 : Operation 96 [1/1] (0.00ns)   --->   "%empty_94 = alloca i32 1"   --->   Operation 96 'alloca' 'empty_94' <Predicate = true> <Delay = 0.00>
ST_1 : Operation 97 [1/1] (0.00ns)   --->   "%empty_95 = alloca i32 1"   --->   Operation 97 'alloca' 'empty_95' <Predicate = true> <Delay = 0.00>
ST_1 : Operation 98 [1/1] (0.00ns)   --->   "%empty_96 = alloca i32 1"   --->   Operation 98 'alloca' 'empty_96' <Predicate = true> <Delay = 0.00>
ST_1 : Operation 99 [1/1] (0.00ns)   --->   "%empty_97 = alloca i32 1"   --->   Operation 99 'alloca' 'empty_97' <Predicate = true> <Delay = 0.00>
ST_1 : Operation 100 [1/1] (0.00ns)   --->   "%empty_98 = alloca i32 1"   --->   Operation 100 'alloca' 'empty_98' <Predicate = true> <Delay = 0.00>
ST_1 : Operation 101 [1/1] (0.00ns)   --->   "%empty_99 = alloca i32 1"   --->   Operation 101 'alloca' 'empty_99' <Predicate = true> <Delay = 0.00>
ST_1 : Operation 102 [1/1] (0.00ns)   --->   "%empty_100 = alloca i32 1"   --->   Operation 102 'alloca' 'empty_100' <Predicate = true> <Delay = 0.00>
ST_1 : Operation 103 [1/1] (0.00ns)   --->   "%empty_101 = alloca i32 1"   --->   Operation 103 'alloca' 'empty_101' <Predicate = true> <Delay = 0.00>
ST_1 : Operation 104 [1/1] (0.00ns)   --->   "%empty_102 = alloca i32 1"   --->   Operation 104 'alloca' 'empty_102' <Predicate = true> <Delay = 0.00>
ST_1 : Operation 105 [1/1] (0.00ns)   --->   "%empty_103 = alloca i32 1"   --->   Operation 105 'alloca' 'empty_103' <Predicate = true> <Delay = 0.00>
ST_1 : Operation 106 [1/1] (0.00ns)   --->   "%empty_104 = alloca i32 1"   --->   Operation 106 'alloca' 'empty_104' <Predicate = true> <Delay = 0.00>
ST_1 : Operation 107 [1/1] (0.00ns)   --->   "%empty_105 = alloca i32 1"   --->   Operation 107 'alloca' 'empty_105' <Predicate = true> <Delay = 0.00>
ST_1 : Operation 108 [1/1] (0.00ns)   --->   "%empty_106 = alloca i32 1"   --->   Operation 108 'alloca' 'empty_106' <Predicate = true> <Delay = 0.00>
ST_1 : Operation 109 [1/1] (0.00ns)   --->   "%empty_107 = alloca i32 1"   --->   Operation 109 'alloca' 'empty_107' <Predicate = true> <Delay = 0.00>
ST_1 : Operation 110 [1/1] (0.00ns)   --->   "%empty_108 = alloca i32 1"   --->   Operation 110 'alloca' 'empty_108' <Predicate = true> <Delay = 0.00>
ST_1 : Operation 111 [1/1] (0.00ns)   --->   "%empty_109 = alloca i32 1"   --->   Operation 111 'alloca' 'empty_109' <Predicate = true> <Delay = 0.00>
ST_1 : Operation 112 [1/1] (0.00ns)   --->   "%empty_110 = alloca i32 1"   --->   Operation 112 'alloca' 'empty_110' <Predicate = true> <Delay = 0.00>
ST_1 : Operation 113 [1/1] (0.00ns)   --->   "%empty_111 = alloca i32 1"   --->   Operation 113 'alloca' 'empty_111' <Predicate = true> <Delay = 0.00>
ST_1 : Operation 114 [1/1] (0.00ns)   --->   "%empty_112 = alloca i32 1"   --->   Operation 114 'alloca' 'empty_112' <Predicate = true> <Delay = 0.00>
ST_1 : Operation 115 [1/1] (0.00ns)   --->   "%empty_113 = alloca i32 1"   --->   Operation 115 'alloca' 'empty_113' <Predicate = true> <Delay = 0.00>
ST_1 : Operation 116 [1/1] (0.00ns)   --->   "%empty_114 = alloca i32 1"   --->   Operation 116 'alloca' 'empty_114' <Predicate = true> <Delay = 0.00>
ST_1 : Operation 117 [1/1] (0.00ns)   --->   "%empty_115 = alloca i32 1"   --->   Operation 117 'alloca' 'empty_115' <Predicate = true> <Delay = 0.00>
ST_1 : Operation 118 [1/1] (0.00ns)   --->   "%empty_116 = alloca i32 1"   --->   Operation 118 'alloca' 'empty_116' <Predicate = true> <Delay = 0.00>
ST_1 : Operation 119 [1/1] (0.00ns)   --->   "%empty_117 = alloca i32 1"   --->   Operation 119 'alloca' 'empty_117' <Predicate = true> <Delay = 0.00>
ST_1 : Operation 120 [1/1] (0.00ns)   --->   "%empty_118 = alloca i32 1"   --->   Operation 120 'alloca' 'empty_118' <Predicate = true> <Delay = 0.00>
ST_1 : Operation 121 [1/1] (0.00ns)   --->   "%empty_119 = alloca i32 1"   --->   Operation 121 'alloca' 'empty_119' <Predicate = true> <Delay = 0.00>
ST_1 : Operation 122 [1/1] (0.00ns)   --->   "%empty_120 = alloca i32 1"   --->   Operation 122 'alloca' 'empty_120' <Predicate = true> <Delay = 0.00>
ST_1 : Operation 123 [1/1] (0.00ns)   --->   "%empty_121 = alloca i32 1"   --->   Operation 123 'alloca' 'empty_121' <Predicate = true> <Delay = 0.00>
ST_1 : Operation 124 [1/1] (0.00ns)   --->   "%empty_122 = alloca i32 1"   --->   Operation 124 'alloca' 'empty_122' <Predicate = true> <Delay = 0.00>
ST_1 : Operation 125 [1/1] (0.00ns)   --->   "%empty_123 = alloca i32 1"   --->   Operation 125 'alloca' 'empty_123' <Predicate = true> <Delay = 0.00>
ST_1 : Operation 126 [1/1] (0.00ns)   --->   "%empty_124 = alloca i32 1"   --->   Operation 126 'alloca' 'empty_124' <Predicate = true> <Delay = 0.00>
ST_1 : Operation 127 [1/1] (0.00ns)   --->   "%empty_125 = alloca i32 1"   --->   Operation 127 'alloca' 'empty_125' <Predicate = true> <Delay = 0.00>
ST_1 : Operation 128 [1/1] (0.00ns)   --->   "%empty_126 = alloca i32 1"   --->   Operation 128 'alloca' 'empty_126' <Predicate = true> <Delay = 0.00>
ST_1 : Operation 129 [1/1] (0.00ns)   --->   "%empty_127 = alloca i32 1"   --->   Operation 129 'alloca' 'empty_127' <Predicate = true> <Delay = 0.00>
ST_1 : Operation 130 [1/1] (0.00ns)   --->   "%empty_128 = alloca i32 1"   --->   Operation 130 'alloca' 'empty_128' <Predicate = true> <Delay = 0.00>
ST_1 : Operation 131 [1/1] (0.00ns)   --->   "%empty_129 = alloca i32 1"   --->   Operation 131 'alloca' 'empty_129' <Predicate = true> <Delay = 0.00>
ST_1 : Operation 132 [1/1] (0.00ns)   --->   "%empty_130 = alloca i32 1"   --->   Operation 132 'alloca' 'empty_130' <Predicate = true> <Delay = 0.00>
ST_1 : Operation 133 [1/1] (0.00ns)   --->   "%empty_131 = alloca i32 1"   --->   Operation 133 'alloca' 'empty_131' <Predicate = true> <Delay = 0.00>
ST_1 : Operation 134 [1/1] (0.00ns)   --->   "%empty_132 = alloca i32 1"   --->   Operation 134 'alloca' 'empty_132' <Predicate = true> <Delay = 0.00>
ST_1 : Operation 135 [1/1] (0.00ns)   --->   "%empty_133 = alloca i32 1"   --->   Operation 135 'alloca' 'empty_133' <Predicate = true> <Delay = 0.00>
ST_1 : Operation 136 [1/1] (0.00ns)   --->   "%empty_134 = alloca i32 1"   --->   Operation 136 'alloca' 'empty_134' <Predicate = true> <Delay = 0.00>
ST_1 : Operation 137 [1/1] (0.00ns)   --->   "%empty_135 = alloca i32 1"   --->   Operation 137 'alloca' 'empty_135' <Predicate = true> <Delay = 0.00>
ST_1 : Operation 138 [1/1] (0.00ns)   --->   "%empty_136 = alloca i32 1"   --->   Operation 138 'alloca' 'empty_136' <Predicate = true> <Delay = 0.00>
ST_1 : Operation 139 [1/1] (0.00ns)   --->   "%empty_137 = alloca i32 1"   --->   Operation 139 'alloca' 'empty_137' <Predicate = true> <Delay = 0.00>
ST_1 : Operation 140 [1/1] (0.00ns)   --->   "%empty_138 = alloca i32 1"   --->   Operation 140 'alloca' 'empty_138' <Predicate = true> <Delay = 0.00>
ST_1 : Operation 141 [1/1] (0.00ns)   --->   "%empty_139 = alloca i32 1"   --->   Operation 141 'alloca' 'empty_139' <Predicate = true> <Delay = 0.00>
ST_1 : Operation 142 [1/1] (0.00ns)   --->   "%empty_140 = alloca i32 1"   --->   Operation 142 'alloca' 'empty_140' <Predicate = true> <Delay = 0.00>
ST_1 : Operation 143 [1/1] (0.00ns)   --->   "%empty_141 = alloca i32 1"   --->   Operation 143 'alloca' 'empty_141' <Predicate = true> <Delay = 0.00>
ST_1 : Operation 144 [1/1] (0.00ns)   --->   "%empty_142 = alloca i32 1"   --->   Operation 144 'alloca' 'empty_142' <Predicate = true> <Delay = 0.00>
ST_1 : Operation 145 [1/1] (0.00ns)   --->   "%empty_143 = alloca i32 1"   --->   Operation 145 'alloca' 'empty_143' <Predicate = true> <Delay = 0.00>
ST_1 : Operation 146 [1/1] (0.00ns)   --->   "%empty_144 = alloca i32 1"   --->   Operation 146 'alloca' 'empty_144' <Predicate = true> <Delay = 0.00>
ST_1 : Operation 147 [1/1] (0.00ns)   --->   "%empty_145 = alloca i32 1"   --->   Operation 147 'alloca' 'empty_145' <Predicate = true> <Delay = 0.00>
ST_1 : Operation 148 [1/1] (0.00ns)   --->   "%empty_146 = alloca i32 1"   --->   Operation 148 'alloca' 'empty_146' <Predicate = true> <Delay = 0.00>
ST_1 : Operation 149 [1/1] (0.00ns)   --->   "%empty_147 = alloca i32 1"   --->   Operation 149 'alloca' 'empty_147' <Predicate = true> <Delay = 0.00>
ST_1 : Operation 150 [1/1] (0.00ns)   --->   "%empty_148 = alloca i32 1"   --->   Operation 150 'alloca' 'empty_148' <Predicate = true> <Delay = 0.00>
ST_1 : Operation 151 [1/1] (0.00ns)   --->   "%empty_149 = alloca i32 1"   --->   Operation 151 'alloca' 'empty_149' <Predicate = true> <Delay = 0.00>
ST_1 : Operation 152 [1/1] (0.00ns)   --->   "%empty_150 = alloca i32 1"   --->   Operation 152 'alloca' 'empty_150' <Predicate = true> <Delay = 0.00>
ST_1 : Operation 153 [1/1] (0.00ns)   --->   "%empty_151 = alloca i32 1"   --->   Operation 153 'alloca' 'empty_151' <Predicate = true> <Delay = 0.00>
ST_1 : Operation 154 [1/1] (0.00ns)   --->   "%empty_152 = alloca i32 1"   --->   Operation 154 'alloca' 'empty_152' <Predicate = true> <Delay = 0.00>
ST_1 : Operation 155 [1/1] (0.00ns)   --->   "%empty_153 = alloca i32 1"   --->   Operation 155 'alloca' 'empty_153' <Predicate = true> <Delay = 0.00>
ST_1 : Operation 156 [1/1] (0.00ns)   --->   "%empty_154 = alloca i32 1"   --->   Operation 156 'alloca' 'empty_154' <Predicate = true> <Delay = 0.00>
ST_1 : Operation 157 [1/1] (0.00ns)   --->   "%empty_155 = alloca i32 1"   --->   Operation 157 'alloca' 'empty_155' <Predicate = true> <Delay = 0.00>
ST_1 : Operation 158 [1/1] (0.00ns)   --->   "%empty_156 = alloca i32 1"   --->   Operation 158 'alloca' 'empty_156' <Predicate = true> <Delay = 0.00>
ST_1 : Operation 159 [1/1] (0.00ns)   --->   "%empty_157 = alloca i32 1"   --->   Operation 159 'alloca' 'empty_157' <Predicate = true> <Delay = 0.00>
ST_1 : Operation 160 [1/1] (0.00ns)   --->   "%empty_158 = alloca i32 1"   --->   Operation 160 'alloca' 'empty_158' <Predicate = true> <Delay = 0.00>
ST_1 : Operation 161 [1/1] (0.00ns)   --->   "%empty_159 = alloca i32 1"   --->   Operation 161 'alloca' 'empty_159' <Predicate = true> <Delay = 0.00>
ST_1 : Operation 162 [1/1] (0.00ns)   --->   "%empty_160 = alloca i32 1"   --->   Operation 162 'alloca' 'empty_160' <Predicate = true> <Delay = 0.00>
ST_1 : Operation 163 [1/1] (0.00ns)   --->   "%empty_161 = alloca i32 1"   --->   Operation 163 'alloca' 'empty_161' <Predicate = true> <Delay = 0.00>
ST_1 : Operation 164 [1/1] (0.00ns)   --->   "%empty_162 = alloca i32 1"   --->   Operation 164 'alloca' 'empty_162' <Predicate = true> <Delay = 0.00>
ST_1 : Operation 165 [1/1] (0.00ns)   --->   "%empty_163 = alloca i32 1"   --->   Operation 165 'alloca' 'empty_163' <Predicate = true> <Delay = 0.00>
ST_1 : Operation 166 [1/1] (0.00ns)   --->   "%empty_164 = alloca i32 1"   --->   Operation 166 'alloca' 'empty_164' <Predicate = true> <Delay = 0.00>
ST_1 : Operation 167 [1/1] (0.00ns)   --->   "%empty_165 = alloca i32 1"   --->   Operation 167 'alloca' 'empty_165' <Predicate = true> <Delay = 0.00>
ST_1 : Operation 168 [1/1] (0.00ns)   --->   "%I_path = alloca i32 1" [hilbert.cpp:34->hilbert.cpp:77]   --->   Operation 168 'alloca' 'I_path' <Predicate = true> <Delay = 0.00>
ST_1 : Operation 169 [1/1] (0.00ns)   --->   "%empty_166 = alloca i32 1"   --->   Operation 169 'alloca' 'empty_166' <Predicate = true> <Delay = 0.00>
ST_1 : Operation 170 [1/1] (0.00ns)   --->   "%empty_167 = alloca i32 1"   --->   Operation 170 'alloca' 'empty_167' <Predicate = true> <Delay = 0.00>
ST_1 : Operation 171 [1/1] (0.00ns)   --->   "%empty_168 = alloca i32 1"   --->   Operation 171 'alloca' 'empty_168' <Predicate = true> <Delay = 0.00>
ST_1 : Operation 172 [1/1] (0.00ns)   --->   "%empty_169 = alloca i32 1"   --->   Operation 172 'alloca' 'empty_169' <Predicate = true> <Delay = 0.00>
ST_1 : Operation 173 [1/1] (0.00ns)   --->   "%empty_170 = alloca i32 1"   --->   Operation 173 'alloca' 'empty_170' <Predicate = true> <Delay = 0.00>
ST_1 : Operation 174 [1/1] (0.00ns)   --->   "%empty_171 = alloca i32 1"   --->   Operation 174 'alloca' 'empty_171' <Predicate = true> <Delay = 0.00>
ST_1 : Operation 175 [1/1] (0.00ns)   --->   "%empty_172 = alloca i32 1"   --->   Operation 175 'alloca' 'empty_172' <Predicate = true> <Delay = 0.00>
ST_1 : Operation 176 [1/1] (0.00ns)   --->   "%empty_173 = alloca i32 1"   --->   Operation 176 'alloca' 'empty_173' <Predicate = true> <Delay = 0.00>
ST_1 : Operation 177 [1/1] (0.00ns)   --->   "%empty_174 = alloca i32 1"   --->   Operation 177 'alloca' 'empty_174' <Predicate = true> <Delay = 0.00>
ST_1 : Operation 178 [1/1] (0.00ns)   --->   "%empty_175 = alloca i32 1"   --->   Operation 178 'alloca' 'empty_175' <Predicate = true> <Delay = 0.00>
ST_1 : Operation 179 [1/1] (0.00ns)   --->   "%empty_176 = alloca i32 1"   --->   Operation 179 'alloca' 'empty_176' <Predicate = true> <Delay = 0.00>
ST_1 : Operation 180 [1/1] (0.00ns)   --->   "%empty_177 = alloca i32 1"   --->   Operation 180 'alloca' 'empty_177' <Predicate = true> <Delay = 0.00>
ST_1 : Operation 181 [1/1] (0.00ns)   --->   "%empty_178 = alloca i32 1"   --->   Operation 181 'alloca' 'empty_178' <Predicate = true> <Delay = 0.00>
ST_1 : Operation 182 [1/1] (0.00ns)   --->   "%empty_179 = alloca i32 1"   --->   Operation 182 'alloca' 'empty_179' <Predicate = true> <Delay = 0.00>
ST_1 : Operation 183 [1/1] (0.00ns)   --->   "%empty_180 = alloca i32 1"   --->   Operation 183 'alloca' 'empty_180' <Predicate = true> <Delay = 0.00>
ST_1 : Operation 184 [1/1] (0.00ns)   --->   "%empty_181 = alloca i32 1"   --->   Operation 184 'alloca' 'empty_181' <Predicate = true> <Delay = 0.00>
ST_1 : Operation 185 [1/1] (0.00ns)   --->   "%empty_182 = alloca i32 1"   --->   Operation 185 'alloca' 'empty_182' <Predicate = true> <Delay = 0.00>
ST_1 : Operation 186 [1/1] (0.00ns)   --->   "%empty_183 = alloca i32 1"   --->   Operation 186 'alloca' 'empty_183' <Predicate = true> <Delay = 0.00>
ST_1 : Operation 187 [1/1] (0.00ns)   --->   "%empty_184 = alloca i32 1"   --->   Operation 187 'alloca' 'empty_184' <Predicate = true> <Delay = 0.00>
ST_1 : Operation 188 [1/1] (0.00ns)   --->   "%empty_185 = alloca i32 1"   --->   Operation 188 'alloca' 'empty_185' <Predicate = true> <Delay = 0.00>
ST_1 : Operation 189 [1/1] (0.00ns)   --->   "%empty_186 = alloca i32 1"   --->   Operation 189 'alloca' 'empty_186' <Predicate = true> <Delay = 0.00>
ST_1 : Operation 190 [1/1] (0.00ns)   --->   "%empty_187 = alloca i32 1"   --->   Operation 190 'alloca' 'empty_187' <Predicate = true> <Delay = 0.00>
ST_1 : Operation 191 [1/1] (0.00ns)   --->   "%empty_188 = alloca i32 1"   --->   Operation 191 'alloca' 'empty_188' <Predicate = true> <Delay = 0.00>
ST_1 : Operation 192 [1/1] (0.00ns)   --->   "%empty_189 = alloca i32 1"   --->   Operation 192 'alloca' 'empty_189' <Predicate = true> <Delay = 0.00>
ST_1 : Operation 193 [1/1] (0.00ns)   --->   "%empty_190 = alloca i32 1"   --->   Operation 193 'alloca' 'empty_190' <Predicate = true> <Delay = 0.00>
ST_1 : Operation 194 [1/1] (0.00ns)   --->   "%empty_191 = alloca i32 1"   --->   Operation 194 'alloca' 'empty_191' <Predicate = true> <Delay = 0.00>
ST_1 : Operation 195 [1/1] (0.00ns)   --->   "%empty_192 = alloca i32 1"   --->   Operation 195 'alloca' 'empty_192' <Predicate = true> <Delay = 0.00>
ST_1 : Operation 196 [1/1] (0.00ns)   --->   "%empty_193 = alloca i32 1"   --->   Operation 196 'alloca' 'empty_193' <Predicate = true> <Delay = 0.00>
ST_1 : Operation 197 [1/1] (0.00ns)   --->   "%empty_194 = alloca i32 1"   --->   Operation 197 'alloca' 'empty_194' <Predicate = true> <Delay = 0.00>
ST_1 : Operation 198 [1/1] (0.00ns)   --->   "%empty_195 = alloca i32 1"   --->   Operation 198 'alloca' 'empty_195' <Predicate = true> <Delay = 0.00>
ST_1 : Operation 199 [1/1] (0.00ns)   --->   "%empty_196 = alloca i32 1"   --->   Operation 199 'alloca' 'empty_196' <Predicate = true> <Delay = 0.00>
ST_1 : Operation 200 [1/1] (0.00ns)   --->   "%empty_197 = alloca i32 1"   --->   Operation 200 'alloca' 'empty_197' <Predicate = true> <Delay = 0.00>
ST_1 : Operation 201 [1/1] (0.00ns)   --->   "%empty_198 = alloca i32 1"   --->   Operation 201 'alloca' 'empty_198' <Predicate = true> <Delay = 0.00>
ST_1 : Operation 202 [1/1] (0.00ns)   --->   "%empty_199 = alloca i32 1"   --->   Operation 202 'alloca' 'empty_199' <Predicate = true> <Delay = 0.00>
ST_1 : Operation 203 [1/1] (0.00ns)   --->   "%empty_200 = alloca i32 1"   --->   Operation 203 'alloca' 'empty_200' <Predicate = true> <Delay = 0.00>
ST_1 : Operation 204 [1/1] (0.00ns)   --->   "%empty_201 = alloca i32 1"   --->   Operation 204 'alloca' 'empty_201' <Predicate = true> <Delay = 0.00>
ST_1 : Operation 205 [1/1] (0.00ns)   --->   "%empty_202 = alloca i32 1"   --->   Operation 205 'alloca' 'empty_202' <Predicate = true> <Delay = 0.00>
ST_1 : Operation 206 [1/1] (0.00ns)   --->   "%empty_203 = alloca i32 1"   --->   Operation 206 'alloca' 'empty_203' <Predicate = true> <Delay = 0.00>
ST_1 : Operation 207 [1/1] (0.00ns)   --->   "%empty_204 = alloca i32 1"   --->   Operation 207 'alloca' 'empty_204' <Predicate = true> <Delay = 0.00>
ST_1 : Operation 208 [1/1] (0.00ns)   --->   "%empty_205 = alloca i32 1"   --->   Operation 208 'alloca' 'empty_205' <Predicate = true> <Delay = 0.00>
ST_1 : Operation 209 [1/1] (0.00ns)   --->   "%empty_206 = alloca i32 1"   --->   Operation 209 'alloca' 'empty_206' <Predicate = true> <Delay = 0.00>
ST_1 : Operation 210 [1/1] (0.00ns)   --->   "%empty_207 = alloca i32 1"   --->   Operation 210 'alloca' 'empty_207' <Predicate = true> <Delay = 0.00>
ST_1 : Operation 211 [1/1] (0.00ns)   --->   "%empty_208 = alloca i32 1"   --->   Operation 211 'alloca' 'empty_208' <Predicate = true> <Delay = 0.00>
ST_1 : Operation 212 [1/1] (0.00ns)   --->   "%empty_209 = alloca i32 1"   --->   Operation 212 'alloca' 'empty_209' <Predicate = true> <Delay = 0.00>
ST_1 : Operation 213 [1/1] (0.00ns)   --->   "%empty_210 = alloca i32 1"   --->   Operation 213 'alloca' 'empty_210' <Predicate = true> <Delay = 0.00>
ST_1 : Operation 214 [1/1] (0.00ns)   --->   "%empty_211 = alloca i32 1"   --->   Operation 214 'alloca' 'empty_211' <Predicate = true> <Delay = 0.00>
ST_1 : Operation 215 [1/1] (0.00ns)   --->   "%empty_212 = alloca i32 1"   --->   Operation 215 'alloca' 'empty_212' <Predicate = true> <Delay = 0.00>
ST_1 : Operation 216 [1/1] (0.00ns)   --->   "%empty_213 = alloca i32 1"   --->   Operation 216 'alloca' 'empty_213' <Predicate = true> <Delay = 0.00>
ST_1 : Operation 217 [1/1] (0.00ns)   --->   "%empty_214 = alloca i32 1"   --->   Operation 217 'alloca' 'empty_214' <Predicate = true> <Delay = 0.00>
ST_1 : Operation 218 [1/1] (0.00ns)   --->   "%empty_215 = alloca i32 1"   --->   Operation 218 'alloca' 'empty_215' <Predicate = true> <Delay = 0.00>
ST_1 : Operation 219 [1/1] (0.00ns)   --->   "%empty_216 = alloca i32 1"   --->   Operation 219 'alloca' 'empty_216' <Predicate = true> <Delay = 0.00>
ST_1 : Operation 220 [1/1] (0.00ns)   --->   "%empty_217 = alloca i32 1"   --->   Operation 220 'alloca' 'empty_217' <Predicate = true> <Delay = 0.00>
ST_1 : Operation 221 [1/1] (0.00ns)   --->   "%empty_218 = alloca i32 1"   --->   Operation 221 'alloca' 'empty_218' <Predicate = true> <Delay = 0.00>
ST_1 : Operation 222 [1/1] (0.00ns)   --->   "%empty_219 = alloca i32 1"   --->   Operation 222 'alloca' 'empty_219' <Predicate = true> <Delay = 0.00>
ST_1 : Operation 223 [1/1] (0.00ns)   --->   "%empty_220 = alloca i32 1"   --->   Operation 223 'alloca' 'empty_220' <Predicate = true> <Delay = 0.00>
ST_1 : Operation 224 [1/1] (0.00ns)   --->   "%empty_221 = alloca i32 1"   --->   Operation 224 'alloca' 'empty_221' <Predicate = true> <Delay = 0.00>
ST_1 : Operation 225 [1/1] (0.00ns)   --->   "%empty_222 = alloca i32 1"   --->   Operation 225 'alloca' 'empty_222' <Predicate = true> <Delay = 0.00>
ST_1 : Operation 226 [1/1] (0.00ns)   --->   "%empty_223 = alloca i32 1"   --->   Operation 226 'alloca' 'empty_223' <Predicate = true> <Delay = 0.00>
ST_1 : Operation 227 [1/1] (0.00ns)   --->   "%empty_224 = alloca i32 1"   --->   Operation 227 'alloca' 'empty_224' <Predicate = true> <Delay = 0.00>
ST_1 : Operation 228 [1/1] (0.00ns)   --->   "%empty_225 = alloca i32 1"   --->   Operation 228 'alloca' 'empty_225' <Predicate = true> <Delay = 0.00>
ST_1 : Operation 229 [1/1] (0.00ns)   --->   "%empty_226 = alloca i32 1"   --->   Operation 229 'alloca' 'empty_226' <Predicate = true> <Delay = 0.00>
ST_1 : Operation 230 [1/1] (0.00ns)   --->   "%empty_227 = alloca i32 1"   --->   Operation 230 'alloca' 'empty_227' <Predicate = true> <Delay = 0.00>
ST_1 : Operation 231 [1/1] (0.00ns)   --->   "%empty_228 = alloca i32 1"   --->   Operation 231 'alloca' 'empty_228' <Predicate = true> <Delay = 0.00>
ST_1 : Operation 232 [1/1] (0.00ns)   --->   "%empty_229 = alloca i32 1"   --->   Operation 232 'alloca' 'empty_229' <Predicate = true> <Delay = 0.00>
ST_1 : Operation 233 [1/1] (0.00ns)   --->   "%empty_230 = alloca i32 1"   --->   Operation 233 'alloca' 'empty_230' <Predicate = true> <Delay = 0.00>
ST_1 : Operation 234 [1/1] (0.00ns)   --->   "%empty_231 = alloca i32 1"   --->   Operation 234 'alloca' 'empty_231' <Predicate = true> <Delay = 0.00>
ST_1 : Operation 235 [1/1] (0.00ns)   --->   "%empty_232 = alloca i32 1"   --->   Operation 235 'alloca' 'empty_232' <Predicate = true> <Delay = 0.00>
ST_1 : Operation 236 [1/1] (0.00ns)   --->   "%empty_233 = alloca i32 1"   --->   Operation 236 'alloca' 'empty_233' <Predicate = true> <Delay = 0.00>
ST_1 : Operation 237 [1/1] (0.00ns)   --->   "%empty_234 = alloca i32 1"   --->   Operation 237 'alloca' 'empty_234' <Predicate = true> <Delay = 0.00>
ST_1 : Operation 238 [1/1] (0.00ns)   --->   "%empty_235 = alloca i32 1"   --->   Operation 238 'alloca' 'empty_235' <Predicate = true> <Delay = 0.00>
ST_1 : Operation 239 [1/1] (0.00ns)   --->   "%empty_236 = alloca i32 1"   --->   Operation 239 'alloca' 'empty_236' <Predicate = true> <Delay = 0.00>
ST_1 : Operation 240 [1/1] (0.00ns)   --->   "%empty_237 = alloca i32 1"   --->   Operation 240 'alloca' 'empty_237' <Predicate = true> <Delay = 0.00>
ST_1 : Operation 241 [1/1] (0.00ns)   --->   "%empty_238 = alloca i32 1"   --->   Operation 241 'alloca' 'empty_238' <Predicate = true> <Delay = 0.00>
ST_1 : Operation 242 [1/1] (0.00ns)   --->   "%empty_239 = alloca i32 1"   --->   Operation 242 'alloca' 'empty_239' <Predicate = true> <Delay = 0.00>
ST_1 : Operation 243 [1/1] (0.00ns)   --->   "%empty_240 = alloca i32 1"   --->   Operation 243 'alloca' 'empty_240' <Predicate = true> <Delay = 0.00>
ST_1 : Operation 244 [1/1] (0.00ns)   --->   "%empty_241 = alloca i32 1"   --->   Operation 244 'alloca' 'empty_241' <Predicate = true> <Delay = 0.00>
ST_1 : Operation 245 [1/1] (0.00ns)   --->   "%empty_242 = alloca i32 1"   --->   Operation 245 'alloca' 'empty_242' <Predicate = true> <Delay = 0.00>
ST_1 : Operation 246 [1/1] (0.00ns)   --->   "%empty_243 = alloca i32 1"   --->   Operation 246 'alloca' 'empty_243' <Predicate = true> <Delay = 0.00>
ST_1 : Operation 247 [1/1] (0.00ns)   --->   "%empty_244 = alloca i32 1"   --->   Operation 247 'alloca' 'empty_244' <Predicate = true> <Delay = 0.00>
ST_1 : Operation 248 [1/1] (0.00ns)   --->   "%empty_245 = alloca i32 1"   --->   Operation 248 'alloca' 'empty_245' <Predicate = true> <Delay = 0.00>
ST_1 : Operation 249 [1/1] (0.00ns)   --->   "%empty_246 = alloca i32 1"   --->   Operation 249 'alloca' 'empty_246' <Predicate = true> <Delay = 0.00>
ST_1 : Operation 250 [1/1] (0.00ns)   --->   "%empty_247 = alloca i32 1"   --->   Operation 250 'alloca' 'empty_247' <Predicate = true> <Delay = 0.00>
ST_1 : Operation 251 [1/1] (0.00ns)   --->   "%empty_248 = alloca i32 1"   --->   Operation 251 'alloca' 'empty_248' <Predicate = true> <Delay = 0.00>
ST_1 : Operation 252 [1/1] (0.00ns)   --->   "%empty_249 = alloca i32 1"   --->   Operation 252 'alloca' 'empty_249' <Predicate = true> <Delay = 0.00>
ST_1 : Operation 253 [1/1] (0.00ns)   --->   "%empty_250 = alloca i32 1"   --->   Operation 253 'alloca' 'empty_250' <Predicate = true> <Delay = 0.00>
ST_1 : Operation 254 [1/1] (0.00ns)   --->   "%empty_251 = alloca i32 1"   --->   Operation 254 'alloca' 'empty_251' <Predicate = true> <Delay = 0.00>
ST_1 : Operation 255 [1/1] (0.00ns)   --->   "%empty_252 = alloca i32 1"   --->   Operation 255 'alloca' 'empty_252' <Predicate = true> <Delay = 0.00>
ST_1 : Operation 256 [1/1] (0.00ns)   --->   "%empty_253 = alloca i32 1"   --->   Operation 256 'alloca' 'empty_253' <Predicate = true> <Delay = 0.00>
ST_1 : Operation 257 [1/1] (0.00ns)   --->   "%empty_254 = alloca i32 1"   --->   Operation 257 'alloca' 'empty_254' <Predicate = true> <Delay = 0.00>
ST_1 : Operation 258 [1/1] (0.00ns)   --->   "%empty_255 = alloca i32 1"   --->   Operation 258 'alloca' 'empty_255' <Predicate = true> <Delay = 0.00>
ST_1 : Operation 259 [1/1] (0.00ns)   --->   "%empty_256 = alloca i32 1"   --->   Operation 259 'alloca' 'empty_256' <Predicate = true> <Delay = 0.00>
ST_1 : Operation 260 [1/1] (0.00ns)   --->   "%empty_257 = alloca i32 1"   --->   Operation 260 'alloca' 'empty_257' <Predicate = true> <Delay = 0.00>
ST_1 : Operation 261 [1/1] (0.00ns)   --->   "%empty_258 = alloca i32 1"   --->   Operation 261 'alloca' 'empty_258' <Predicate = true> <Delay = 0.00>
ST_1 : Operation 262 [1/1] (0.00ns)   --->   "%empty_259 = alloca i32 1"   --->   Operation 262 'alloca' 'empty_259' <Predicate = true> <Delay = 0.00>
ST_1 : Operation 263 [1/1] (0.00ns)   --->   "%empty_260 = alloca i32 1"   --->   Operation 263 'alloca' 'empty_260' <Predicate = true> <Delay = 0.00>
ST_1 : Operation 264 [1/1] (0.00ns)   --->   "%empty_261 = alloca i32 1"   --->   Operation 264 'alloca' 'empty_261' <Predicate = true> <Delay = 0.00>
ST_1 : Operation 265 [1/1] (0.00ns)   --->   "%empty_262 = alloca i32 1"   --->   Operation 265 'alloca' 'empty_262' <Predicate = true> <Delay = 0.00>
ST_1 : Operation 266 [1/1] (0.00ns)   --->   "%empty_263 = alloca i32 1"   --->   Operation 266 'alloca' 'empty_263' <Predicate = true> <Delay = 0.00>
ST_1 : Operation 267 [1/1] (0.00ns)   --->   "%empty_264 = alloca i32 1"   --->   Operation 267 'alloca' 'empty_264' <Predicate = true> <Delay = 0.00>
ST_1 : Operation 268 [1/1] (0.00ns)   --->   "%empty_265 = alloca i32 1"   --->   Operation 268 'alloca' 'empty_265' <Predicate = true> <Delay = 0.00>
ST_1 : Operation 269 [1/1] (0.00ns)   --->   "%empty_266 = alloca i32 1"   --->   Operation 269 'alloca' 'empty_266' <Predicate = true> <Delay = 0.00>
ST_1 : Operation 270 [1/1] (0.00ns)   --->   "%empty_267 = alloca i32 1"   --->   Operation 270 'alloca' 'empty_267' <Predicate = true> <Delay = 0.00>
ST_1 : Operation 271 [1/1] (0.00ns)   --->   "%empty_268 = alloca i32 1"   --->   Operation 271 'alloca' 'empty_268' <Predicate = true> <Delay = 0.00>
ST_1 : Operation 272 [1/1] (0.00ns)   --->   "%empty_269 = alloca i32 1"   --->   Operation 272 'alloca' 'empty_269' <Predicate = true> <Delay = 0.00>
ST_1 : Operation 273 [1/1] (0.00ns)   --->   "%empty_270 = alloca i32 1"   --->   Operation 273 'alloca' 'empty_270' <Predicate = true> <Delay = 0.00>
ST_1 : Operation 274 [1/1] (0.00ns)   --->   "%empty_271 = alloca i32 1"   --->   Operation 274 'alloca' 'empty_271' <Predicate = true> <Delay = 0.00>
ST_1 : Operation 275 [1/1] (0.00ns)   --->   "%empty_272 = alloca i32 1"   --->   Operation 275 'alloca' 'empty_272' <Predicate = true> <Delay = 0.00>
ST_1 : Operation 276 [1/1] (0.00ns)   --->   "%empty_273 = alloca i32 1"   --->   Operation 276 'alloca' 'empty_273' <Predicate = true> <Delay = 0.00>
ST_1 : Operation 277 [1/1] (0.00ns)   --->   "%empty_274 = alloca i32 1"   --->   Operation 277 'alloca' 'empty_274' <Predicate = true> <Delay = 0.00>
ST_1 : Operation 278 [1/1] (0.00ns)   --->   "%empty_275 = alloca i32 1"   --->   Operation 278 'alloca' 'empty_275' <Predicate = true> <Delay = 0.00>
ST_1 : Operation 279 [1/1] (0.00ns)   --->   "%empty_276 = alloca i32 1"   --->   Operation 279 'alloca' 'empty_276' <Predicate = true> <Delay = 0.00>
ST_1 : Operation 280 [1/1] (0.00ns)   --->   "%empty_277 = alloca i32 1"   --->   Operation 280 'alloca' 'empty_277' <Predicate = true> <Delay = 0.00>
ST_1 : Operation 281 [1/1] (0.00ns)   --->   "%empty_278 = alloca i32 1"   --->   Operation 281 'alloca' 'empty_278' <Predicate = true> <Delay = 0.00>
ST_1 : Operation 282 [1/1] (0.00ns)   --->   "%empty_279 = alloca i32 1"   --->   Operation 282 'alloca' 'empty_279' <Predicate = true> <Delay = 0.00>
ST_1 : Operation 283 [1/1] (0.00ns)   --->   "%empty_280 = alloca i32 1"   --->   Operation 283 'alloca' 'empty_280' <Predicate = true> <Delay = 0.00>
ST_1 : Operation 284 [1/1] (0.00ns)   --->   "%empty_281 = alloca i32 1"   --->   Operation 284 'alloca' 'empty_281' <Predicate = true> <Delay = 0.00>
ST_1 : Operation 285 [1/1] (0.00ns)   --->   "%empty_282 = alloca i32 1"   --->   Operation 285 'alloca' 'empty_282' <Predicate = true> <Delay = 0.00>
ST_1 : Operation 286 [1/1] (0.00ns)   --->   "%empty_283 = alloca i32 1"   --->   Operation 286 'alloca' 'empty_283' <Predicate = true> <Delay = 0.00>
ST_1 : Operation 287 [1/1] (0.00ns)   --->   "%empty_284 = alloca i32 1"   --->   Operation 287 'alloca' 'empty_284' <Predicate = true> <Delay = 0.00>
ST_1 : Operation 288 [1/1] (0.00ns)   --->   "%empty_285 = alloca i32 1"   --->   Operation 288 'alloca' 'empty_285' <Predicate = true> <Delay = 0.00>
ST_1 : Operation 289 [1/1] (0.00ns)   --->   "%empty_286 = alloca i32 1"   --->   Operation 289 'alloca' 'empty_286' <Predicate = true> <Delay = 0.00>
ST_1 : Operation 290 [1/1] (0.00ns)   --->   "%empty_287 = alloca i32 1"   --->   Operation 290 'alloca' 'empty_287' <Predicate = true> <Delay = 0.00>
ST_1 : Operation 291 [1/1] (0.00ns)   --->   "%empty_288 = alloca i32 1"   --->   Operation 291 'alloca' 'empty_288' <Predicate = true> <Delay = 0.00>
ST_1 : Operation 292 [1/1] (0.00ns)   --->   "%empty_289 = alloca i32 1"   --->   Operation 292 'alloca' 'empty_289' <Predicate = true> <Delay = 0.00>
ST_1 : Operation 293 [1/1] (0.00ns)   --->   "%empty_290 = alloca i32 1"   --->   Operation 293 'alloca' 'empty_290' <Predicate = true> <Delay = 0.00>
ST_1 : Operation 294 [1/1] (0.00ns)   --->   "%empty_291 = alloca i32 1"   --->   Operation 294 'alloca' 'empty_291' <Predicate = true> <Delay = 0.00>
ST_1 : Operation 295 [1/1] (0.00ns)   --->   "%empty_292 = alloca i32 1"   --->   Operation 295 'alloca' 'empty_292' <Predicate = true> <Delay = 0.00>
ST_1 : Operation 296 [1/1] (0.00ns)   --->   "%empty_293 = alloca i32 1"   --->   Operation 296 'alloca' 'empty_293' <Predicate = true> <Delay = 0.00>
ST_1 : Operation 297 [1/1] (0.00ns)   --->   "%empty_294 = alloca i32 1"   --->   Operation 297 'alloca' 'empty_294' <Predicate = true> <Delay = 0.00>
ST_1 : Operation 298 [1/1] (0.00ns)   --->   "%empty_295 = alloca i32 1"   --->   Operation 298 'alloca' 'empty_295' <Predicate = true> <Delay = 0.00>
ST_1 : Operation 299 [1/1] (0.00ns)   --->   "%empty_296 = alloca i32 1"   --->   Operation 299 'alloca' 'empty_296' <Predicate = true> <Delay = 0.00>
ST_1 : Operation 300 [1/1] (0.00ns)   --->   "%empty_297 = alloca i32 1"   --->   Operation 300 'alloca' 'empty_297' <Predicate = true> <Delay = 0.00>
ST_1 : Operation 301 [1/1] (0.00ns)   --->   "%empty_298 = alloca i32 1"   --->   Operation 301 'alloca' 'empty_298' <Predicate = true> <Delay = 0.00>
ST_1 : Operation 302 [1/1] (0.00ns)   --->   "%empty_299 = alloca i32 1"   --->   Operation 302 'alloca' 'empty_299' <Predicate = true> <Delay = 0.00>
ST_1 : Operation 303 [1/1] (0.00ns)   --->   "%empty_300 = alloca i32 1"   --->   Operation 303 'alloca' 'empty_300' <Predicate = true> <Delay = 0.00>
ST_1 : Operation 304 [1/1] (0.00ns)   --->   "%empty_301 = alloca i32 1"   --->   Operation 304 'alloca' 'empty_301' <Predicate = true> <Delay = 0.00>
ST_1 : Operation 305 [1/1] (0.00ns)   --->   "%empty_302 = alloca i32 1"   --->   Operation 305 'alloca' 'empty_302' <Predicate = true> <Delay = 0.00>
ST_1 : Operation 306 [1/1] (0.00ns)   --->   "%empty_303 = alloca i32 1"   --->   Operation 306 'alloca' 'empty_303' <Predicate = true> <Delay = 0.00>
ST_1 : Operation 307 [1/1] (0.00ns)   --->   "%empty_304 = alloca i32 1"   --->   Operation 307 'alloca' 'empty_304' <Predicate = true> <Delay = 0.00>
ST_1 : Operation 308 [1/1] (0.00ns)   --->   "%empty_305 = alloca i32 1"   --->   Operation 308 'alloca' 'empty_305' <Predicate = true> <Delay = 0.00>
ST_1 : Operation 309 [1/1] (0.00ns)   --->   "%empty_306 = alloca i32 1"   --->   Operation 309 'alloca' 'empty_306' <Predicate = true> <Delay = 0.00>
ST_1 : Operation 310 [1/1] (0.00ns)   --->   "%empty_307 = alloca i32 1"   --->   Operation 310 'alloca' 'empty_307' <Predicate = true> <Delay = 0.00>
ST_1 : Operation 311 [1/1] (0.00ns)   --->   "%empty_308 = alloca i32 1"   --->   Operation 311 'alloca' 'empty_308' <Predicate = true> <Delay = 0.00>
ST_1 : Operation 312 [1/1] (0.00ns)   --->   "%empty_309 = alloca i32 1"   --->   Operation 312 'alloca' 'empty_309' <Predicate = true> <Delay = 0.00>
ST_1 : Operation 313 [1/1] (0.00ns)   --->   "%empty_310 = alloca i32 1"   --->   Operation 313 'alloca' 'empty_310' <Predicate = true> <Delay = 0.00>
ST_1 : Operation 314 [1/1] (0.00ns)   --->   "%empty_311 = alloca i32 1"   --->   Operation 314 'alloca' 'empty_311' <Predicate = true> <Delay = 0.00>
ST_1 : Operation 315 [1/1] (0.00ns)   --->   "%empty_312 = alloca i32 1"   --->   Operation 315 'alloca' 'empty_312' <Predicate = true> <Delay = 0.00>
ST_1 : Operation 316 [1/1] (0.00ns)   --->   "%empty_313 = alloca i32 1"   --->   Operation 316 'alloca' 'empty_313' <Predicate = true> <Delay = 0.00>
ST_1 : Operation 317 [1/1] (0.00ns)   --->   "%empty_314 = alloca i32 1"   --->   Operation 317 'alloca' 'empty_314' <Predicate = true> <Delay = 0.00>
ST_1 : Operation 318 [1/1] (0.00ns)   --->   "%x_load_read = read i1 @_ssdm_op_Read.ap_auto.i1, i1 %x_load"   --->   Operation 318 'read' 'x_load_read' <Predicate = true> <Delay = 0.00>
ST_1 : Operation 319 [1/1] (0.00ns)   --->   "%x_load_1_read = read i1 @_ssdm_op_Read.ap_auto.i1, i1 %x_load_1"   --->   Operation 319 'read' 'x_load_1_read' <Predicate = true> <Delay = 0.00>
ST_1 : Operation 320 [1/1] (0.00ns)   --->   "%x_load_2_read = read i1 @_ssdm_op_Read.ap_auto.i1, i1 %x_load_2"   --->   Operation 320 'read' 'x_load_2_read' <Predicate = true> <Delay = 0.00>
ST_1 : Operation 321 [1/1] (0.00ns)   --->   "%x_load_3_read = read i1 @_ssdm_op_Read.ap_auto.i1, i1 %x_load_3"   --->   Operation 321 'read' 'x_load_3_read' <Predicate = true> <Delay = 0.00>
ST_1 : Operation 322 [1/1] (0.00ns)   --->   "%x_load_4_read = read i1 @_ssdm_op_Read.ap_auto.i1, i1 %x_load_4"   --->   Operation 322 'read' 'x_load_4_read' <Predicate = true> <Delay = 0.00>
ST_1 : Operation 323 [1/1] (0.00ns)   --->   "%x_load_5_read = read i1 @_ssdm_op_Read.ap_auto.i1, i1 %x_load_5"   --->   Operation 323 'read' 'x_load_5_read' <Predicate = true> <Delay = 0.00>
ST_1 : Operation 324 [1/1] (0.00ns)   --->   "%x_load_6_read = read i1 @_ssdm_op_Read.ap_auto.i1, i1 %x_load_6"   --->   Operation 324 'read' 'x_load_6_read' <Predicate = true> <Delay = 0.00>
ST_1 : Operation 325 [1/1] (0.00ns)   --->   "%x_load_7_read = read i1 @_ssdm_op_Read.ap_auto.i1, i1 %x_load_7"   --->   Operation 325 'read' 'x_load_7_read' <Predicate = true> <Delay = 0.00>
ST_1 : Operation 326 [1/1] (0.00ns)   --->   "%x_load_8_read = read i1 @_ssdm_op_Read.ap_auto.i1, i1 %x_load_8"   --->   Operation 326 'read' 'x_load_8_read' <Predicate = true> <Delay = 0.00>
ST_1 : Operation 327 [1/1] (0.00ns)   --->   "%x_load_9_read = read i1 @_ssdm_op_Read.ap_auto.i1, i1 %x_load_9"   --->   Operation 327 'read' 'x_load_9_read' <Predicate = true> <Delay = 0.00>
ST_1 : Operation 328 [1/1] (0.00ns)   --->   "%x_load_10_read = read i1 @_ssdm_op_Read.ap_auto.i1, i1 %x_load_10"   --->   Operation 328 'read' 'x_load_10_read' <Predicate = true> <Delay = 0.00>
ST_1 : Operation 329 [1/1] (0.00ns)   --->   "%x_load_11_read = read i1 @_ssdm_op_Read.ap_auto.i1, i1 %x_load_11"   --->   Operation 329 'read' 'x_load_11_read' <Predicate = true> <Delay = 0.00>
ST_1 : Operation 330 [1/1] (0.00ns)   --->   "%x_load_12_read = read i1 @_ssdm_op_Read.ap_auto.i1, i1 %x_load_12"   --->   Operation 330 'read' 'x_load_12_read' <Predicate = true> <Delay = 0.00>
ST_1 : Operation 331 [1/1] (0.00ns)   --->   "%x_load_13_read = read i1 @_ssdm_op_Read.ap_auto.i1, i1 %x_load_13"   --->   Operation 331 'read' 'x_load_13_read' <Predicate = true> <Delay = 0.00>
ST_1 : Operation 332 [1/1] (0.00ns)   --->   "%x_load_14_read = read i1 @_ssdm_op_Read.ap_auto.i1, i1 %x_load_14"   --->   Operation 332 'read' 'x_load_14_read' <Predicate = true> <Delay = 0.00>
ST_1 : Operation 333 [1/1] (0.00ns)   --->   "%x_load_15_read = read i1 @_ssdm_op_Read.ap_auto.i1, i1 %x_load_15"   --->   Operation 333 'read' 'x_load_15_read' <Predicate = true> <Delay = 0.00>
ST_1 : Operation 334 [1/1] (0.00ns)   --->   "%x_load_16_read = read i1 @_ssdm_op_Read.ap_auto.i1, i1 %x_load_16"   --->   Operation 334 'read' 'x_load_16_read' <Predicate = true> <Delay = 0.00>
ST_1 : Operation 335 [1/1] (0.00ns)   --->   "%x_load_17_read = read i1 @_ssdm_op_Read.ap_auto.i1, i1 %x_load_17"   --->   Operation 335 'read' 'x_load_17_read' <Predicate = true> <Delay = 0.00>
ST_1 : Operation 336 [1/1] (0.00ns)   --->   "%x_load_18_read = read i1 @_ssdm_op_Read.ap_auto.i1, i1 %x_load_18"   --->   Operation 336 'read' 'x_load_18_read' <Predicate = true> <Delay = 0.00>
ST_1 : Operation 337 [1/1] (0.00ns)   --->   "%x_load_19_read = read i1 @_ssdm_op_Read.ap_auto.i1, i1 %x_load_19"   --->   Operation 337 'read' 'x_load_19_read' <Predicate = true> <Delay = 0.00>
ST_1 : Operation 338 [1/1] (0.00ns)   --->   "%x_load_20_read = read i1 @_ssdm_op_Read.ap_auto.i1, i1 %x_load_20"   --->   Operation 338 'read' 'x_load_20_read' <Predicate = true> <Delay = 0.00>
ST_1 : Operation 339 [1/1] (0.00ns)   --->   "%x_load_21_read = read i1 @_ssdm_op_Read.ap_auto.i1, i1 %x_load_21"   --->   Operation 339 'read' 'x_load_21_read' <Predicate = true> <Delay = 0.00>
ST_1 : Operation 340 [1/1] (0.00ns)   --->   "%x_load_22_read = read i1 @_ssdm_op_Read.ap_auto.i1, i1 %x_load_22"   --->   Operation 340 'read' 'x_load_22_read' <Predicate = true> <Delay = 0.00>
ST_1 : Operation 341 [1/1] (0.00ns)   --->   "%x_load_23_read = read i1 @_ssdm_op_Read.ap_auto.i1, i1 %x_load_23"   --->   Operation 341 'read' 'x_load_23_read' <Predicate = true> <Delay = 0.00>
ST_1 : Operation 342 [1/1] (0.00ns)   --->   "%x_load_24_read = read i1 @_ssdm_op_Read.ap_auto.i1, i1 %x_load_24"   --->   Operation 342 'read' 'x_load_24_read' <Predicate = true> <Delay = 0.00>
ST_1 : Operation 343 [1/1] (0.00ns)   --->   "%x_load_25_read = read i1 @_ssdm_op_Read.ap_auto.i1, i1 %x_load_25"   --->   Operation 343 'read' 'x_load_25_read' <Predicate = true> <Delay = 0.00>
ST_1 : Operation 344 [1/1] (0.00ns)   --->   "%x_load_26_read = read i1 @_ssdm_op_Read.ap_auto.i1, i1 %x_load_26"   --->   Operation 344 'read' 'x_load_26_read' <Predicate = true> <Delay = 0.00>
ST_1 : Operation 345 [1/1] (0.00ns)   --->   "%x_load_27_read = read i1 @_ssdm_op_Read.ap_auto.i1, i1 %x_load_27"   --->   Operation 345 'read' 'x_load_27_read' <Predicate = true> <Delay = 0.00>
ST_1 : Operation 346 [1/1] (0.00ns)   --->   "%x_load_28_read = read i1 @_ssdm_op_Read.ap_auto.i1, i1 %x_load_28"   --->   Operation 346 'read' 'x_load_28_read' <Predicate = true> <Delay = 0.00>
ST_1 : Operation 347 [1/1] (0.00ns)   --->   "%x_load_29_read = read i1 @_ssdm_op_Read.ap_auto.i1, i1 %x_load_29"   --->   Operation 347 'read' 'x_load_29_read' <Predicate = true> <Delay = 0.00>
ST_1 : Operation 348 [1/1] (0.00ns)   --->   "%x_load_30_read = read i1 @_ssdm_op_Read.ap_auto.i1, i1 %x_load_30"   --->   Operation 348 'read' 'x_load_30_read' <Predicate = true> <Delay = 0.00>
ST_1 : Operation 349 [1/1] (0.00ns)   --->   "%x_load_31_read = read i1 @_ssdm_op_Read.ap_auto.i1, i1 %x_load_31"   --->   Operation 349 'read' 'x_load_31_read' <Predicate = true> <Delay = 0.00>
ST_1 : Operation 350 [1/1] (0.00ns)   --->   "%x_load_32_read = read i1 @_ssdm_op_Read.ap_auto.i1, i1 %x_load_32"   --->   Operation 350 'read' 'x_load_32_read' <Predicate = true> <Delay = 0.00>
ST_1 : Operation 351 [1/1] (0.00ns)   --->   "%x_load_33_read = read i1 @_ssdm_op_Read.ap_auto.i1, i1 %x_load_33"   --->   Operation 351 'read' 'x_load_33_read' <Predicate = true> <Delay = 0.00>
ST_1 : Operation 352 [1/1] (0.00ns)   --->   "%x_load_34_read = read i1 @_ssdm_op_Read.ap_auto.i1, i1 %x_load_34"   --->   Operation 352 'read' 'x_load_34_read' <Predicate = true> <Delay = 0.00>
ST_1 : Operation 353 [1/1] (0.00ns)   --->   "%x_load_35_read = read i1 @_ssdm_op_Read.ap_auto.i1, i1 %x_load_35"   --->   Operation 353 'read' 'x_load_35_read' <Predicate = true> <Delay = 0.00>
ST_1 : Operation 354 [1/1] (0.00ns)   --->   "%x_load_36_read = read i1 @_ssdm_op_Read.ap_auto.i1, i1 %x_load_36"   --->   Operation 354 'read' 'x_load_36_read' <Predicate = true> <Delay = 0.00>
ST_1 : Operation 355 [1/1] (0.00ns)   --->   "%x_load_37_read = read i1 @_ssdm_op_Read.ap_auto.i1, i1 %x_load_37"   --->   Operation 355 'read' 'x_load_37_read' <Predicate = true> <Delay = 0.00>
ST_1 : Operation 356 [1/1] (0.00ns)   --->   "%x_load_38_read = read i1 @_ssdm_op_Read.ap_auto.i1, i1 %x_load_38"   --->   Operation 356 'read' 'x_load_38_read' <Predicate = true> <Delay = 0.00>
ST_1 : Operation 357 [1/1] (0.00ns)   --->   "%x_load_39_read = read i1 @_ssdm_op_Read.ap_auto.i1, i1 %x_load_39"   --->   Operation 357 'read' 'x_load_39_read' <Predicate = true> <Delay = 0.00>
ST_1 : Operation 358 [1/1] (0.00ns)   --->   "%x_load_40_read = read i1 @_ssdm_op_Read.ap_auto.i1, i1 %x_load_40"   --->   Operation 358 'read' 'x_load_40_read' <Predicate = true> <Delay = 0.00>
ST_1 : Operation 359 [1/1] (0.00ns)   --->   "%x_load_41_read = read i1 @_ssdm_op_Read.ap_auto.i1, i1 %x_load_41"   --->   Operation 359 'read' 'x_load_41_read' <Predicate = true> <Delay = 0.00>
ST_1 : Operation 360 [1/1] (0.00ns)   --->   "%x_load_42_read = read i1 @_ssdm_op_Read.ap_auto.i1, i1 %x_load_42"   --->   Operation 360 'read' 'x_load_42_read' <Predicate = true> <Delay = 0.00>
ST_1 : Operation 361 [1/1] (0.00ns)   --->   "%x_load_43_read = read i1 @_ssdm_op_Read.ap_auto.i1, i1 %x_load_43"   --->   Operation 361 'read' 'x_load_43_read' <Predicate = true> <Delay = 0.00>
ST_1 : Operation 362 [1/1] (0.00ns)   --->   "%x_load_44_read = read i1 @_ssdm_op_Read.ap_auto.i1, i1 %x_load_44"   --->   Operation 362 'read' 'x_load_44_read' <Predicate = true> <Delay = 0.00>
ST_1 : Operation 363 [1/1] (0.00ns)   --->   "%x_load_45_read = read i1 @_ssdm_op_Read.ap_auto.i1, i1 %x_load_45"   --->   Operation 363 'read' 'x_load_45_read' <Predicate = true> <Delay = 0.00>
ST_1 : Operation 364 [1/1] (0.00ns)   --->   "%x_load_46_read = read i1 @_ssdm_op_Read.ap_auto.i1, i1 %x_load_46"   --->   Operation 364 'read' 'x_load_46_read' <Predicate = true> <Delay = 0.00>
ST_1 : Operation 365 [1/1] (0.00ns)   --->   "%x_load_47_read = read i1 @_ssdm_op_Read.ap_auto.i1, i1 %x_load_47"   --->   Operation 365 'read' 'x_load_47_read' <Predicate = true> <Delay = 0.00>
ST_1 : Operation 366 [1/1] (0.00ns)   --->   "%x_load_48_read = read i1 @_ssdm_op_Read.ap_auto.i1, i1 %x_load_48"   --->   Operation 366 'read' 'x_load_48_read' <Predicate = true> <Delay = 0.00>
ST_1 : Operation 367 [1/1] (0.00ns)   --->   "%x_load_49_read = read i1 @_ssdm_op_Read.ap_auto.i1, i1 %x_load_49"   --->   Operation 367 'read' 'x_load_49_read' <Predicate = true> <Delay = 0.00>
ST_1 : Operation 368 [1/1] (0.00ns)   --->   "%x_load_50_read = read i1 @_ssdm_op_Read.ap_auto.i1, i1 %x_load_50"   --->   Operation 368 'read' 'x_load_50_read' <Predicate = true> <Delay = 0.00>
ST_1 : Operation 369 [1/1] (0.00ns)   --->   "%x_load_51_read = read i1 @_ssdm_op_Read.ap_auto.i1, i1 %x_load_51"   --->   Operation 369 'read' 'x_load_51_read' <Predicate = true> <Delay = 0.00>
ST_1 : Operation 370 [1/1] (0.00ns)   --->   "%x_load_52_read = read i1 @_ssdm_op_Read.ap_auto.i1, i1 %x_load_52"   --->   Operation 370 'read' 'x_load_52_read' <Predicate = true> <Delay = 0.00>
ST_1 : Operation 371 [1/1] (0.00ns)   --->   "%x_load_53_read = read i1 @_ssdm_op_Read.ap_auto.i1, i1 %x_load_53"   --->   Operation 371 'read' 'x_load_53_read' <Predicate = true> <Delay = 0.00>
ST_1 : Operation 372 [1/1] (0.00ns)   --->   "%x_load_54_read = read i1 @_ssdm_op_Read.ap_auto.i1, i1 %x_load_54"   --->   Operation 372 'read' 'x_load_54_read' <Predicate = true> <Delay = 0.00>
ST_1 : Operation 373 [1/1] (0.00ns)   --->   "%x_load_55_read = read i1 @_ssdm_op_Read.ap_auto.i1, i1 %x_load_55"   --->   Operation 373 'read' 'x_load_55_read' <Predicate = true> <Delay = 0.00>
ST_1 : Operation 374 [1/1] (0.00ns)   --->   "%x_load_56_read = read i1 @_ssdm_op_Read.ap_auto.i1, i1 %x_load_56"   --->   Operation 374 'read' 'x_load_56_read' <Predicate = true> <Delay = 0.00>
ST_1 : Operation 375 [1/1] (0.00ns)   --->   "%x_load_57_read = read i1 @_ssdm_op_Read.ap_auto.i1, i1 %x_load_57"   --->   Operation 375 'read' 'x_load_57_read' <Predicate = true> <Delay = 0.00>
ST_1 : Operation 376 [1/1] (0.00ns)   --->   "%x_load_58_read = read i1 @_ssdm_op_Read.ap_auto.i1, i1 %x_load_58"   --->   Operation 376 'read' 'x_load_58_read' <Predicate = true> <Delay = 0.00>
ST_1 : Operation 377 [1/1] (0.00ns)   --->   "%x_load_59_read = read i1 @_ssdm_op_Read.ap_auto.i1, i1 %x_load_59"   --->   Operation 377 'read' 'x_load_59_read' <Predicate = true> <Delay = 0.00>
ST_1 : Operation 378 [1/1] (0.00ns)   --->   "%x_load_60_read = read i1 @_ssdm_op_Read.ap_auto.i1, i1 %x_load_60"   --->   Operation 378 'read' 'x_load_60_read' <Predicate = true> <Delay = 0.00>
ST_1 : Operation 379 [1/1] (0.00ns)   --->   "%x_load_61_read = read i1 @_ssdm_op_Read.ap_auto.i1, i1 %x_load_61"   --->   Operation 379 'read' 'x_load_61_read' <Predicate = true> <Delay = 0.00>
ST_1 : Operation 380 [1/1] (0.00ns)   --->   "%x_load_62_read = read i1 @_ssdm_op_Read.ap_auto.i1, i1 %x_load_62"   --->   Operation 380 'read' 'x_load_62_read' <Predicate = true> <Delay = 0.00>
ST_1 : Operation 381 [1/1] (0.00ns)   --->   "%x_load_63_read = read i1 @_ssdm_op_Read.ap_auto.i1, i1 %x_load_63"   --->   Operation 381 'read' 'x_load_63_read' <Predicate = true> <Delay = 0.00>
ST_1 : Operation 382 [1/1] (0.00ns)   --->   "%x_load_64_read = read i1 @_ssdm_op_Read.ap_auto.i1, i1 %x_load_64"   --->   Operation 382 'read' 'x_load_64_read' <Predicate = true> <Delay = 0.00>
ST_1 : Operation 383 [1/1] (0.00ns)   --->   "%x_load_65_read = read i1 @_ssdm_op_Read.ap_auto.i1, i1 %x_load_65"   --->   Operation 383 'read' 'x_load_65_read' <Predicate = true> <Delay = 0.00>
ST_1 : Operation 384 [1/1] (0.00ns)   --->   "%x_load_66_read = read i1 @_ssdm_op_Read.ap_auto.i1, i1 %x_load_66"   --->   Operation 384 'read' 'x_load_66_read' <Predicate = true> <Delay = 0.00>
ST_1 : Operation 385 [1/1] (0.00ns)   --->   "%x_load_67_read = read i1 @_ssdm_op_Read.ap_auto.i1, i1 %x_load_67"   --->   Operation 385 'read' 'x_load_67_read' <Predicate = true> <Delay = 0.00>
ST_1 : Operation 386 [1/1] (0.00ns)   --->   "%x_load_68_read = read i1 @_ssdm_op_Read.ap_auto.i1, i1 %x_load_68"   --->   Operation 386 'read' 'x_load_68_read' <Predicate = true> <Delay = 0.00>
ST_1 : Operation 387 [1/1] (0.00ns)   --->   "%x_load_69_read = read i1 @_ssdm_op_Read.ap_auto.i1, i1 %x_load_69"   --->   Operation 387 'read' 'x_load_69_read' <Predicate = true> <Delay = 0.00>
ST_1 : Operation 388 [1/1] (0.00ns)   --->   "%x_load_70_read = read i1 @_ssdm_op_Read.ap_auto.i1, i1 %x_load_70"   --->   Operation 388 'read' 'x_load_70_read' <Predicate = true> <Delay = 0.00>
ST_1 : Operation 389 [1/1] (0.00ns)   --->   "%x_load_71_read = read i1 @_ssdm_op_Read.ap_auto.i1, i1 %x_load_71"   --->   Operation 389 'read' 'x_load_71_read' <Predicate = true> <Delay = 0.00>
ST_1 : Operation 390 [1/1] (0.00ns)   --->   "%x_load_72_read = read i1 @_ssdm_op_Read.ap_auto.i1, i1 %x_load_72"   --->   Operation 390 'read' 'x_load_72_read' <Predicate = true> <Delay = 0.00>
ST_1 : Operation 391 [1/1] (0.00ns)   --->   "%x_load_73_read = read i1 @_ssdm_op_Read.ap_auto.i1, i1 %x_load_73"   --->   Operation 391 'read' 'x_load_73_read' <Predicate = true> <Delay = 0.00>
ST_1 : Operation 392 [1/1] (0.00ns)   --->   "%x_load_74_read = read i1 @_ssdm_op_Read.ap_auto.i1, i1 %x_load_74"   --->   Operation 392 'read' 'x_load_74_read' <Predicate = true> <Delay = 0.00>
ST_1 : Operation 393 [1/1] (0.00ns)   --->   "%x_load_75_read = read i1 @_ssdm_op_Read.ap_auto.i1, i1 %x_load_75"   --->   Operation 393 'read' 'x_load_75_read' <Predicate = true> <Delay = 0.00>
ST_1 : Operation 394 [1/1] (0.00ns)   --->   "%x_load_76_read = read i1 @_ssdm_op_Read.ap_auto.i1, i1 %x_load_76"   --->   Operation 394 'read' 'x_load_76_read' <Predicate = true> <Delay = 0.00>
ST_1 : Operation 395 [1/1] (0.00ns)   --->   "%x_load_77_read = read i1 @_ssdm_op_Read.ap_auto.i1, i1 %x_load_77"   --->   Operation 395 'read' 'x_load_77_read' <Predicate = true> <Delay = 0.00>
ST_1 : Operation 396 [1/1] (0.00ns)   --->   "%x_load_78_read = read i1 @_ssdm_op_Read.ap_auto.i1, i1 %x_load_78"   --->   Operation 396 'read' 'x_load_78_read' <Predicate = true> <Delay = 0.00>
ST_1 : Operation 397 [1/1] (0.00ns)   --->   "%x_load_79_read = read i1 @_ssdm_op_Read.ap_auto.i1, i1 %x_load_79"   --->   Operation 397 'read' 'x_load_79_read' <Predicate = true> <Delay = 0.00>
ST_1 : Operation 398 [1/1] (0.00ns)   --->   "%x_load_80_read = read i1 @_ssdm_op_Read.ap_auto.i1, i1 %x_load_80"   --->   Operation 398 'read' 'x_load_80_read' <Predicate = true> <Delay = 0.00>
ST_1 : Operation 399 [1/1] (0.00ns)   --->   "%x_load_81_read = read i1 @_ssdm_op_Read.ap_auto.i1, i1 %x_load_81"   --->   Operation 399 'read' 'x_load_81_read' <Predicate = true> <Delay = 0.00>
ST_1 : Operation 400 [1/1] (0.00ns)   --->   "%x_load_82_read = read i1 @_ssdm_op_Read.ap_auto.i1, i1 %x_load_82"   --->   Operation 400 'read' 'x_load_82_read' <Predicate = true> <Delay = 0.00>
ST_1 : Operation 401 [1/1] (0.00ns)   --->   "%x_load_83_read = read i1 @_ssdm_op_Read.ap_auto.i1, i1 %x_load_83"   --->   Operation 401 'read' 'x_load_83_read' <Predicate = true> <Delay = 0.00>
ST_1 : Operation 402 [1/1] (0.00ns)   --->   "%x_load_84_read = read i1 @_ssdm_op_Read.ap_auto.i1, i1 %x_load_84"   --->   Operation 402 'read' 'x_load_84_read' <Predicate = true> <Delay = 0.00>
ST_1 : Operation 403 [1/1] (0.00ns)   --->   "%x_load_85_read = read i1 @_ssdm_op_Read.ap_auto.i1, i1 %x_load_85"   --->   Operation 403 'read' 'x_load_85_read' <Predicate = true> <Delay = 0.00>
ST_1 : Operation 404 [1/1] (0.00ns)   --->   "%x_load_86_read = read i1 @_ssdm_op_Read.ap_auto.i1, i1 %x_load_86"   --->   Operation 404 'read' 'x_load_86_read' <Predicate = true> <Delay = 0.00>
ST_1 : Operation 405 [1/1] (0.00ns)   --->   "%x_load_87_read = read i1 @_ssdm_op_Read.ap_auto.i1, i1 %x_load_87"   --->   Operation 405 'read' 'x_load_87_read' <Predicate = true> <Delay = 0.00>
ST_1 : Operation 406 [1/1] (0.00ns)   --->   "%x_load_88_read = read i1 @_ssdm_op_Read.ap_auto.i1, i1 %x_load_88"   --->   Operation 406 'read' 'x_load_88_read' <Predicate = true> <Delay = 0.00>
ST_1 : Operation 407 [1/1] (0.00ns)   --->   "%x_load_89_read = read i1 @_ssdm_op_Read.ap_auto.i1, i1 %x_load_89"   --->   Operation 407 'read' 'x_load_89_read' <Predicate = true> <Delay = 0.00>
ST_1 : Operation 408 [1/1] (0.00ns)   --->   "%x_load_90_read = read i1 @_ssdm_op_Read.ap_auto.i1, i1 %x_load_90"   --->   Operation 408 'read' 'x_load_90_read' <Predicate = true> <Delay = 0.00>
ST_1 : Operation 409 [1/1] (0.00ns)   --->   "%x_load_91_read = read i1 @_ssdm_op_Read.ap_auto.i1, i1 %x_load_91"   --->   Operation 409 'read' 'x_load_91_read' <Predicate = true> <Delay = 0.00>
ST_1 : Operation 410 [1/1] (0.00ns)   --->   "%x_load_92_read = read i1 @_ssdm_op_Read.ap_auto.i1, i1 %x_load_92"   --->   Operation 410 'read' 'x_load_92_read' <Predicate = true> <Delay = 0.00>
ST_1 : Operation 411 [1/1] (0.00ns)   --->   "%x_load_93_read = read i1 @_ssdm_op_Read.ap_auto.i1, i1 %x_load_93"   --->   Operation 411 'read' 'x_load_93_read' <Predicate = true> <Delay = 0.00>
ST_1 : Operation 412 [1/1] (0.00ns)   --->   "%x_load_94_read = read i1 @_ssdm_op_Read.ap_auto.i1, i1 %x_load_94"   --->   Operation 412 'read' 'x_load_94_read' <Predicate = true> <Delay = 0.00>
ST_1 : Operation 413 [1/1] (0.00ns)   --->   "%x_load_95_read = read i1 @_ssdm_op_Read.ap_auto.i1, i1 %x_load_95"   --->   Operation 413 'read' 'x_load_95_read' <Predicate = true> <Delay = 0.00>
ST_1 : Operation 414 [1/1] (0.00ns)   --->   "%x_load_96_read = read i1 @_ssdm_op_Read.ap_auto.i1, i1 %x_load_96"   --->   Operation 414 'read' 'x_load_96_read' <Predicate = true> <Delay = 0.00>
ST_1 : Operation 415 [1/1] (0.00ns)   --->   "%x_load_97_read = read i1 @_ssdm_op_Read.ap_auto.i1, i1 %x_load_97"   --->   Operation 415 'read' 'x_load_97_read' <Predicate = true> <Delay = 0.00>
ST_1 : Operation 416 [1/1] (0.00ns)   --->   "%x_load_98_read = read i1 @_ssdm_op_Read.ap_auto.i1, i1 %x_load_98"   --->   Operation 416 'read' 'x_load_98_read' <Predicate = true> <Delay = 0.00>
ST_1 : Operation 417 [1/1] (0.00ns)   --->   "%x_load_99_read = read i1 @_ssdm_op_Read.ap_auto.i1, i1 %x_load_99"   --->   Operation 417 'read' 'x_load_99_read' <Predicate = true> <Delay = 0.00>
ST_1 : Operation 418 [1/1] (0.00ns)   --->   "%x_load_100_read = read i1 @_ssdm_op_Read.ap_auto.i1, i1 %x_load_100"   --->   Operation 418 'read' 'x_load_100_read' <Predicate = true> <Delay = 0.00>
ST_1 : Operation 419 [1/1] (0.00ns)   --->   "%x_load_101_read = read i1 @_ssdm_op_Read.ap_auto.i1, i1 %x_load_101"   --->   Operation 419 'read' 'x_load_101_read' <Predicate = true> <Delay = 0.00>
ST_1 : Operation 420 [1/1] (0.00ns)   --->   "%x_load_102_read = read i1 @_ssdm_op_Read.ap_auto.i1, i1 %x_load_102"   --->   Operation 420 'read' 'x_load_102_read' <Predicate = true> <Delay = 0.00>
ST_1 : Operation 421 [1/1] (0.00ns)   --->   "%x_load_103_read = read i1 @_ssdm_op_Read.ap_auto.i1, i1 %x_load_103"   --->   Operation 421 'read' 'x_load_103_read' <Predicate = true> <Delay = 0.00>
ST_1 : Operation 422 [1/1] (0.00ns)   --->   "%x_load_104_read = read i1 @_ssdm_op_Read.ap_auto.i1, i1 %x_load_104"   --->   Operation 422 'read' 'x_load_104_read' <Predicate = true> <Delay = 0.00>
ST_1 : Operation 423 [1/1] (0.00ns)   --->   "%x_load_105_read = read i1 @_ssdm_op_Read.ap_auto.i1, i1 %x_load_105"   --->   Operation 423 'read' 'x_load_105_read' <Predicate = true> <Delay = 0.00>
ST_1 : Operation 424 [1/1] (0.00ns)   --->   "%x_load_106_read = read i1 @_ssdm_op_Read.ap_auto.i1, i1 %x_load_106"   --->   Operation 424 'read' 'x_load_106_read' <Predicate = true> <Delay = 0.00>
ST_1 : Operation 425 [1/1] (0.00ns)   --->   "%x_load_107_read = read i1 @_ssdm_op_Read.ap_auto.i1, i1 %x_load_107"   --->   Operation 425 'read' 'x_load_107_read' <Predicate = true> <Delay = 0.00>
ST_1 : Operation 426 [1/1] (0.00ns)   --->   "%x_load_108_read = read i1 @_ssdm_op_Read.ap_auto.i1, i1 %x_load_108"   --->   Operation 426 'read' 'x_load_108_read' <Predicate = true> <Delay = 0.00>
ST_1 : Operation 427 [1/1] (0.00ns)   --->   "%x_load_109_read = read i1 @_ssdm_op_Read.ap_auto.i1, i1 %x_load_109"   --->   Operation 427 'read' 'x_load_109_read' <Predicate = true> <Delay = 0.00>
ST_1 : Operation 428 [1/1] (0.00ns)   --->   "%x_load_110_read = read i1 @_ssdm_op_Read.ap_auto.i1, i1 %x_load_110"   --->   Operation 428 'read' 'x_load_110_read' <Predicate = true> <Delay = 0.00>
ST_1 : Operation 429 [1/1] (0.00ns)   --->   "%x_load_111_read = read i1 @_ssdm_op_Read.ap_auto.i1, i1 %x_load_111"   --->   Operation 429 'read' 'x_load_111_read' <Predicate = true> <Delay = 0.00>
ST_1 : Operation 430 [1/1] (0.00ns)   --->   "%x_load_112_read = read i1 @_ssdm_op_Read.ap_auto.i1, i1 %x_load_112"   --->   Operation 430 'read' 'x_load_112_read' <Predicate = true> <Delay = 0.00>
ST_1 : Operation 431 [1/1] (0.00ns)   --->   "%x_load_113_read = read i1 @_ssdm_op_Read.ap_auto.i1, i1 %x_load_113"   --->   Operation 431 'read' 'x_load_113_read' <Predicate = true> <Delay = 0.00>
ST_1 : Operation 432 [1/1] (0.00ns)   --->   "%x_load_114_read = read i1 @_ssdm_op_Read.ap_auto.i1, i1 %x_load_114"   --->   Operation 432 'read' 'x_load_114_read' <Predicate = true> <Delay = 0.00>
ST_1 : Operation 433 [1/1] (0.00ns)   --->   "%x_load_115_read = read i1 @_ssdm_op_Read.ap_auto.i1, i1 %x_load_115"   --->   Operation 433 'read' 'x_load_115_read' <Predicate = true> <Delay = 0.00>
ST_1 : Operation 434 [1/1] (0.00ns)   --->   "%x_load_116_read = read i1 @_ssdm_op_Read.ap_auto.i1, i1 %x_load_116"   --->   Operation 434 'read' 'x_load_116_read' <Predicate = true> <Delay = 0.00>
ST_1 : Operation 435 [1/1] (0.00ns)   --->   "%x_load_117_read = read i1 @_ssdm_op_Read.ap_auto.i1, i1 %x_load_117"   --->   Operation 435 'read' 'x_load_117_read' <Predicate = true> <Delay = 0.00>
ST_1 : Operation 436 [1/1] (0.00ns)   --->   "%x_load_118_read = read i1 @_ssdm_op_Read.ap_auto.i1, i1 %x_load_118"   --->   Operation 436 'read' 'x_load_118_read' <Predicate = true> <Delay = 0.00>
ST_1 : Operation 437 [1/1] (0.00ns)   --->   "%x_load_119_read = read i1 @_ssdm_op_Read.ap_auto.i1, i1 %x_load_119"   --->   Operation 437 'read' 'x_load_119_read' <Predicate = true> <Delay = 0.00>
ST_1 : Operation 438 [1/1] (0.00ns)   --->   "%x_load_120_read = read i1 @_ssdm_op_Read.ap_auto.i1, i1 %x_load_120"   --->   Operation 438 'read' 'x_load_120_read' <Predicate = true> <Delay = 0.00>
ST_1 : Operation 439 [1/1] (0.00ns)   --->   "%x_load_121_read = read i1 @_ssdm_op_Read.ap_auto.i1, i1 %x_load_121"   --->   Operation 439 'read' 'x_load_121_read' <Predicate = true> <Delay = 0.00>
ST_1 : Operation 440 [1/1] (0.00ns)   --->   "%x_load_122_read = read i1 @_ssdm_op_Read.ap_auto.i1, i1 %x_load_122"   --->   Operation 440 'read' 'x_load_122_read' <Predicate = true> <Delay = 0.00>
ST_1 : Operation 441 [1/1] (0.00ns)   --->   "%x_load_123_read = read i1 @_ssdm_op_Read.ap_auto.i1, i1 %x_load_123"   --->   Operation 441 'read' 'x_load_123_read' <Predicate = true> <Delay = 0.00>
ST_1 : Operation 442 [1/1] (0.00ns)   --->   "%x_load_124_read = read i1 @_ssdm_op_Read.ap_auto.i1, i1 %x_load_124"   --->   Operation 442 'read' 'x_load_124_read' <Predicate = true> <Delay = 0.00>
ST_1 : Operation 443 [1/1] (0.00ns)   --->   "%x_load_125_read = read i1 @_ssdm_op_Read.ap_auto.i1, i1 %x_load_125"   --->   Operation 443 'read' 'x_load_125_read' <Predicate = true> <Delay = 0.00>
ST_1 : Operation 444 [1/1] (0.00ns)   --->   "%x_load_126_read = read i1 @_ssdm_op_Read.ap_auto.i1, i1 %x_load_126"   --->   Operation 444 'read' 'x_load_126_read' <Predicate = true> <Delay = 0.00>
ST_1 : Operation 445 [1/1] (0.00ns)   --->   "%x_load_127_read = read i1 @_ssdm_op_Read.ap_auto.i1, i1 %x_load_127"   --->   Operation 445 'read' 'x_load_127_read' <Predicate = true> <Delay = 0.00>
ST_1 : Operation 446 [1/1] (0.00ns)   --->   "%x_load_128_read = read i1 @_ssdm_op_Read.ap_auto.i1, i1 %x_load_128"   --->   Operation 446 'read' 'x_load_128_read' <Predicate = true> <Delay = 0.00>
ST_1 : Operation 447 [1/1] (0.00ns)   --->   "%x_load_129_read = read i1 @_ssdm_op_Read.ap_auto.i1, i1 %x_load_129"   --->   Operation 447 'read' 'x_load_129_read' <Predicate = true> <Delay = 0.00>
ST_1 : Operation 448 [1/1] (0.00ns)   --->   "%x_load_130_read = read i1 @_ssdm_op_Read.ap_auto.i1, i1 %x_load_130"   --->   Operation 448 'read' 'x_load_130_read' <Predicate = true> <Delay = 0.00>
ST_1 : Operation 449 [1/1] (0.00ns)   --->   "%x_load_131_read = read i1 @_ssdm_op_Read.ap_auto.i1, i1 %x_load_131"   --->   Operation 449 'read' 'x_load_131_read' <Predicate = true> <Delay = 0.00>
ST_1 : Operation 450 [1/1] (0.00ns)   --->   "%x_load_132_read = read i1 @_ssdm_op_Read.ap_auto.i1, i1 %x_load_132"   --->   Operation 450 'read' 'x_load_132_read' <Predicate = true> <Delay = 0.00>
ST_1 : Operation 451 [1/1] (0.00ns)   --->   "%x_load_133_read = read i1 @_ssdm_op_Read.ap_auto.i1, i1 %x_load_133"   --->   Operation 451 'read' 'x_load_133_read' <Predicate = true> <Delay = 0.00>
ST_1 : Operation 452 [1/1] (0.00ns)   --->   "%x_load_134_read = read i1 @_ssdm_op_Read.ap_auto.i1, i1 %x_load_134"   --->   Operation 452 'read' 'x_load_134_read' <Predicate = true> <Delay = 0.00>
ST_1 : Operation 453 [1/1] (0.00ns)   --->   "%x_load_135_read = read i1 @_ssdm_op_Read.ap_auto.i1, i1 %x_load_135"   --->   Operation 453 'read' 'x_load_135_read' <Predicate = true> <Delay = 0.00>
ST_1 : Operation 454 [1/1] (0.00ns)   --->   "%x_load_136_read = read i1 @_ssdm_op_Read.ap_auto.i1, i1 %x_load_136"   --->   Operation 454 'read' 'x_load_136_read' <Predicate = true> <Delay = 0.00>
ST_1 : Operation 455 [1/1] (0.00ns)   --->   "%x_load_137_read = read i1 @_ssdm_op_Read.ap_auto.i1, i1 %x_load_137"   --->   Operation 455 'read' 'x_load_137_read' <Predicate = true> <Delay = 0.00>
ST_1 : Operation 456 [1/1] (0.00ns)   --->   "%x_load_138_read = read i1 @_ssdm_op_Read.ap_auto.i1, i1 %x_load_138"   --->   Operation 456 'read' 'x_load_138_read' <Predicate = true> <Delay = 0.00>
ST_1 : Operation 457 [1/1] (0.00ns)   --->   "%x_load_139_read = read i1 @_ssdm_op_Read.ap_auto.i1, i1 %x_load_139"   --->   Operation 457 'read' 'x_load_139_read' <Predicate = true> <Delay = 0.00>
ST_1 : Operation 458 [1/1] (0.00ns)   --->   "%x_load_140_read = read i1 @_ssdm_op_Read.ap_auto.i1, i1 %x_load_140"   --->   Operation 458 'read' 'x_load_140_read' <Predicate = true> <Delay = 0.00>
ST_1 : Operation 459 [1/1] (0.00ns)   --->   "%x_load_141_read = read i1 @_ssdm_op_Read.ap_auto.i1, i1 %x_load_141"   --->   Operation 459 'read' 'x_load_141_read' <Predicate = true> <Delay = 0.00>
ST_1 : Operation 460 [1/1] (0.00ns)   --->   "%x_load_142_read = read i1 @_ssdm_op_Read.ap_auto.i1, i1 %x_load_142"   --->   Operation 460 'read' 'x_load_142_read' <Predicate = true> <Delay = 0.00>
ST_1 : Operation 461 [1/1] (0.00ns)   --->   "%x_load_143_read = read i1 @_ssdm_op_Read.ap_auto.i1, i1 %x_load_143"   --->   Operation 461 'read' 'x_load_143_read' <Predicate = true> <Delay = 0.00>
ST_1 : Operation 462 [1/1] (0.00ns)   --->   "%x_load_144_read = read i1 @_ssdm_op_Read.ap_auto.i1, i1 %x_load_144"   --->   Operation 462 'read' 'x_load_144_read' <Predicate = true> <Delay = 0.00>
ST_1 : Operation 463 [1/1] (0.00ns)   --->   "%x_load_145_read = read i1 @_ssdm_op_Read.ap_auto.i1, i1 %x_load_145"   --->   Operation 463 'read' 'x_load_145_read' <Predicate = true> <Delay = 0.00>
ST_1 : Operation 464 [1/1] (0.00ns)   --->   "%x_load_146_read = read i1 @_ssdm_op_Read.ap_auto.i1, i1 %x_load_146"   --->   Operation 464 'read' 'x_load_146_read' <Predicate = true> <Delay = 0.00>
ST_1 : Operation 465 [1/1] (0.00ns)   --->   "%x_load_147_read = read i1 @_ssdm_op_Read.ap_auto.i1, i1 %x_load_147"   --->   Operation 465 'read' 'x_load_147_read' <Predicate = true> <Delay = 0.00>
ST_1 : Operation 466 [1/1] (0.00ns)   --->   "%x_load_148_read = read i1 @_ssdm_op_Read.ap_auto.i1, i1 %x_load_148"   --->   Operation 466 'read' 'x_load_148_read' <Predicate = true> <Delay = 0.00>
ST_1 : Operation 467 [1/1] (0.00ns)   --->   "%x_load_149_read = read i1 @_ssdm_op_Read.ap_auto.i1, i1 %x_load_149"   --->   Operation 467 'read' 'x_load_149_read' <Predicate = true> <Delay = 0.00>
ST_1 : Operation 468 [1/1] (0.00ns)   --->   "%x_load_150_read = read i1 @_ssdm_op_Read.ap_auto.i1, i1 %x_load_150"   --->   Operation 468 'read' 'x_load_150_read' <Predicate = true> <Delay = 0.00>
ST_1 : Operation 469 [1/1] (0.00ns)   --->   "%x_load_151_read = read i1 @_ssdm_op_Read.ap_auto.i1, i1 %x_load_151"   --->   Operation 469 'read' 'x_load_151_read' <Predicate = true> <Delay = 0.00>
ST_1 : Operation 470 [1/1] (0.00ns)   --->   "%x_load_152_read = read i1 @_ssdm_op_Read.ap_auto.i1, i1 %x_load_152"   --->   Operation 470 'read' 'x_load_152_read' <Predicate = true> <Delay = 0.00>
ST_1 : Operation 471 [1/1] (0.00ns)   --->   "%x_load_153_read = read i1 @_ssdm_op_Read.ap_auto.i1, i1 %x_load_153"   --->   Operation 471 'read' 'x_load_153_read' <Predicate = true> <Delay = 0.00>
ST_1 : Operation 472 [1/1] (0.00ns)   --->   "%x_load_154_read = read i1 @_ssdm_op_Read.ap_auto.i1, i1 %x_load_154"   --->   Operation 472 'read' 'x_load_154_read' <Predicate = true> <Delay = 0.00>
ST_1 : Operation 473 [1/1] (0.00ns)   --->   "%x_load_155_read = read i1 @_ssdm_op_Read.ap_auto.i1, i1 %x_load_155"   --->   Operation 473 'read' 'x_load_155_read' <Predicate = true> <Delay = 0.00>
ST_1 : Operation 474 [1/1] (0.00ns)   --->   "%x_load_156_read = read i1 @_ssdm_op_Read.ap_auto.i1, i1 %x_load_156"   --->   Operation 474 'read' 'x_load_156_read' <Predicate = true> <Delay = 0.00>
ST_1 : Operation 475 [1/1] (0.00ns)   --->   "%x_load_157_read = read i1 @_ssdm_op_Read.ap_auto.i1, i1 %x_load_157"   --->   Operation 475 'read' 'x_load_157_read' <Predicate = true> <Delay = 0.00>
ST_1 : Operation 476 [1/1] (0.00ns)   --->   "%x_load_158_read = read i1 @_ssdm_op_Read.ap_auto.i1, i1 %x_load_158"   --->   Operation 476 'read' 'x_load_158_read' <Predicate = true> <Delay = 0.00>
ST_1 : Operation 477 [1/1] (0.00ns)   --->   "%x_load_159_read = read i1 @_ssdm_op_Read.ap_auto.i1, i1 %x_load_159"   --->   Operation 477 'read' 'x_load_159_read' <Predicate = true> <Delay = 0.00>
ST_1 : Operation 478 [1/1] (0.00ns)   --->   "%x_load_160_read = read i1 @_ssdm_op_Read.ap_auto.i1, i1 %x_load_160"   --->   Operation 478 'read' 'x_load_160_read' <Predicate = true> <Delay = 0.00>
ST_1 : Operation 479 [1/1] (0.00ns)   --->   "%x_load_161_read = read i1 @_ssdm_op_Read.ap_auto.i1, i1 %x_load_161"   --->   Operation 479 'read' 'x_load_161_read' <Predicate = true> <Delay = 0.00>
ST_1 : Operation 480 [1/1] (0.00ns)   --->   "%x_load_162_read = read i1 @_ssdm_op_Read.ap_auto.i1, i1 %x_load_162"   --->   Operation 480 'read' 'x_load_162_read' <Predicate = true> <Delay = 0.00>
ST_1 : Operation 481 [1/1] (0.00ns)   --->   "%x_load_163_read = read i1 @_ssdm_op_Read.ap_auto.i1, i1 %x_load_163"   --->   Operation 481 'read' 'x_load_163_read' <Predicate = true> <Delay = 0.00>
ST_1 : Operation 482 [1/1] (0.00ns)   --->   "%x_load_164_read = read i1 @_ssdm_op_Read.ap_auto.i1, i1 %x_load_164"   --->   Operation 482 'read' 'x_load_164_read' <Predicate = true> <Delay = 0.00>
ST_1 : Operation 483 [1/1] (0.00ns)   --->   "%x_load_165_read = read i1 @_ssdm_op_Read.ap_auto.i1, i1 %x_load_165"   --->   Operation 483 'read' 'x_load_165_read' <Predicate = true> <Delay = 0.00>
ST_1 : Operation 484 [1/1] (0.00ns)   --->   "%x_load_166_read = read i1 @_ssdm_op_Read.ap_auto.i1, i1 %x_load_166"   --->   Operation 484 'read' 'x_load_166_read' <Predicate = true> <Delay = 0.00>
ST_1 : Operation 485 [1/1] (0.00ns)   --->   "%x_load_167_read = read i1 @_ssdm_op_Read.ap_auto.i1, i1 %x_load_167"   --->   Operation 485 'read' 'x_load_167_read' <Predicate = true> <Delay = 0.00>
ST_1 : Operation 486 [1/1] (0.00ns)   --->   "%x_load_168_read = read i1 @_ssdm_op_Read.ap_auto.i1, i1 %x_load_168"   --->   Operation 486 'read' 'x_load_168_read' <Predicate = true> <Delay = 0.00>
ST_1 : Operation 487 [1/1] (0.00ns)   --->   "%x_load_169_read = read i1 @_ssdm_op_Read.ap_auto.i1, i1 %x_load_169"   --->   Operation 487 'read' 'x_load_169_read' <Predicate = true> <Delay = 0.00>
ST_1 : Operation 488 [1/1] (0.00ns)   --->   "%x_load_170_read = read i1 @_ssdm_op_Read.ap_auto.i1, i1 %x_load_170"   --->   Operation 488 'read' 'x_load_170_read' <Predicate = true> <Delay = 0.00>
ST_1 : Operation 489 [1/1] (0.00ns)   --->   "%x_load_171_read = read i1 @_ssdm_op_Read.ap_auto.i1, i1 %x_load_171"   --->   Operation 489 'read' 'x_load_171_read' <Predicate = true> <Delay = 0.00>
ST_1 : Operation 490 [1/1] (0.00ns)   --->   "%x_load_172_read = read i1 @_ssdm_op_Read.ap_auto.i1, i1 %x_load_172"   --->   Operation 490 'read' 'x_load_172_read' <Predicate = true> <Delay = 0.00>
ST_1 : Operation 491 [1/1] (0.00ns)   --->   "%x_load_173_read = read i1 @_ssdm_op_Read.ap_auto.i1, i1 %x_load_173"   --->   Operation 491 'read' 'x_load_173_read' <Predicate = true> <Delay = 0.00>
ST_1 : Operation 492 [1/1] (0.00ns)   --->   "%x_load_174_read = read i1 @_ssdm_op_Read.ap_auto.i1, i1 %x_load_174"   --->   Operation 492 'read' 'x_load_174_read' <Predicate = true> <Delay = 0.00>
ST_1 : Operation 493 [1/1] (0.00ns)   --->   "%x_load_175_read = read i1 @_ssdm_op_Read.ap_auto.i1, i1 %x_load_175"   --->   Operation 493 'read' 'x_load_175_read' <Predicate = true> <Delay = 0.00>
ST_1 : Operation 494 [1/1] (0.00ns)   --->   "%x_load_176_read = read i1 @_ssdm_op_Read.ap_auto.i1, i1 %x_load_176"   --->   Operation 494 'read' 'x_load_176_read' <Predicate = true> <Delay = 0.00>
ST_1 : Operation 495 [1/1] (0.00ns)   --->   "%x_load_177_read = read i1 @_ssdm_op_Read.ap_auto.i1, i1 %x_load_177"   --->   Operation 495 'read' 'x_load_177_read' <Predicate = true> <Delay = 0.00>
ST_1 : Operation 496 [1/1] (0.00ns)   --->   "%x_load_178_read = read i1 @_ssdm_op_Read.ap_auto.i1, i1 %x_load_178"   --->   Operation 496 'read' 'x_load_178_read' <Predicate = true> <Delay = 0.00>
ST_1 : Operation 497 [1/1] (0.00ns)   --->   "%x_load_179_read = read i1 @_ssdm_op_Read.ap_auto.i1, i1 %x_load_179"   --->   Operation 497 'read' 'x_load_179_read' <Predicate = true> <Delay = 0.00>
ST_1 : Operation 498 [1/1] (0.00ns)   --->   "%x_load_180_read = read i1 @_ssdm_op_Read.ap_auto.i1, i1 %x_load_180"   --->   Operation 498 'read' 'x_load_180_read' <Predicate = true> <Delay = 0.00>
ST_1 : Operation 499 [1/1] (0.00ns)   --->   "%x_load_181_read = read i1 @_ssdm_op_Read.ap_auto.i1, i1 %x_load_181"   --->   Operation 499 'read' 'x_load_181_read' <Predicate = true> <Delay = 0.00>
ST_1 : Operation 500 [1/1] (0.00ns)   --->   "%x_load_182_read = read i1 @_ssdm_op_Read.ap_auto.i1, i1 %x_load_182"   --->   Operation 500 'read' 'x_load_182_read' <Predicate = true> <Delay = 0.00>
ST_1 : Operation 501 [1/1] (0.00ns)   --->   "%x_load_183_read = read i1 @_ssdm_op_Read.ap_auto.i1, i1 %x_load_183"   --->   Operation 501 'read' 'x_load_183_read' <Predicate = true> <Delay = 0.00>
ST_1 : Operation 502 [1/1] (0.00ns)   --->   "%x_load_184_read = read i1 @_ssdm_op_Read.ap_auto.i1, i1 %x_load_184"   --->   Operation 502 'read' 'x_load_184_read' <Predicate = true> <Delay = 0.00>
ST_1 : Operation 503 [1/1] (0.00ns)   --->   "%x_load_185_read = read i1 @_ssdm_op_Read.ap_auto.i1, i1 %x_load_185"   --->   Operation 503 'read' 'x_load_185_read' <Predicate = true> <Delay = 0.00>
ST_1 : Operation 504 [1/1] (0.00ns)   --->   "%x_load_186_read = read i1 @_ssdm_op_Read.ap_auto.i1, i1 %x_load_186"   --->   Operation 504 'read' 'x_load_186_read' <Predicate = true> <Delay = 0.00>
ST_1 : Operation 505 [1/1] (0.00ns)   --->   "%x_load_187_read = read i1 @_ssdm_op_Read.ap_auto.i1, i1 %x_load_187"   --->   Operation 505 'read' 'x_load_187_read' <Predicate = true> <Delay = 0.00>
ST_1 : Operation 506 [1/1] (0.00ns)   --->   "%x_load_188_read = read i1 @_ssdm_op_Read.ap_auto.i1, i1 %x_load_188"   --->   Operation 506 'read' 'x_load_188_read' <Predicate = true> <Delay = 0.00>
ST_1 : Operation 507 [1/1] (0.00ns)   --->   "%x_load_189_read = read i1 @_ssdm_op_Read.ap_auto.i1, i1 %x_load_189"   --->   Operation 507 'read' 'x_load_189_read' <Predicate = true> <Delay = 0.00>
ST_1 : Operation 508 [1/1] (0.00ns)   --->   "%x_load_190_read = read i1 @_ssdm_op_Read.ap_auto.i1, i1 %x_load_190"   --->   Operation 508 'read' 'x_load_190_read' <Predicate = true> <Delay = 0.00>
ST_1 : Operation 509 [1/1] (0.00ns)   --->   "%x_load_191_read = read i1 @_ssdm_op_Read.ap_auto.i1, i1 %x_load_191"   --->   Operation 509 'read' 'x_load_191_read' <Predicate = true> <Delay = 0.00>
ST_1 : Operation 510 [1/1] (0.00ns)   --->   "%x_load_192_read = read i1 @_ssdm_op_Read.ap_auto.i1, i1 %x_load_192"   --->   Operation 510 'read' 'x_load_192_read' <Predicate = true> <Delay = 0.00>
ST_1 : Operation 511 [1/1] (0.00ns)   --->   "%x_load_193_read = read i1 @_ssdm_op_Read.ap_auto.i1, i1 %x_load_193"   --->   Operation 511 'read' 'x_load_193_read' <Predicate = true> <Delay = 0.00>
ST_1 : Operation 512 [1/1] (0.00ns)   --->   "%x_load_194_read = read i1 @_ssdm_op_Read.ap_auto.i1, i1 %x_load_194"   --->   Operation 512 'read' 'x_load_194_read' <Predicate = true> <Delay = 0.00>
ST_1 : Operation 513 [1/1] (0.00ns)   --->   "%x_load_195_read = read i1 @_ssdm_op_Read.ap_auto.i1, i1 %x_load_195"   --->   Operation 513 'read' 'x_load_195_read' <Predicate = true> <Delay = 0.00>
ST_1 : Operation 514 [1/1] (0.00ns)   --->   "%x_load_196_read = read i1 @_ssdm_op_Read.ap_auto.i1, i1 %x_load_196"   --->   Operation 514 'read' 'x_load_196_read' <Predicate = true> <Delay = 0.00>
ST_1 : Operation 515 [1/1] (0.00ns)   --->   "%x_load_197_read = read i1 @_ssdm_op_Read.ap_auto.i1, i1 %x_load_197"   --->   Operation 515 'read' 'x_load_197_read' <Predicate = true> <Delay = 0.00>
ST_1 : Operation 516 [1/1] (0.00ns)   --->   "%x_load_198_read = read i1 @_ssdm_op_Read.ap_auto.i1, i1 %x_load_198"   --->   Operation 516 'read' 'x_load_198_read' <Predicate = true> <Delay = 0.00>
ST_1 : Operation 517 [1/1] (0.00ns)   --->   "%x_load_199_read = read i1 @_ssdm_op_Read.ap_auto.i1, i1 %x_load_199"   --->   Operation 517 'read' 'x_load_199_read' <Predicate = true> <Delay = 0.00>
ST_1 : Operation 518 [1/1] (0.00ns)   --->   "%x_load_200_read = read i1 @_ssdm_op_Read.ap_auto.i1, i1 %x_load_200"   --->   Operation 518 'read' 'x_load_200_read' <Predicate = true> <Delay = 0.00>
ST_1 : Operation 519 [1/1] (0.00ns)   --->   "%x_load_201_read = read i1 @_ssdm_op_Read.ap_auto.i1, i1 %x_load_201"   --->   Operation 519 'read' 'x_load_201_read' <Predicate = true> <Delay = 0.00>
ST_1 : Operation 520 [1/1] (0.00ns)   --->   "%x_load_202_read = read i1 @_ssdm_op_Read.ap_auto.i1, i1 %x_load_202"   --->   Operation 520 'read' 'x_load_202_read' <Predicate = true> <Delay = 0.00>
ST_1 : Operation 521 [1/1] (0.00ns)   --->   "%x_load_203_read = read i1 @_ssdm_op_Read.ap_auto.i1, i1 %x_load_203"   --->   Operation 521 'read' 'x_load_203_read' <Predicate = true> <Delay = 0.00>
ST_1 : Operation 522 [1/1] (0.00ns)   --->   "%x_load_204_read = read i1 @_ssdm_op_Read.ap_auto.i1, i1 %x_load_204"   --->   Operation 522 'read' 'x_load_204_read' <Predicate = true> <Delay = 0.00>
ST_1 : Operation 523 [1/1] (0.00ns)   --->   "%x_load_205_read = read i1 @_ssdm_op_Read.ap_auto.i1, i1 %x_load_205"   --->   Operation 523 'read' 'x_load_205_read' <Predicate = true> <Delay = 0.00>
ST_1 : Operation 524 [1/1] (0.00ns)   --->   "%x_load_206_read = read i1 @_ssdm_op_Read.ap_auto.i1, i1 %x_load_206"   --->   Operation 524 'read' 'x_load_206_read' <Predicate = true> <Delay = 0.00>
ST_1 : Operation 525 [1/1] (0.00ns)   --->   "%x_load_207_read = read i1 @_ssdm_op_Read.ap_auto.i1, i1 %x_load_207"   --->   Operation 525 'read' 'x_load_207_read' <Predicate = true> <Delay = 0.00>
ST_1 : Operation 526 [1/1] (0.00ns)   --->   "%x_load_208_read = read i1 @_ssdm_op_Read.ap_auto.i1, i1 %x_load_208"   --->   Operation 526 'read' 'x_load_208_read' <Predicate = true> <Delay = 0.00>
ST_1 : Operation 527 [1/1] (0.00ns)   --->   "%x_load_209_read = read i1 @_ssdm_op_Read.ap_auto.i1, i1 %x_load_209"   --->   Operation 527 'read' 'x_load_209_read' <Predicate = true> <Delay = 0.00>
ST_1 : Operation 528 [1/1] (0.00ns)   --->   "%x_load_210_read = read i1 @_ssdm_op_Read.ap_auto.i1, i1 %x_load_210"   --->   Operation 528 'read' 'x_load_210_read' <Predicate = true> <Delay = 0.00>
ST_1 : Operation 529 [1/1] (0.00ns)   --->   "%x_load_211_read = read i1 @_ssdm_op_Read.ap_auto.i1, i1 %x_load_211"   --->   Operation 529 'read' 'x_load_211_read' <Predicate = true> <Delay = 0.00>
ST_1 : Operation 530 [1/1] (0.00ns)   --->   "%x_load_212_read = read i1 @_ssdm_op_Read.ap_auto.i1, i1 %x_load_212"   --->   Operation 530 'read' 'x_load_212_read' <Predicate = true> <Delay = 0.00>
ST_1 : Operation 531 [1/1] (0.00ns)   --->   "%x_load_213_read = read i1 @_ssdm_op_Read.ap_auto.i1, i1 %x_load_213"   --->   Operation 531 'read' 'x_load_213_read' <Predicate = true> <Delay = 0.00>
ST_1 : Operation 532 [1/1] (0.00ns)   --->   "%x_load_214_read = read i1 @_ssdm_op_Read.ap_auto.i1, i1 %x_load_214"   --->   Operation 532 'read' 'x_load_214_read' <Predicate = true> <Delay = 0.00>
ST_1 : Operation 533 [1/1] (0.00ns)   --->   "%x_load_215_read = read i1 @_ssdm_op_Read.ap_auto.i1, i1 %x_load_215"   --->   Operation 533 'read' 'x_load_215_read' <Predicate = true> <Delay = 0.00>
ST_1 : Operation 534 [1/1] (0.00ns)   --->   "%x_load_216_read = read i1 @_ssdm_op_Read.ap_auto.i1, i1 %x_load_216"   --->   Operation 534 'read' 'x_load_216_read' <Predicate = true> <Delay = 0.00>
ST_1 : Operation 535 [1/1] (0.00ns)   --->   "%x_load_217_read = read i1 @_ssdm_op_Read.ap_auto.i1, i1 %x_load_217"   --->   Operation 535 'read' 'x_load_217_read' <Predicate = true> <Delay = 0.00>
ST_1 : Operation 536 [1/1] (0.00ns)   --->   "%x_load_218_read = read i1 @_ssdm_op_Read.ap_auto.i1, i1 %x_load_218"   --->   Operation 536 'read' 'x_load_218_read' <Predicate = true> <Delay = 0.00>
ST_1 : Operation 537 [1/1] (0.00ns)   --->   "%x_load_219_read = read i1 @_ssdm_op_Read.ap_auto.i1, i1 %x_load_219"   --->   Operation 537 'read' 'x_load_219_read' <Predicate = true> <Delay = 0.00>
ST_1 : Operation 538 [1/1] (0.00ns)   --->   "%x_load_220_read = read i1 @_ssdm_op_Read.ap_auto.i1, i1 %x_load_220"   --->   Operation 538 'read' 'x_load_220_read' <Predicate = true> <Delay = 0.00>
ST_1 : Operation 539 [1/1] (0.00ns)   --->   "%x_load_221_read = read i1 @_ssdm_op_Read.ap_auto.i1, i1 %x_load_221"   --->   Operation 539 'read' 'x_load_221_read' <Predicate = true> <Delay = 0.00>
ST_1 : Operation 540 [1/1] (0.00ns)   --->   "%x_load_222_read = read i1 @_ssdm_op_Read.ap_auto.i1, i1 %x_load_222"   --->   Operation 540 'read' 'x_load_222_read' <Predicate = true> <Delay = 0.00>
ST_1 : Operation 541 [1/1] (0.00ns)   --->   "%x_load_223_read = read i1 @_ssdm_op_Read.ap_auto.i1, i1 %x_load_223"   --->   Operation 541 'read' 'x_load_223_read' <Predicate = true> <Delay = 0.00>
ST_1 : Operation 542 [1/1] (0.00ns)   --->   "%x_load_224_read = read i1 @_ssdm_op_Read.ap_auto.i1, i1 %x_load_224"   --->   Operation 542 'read' 'x_load_224_read' <Predicate = true> <Delay = 0.00>
ST_1 : Operation 543 [1/1] (0.00ns)   --->   "%x_load_225_read = read i1 @_ssdm_op_Read.ap_auto.i1, i1 %x_load_225"   --->   Operation 543 'read' 'x_load_225_read' <Predicate = true> <Delay = 0.00>
ST_1 : Operation 544 [1/1] (0.00ns)   --->   "%x_load_226_read = read i1 @_ssdm_op_Read.ap_auto.i1, i1 %x_load_226"   --->   Operation 544 'read' 'x_load_226_read' <Predicate = true> <Delay = 0.00>
ST_1 : Operation 545 [1/1] (0.00ns)   --->   "%x_load_227_read = read i1 @_ssdm_op_Read.ap_auto.i1, i1 %x_load_227"   --->   Operation 545 'read' 'x_load_227_read' <Predicate = true> <Delay = 0.00>
ST_1 : Operation 546 [1/1] (0.00ns)   --->   "%x_load_228_read = read i1 @_ssdm_op_Read.ap_auto.i1, i1 %x_load_228"   --->   Operation 546 'read' 'x_load_228_read' <Predicate = true> <Delay = 0.00>
ST_1 : Operation 547 [1/1] (0.00ns)   --->   "%x_load_229_read = read i1 @_ssdm_op_Read.ap_auto.i1, i1 %x_load_229"   --->   Operation 547 'read' 'x_load_229_read' <Predicate = true> <Delay = 0.00>
ST_1 : Operation 548 [1/1] (0.00ns)   --->   "%x_load_230_read = read i1 @_ssdm_op_Read.ap_auto.i1, i1 %x_load_230"   --->   Operation 548 'read' 'x_load_230_read' <Predicate = true> <Delay = 0.00>
ST_1 : Operation 549 [1/1] (0.00ns)   --->   "%x_load_231_read = read i1 @_ssdm_op_Read.ap_auto.i1, i1 %x_load_231"   --->   Operation 549 'read' 'x_load_231_read' <Predicate = true> <Delay = 0.00>
ST_1 : Operation 550 [1/1] (0.00ns)   --->   "%x_load_232_read = read i1 @_ssdm_op_Read.ap_auto.i1, i1 %x_load_232"   --->   Operation 550 'read' 'x_load_232_read' <Predicate = true> <Delay = 0.00>
ST_1 : Operation 551 [1/1] (0.00ns)   --->   "%x_load_233_read = read i1 @_ssdm_op_Read.ap_auto.i1, i1 %x_load_233"   --->   Operation 551 'read' 'x_load_233_read' <Predicate = true> <Delay = 0.00>
ST_1 : Operation 552 [1/1] (0.00ns)   --->   "%x_load_234_read = read i1 @_ssdm_op_Read.ap_auto.i1, i1 %x_load_234"   --->   Operation 552 'read' 'x_load_234_read' <Predicate = true> <Delay = 0.00>
ST_1 : Operation 553 [1/1] (0.00ns)   --->   "%x_load_235_read = read i1 @_ssdm_op_Read.ap_auto.i1, i1 %x_load_235"   --->   Operation 553 'read' 'x_load_235_read' <Predicate = true> <Delay = 0.00>
ST_1 : Operation 554 [1/1] (0.00ns)   --->   "%x_load_236_read = read i1 @_ssdm_op_Read.ap_auto.i1, i1 %x_load_236"   --->   Operation 554 'read' 'x_load_236_read' <Predicate = true> <Delay = 0.00>
ST_1 : Operation 555 [1/1] (0.00ns)   --->   "%x_load_237_read = read i1 @_ssdm_op_Read.ap_auto.i1, i1 %x_load_237"   --->   Operation 555 'read' 'x_load_237_read' <Predicate = true> <Delay = 0.00>
ST_1 : Operation 556 [1/1] (0.00ns)   --->   "%x_load_238_read = read i1 @_ssdm_op_Read.ap_auto.i1, i1 %x_load_238"   --->   Operation 556 'read' 'x_load_238_read' <Predicate = true> <Delay = 0.00>
ST_1 : Operation 557 [1/1] (0.00ns)   --->   "%x_load_239_read = read i1 @_ssdm_op_Read.ap_auto.i1, i1 %x_load_239"   --->   Operation 557 'read' 'x_load_239_read' <Predicate = true> <Delay = 0.00>
ST_1 : Operation 558 [1/1] (0.00ns)   --->   "%x_load_240_read = read i1 @_ssdm_op_Read.ap_auto.i1, i1 %x_load_240"   --->   Operation 558 'read' 'x_load_240_read' <Predicate = true> <Delay = 0.00>
ST_1 : Operation 559 [1/1] (0.00ns)   --->   "%x_load_241_read = read i1 @_ssdm_op_Read.ap_auto.i1, i1 %x_load_241"   --->   Operation 559 'read' 'x_load_241_read' <Predicate = true> <Delay = 0.00>
ST_1 : Operation 560 [1/1] (0.00ns)   --->   "%x_load_242_read = read i1 @_ssdm_op_Read.ap_auto.i1, i1 %x_load_242"   --->   Operation 560 'read' 'x_load_242_read' <Predicate = true> <Delay = 0.00>
ST_1 : Operation 561 [1/1] (0.00ns)   --->   "%x_load_243_read = read i1 @_ssdm_op_Read.ap_auto.i1, i1 %x_load_243"   --->   Operation 561 'read' 'x_load_243_read' <Predicate = true> <Delay = 0.00>
ST_1 : Operation 562 [1/1] (0.00ns)   --->   "%x_load_244_read = read i1 @_ssdm_op_Read.ap_auto.i1, i1 %x_load_244"   --->   Operation 562 'read' 'x_load_244_read' <Predicate = true> <Delay = 0.00>
ST_1 : Operation 563 [1/1] (0.00ns)   --->   "%x_load_245_read = read i1 @_ssdm_op_Read.ap_auto.i1, i1 %x_load_245"   --->   Operation 563 'read' 'x_load_245_read' <Predicate = true> <Delay = 0.00>
ST_1 : Operation 564 [1/1] (0.00ns)   --->   "%x_load_246_read = read i1 @_ssdm_op_Read.ap_auto.i1, i1 %x_load_246"   --->   Operation 564 'read' 'x_load_246_read' <Predicate = true> <Delay = 0.00>
ST_1 : Operation 565 [1/1] (0.00ns)   --->   "%x_load_247_read = read i1 @_ssdm_op_Read.ap_auto.i1, i1 %x_load_247"   --->   Operation 565 'read' 'x_load_247_read' <Predicate = true> <Delay = 0.00>
ST_1 : Operation 566 [1/1] (0.00ns)   --->   "%x_load_248_read = read i1 @_ssdm_op_Read.ap_auto.i1, i1 %x_load_248"   --->   Operation 566 'read' 'x_load_248_read' <Predicate = true> <Delay = 0.00>
ST_1 : Operation 567 [1/1] (0.00ns)   --->   "%x_load_249_read = read i1 @_ssdm_op_Read.ap_auto.i1, i1 %x_load_249"   --->   Operation 567 'read' 'x_load_249_read' <Predicate = true> <Delay = 0.00>
ST_1 : Operation 568 [1/1] (0.00ns)   --->   "%x_load_250_read = read i1 @_ssdm_op_Read.ap_auto.i1, i1 %x_load_250"   --->   Operation 568 'read' 'x_load_250_read' <Predicate = true> <Delay = 0.00>
ST_1 : Operation 569 [1/1] (0.00ns)   --->   "%x_load_251_read = read i1 @_ssdm_op_Read.ap_auto.i1, i1 %x_load_251"   --->   Operation 569 'read' 'x_load_251_read' <Predicate = true> <Delay = 0.00>
ST_1 : Operation 570 [1/1] (0.00ns)   --->   "%x_load_252_read = read i1 @_ssdm_op_Read.ap_auto.i1, i1 %x_load_252"   --->   Operation 570 'read' 'x_load_252_read' <Predicate = true> <Delay = 0.00>
ST_1 : Operation 571 [1/1] (0.00ns)   --->   "%x_load_253_read = read i1 @_ssdm_op_Read.ap_auto.i1, i1 %x_load_253"   --->   Operation 571 'read' 'x_load_253_read' <Predicate = true> <Delay = 0.00>
ST_1 : Operation 572 [1/1] (0.00ns)   --->   "%x_load_254_read = read i1 @_ssdm_op_Read.ap_auto.i1, i1 %x_load_254"   --->   Operation 572 'read' 'x_load_254_read' <Predicate = true> <Delay = 0.00>
ST_1 : Operation 573 [1/1] (0.00ns)   --->   "%x_load_255_read = read i1 @_ssdm_op_Read.ap_auto.i1, i1 %x_load_255"   --->   Operation 573 'read' 'x_load_255_read' <Predicate = true> <Delay = 0.00>
ST_1 : Operation 574 [1/1] (0.00ns)   --->   "%x_load_256_read = read i1 @_ssdm_op_Read.ap_auto.i1, i1 %x_load_256"   --->   Operation 574 'read' 'x_load_256_read' <Predicate = true> <Delay = 0.00>
ST_1 : Operation 575 [1/1] (0.00ns)   --->   "%x_load_257_read = read i1 @_ssdm_op_Read.ap_auto.i1, i1 %x_load_257"   --->   Operation 575 'read' 'x_load_257_read' <Predicate = true> <Delay = 0.00>
ST_1 : Operation 576 [1/1] (0.00ns)   --->   "%x_load_258_read = read i1 @_ssdm_op_Read.ap_auto.i1, i1 %x_load_258"   --->   Operation 576 'read' 'x_load_258_read' <Predicate = true> <Delay = 0.00>
ST_1 : Operation 577 [1/1] (0.00ns)   --->   "%x_load_259_read = read i1 @_ssdm_op_Read.ap_auto.i1, i1 %x_load_259"   --->   Operation 577 'read' 'x_load_259_read' <Predicate = true> <Delay = 0.00>
ST_1 : Operation 578 [1/1] (0.00ns)   --->   "%x_load_260_read = read i1 @_ssdm_op_Read.ap_auto.i1, i1 %x_load_260"   --->   Operation 578 'read' 'x_load_260_read' <Predicate = true> <Delay = 0.00>
ST_1 : Operation 579 [1/1] (0.00ns)   --->   "%x_load_261_read = read i1 @_ssdm_op_Read.ap_auto.i1, i1 %x_load_261"   --->   Operation 579 'read' 'x_load_261_read' <Predicate = true> <Delay = 0.00>
ST_1 : Operation 580 [1/1] (0.00ns)   --->   "%x_load_262_read = read i1 @_ssdm_op_Read.ap_auto.i1, i1 %x_load_262"   --->   Operation 580 'read' 'x_load_262_read' <Predicate = true> <Delay = 0.00>
ST_1 : Operation 581 [1/1] (0.00ns)   --->   "%x_load_263_read = read i1 @_ssdm_op_Read.ap_auto.i1, i1 %x_load_263"   --->   Operation 581 'read' 'x_load_263_read' <Predicate = true> <Delay = 0.00>
ST_1 : Operation 582 [1/1] (0.00ns)   --->   "%x_load_264_read = read i1 @_ssdm_op_Read.ap_auto.i1, i1 %x_load_264"   --->   Operation 582 'read' 'x_load_264_read' <Predicate = true> <Delay = 0.00>
ST_1 : Operation 583 [1/1] (0.00ns)   --->   "%x_load_265_read = read i1 @_ssdm_op_Read.ap_auto.i1, i1 %x_load_265"   --->   Operation 583 'read' 'x_load_265_read' <Predicate = true> <Delay = 0.00>
ST_1 : Operation 584 [1/1] (0.00ns)   --->   "%x_load_266_read = read i1 @_ssdm_op_Read.ap_auto.i1, i1 %x_load_266"   --->   Operation 584 'read' 'x_load_266_read' <Predicate = true> <Delay = 0.00>
ST_1 : Operation 585 [1/1] (0.00ns)   --->   "%x_load_267_read = read i1 @_ssdm_op_Read.ap_auto.i1, i1 %x_load_267"   --->   Operation 585 'read' 'x_load_267_read' <Predicate = true> <Delay = 0.00>
ST_1 : Operation 586 [1/1] (0.00ns)   --->   "%x_load_268_read = read i1 @_ssdm_op_Read.ap_auto.i1, i1 %x_load_268"   --->   Operation 586 'read' 'x_load_268_read' <Predicate = true> <Delay = 0.00>
ST_1 : Operation 587 [1/1] (0.00ns)   --->   "%x_load_269_read = read i1 @_ssdm_op_Read.ap_auto.i1, i1 %x_load_269"   --->   Operation 587 'read' 'x_load_269_read' <Predicate = true> <Delay = 0.00>
ST_1 : Operation 588 [1/1] (0.00ns)   --->   "%x_load_270_read = read i1 @_ssdm_op_Read.ap_auto.i1, i1 %x_load_270"   --->   Operation 588 'read' 'x_load_270_read' <Predicate = true> <Delay = 0.00>
ST_1 : Operation 589 [1/1] (0.00ns)   --->   "%x_load_271_read = read i1 @_ssdm_op_Read.ap_auto.i1, i1 %x_load_271"   --->   Operation 589 'read' 'x_load_271_read' <Predicate = true> <Delay = 0.00>
ST_1 : Operation 590 [1/1] (0.00ns)   --->   "%x_load_272_read = read i1 @_ssdm_op_Read.ap_auto.i1, i1 %x_load_272"   --->   Operation 590 'read' 'x_load_272_read' <Predicate = true> <Delay = 0.00>
ST_1 : Operation 591 [1/1] (0.00ns)   --->   "%x_load_273_read = read i1 @_ssdm_op_Read.ap_auto.i1, i1 %x_load_273"   --->   Operation 591 'read' 'x_load_273_read' <Predicate = true> <Delay = 0.00>
ST_1 : Operation 592 [1/1] (0.00ns)   --->   "%x_load_274_read = read i1 @_ssdm_op_Read.ap_auto.i1, i1 %x_load_274"   --->   Operation 592 'read' 'x_load_274_read' <Predicate = true> <Delay = 0.00>
ST_1 : Operation 593 [1/1] (0.00ns)   --->   "%x_load_275_read = read i1 @_ssdm_op_Read.ap_auto.i1, i1 %x_load_275"   --->   Operation 593 'read' 'x_load_275_read' <Predicate = true> <Delay = 0.00>
ST_1 : Operation 594 [1/1] (0.00ns)   --->   "%x_load_276_read = read i1 @_ssdm_op_Read.ap_auto.i1, i1 %x_load_276"   --->   Operation 594 'read' 'x_load_276_read' <Predicate = true> <Delay = 0.00>
ST_1 : Operation 595 [1/1] (0.00ns)   --->   "%x_load_277_read = read i1 @_ssdm_op_Read.ap_auto.i1, i1 %x_load_277"   --->   Operation 595 'read' 'x_load_277_read' <Predicate = true> <Delay = 0.00>
ST_1 : Operation 596 [1/1] (0.00ns)   --->   "%x_load_278_read = read i1 @_ssdm_op_Read.ap_auto.i1, i1 %x_load_278"   --->   Operation 596 'read' 'x_load_278_read' <Predicate = true> <Delay = 0.00>
ST_1 : Operation 597 [1/1] (0.00ns)   --->   "%x_load_279_read = read i1 @_ssdm_op_Read.ap_auto.i1, i1 %x_load_279"   --->   Operation 597 'read' 'x_load_279_read' <Predicate = true> <Delay = 0.00>
ST_1 : Operation 598 [1/1] (0.00ns)   --->   "%x_load_280_read = read i1 @_ssdm_op_Read.ap_auto.i1, i1 %x_load_280"   --->   Operation 598 'read' 'x_load_280_read' <Predicate = true> <Delay = 0.00>
ST_1 : Operation 599 [1/1] (0.00ns)   --->   "%x_load_281_read = read i1 @_ssdm_op_Read.ap_auto.i1, i1 %x_load_281"   --->   Operation 599 'read' 'x_load_281_read' <Predicate = true> <Delay = 0.00>
ST_1 : Operation 600 [1/1] (0.00ns)   --->   "%x_load_282_read = read i1 @_ssdm_op_Read.ap_auto.i1, i1 %x_load_282"   --->   Operation 600 'read' 'x_load_282_read' <Predicate = true> <Delay = 0.00>
ST_1 : Operation 601 [1/1] (0.00ns)   --->   "%x_load_283_read = read i1 @_ssdm_op_Read.ap_auto.i1, i1 %x_load_283"   --->   Operation 601 'read' 'x_load_283_read' <Predicate = true> <Delay = 0.00>
ST_1 : Operation 602 [1/1] (0.00ns)   --->   "%x_load_284_read = read i1 @_ssdm_op_Read.ap_auto.i1, i1 %x_load_284"   --->   Operation 602 'read' 'x_load_284_read' <Predicate = true> <Delay = 0.00>
ST_1 : Operation 603 [1/1] (0.00ns)   --->   "%x_load_285_read = read i1 @_ssdm_op_Read.ap_auto.i1, i1 %x_load_285"   --->   Operation 603 'read' 'x_load_285_read' <Predicate = true> <Delay = 0.00>
ST_1 : Operation 604 [1/1] (0.00ns)   --->   "%x_load_286_read = read i1 @_ssdm_op_Read.ap_auto.i1, i1 %x_load_286"   --->   Operation 604 'read' 'x_load_286_read' <Predicate = true> <Delay = 0.00>
ST_1 : Operation 605 [1/1] (0.00ns)   --->   "%x_load_287_read = read i1 @_ssdm_op_Read.ap_auto.i1, i1 %x_load_287"   --->   Operation 605 'read' 'x_load_287_read' <Predicate = true> <Delay = 0.00>
ST_1 : Operation 606 [1/1] (0.00ns)   --->   "%x_load_288_read = read i1 @_ssdm_op_Read.ap_auto.i1, i1 %x_load_288"   --->   Operation 606 'read' 'x_load_288_read' <Predicate = true> <Delay = 0.00>
ST_1 : Operation 607 [1/1] (0.00ns)   --->   "%x_load_289_read = read i1 @_ssdm_op_Read.ap_auto.i1, i1 %x_load_289"   --->   Operation 607 'read' 'x_load_289_read' <Predicate = true> <Delay = 0.00>
ST_1 : Operation 608 [1/1] (0.00ns)   --->   "%x_load_290_read = read i1 @_ssdm_op_Read.ap_auto.i1, i1 %x_load_290"   --->   Operation 608 'read' 'x_load_290_read' <Predicate = true> <Delay = 0.00>
ST_1 : Operation 609 [1/1] (0.00ns)   --->   "%x_load_291_read = read i1 @_ssdm_op_Read.ap_auto.i1, i1 %x_load_291"   --->   Operation 609 'read' 'x_load_291_read' <Predicate = true> <Delay = 0.00>
ST_1 : Operation 610 [1/1] (0.00ns)   --->   "%x_load_292_read = read i1 @_ssdm_op_Read.ap_auto.i1, i1 %x_load_292"   --->   Operation 610 'read' 'x_load_292_read' <Predicate = true> <Delay = 0.00>
ST_1 : Operation 611 [1/1] (0.00ns)   --->   "%x_load_293_read = read i1 @_ssdm_op_Read.ap_auto.i1, i1 %x_load_293"   --->   Operation 611 'read' 'x_load_293_read' <Predicate = true> <Delay = 0.00>
ST_1 : Operation 612 [1/1] (0.00ns)   --->   "%x_load_294_read = read i1 @_ssdm_op_Read.ap_auto.i1, i1 %x_load_294"   --->   Operation 612 'read' 'x_load_294_read' <Predicate = true> <Delay = 0.00>
ST_1 : Operation 613 [1/1] (0.00ns)   --->   "%x_load_295_read = read i1 @_ssdm_op_Read.ap_auto.i1, i1 %x_load_295"   --->   Operation 613 'read' 'x_load_295_read' <Predicate = true> <Delay = 0.00>
ST_1 : Operation 614 [1/1] (0.00ns)   --->   "%x_load_296_read = read i1 @_ssdm_op_Read.ap_auto.i1, i1 %x_load_296"   --->   Operation 614 'read' 'x_load_296_read' <Predicate = true> <Delay = 0.00>
ST_1 : Operation 615 [1/1] (0.00ns)   --->   "%x_load_297_read = read i1 @_ssdm_op_Read.ap_auto.i1, i1 %x_load_297"   --->   Operation 615 'read' 'x_load_297_read' <Predicate = true> <Delay = 0.00>
ST_1 : Operation 616 [1/1] (0.00ns)   --->   "%x_load_298_read = read i1 @_ssdm_op_Read.ap_auto.i1, i1 %x_load_298"   --->   Operation 616 'read' 'x_load_298_read' <Predicate = true> <Delay = 0.00>
ST_1 : Operation 617 [1/1] (0.00ns)   --->   "%x_load_cast = zext i1 %x_load_read"   --->   Operation 617 'zext' 'x_load_cast' <Predicate = true> <Delay = 0.00>
ST_1 : Operation 618 [1/1] (0.00ns)   --->   "%x_load_1_cast = zext i1 %x_load_1_read"   --->   Operation 618 'zext' 'x_load_1_cast' <Predicate = true> <Delay = 0.00>
ST_1 : Operation 619 [1/1] (0.00ns)   --->   "%x_load_2_cast = zext i1 %x_load_2_read"   --->   Operation 619 'zext' 'x_load_2_cast' <Predicate = true> <Delay = 0.00>
ST_1 : Operation 620 [1/1] (0.00ns)   --->   "%x_load_3_cast = zext i1 %x_load_3_read"   --->   Operation 620 'zext' 'x_load_3_cast' <Predicate = true> <Delay = 0.00>
ST_1 : Operation 621 [1/1] (0.00ns)   --->   "%x_load_4_cast = zext i1 %x_load_4_read"   --->   Operation 621 'zext' 'x_load_4_cast' <Predicate = true> <Delay = 0.00>
ST_1 : Operation 622 [1/1] (0.00ns)   --->   "%x_load_5_cast = zext i1 %x_load_5_read"   --->   Operation 622 'zext' 'x_load_5_cast' <Predicate = true> <Delay = 0.00>
ST_1 : Operation 623 [1/1] (0.00ns)   --->   "%x_load_6_cast = zext i1 %x_load_6_read"   --->   Operation 623 'zext' 'x_load_6_cast' <Predicate = true> <Delay = 0.00>
ST_1 : Operation 624 [1/1] (0.00ns)   --->   "%x_load_7_cast = zext i1 %x_load_7_read"   --->   Operation 624 'zext' 'x_load_7_cast' <Predicate = true> <Delay = 0.00>
ST_1 : Operation 625 [1/1] (0.00ns)   --->   "%x_load_8_cast = zext i1 %x_load_8_read"   --->   Operation 625 'zext' 'x_load_8_cast' <Predicate = true> <Delay = 0.00>
ST_1 : Operation 626 [1/1] (0.00ns)   --->   "%x_load_9_cast = zext i1 %x_load_9_read"   --->   Operation 626 'zext' 'x_load_9_cast' <Predicate = true> <Delay = 0.00>
ST_1 : Operation 627 [1/1] (0.00ns)   --->   "%x_load_10_cast = zext i1 %x_load_10_read"   --->   Operation 627 'zext' 'x_load_10_cast' <Predicate = true> <Delay = 0.00>
ST_1 : Operation 628 [1/1] (0.00ns)   --->   "%x_load_11_cast = zext i1 %x_load_11_read"   --->   Operation 628 'zext' 'x_load_11_cast' <Predicate = true> <Delay = 0.00>
ST_1 : Operation 629 [1/1] (0.00ns)   --->   "%x_load_12_cast = zext i1 %x_load_12_read"   --->   Operation 629 'zext' 'x_load_12_cast' <Predicate = true> <Delay = 0.00>
ST_1 : Operation 630 [1/1] (0.00ns)   --->   "%x_load_13_cast = zext i1 %x_load_13_read"   --->   Operation 630 'zext' 'x_load_13_cast' <Predicate = true> <Delay = 0.00>
ST_1 : Operation 631 [1/1] (0.00ns)   --->   "%x_load_14_cast = zext i1 %x_load_14_read"   --->   Operation 631 'zext' 'x_load_14_cast' <Predicate = true> <Delay = 0.00>
ST_1 : Operation 632 [1/1] (0.00ns)   --->   "%x_load_15_cast = zext i1 %x_load_15_read"   --->   Operation 632 'zext' 'x_load_15_cast' <Predicate = true> <Delay = 0.00>
ST_1 : Operation 633 [1/1] (0.00ns)   --->   "%x_load_16_cast = zext i1 %x_load_16_read"   --->   Operation 633 'zext' 'x_load_16_cast' <Predicate = true> <Delay = 0.00>
ST_1 : Operation 634 [1/1] (0.00ns)   --->   "%x_load_17_cast = zext i1 %x_load_17_read"   --->   Operation 634 'zext' 'x_load_17_cast' <Predicate = true> <Delay = 0.00>
ST_1 : Operation 635 [1/1] (0.00ns)   --->   "%x_load_18_cast = zext i1 %x_load_18_read"   --->   Operation 635 'zext' 'x_load_18_cast' <Predicate = true> <Delay = 0.00>
ST_1 : Operation 636 [1/1] (0.00ns)   --->   "%x_load_19_cast = zext i1 %x_load_19_read"   --->   Operation 636 'zext' 'x_load_19_cast' <Predicate = true> <Delay = 0.00>
ST_1 : Operation 637 [1/1] (0.00ns)   --->   "%x_load_20_cast = zext i1 %x_load_20_read"   --->   Operation 637 'zext' 'x_load_20_cast' <Predicate = true> <Delay = 0.00>
ST_1 : Operation 638 [1/1] (0.00ns)   --->   "%x_load_21_cast = zext i1 %x_load_21_read"   --->   Operation 638 'zext' 'x_load_21_cast' <Predicate = true> <Delay = 0.00>
ST_1 : Operation 639 [1/1] (0.00ns)   --->   "%x_load_22_cast = zext i1 %x_load_22_read"   --->   Operation 639 'zext' 'x_load_22_cast' <Predicate = true> <Delay = 0.00>
ST_1 : Operation 640 [1/1] (0.00ns)   --->   "%x_load_23_cast = zext i1 %x_load_23_read"   --->   Operation 640 'zext' 'x_load_23_cast' <Predicate = true> <Delay = 0.00>
ST_1 : Operation 641 [1/1] (0.00ns)   --->   "%x_load_24_cast = zext i1 %x_load_24_read"   --->   Operation 641 'zext' 'x_load_24_cast' <Predicate = true> <Delay = 0.00>
ST_1 : Operation 642 [1/1] (0.00ns)   --->   "%x_load_25_cast = zext i1 %x_load_25_read"   --->   Operation 642 'zext' 'x_load_25_cast' <Predicate = true> <Delay = 0.00>
ST_1 : Operation 643 [1/1] (0.00ns)   --->   "%x_load_26_cast = zext i1 %x_load_26_read"   --->   Operation 643 'zext' 'x_load_26_cast' <Predicate = true> <Delay = 0.00>
ST_1 : Operation 644 [1/1] (0.00ns)   --->   "%x_load_27_cast = zext i1 %x_load_27_read"   --->   Operation 644 'zext' 'x_load_27_cast' <Predicate = true> <Delay = 0.00>
ST_1 : Operation 645 [1/1] (0.00ns)   --->   "%x_load_28_cast = zext i1 %x_load_28_read"   --->   Operation 645 'zext' 'x_load_28_cast' <Predicate = true> <Delay = 0.00>
ST_1 : Operation 646 [1/1] (0.00ns)   --->   "%x_load_29_cast = zext i1 %x_load_29_read"   --->   Operation 646 'zext' 'x_load_29_cast' <Predicate = true> <Delay = 0.00>
ST_1 : Operation 647 [1/1] (0.00ns)   --->   "%x_load_30_cast = zext i1 %x_load_30_read"   --->   Operation 647 'zext' 'x_load_30_cast' <Predicate = true> <Delay = 0.00>
ST_1 : Operation 648 [1/1] (0.00ns)   --->   "%x_load_31_cast = zext i1 %x_load_31_read"   --->   Operation 648 'zext' 'x_load_31_cast' <Predicate = true> <Delay = 0.00>
ST_1 : Operation 649 [1/1] (0.00ns)   --->   "%x_load_32_cast = zext i1 %x_load_32_read"   --->   Operation 649 'zext' 'x_load_32_cast' <Predicate = true> <Delay = 0.00>
ST_1 : Operation 650 [1/1] (0.00ns)   --->   "%x_load_33_cast = zext i1 %x_load_33_read"   --->   Operation 650 'zext' 'x_load_33_cast' <Predicate = true> <Delay = 0.00>
ST_1 : Operation 651 [1/1] (0.00ns)   --->   "%x_load_34_cast = zext i1 %x_load_34_read"   --->   Operation 651 'zext' 'x_load_34_cast' <Predicate = true> <Delay = 0.00>
ST_1 : Operation 652 [1/1] (0.00ns)   --->   "%x_load_35_cast = zext i1 %x_load_35_read"   --->   Operation 652 'zext' 'x_load_35_cast' <Predicate = true> <Delay = 0.00>
ST_1 : Operation 653 [1/1] (0.00ns)   --->   "%x_load_36_cast = zext i1 %x_load_36_read"   --->   Operation 653 'zext' 'x_load_36_cast' <Predicate = true> <Delay = 0.00>
ST_1 : Operation 654 [1/1] (0.00ns)   --->   "%x_load_37_cast = zext i1 %x_load_37_read"   --->   Operation 654 'zext' 'x_load_37_cast' <Predicate = true> <Delay = 0.00>
ST_1 : Operation 655 [1/1] (0.00ns)   --->   "%x_load_38_cast = zext i1 %x_load_38_read"   --->   Operation 655 'zext' 'x_load_38_cast' <Predicate = true> <Delay = 0.00>
ST_1 : Operation 656 [1/1] (0.00ns)   --->   "%x_load_39_cast = zext i1 %x_load_39_read"   --->   Operation 656 'zext' 'x_load_39_cast' <Predicate = true> <Delay = 0.00>
ST_1 : Operation 657 [1/1] (0.00ns)   --->   "%x_load_40_cast = zext i1 %x_load_40_read"   --->   Operation 657 'zext' 'x_load_40_cast' <Predicate = true> <Delay = 0.00>
ST_1 : Operation 658 [1/1] (0.00ns)   --->   "%x_load_41_cast = zext i1 %x_load_41_read"   --->   Operation 658 'zext' 'x_load_41_cast' <Predicate = true> <Delay = 0.00>
ST_1 : Operation 659 [1/1] (0.00ns)   --->   "%x_load_42_cast = zext i1 %x_load_42_read"   --->   Operation 659 'zext' 'x_load_42_cast' <Predicate = true> <Delay = 0.00>
ST_1 : Operation 660 [1/1] (0.00ns)   --->   "%x_load_43_cast = zext i1 %x_load_43_read"   --->   Operation 660 'zext' 'x_load_43_cast' <Predicate = true> <Delay = 0.00>
ST_1 : Operation 661 [1/1] (0.00ns)   --->   "%x_load_44_cast = zext i1 %x_load_44_read"   --->   Operation 661 'zext' 'x_load_44_cast' <Predicate = true> <Delay = 0.00>
ST_1 : Operation 662 [1/1] (0.00ns)   --->   "%x_load_45_cast = zext i1 %x_load_45_read"   --->   Operation 662 'zext' 'x_load_45_cast' <Predicate = true> <Delay = 0.00>
ST_1 : Operation 663 [1/1] (0.00ns)   --->   "%x_load_46_cast = zext i1 %x_load_46_read"   --->   Operation 663 'zext' 'x_load_46_cast' <Predicate = true> <Delay = 0.00>
ST_1 : Operation 664 [1/1] (0.00ns)   --->   "%x_load_47_cast = zext i1 %x_load_47_read"   --->   Operation 664 'zext' 'x_load_47_cast' <Predicate = true> <Delay = 0.00>
ST_1 : Operation 665 [1/1] (0.00ns)   --->   "%x_load_48_cast = zext i1 %x_load_48_read"   --->   Operation 665 'zext' 'x_load_48_cast' <Predicate = true> <Delay = 0.00>
ST_1 : Operation 666 [1/1] (0.00ns)   --->   "%x_load_49_cast = zext i1 %x_load_49_read"   --->   Operation 666 'zext' 'x_load_49_cast' <Predicate = true> <Delay = 0.00>
ST_1 : Operation 667 [1/1] (0.00ns)   --->   "%x_load_50_cast = zext i1 %x_load_50_read"   --->   Operation 667 'zext' 'x_load_50_cast' <Predicate = true> <Delay = 0.00>
ST_1 : Operation 668 [1/1] (0.00ns)   --->   "%x_load_51_cast = zext i1 %x_load_51_read"   --->   Operation 668 'zext' 'x_load_51_cast' <Predicate = true> <Delay = 0.00>
ST_1 : Operation 669 [1/1] (0.00ns)   --->   "%x_load_52_cast = zext i1 %x_load_52_read"   --->   Operation 669 'zext' 'x_load_52_cast' <Predicate = true> <Delay = 0.00>
ST_1 : Operation 670 [1/1] (0.00ns)   --->   "%x_load_53_cast = zext i1 %x_load_53_read"   --->   Operation 670 'zext' 'x_load_53_cast' <Predicate = true> <Delay = 0.00>
ST_1 : Operation 671 [1/1] (0.00ns)   --->   "%x_load_54_cast = zext i1 %x_load_54_read"   --->   Operation 671 'zext' 'x_load_54_cast' <Predicate = true> <Delay = 0.00>
ST_1 : Operation 672 [1/1] (0.00ns)   --->   "%x_load_55_cast = zext i1 %x_load_55_read"   --->   Operation 672 'zext' 'x_load_55_cast' <Predicate = true> <Delay = 0.00>
ST_1 : Operation 673 [1/1] (0.00ns)   --->   "%x_load_56_cast = zext i1 %x_load_56_read"   --->   Operation 673 'zext' 'x_load_56_cast' <Predicate = true> <Delay = 0.00>
ST_1 : Operation 674 [1/1] (0.00ns)   --->   "%x_load_57_cast = zext i1 %x_load_57_read"   --->   Operation 674 'zext' 'x_load_57_cast' <Predicate = true> <Delay = 0.00>
ST_1 : Operation 675 [1/1] (0.00ns)   --->   "%x_load_58_cast = zext i1 %x_load_58_read"   --->   Operation 675 'zext' 'x_load_58_cast' <Predicate = true> <Delay = 0.00>
ST_1 : Operation 676 [1/1] (0.00ns)   --->   "%x_load_59_cast = zext i1 %x_load_59_read"   --->   Operation 676 'zext' 'x_load_59_cast' <Predicate = true> <Delay = 0.00>
ST_1 : Operation 677 [1/1] (0.00ns)   --->   "%x_load_60_cast = zext i1 %x_load_60_read"   --->   Operation 677 'zext' 'x_load_60_cast' <Predicate = true> <Delay = 0.00>
ST_1 : Operation 678 [1/1] (0.00ns)   --->   "%x_load_61_cast = zext i1 %x_load_61_read"   --->   Operation 678 'zext' 'x_load_61_cast' <Predicate = true> <Delay = 0.00>
ST_1 : Operation 679 [1/1] (0.00ns)   --->   "%x_load_62_cast = zext i1 %x_load_62_read"   --->   Operation 679 'zext' 'x_load_62_cast' <Predicate = true> <Delay = 0.00>
ST_1 : Operation 680 [1/1] (0.00ns)   --->   "%x_load_63_cast = zext i1 %x_load_63_read"   --->   Operation 680 'zext' 'x_load_63_cast' <Predicate = true> <Delay = 0.00>
ST_1 : Operation 681 [1/1] (0.00ns)   --->   "%x_load_64_cast = zext i1 %x_load_64_read"   --->   Operation 681 'zext' 'x_load_64_cast' <Predicate = true> <Delay = 0.00>
ST_1 : Operation 682 [1/1] (0.00ns)   --->   "%x_load_65_cast = zext i1 %x_load_65_read"   --->   Operation 682 'zext' 'x_load_65_cast' <Predicate = true> <Delay = 0.00>
ST_1 : Operation 683 [1/1] (0.00ns)   --->   "%x_load_66_cast = zext i1 %x_load_66_read"   --->   Operation 683 'zext' 'x_load_66_cast' <Predicate = true> <Delay = 0.00>
ST_1 : Operation 684 [1/1] (0.00ns)   --->   "%x_load_67_cast = zext i1 %x_load_67_read"   --->   Operation 684 'zext' 'x_load_67_cast' <Predicate = true> <Delay = 0.00>
ST_1 : Operation 685 [1/1] (0.00ns)   --->   "%x_load_68_cast = zext i1 %x_load_68_read"   --->   Operation 685 'zext' 'x_load_68_cast' <Predicate = true> <Delay = 0.00>
ST_1 : Operation 686 [1/1] (0.00ns)   --->   "%x_load_69_cast = zext i1 %x_load_69_read"   --->   Operation 686 'zext' 'x_load_69_cast' <Predicate = true> <Delay = 0.00>
ST_1 : Operation 687 [1/1] (0.00ns)   --->   "%x_load_70_cast = zext i1 %x_load_70_read"   --->   Operation 687 'zext' 'x_load_70_cast' <Predicate = true> <Delay = 0.00>
ST_1 : Operation 688 [1/1] (0.00ns)   --->   "%x_load_71_cast = zext i1 %x_load_71_read"   --->   Operation 688 'zext' 'x_load_71_cast' <Predicate = true> <Delay = 0.00>
ST_1 : Operation 689 [1/1] (0.00ns)   --->   "%x_load_72_cast = zext i1 %x_load_72_read"   --->   Operation 689 'zext' 'x_load_72_cast' <Predicate = true> <Delay = 0.00>
ST_1 : Operation 690 [1/1] (0.00ns)   --->   "%x_load_73_cast = zext i1 %x_load_73_read"   --->   Operation 690 'zext' 'x_load_73_cast' <Predicate = true> <Delay = 0.00>
ST_1 : Operation 691 [1/1] (0.00ns)   --->   "%x_load_74_cast = zext i1 %x_load_74_read"   --->   Operation 691 'zext' 'x_load_74_cast' <Predicate = true> <Delay = 0.00>
ST_1 : Operation 692 [1/1] (0.00ns)   --->   "%x_load_75_cast = zext i1 %x_load_75_read"   --->   Operation 692 'zext' 'x_load_75_cast' <Predicate = true> <Delay = 0.00>
ST_1 : Operation 693 [1/1] (0.00ns)   --->   "%x_load_76_cast = zext i1 %x_load_76_read"   --->   Operation 693 'zext' 'x_load_76_cast' <Predicate = true> <Delay = 0.00>
ST_1 : Operation 694 [1/1] (0.00ns)   --->   "%x_load_77_cast = zext i1 %x_load_77_read"   --->   Operation 694 'zext' 'x_load_77_cast' <Predicate = true> <Delay = 0.00>
ST_1 : Operation 695 [1/1] (0.00ns)   --->   "%x_load_78_cast = zext i1 %x_load_78_read"   --->   Operation 695 'zext' 'x_load_78_cast' <Predicate = true> <Delay = 0.00>
ST_1 : Operation 696 [1/1] (0.00ns)   --->   "%x_load_79_cast = zext i1 %x_load_79_read"   --->   Operation 696 'zext' 'x_load_79_cast' <Predicate = true> <Delay = 0.00>
ST_1 : Operation 697 [1/1] (0.00ns)   --->   "%x_load_80_cast = zext i1 %x_load_80_read"   --->   Operation 697 'zext' 'x_load_80_cast' <Predicate = true> <Delay = 0.00>
ST_1 : Operation 698 [1/1] (0.00ns)   --->   "%x_load_81_cast = zext i1 %x_load_81_read"   --->   Operation 698 'zext' 'x_load_81_cast' <Predicate = true> <Delay = 0.00>
ST_1 : Operation 699 [1/1] (0.00ns)   --->   "%x_load_82_cast = zext i1 %x_load_82_read"   --->   Operation 699 'zext' 'x_load_82_cast' <Predicate = true> <Delay = 0.00>
ST_1 : Operation 700 [1/1] (0.00ns)   --->   "%x_load_83_cast = zext i1 %x_load_83_read"   --->   Operation 700 'zext' 'x_load_83_cast' <Predicate = true> <Delay = 0.00>
ST_1 : Operation 701 [1/1] (0.00ns)   --->   "%x_load_84_cast = zext i1 %x_load_84_read"   --->   Operation 701 'zext' 'x_load_84_cast' <Predicate = true> <Delay = 0.00>
ST_1 : Operation 702 [1/1] (0.00ns)   --->   "%x_load_85_cast = zext i1 %x_load_85_read"   --->   Operation 702 'zext' 'x_load_85_cast' <Predicate = true> <Delay = 0.00>
ST_1 : Operation 703 [1/1] (0.00ns)   --->   "%x_load_86_cast = zext i1 %x_load_86_read"   --->   Operation 703 'zext' 'x_load_86_cast' <Predicate = true> <Delay = 0.00>
ST_1 : Operation 704 [1/1] (0.00ns)   --->   "%x_load_87_cast = zext i1 %x_load_87_read"   --->   Operation 704 'zext' 'x_load_87_cast' <Predicate = true> <Delay = 0.00>
ST_1 : Operation 705 [1/1] (0.00ns)   --->   "%x_load_88_cast = zext i1 %x_load_88_read"   --->   Operation 705 'zext' 'x_load_88_cast' <Predicate = true> <Delay = 0.00>
ST_1 : Operation 706 [1/1] (0.00ns)   --->   "%x_load_89_cast = zext i1 %x_load_89_read"   --->   Operation 706 'zext' 'x_load_89_cast' <Predicate = true> <Delay = 0.00>
ST_1 : Operation 707 [1/1] (0.00ns)   --->   "%x_load_90_cast = zext i1 %x_load_90_read"   --->   Operation 707 'zext' 'x_load_90_cast' <Predicate = true> <Delay = 0.00>
ST_1 : Operation 708 [1/1] (0.00ns)   --->   "%x_load_91_cast = zext i1 %x_load_91_read"   --->   Operation 708 'zext' 'x_load_91_cast' <Predicate = true> <Delay = 0.00>
ST_1 : Operation 709 [1/1] (0.00ns)   --->   "%x_load_92_cast = zext i1 %x_load_92_read"   --->   Operation 709 'zext' 'x_load_92_cast' <Predicate = true> <Delay = 0.00>
ST_1 : Operation 710 [1/1] (0.00ns)   --->   "%x_load_93_cast = zext i1 %x_load_93_read"   --->   Operation 710 'zext' 'x_load_93_cast' <Predicate = true> <Delay = 0.00>
ST_1 : Operation 711 [1/1] (0.00ns)   --->   "%x_load_94_cast = zext i1 %x_load_94_read"   --->   Operation 711 'zext' 'x_load_94_cast' <Predicate = true> <Delay = 0.00>
ST_1 : Operation 712 [1/1] (0.00ns)   --->   "%x_load_95_cast = zext i1 %x_load_95_read"   --->   Operation 712 'zext' 'x_load_95_cast' <Predicate = true> <Delay = 0.00>
ST_1 : Operation 713 [1/1] (0.00ns)   --->   "%x_load_96_cast = zext i1 %x_load_96_read"   --->   Operation 713 'zext' 'x_load_96_cast' <Predicate = true> <Delay = 0.00>
ST_1 : Operation 714 [1/1] (0.00ns)   --->   "%x_load_97_cast = zext i1 %x_load_97_read"   --->   Operation 714 'zext' 'x_load_97_cast' <Predicate = true> <Delay = 0.00>
ST_1 : Operation 715 [1/1] (0.00ns)   --->   "%x_load_98_cast = zext i1 %x_load_98_read"   --->   Operation 715 'zext' 'x_load_98_cast' <Predicate = true> <Delay = 0.00>
ST_1 : Operation 716 [1/1] (0.00ns)   --->   "%x_load_99_cast = zext i1 %x_load_99_read"   --->   Operation 716 'zext' 'x_load_99_cast' <Predicate = true> <Delay = 0.00>
ST_1 : Operation 717 [1/1] (0.00ns)   --->   "%x_load_100_cast = zext i1 %x_load_100_read"   --->   Operation 717 'zext' 'x_load_100_cast' <Predicate = true> <Delay = 0.00>
ST_1 : Operation 718 [1/1] (0.00ns)   --->   "%x_load_101_cast = zext i1 %x_load_101_read"   --->   Operation 718 'zext' 'x_load_101_cast' <Predicate = true> <Delay = 0.00>
ST_1 : Operation 719 [1/1] (0.00ns)   --->   "%x_load_102_cast = zext i1 %x_load_102_read"   --->   Operation 719 'zext' 'x_load_102_cast' <Predicate = true> <Delay = 0.00>
ST_1 : Operation 720 [1/1] (0.00ns)   --->   "%x_load_103_cast = zext i1 %x_load_103_read"   --->   Operation 720 'zext' 'x_load_103_cast' <Predicate = true> <Delay = 0.00>
ST_1 : Operation 721 [1/1] (0.00ns)   --->   "%x_load_104_cast = zext i1 %x_load_104_read"   --->   Operation 721 'zext' 'x_load_104_cast' <Predicate = true> <Delay = 0.00>
ST_1 : Operation 722 [1/1] (0.00ns)   --->   "%x_load_105_cast = zext i1 %x_load_105_read"   --->   Operation 722 'zext' 'x_load_105_cast' <Predicate = true> <Delay = 0.00>
ST_1 : Operation 723 [1/1] (0.00ns)   --->   "%x_load_106_cast = zext i1 %x_load_106_read"   --->   Operation 723 'zext' 'x_load_106_cast' <Predicate = true> <Delay = 0.00>
ST_1 : Operation 724 [1/1] (0.00ns)   --->   "%x_load_107_cast = zext i1 %x_load_107_read"   --->   Operation 724 'zext' 'x_load_107_cast' <Predicate = true> <Delay = 0.00>
ST_1 : Operation 725 [1/1] (0.00ns)   --->   "%x_load_108_cast = zext i1 %x_load_108_read"   --->   Operation 725 'zext' 'x_load_108_cast' <Predicate = true> <Delay = 0.00>
ST_1 : Operation 726 [1/1] (0.00ns)   --->   "%x_load_109_cast = zext i1 %x_load_109_read"   --->   Operation 726 'zext' 'x_load_109_cast' <Predicate = true> <Delay = 0.00>
ST_1 : Operation 727 [1/1] (0.00ns)   --->   "%x_load_110_cast = zext i1 %x_load_110_read"   --->   Operation 727 'zext' 'x_load_110_cast' <Predicate = true> <Delay = 0.00>
ST_1 : Operation 728 [1/1] (0.00ns)   --->   "%x_load_111_cast = zext i1 %x_load_111_read"   --->   Operation 728 'zext' 'x_load_111_cast' <Predicate = true> <Delay = 0.00>
ST_1 : Operation 729 [1/1] (0.00ns)   --->   "%x_load_112_cast = zext i1 %x_load_112_read"   --->   Operation 729 'zext' 'x_load_112_cast' <Predicate = true> <Delay = 0.00>
ST_1 : Operation 730 [1/1] (0.00ns)   --->   "%x_load_113_cast = zext i1 %x_load_113_read"   --->   Operation 730 'zext' 'x_load_113_cast' <Predicate = true> <Delay = 0.00>
ST_1 : Operation 731 [1/1] (0.00ns)   --->   "%x_load_114_cast = zext i1 %x_load_114_read"   --->   Operation 731 'zext' 'x_load_114_cast' <Predicate = true> <Delay = 0.00>
ST_1 : Operation 732 [1/1] (0.00ns)   --->   "%x_load_115_cast = zext i1 %x_load_115_read"   --->   Operation 732 'zext' 'x_load_115_cast' <Predicate = true> <Delay = 0.00>
ST_1 : Operation 733 [1/1] (0.00ns)   --->   "%x_load_116_cast = zext i1 %x_load_116_read"   --->   Operation 733 'zext' 'x_load_116_cast' <Predicate = true> <Delay = 0.00>
ST_1 : Operation 734 [1/1] (0.00ns)   --->   "%x_load_117_cast = zext i1 %x_load_117_read"   --->   Operation 734 'zext' 'x_load_117_cast' <Predicate = true> <Delay = 0.00>
ST_1 : Operation 735 [1/1] (0.00ns)   --->   "%x_load_118_cast = zext i1 %x_load_118_read"   --->   Operation 735 'zext' 'x_load_118_cast' <Predicate = true> <Delay = 0.00>
ST_1 : Operation 736 [1/1] (0.00ns)   --->   "%x_load_119_cast = zext i1 %x_load_119_read"   --->   Operation 736 'zext' 'x_load_119_cast' <Predicate = true> <Delay = 0.00>
ST_1 : Operation 737 [1/1] (0.00ns)   --->   "%x_load_120_cast = zext i1 %x_load_120_read"   --->   Operation 737 'zext' 'x_load_120_cast' <Predicate = true> <Delay = 0.00>
ST_1 : Operation 738 [1/1] (0.00ns)   --->   "%x_load_121_cast = zext i1 %x_load_121_read"   --->   Operation 738 'zext' 'x_load_121_cast' <Predicate = true> <Delay = 0.00>
ST_1 : Operation 739 [1/1] (0.00ns)   --->   "%x_load_122_cast = zext i1 %x_load_122_read"   --->   Operation 739 'zext' 'x_load_122_cast' <Predicate = true> <Delay = 0.00>
ST_1 : Operation 740 [1/1] (0.00ns)   --->   "%x_load_123_cast = zext i1 %x_load_123_read"   --->   Operation 740 'zext' 'x_load_123_cast' <Predicate = true> <Delay = 0.00>
ST_1 : Operation 741 [1/1] (0.00ns)   --->   "%x_load_124_cast = zext i1 %x_load_124_read"   --->   Operation 741 'zext' 'x_load_124_cast' <Predicate = true> <Delay = 0.00>
ST_1 : Operation 742 [1/1] (0.00ns)   --->   "%x_load_125_cast = zext i1 %x_load_125_read"   --->   Operation 742 'zext' 'x_load_125_cast' <Predicate = true> <Delay = 0.00>
ST_1 : Operation 743 [1/1] (0.00ns)   --->   "%x_load_126_cast = zext i1 %x_load_126_read"   --->   Operation 743 'zext' 'x_load_126_cast' <Predicate = true> <Delay = 0.00>
ST_1 : Operation 744 [1/1] (0.00ns)   --->   "%x_load_127_cast = zext i1 %x_load_127_read"   --->   Operation 744 'zext' 'x_load_127_cast' <Predicate = true> <Delay = 0.00>
ST_1 : Operation 745 [1/1] (0.00ns)   --->   "%x_load_128_cast = zext i1 %x_load_128_read"   --->   Operation 745 'zext' 'x_load_128_cast' <Predicate = true> <Delay = 0.00>
ST_1 : Operation 746 [1/1] (0.00ns)   --->   "%x_load_129_cast = zext i1 %x_load_129_read"   --->   Operation 746 'zext' 'x_load_129_cast' <Predicate = true> <Delay = 0.00>
ST_1 : Operation 747 [1/1] (0.00ns)   --->   "%x_load_130_cast = zext i1 %x_load_130_read"   --->   Operation 747 'zext' 'x_load_130_cast' <Predicate = true> <Delay = 0.00>
ST_1 : Operation 748 [1/1] (0.00ns)   --->   "%x_load_131_cast = zext i1 %x_load_131_read"   --->   Operation 748 'zext' 'x_load_131_cast' <Predicate = true> <Delay = 0.00>
ST_1 : Operation 749 [1/1] (0.00ns)   --->   "%x_load_132_cast = zext i1 %x_load_132_read"   --->   Operation 749 'zext' 'x_load_132_cast' <Predicate = true> <Delay = 0.00>
ST_1 : Operation 750 [1/1] (0.00ns)   --->   "%x_load_133_cast = zext i1 %x_load_133_read"   --->   Operation 750 'zext' 'x_load_133_cast' <Predicate = true> <Delay = 0.00>
ST_1 : Operation 751 [1/1] (0.00ns)   --->   "%x_load_134_cast = zext i1 %x_load_134_read"   --->   Operation 751 'zext' 'x_load_134_cast' <Predicate = true> <Delay = 0.00>
ST_1 : Operation 752 [1/1] (0.00ns)   --->   "%x_load_135_cast = zext i1 %x_load_135_read"   --->   Operation 752 'zext' 'x_load_135_cast' <Predicate = true> <Delay = 0.00>
ST_1 : Operation 753 [1/1] (0.00ns)   --->   "%x_load_136_cast = zext i1 %x_load_136_read"   --->   Operation 753 'zext' 'x_load_136_cast' <Predicate = true> <Delay = 0.00>
ST_1 : Operation 754 [1/1] (0.00ns)   --->   "%x_load_137_cast = zext i1 %x_load_137_read"   --->   Operation 754 'zext' 'x_load_137_cast' <Predicate = true> <Delay = 0.00>
ST_1 : Operation 755 [1/1] (0.00ns)   --->   "%x_load_138_cast = zext i1 %x_load_138_read"   --->   Operation 755 'zext' 'x_load_138_cast' <Predicate = true> <Delay = 0.00>
ST_1 : Operation 756 [1/1] (0.00ns)   --->   "%x_load_139_cast = zext i1 %x_load_139_read"   --->   Operation 756 'zext' 'x_load_139_cast' <Predicate = true> <Delay = 0.00>
ST_1 : Operation 757 [1/1] (0.00ns)   --->   "%x_load_140_cast = zext i1 %x_load_140_read"   --->   Operation 757 'zext' 'x_load_140_cast' <Predicate = true> <Delay = 0.00>
ST_1 : Operation 758 [1/1] (0.00ns)   --->   "%x_load_141_cast = zext i1 %x_load_141_read"   --->   Operation 758 'zext' 'x_load_141_cast' <Predicate = true> <Delay = 0.00>
ST_1 : Operation 759 [1/1] (0.00ns)   --->   "%x_load_142_cast = zext i1 %x_load_142_read"   --->   Operation 759 'zext' 'x_load_142_cast' <Predicate = true> <Delay = 0.00>
ST_1 : Operation 760 [1/1] (0.00ns)   --->   "%x_load_143_cast = zext i1 %x_load_143_read"   --->   Operation 760 'zext' 'x_load_143_cast' <Predicate = true> <Delay = 0.00>
ST_1 : Operation 761 [1/1] (0.00ns)   --->   "%x_load_144_cast = zext i1 %x_load_144_read"   --->   Operation 761 'zext' 'x_load_144_cast' <Predicate = true> <Delay = 0.00>
ST_1 : Operation 762 [1/1] (0.00ns)   --->   "%x_load_145_cast = zext i1 %x_load_145_read"   --->   Operation 762 'zext' 'x_load_145_cast' <Predicate = true> <Delay = 0.00>
ST_1 : Operation 763 [1/1] (0.00ns)   --->   "%x_load_146_cast = zext i1 %x_load_146_read"   --->   Operation 763 'zext' 'x_load_146_cast' <Predicate = true> <Delay = 0.00>
ST_1 : Operation 764 [1/1] (0.00ns)   --->   "%x_load_147_cast = zext i1 %x_load_147_read"   --->   Operation 764 'zext' 'x_load_147_cast' <Predicate = true> <Delay = 0.00>
ST_1 : Operation 765 [1/1] (0.00ns)   --->   "%x_load_148_cast = zext i1 %x_load_148_read"   --->   Operation 765 'zext' 'x_load_148_cast' <Predicate = true> <Delay = 0.00>
ST_1 : Operation 766 [1/1] (0.00ns)   --->   "%x_load_149_cast = zext i1 %x_load_149_read"   --->   Operation 766 'zext' 'x_load_149_cast' <Predicate = true> <Delay = 0.00>
ST_1 : Operation 767 [1/1] (0.00ns)   --->   "%x_load_150_cast = zext i1 %x_load_150_read"   --->   Operation 767 'zext' 'x_load_150_cast' <Predicate = true> <Delay = 0.00>
ST_1 : Operation 768 [1/1] (0.00ns)   --->   "%x_load_151_cast = zext i1 %x_load_151_read"   --->   Operation 768 'zext' 'x_load_151_cast' <Predicate = true> <Delay = 0.00>
ST_1 : Operation 769 [1/1] (0.00ns)   --->   "%x_load_152_cast = zext i1 %x_load_152_read"   --->   Operation 769 'zext' 'x_load_152_cast' <Predicate = true> <Delay = 0.00>
ST_1 : Operation 770 [1/1] (0.00ns)   --->   "%x_load_153_cast = zext i1 %x_load_153_read"   --->   Operation 770 'zext' 'x_load_153_cast' <Predicate = true> <Delay = 0.00>
ST_1 : Operation 771 [1/1] (0.00ns)   --->   "%x_load_154_cast = zext i1 %x_load_154_read"   --->   Operation 771 'zext' 'x_load_154_cast' <Predicate = true> <Delay = 0.00>
ST_1 : Operation 772 [1/1] (0.00ns)   --->   "%x_load_155_cast = zext i1 %x_load_155_read"   --->   Operation 772 'zext' 'x_load_155_cast' <Predicate = true> <Delay = 0.00>
ST_1 : Operation 773 [1/1] (0.00ns)   --->   "%x_load_156_cast = zext i1 %x_load_156_read"   --->   Operation 773 'zext' 'x_load_156_cast' <Predicate = true> <Delay = 0.00>
ST_1 : Operation 774 [1/1] (0.00ns)   --->   "%x_load_157_cast = zext i1 %x_load_157_read"   --->   Operation 774 'zext' 'x_load_157_cast' <Predicate = true> <Delay = 0.00>
ST_1 : Operation 775 [1/1] (0.00ns)   --->   "%x_load_158_cast = zext i1 %x_load_158_read"   --->   Operation 775 'zext' 'x_load_158_cast' <Predicate = true> <Delay = 0.00>
ST_1 : Operation 776 [1/1] (0.00ns)   --->   "%x_load_159_cast = zext i1 %x_load_159_read"   --->   Operation 776 'zext' 'x_load_159_cast' <Predicate = true> <Delay = 0.00>
ST_1 : Operation 777 [1/1] (0.00ns)   --->   "%x_load_160_cast = zext i1 %x_load_160_read"   --->   Operation 777 'zext' 'x_load_160_cast' <Predicate = true> <Delay = 0.00>
ST_1 : Operation 778 [1/1] (0.00ns)   --->   "%x_load_161_cast = zext i1 %x_load_161_read"   --->   Operation 778 'zext' 'x_load_161_cast' <Predicate = true> <Delay = 0.00>
ST_1 : Operation 779 [1/1] (0.00ns)   --->   "%x_load_162_cast = zext i1 %x_load_162_read"   --->   Operation 779 'zext' 'x_load_162_cast' <Predicate = true> <Delay = 0.00>
ST_1 : Operation 780 [1/1] (0.00ns)   --->   "%x_load_163_cast = zext i1 %x_load_163_read"   --->   Operation 780 'zext' 'x_load_163_cast' <Predicate = true> <Delay = 0.00>
ST_1 : Operation 781 [1/1] (0.00ns)   --->   "%x_load_164_cast = zext i1 %x_load_164_read"   --->   Operation 781 'zext' 'x_load_164_cast' <Predicate = true> <Delay = 0.00>
ST_1 : Operation 782 [1/1] (0.00ns)   --->   "%x_load_165_cast = zext i1 %x_load_165_read"   --->   Operation 782 'zext' 'x_load_165_cast' <Predicate = true> <Delay = 0.00>
ST_1 : Operation 783 [1/1] (0.00ns)   --->   "%x_load_166_cast = zext i1 %x_load_166_read"   --->   Operation 783 'zext' 'x_load_166_cast' <Predicate = true> <Delay = 0.00>
ST_1 : Operation 784 [1/1] (0.00ns)   --->   "%x_load_167_cast = zext i1 %x_load_167_read"   --->   Operation 784 'zext' 'x_load_167_cast' <Predicate = true> <Delay = 0.00>
ST_1 : Operation 785 [1/1] (0.00ns)   --->   "%x_load_168_cast = zext i1 %x_load_168_read"   --->   Operation 785 'zext' 'x_load_168_cast' <Predicate = true> <Delay = 0.00>
ST_1 : Operation 786 [1/1] (0.00ns)   --->   "%x_load_169_cast = zext i1 %x_load_169_read"   --->   Operation 786 'zext' 'x_load_169_cast' <Predicate = true> <Delay = 0.00>
ST_1 : Operation 787 [1/1] (0.00ns)   --->   "%x_load_170_cast = zext i1 %x_load_170_read"   --->   Operation 787 'zext' 'x_load_170_cast' <Predicate = true> <Delay = 0.00>
ST_1 : Operation 788 [1/1] (0.00ns)   --->   "%x_load_171_cast = zext i1 %x_load_171_read"   --->   Operation 788 'zext' 'x_load_171_cast' <Predicate = true> <Delay = 0.00>
ST_1 : Operation 789 [1/1] (0.00ns)   --->   "%x_load_172_cast = zext i1 %x_load_172_read"   --->   Operation 789 'zext' 'x_load_172_cast' <Predicate = true> <Delay = 0.00>
ST_1 : Operation 790 [1/1] (0.00ns)   --->   "%x_load_173_cast = zext i1 %x_load_173_read"   --->   Operation 790 'zext' 'x_load_173_cast' <Predicate = true> <Delay = 0.00>
ST_1 : Operation 791 [1/1] (0.00ns)   --->   "%x_load_174_cast = zext i1 %x_load_174_read"   --->   Operation 791 'zext' 'x_load_174_cast' <Predicate = true> <Delay = 0.00>
ST_1 : Operation 792 [1/1] (0.00ns)   --->   "%x_load_175_cast = zext i1 %x_load_175_read"   --->   Operation 792 'zext' 'x_load_175_cast' <Predicate = true> <Delay = 0.00>
ST_1 : Operation 793 [1/1] (0.00ns)   --->   "%x_load_176_cast = zext i1 %x_load_176_read"   --->   Operation 793 'zext' 'x_load_176_cast' <Predicate = true> <Delay = 0.00>
ST_1 : Operation 794 [1/1] (0.00ns)   --->   "%x_load_177_cast = zext i1 %x_load_177_read"   --->   Operation 794 'zext' 'x_load_177_cast' <Predicate = true> <Delay = 0.00>
ST_1 : Operation 795 [1/1] (0.00ns)   --->   "%x_load_178_cast = zext i1 %x_load_178_read"   --->   Operation 795 'zext' 'x_load_178_cast' <Predicate = true> <Delay = 0.00>
ST_1 : Operation 796 [1/1] (0.00ns)   --->   "%x_load_179_cast = zext i1 %x_load_179_read"   --->   Operation 796 'zext' 'x_load_179_cast' <Predicate = true> <Delay = 0.00>
ST_1 : Operation 797 [1/1] (0.00ns)   --->   "%x_load_180_cast = zext i1 %x_load_180_read"   --->   Operation 797 'zext' 'x_load_180_cast' <Predicate = true> <Delay = 0.00>
ST_1 : Operation 798 [1/1] (0.00ns)   --->   "%x_load_181_cast = zext i1 %x_load_181_read"   --->   Operation 798 'zext' 'x_load_181_cast' <Predicate = true> <Delay = 0.00>
ST_1 : Operation 799 [1/1] (0.00ns)   --->   "%x_load_182_cast = zext i1 %x_load_182_read"   --->   Operation 799 'zext' 'x_load_182_cast' <Predicate = true> <Delay = 0.00>
ST_1 : Operation 800 [1/1] (0.00ns)   --->   "%x_load_183_cast = zext i1 %x_load_183_read"   --->   Operation 800 'zext' 'x_load_183_cast' <Predicate = true> <Delay = 0.00>
ST_1 : Operation 801 [1/1] (0.00ns)   --->   "%x_load_184_cast = zext i1 %x_load_184_read"   --->   Operation 801 'zext' 'x_load_184_cast' <Predicate = true> <Delay = 0.00>
ST_1 : Operation 802 [1/1] (0.00ns)   --->   "%x_load_185_cast = zext i1 %x_load_185_read"   --->   Operation 802 'zext' 'x_load_185_cast' <Predicate = true> <Delay = 0.00>
ST_1 : Operation 803 [1/1] (0.00ns)   --->   "%x_load_186_cast = zext i1 %x_load_186_read"   --->   Operation 803 'zext' 'x_load_186_cast' <Predicate = true> <Delay = 0.00>
ST_1 : Operation 804 [1/1] (0.00ns)   --->   "%x_load_187_cast = zext i1 %x_load_187_read"   --->   Operation 804 'zext' 'x_load_187_cast' <Predicate = true> <Delay = 0.00>
ST_1 : Operation 805 [1/1] (0.00ns)   --->   "%x_load_188_cast = zext i1 %x_load_188_read"   --->   Operation 805 'zext' 'x_load_188_cast' <Predicate = true> <Delay = 0.00>
ST_1 : Operation 806 [1/1] (0.00ns)   --->   "%x_load_189_cast = zext i1 %x_load_189_read"   --->   Operation 806 'zext' 'x_load_189_cast' <Predicate = true> <Delay = 0.00>
ST_1 : Operation 807 [1/1] (0.00ns)   --->   "%x_load_190_cast = zext i1 %x_load_190_read"   --->   Operation 807 'zext' 'x_load_190_cast' <Predicate = true> <Delay = 0.00>
ST_1 : Operation 808 [1/1] (0.00ns)   --->   "%x_load_191_cast = zext i1 %x_load_191_read"   --->   Operation 808 'zext' 'x_load_191_cast' <Predicate = true> <Delay = 0.00>
ST_1 : Operation 809 [1/1] (0.00ns)   --->   "%x_load_192_cast = zext i1 %x_load_192_read"   --->   Operation 809 'zext' 'x_load_192_cast' <Predicate = true> <Delay = 0.00>
ST_1 : Operation 810 [1/1] (0.00ns)   --->   "%x_load_193_cast = zext i1 %x_load_193_read"   --->   Operation 810 'zext' 'x_load_193_cast' <Predicate = true> <Delay = 0.00>
ST_1 : Operation 811 [1/1] (0.00ns)   --->   "%x_load_194_cast = zext i1 %x_load_194_read"   --->   Operation 811 'zext' 'x_load_194_cast' <Predicate = true> <Delay = 0.00>
ST_1 : Operation 812 [1/1] (0.00ns)   --->   "%x_load_195_cast = zext i1 %x_load_195_read"   --->   Operation 812 'zext' 'x_load_195_cast' <Predicate = true> <Delay = 0.00>
ST_1 : Operation 813 [1/1] (0.00ns)   --->   "%x_load_196_cast = zext i1 %x_load_196_read"   --->   Operation 813 'zext' 'x_load_196_cast' <Predicate = true> <Delay = 0.00>
ST_1 : Operation 814 [1/1] (0.00ns)   --->   "%x_load_197_cast = zext i1 %x_load_197_read"   --->   Operation 814 'zext' 'x_load_197_cast' <Predicate = true> <Delay = 0.00>
ST_1 : Operation 815 [1/1] (0.00ns)   --->   "%x_load_198_cast = zext i1 %x_load_198_read"   --->   Operation 815 'zext' 'x_load_198_cast' <Predicate = true> <Delay = 0.00>
ST_1 : Operation 816 [1/1] (0.00ns)   --->   "%x_load_199_cast = zext i1 %x_load_199_read"   --->   Operation 816 'zext' 'x_load_199_cast' <Predicate = true> <Delay = 0.00>
ST_1 : Operation 817 [1/1] (0.00ns)   --->   "%x_load_200_cast = zext i1 %x_load_200_read"   --->   Operation 817 'zext' 'x_load_200_cast' <Predicate = true> <Delay = 0.00>
ST_1 : Operation 818 [1/1] (0.00ns)   --->   "%x_load_201_cast = zext i1 %x_load_201_read"   --->   Operation 818 'zext' 'x_load_201_cast' <Predicate = true> <Delay = 0.00>
ST_1 : Operation 819 [1/1] (0.00ns)   --->   "%x_load_202_cast = zext i1 %x_load_202_read"   --->   Operation 819 'zext' 'x_load_202_cast' <Predicate = true> <Delay = 0.00>
ST_1 : Operation 820 [1/1] (0.00ns)   --->   "%x_load_203_cast = zext i1 %x_load_203_read"   --->   Operation 820 'zext' 'x_load_203_cast' <Predicate = true> <Delay = 0.00>
ST_1 : Operation 821 [1/1] (0.00ns)   --->   "%x_load_204_cast = zext i1 %x_load_204_read"   --->   Operation 821 'zext' 'x_load_204_cast' <Predicate = true> <Delay = 0.00>
ST_1 : Operation 822 [1/1] (0.00ns)   --->   "%x_load_205_cast = zext i1 %x_load_205_read"   --->   Operation 822 'zext' 'x_load_205_cast' <Predicate = true> <Delay = 0.00>
ST_1 : Operation 823 [1/1] (0.00ns)   --->   "%x_load_206_cast = zext i1 %x_load_206_read"   --->   Operation 823 'zext' 'x_load_206_cast' <Predicate = true> <Delay = 0.00>
ST_1 : Operation 824 [1/1] (0.00ns)   --->   "%x_load_207_cast = zext i1 %x_load_207_read"   --->   Operation 824 'zext' 'x_load_207_cast' <Predicate = true> <Delay = 0.00>
ST_1 : Operation 825 [1/1] (0.00ns)   --->   "%x_load_208_cast = zext i1 %x_load_208_read"   --->   Operation 825 'zext' 'x_load_208_cast' <Predicate = true> <Delay = 0.00>
ST_1 : Operation 826 [1/1] (0.00ns)   --->   "%x_load_209_cast = zext i1 %x_load_209_read"   --->   Operation 826 'zext' 'x_load_209_cast' <Predicate = true> <Delay = 0.00>
ST_1 : Operation 827 [1/1] (0.00ns)   --->   "%x_load_210_cast = zext i1 %x_load_210_read"   --->   Operation 827 'zext' 'x_load_210_cast' <Predicate = true> <Delay = 0.00>
ST_1 : Operation 828 [1/1] (0.00ns)   --->   "%x_load_211_cast = zext i1 %x_load_211_read"   --->   Operation 828 'zext' 'x_load_211_cast' <Predicate = true> <Delay = 0.00>
ST_1 : Operation 829 [1/1] (0.00ns)   --->   "%x_load_212_cast = zext i1 %x_load_212_read"   --->   Operation 829 'zext' 'x_load_212_cast' <Predicate = true> <Delay = 0.00>
ST_1 : Operation 830 [1/1] (0.00ns)   --->   "%x_load_213_cast = zext i1 %x_load_213_read"   --->   Operation 830 'zext' 'x_load_213_cast' <Predicate = true> <Delay = 0.00>
ST_1 : Operation 831 [1/1] (0.00ns)   --->   "%x_load_214_cast = zext i1 %x_load_214_read"   --->   Operation 831 'zext' 'x_load_214_cast' <Predicate = true> <Delay = 0.00>
ST_1 : Operation 832 [1/1] (0.00ns)   --->   "%x_load_215_cast = zext i1 %x_load_215_read"   --->   Operation 832 'zext' 'x_load_215_cast' <Predicate = true> <Delay = 0.00>
ST_1 : Operation 833 [1/1] (0.00ns)   --->   "%x_load_216_cast = zext i1 %x_load_216_read"   --->   Operation 833 'zext' 'x_load_216_cast' <Predicate = true> <Delay = 0.00>
ST_1 : Operation 834 [1/1] (0.00ns)   --->   "%x_load_217_cast = zext i1 %x_load_217_read"   --->   Operation 834 'zext' 'x_load_217_cast' <Predicate = true> <Delay = 0.00>
ST_1 : Operation 835 [1/1] (0.00ns)   --->   "%x_load_218_cast = zext i1 %x_load_218_read"   --->   Operation 835 'zext' 'x_load_218_cast' <Predicate = true> <Delay = 0.00>
ST_1 : Operation 836 [1/1] (0.00ns)   --->   "%x_load_219_cast = zext i1 %x_load_219_read"   --->   Operation 836 'zext' 'x_load_219_cast' <Predicate = true> <Delay = 0.00>
ST_1 : Operation 837 [1/1] (0.00ns)   --->   "%x_load_220_cast = zext i1 %x_load_220_read"   --->   Operation 837 'zext' 'x_load_220_cast' <Predicate = true> <Delay = 0.00>
ST_1 : Operation 838 [1/1] (0.00ns)   --->   "%x_load_221_cast = zext i1 %x_load_221_read"   --->   Operation 838 'zext' 'x_load_221_cast' <Predicate = true> <Delay = 0.00>
ST_1 : Operation 839 [1/1] (0.00ns)   --->   "%x_load_222_cast = zext i1 %x_load_222_read"   --->   Operation 839 'zext' 'x_load_222_cast' <Predicate = true> <Delay = 0.00>
ST_1 : Operation 840 [1/1] (0.00ns)   --->   "%x_load_223_cast = zext i1 %x_load_223_read"   --->   Operation 840 'zext' 'x_load_223_cast' <Predicate = true> <Delay = 0.00>
ST_1 : Operation 841 [1/1] (0.00ns)   --->   "%x_load_224_cast = zext i1 %x_load_224_read"   --->   Operation 841 'zext' 'x_load_224_cast' <Predicate = true> <Delay = 0.00>
ST_1 : Operation 842 [1/1] (0.00ns)   --->   "%x_load_225_cast = zext i1 %x_load_225_read"   --->   Operation 842 'zext' 'x_load_225_cast' <Predicate = true> <Delay = 0.00>
ST_1 : Operation 843 [1/1] (0.00ns)   --->   "%x_load_226_cast = zext i1 %x_load_226_read"   --->   Operation 843 'zext' 'x_load_226_cast' <Predicate = true> <Delay = 0.00>
ST_1 : Operation 844 [1/1] (0.00ns)   --->   "%x_load_227_cast = zext i1 %x_load_227_read"   --->   Operation 844 'zext' 'x_load_227_cast' <Predicate = true> <Delay = 0.00>
ST_1 : Operation 845 [1/1] (0.00ns)   --->   "%x_load_228_cast = zext i1 %x_load_228_read"   --->   Operation 845 'zext' 'x_load_228_cast' <Predicate = true> <Delay = 0.00>
ST_1 : Operation 846 [1/1] (0.00ns)   --->   "%x_load_229_cast = zext i1 %x_load_229_read"   --->   Operation 846 'zext' 'x_load_229_cast' <Predicate = true> <Delay = 0.00>
ST_1 : Operation 847 [1/1] (0.00ns)   --->   "%x_load_230_cast = zext i1 %x_load_230_read"   --->   Operation 847 'zext' 'x_load_230_cast' <Predicate = true> <Delay = 0.00>
ST_1 : Operation 848 [1/1] (0.00ns)   --->   "%x_load_231_cast = zext i1 %x_load_231_read"   --->   Operation 848 'zext' 'x_load_231_cast' <Predicate = true> <Delay = 0.00>
ST_1 : Operation 849 [1/1] (0.00ns)   --->   "%x_load_232_cast = zext i1 %x_load_232_read"   --->   Operation 849 'zext' 'x_load_232_cast' <Predicate = true> <Delay = 0.00>
ST_1 : Operation 850 [1/1] (0.00ns)   --->   "%x_load_233_cast = zext i1 %x_load_233_read"   --->   Operation 850 'zext' 'x_load_233_cast' <Predicate = true> <Delay = 0.00>
ST_1 : Operation 851 [1/1] (0.00ns)   --->   "%x_load_234_cast = zext i1 %x_load_234_read"   --->   Operation 851 'zext' 'x_load_234_cast' <Predicate = true> <Delay = 0.00>
ST_1 : Operation 852 [1/1] (0.00ns)   --->   "%x_load_235_cast = zext i1 %x_load_235_read"   --->   Operation 852 'zext' 'x_load_235_cast' <Predicate = true> <Delay = 0.00>
ST_1 : Operation 853 [1/1] (0.00ns)   --->   "%x_load_236_cast = zext i1 %x_load_236_read"   --->   Operation 853 'zext' 'x_load_236_cast' <Predicate = true> <Delay = 0.00>
ST_1 : Operation 854 [1/1] (0.00ns)   --->   "%x_load_237_cast = zext i1 %x_load_237_read"   --->   Operation 854 'zext' 'x_load_237_cast' <Predicate = true> <Delay = 0.00>
ST_1 : Operation 855 [1/1] (0.00ns)   --->   "%x_load_238_cast = zext i1 %x_load_238_read"   --->   Operation 855 'zext' 'x_load_238_cast' <Predicate = true> <Delay = 0.00>
ST_1 : Operation 856 [1/1] (0.00ns)   --->   "%x_load_239_cast = zext i1 %x_load_239_read"   --->   Operation 856 'zext' 'x_load_239_cast' <Predicate = true> <Delay = 0.00>
ST_1 : Operation 857 [1/1] (0.00ns)   --->   "%x_load_240_cast = zext i1 %x_load_240_read"   --->   Operation 857 'zext' 'x_load_240_cast' <Predicate = true> <Delay = 0.00>
ST_1 : Operation 858 [1/1] (0.00ns)   --->   "%x_load_241_cast = zext i1 %x_load_241_read"   --->   Operation 858 'zext' 'x_load_241_cast' <Predicate = true> <Delay = 0.00>
ST_1 : Operation 859 [1/1] (0.00ns)   --->   "%x_load_242_cast = zext i1 %x_load_242_read"   --->   Operation 859 'zext' 'x_load_242_cast' <Predicate = true> <Delay = 0.00>
ST_1 : Operation 860 [1/1] (0.00ns)   --->   "%x_load_243_cast = zext i1 %x_load_243_read"   --->   Operation 860 'zext' 'x_load_243_cast' <Predicate = true> <Delay = 0.00>
ST_1 : Operation 861 [1/1] (0.00ns)   --->   "%x_load_244_cast = zext i1 %x_load_244_read"   --->   Operation 861 'zext' 'x_load_244_cast' <Predicate = true> <Delay = 0.00>
ST_1 : Operation 862 [1/1] (0.00ns)   --->   "%x_load_245_cast = zext i1 %x_load_245_read"   --->   Operation 862 'zext' 'x_load_245_cast' <Predicate = true> <Delay = 0.00>
ST_1 : Operation 863 [1/1] (0.00ns)   --->   "%x_load_246_cast = zext i1 %x_load_246_read"   --->   Operation 863 'zext' 'x_load_246_cast' <Predicate = true> <Delay = 0.00>
ST_1 : Operation 864 [1/1] (0.00ns)   --->   "%x_load_247_cast = zext i1 %x_load_247_read"   --->   Operation 864 'zext' 'x_load_247_cast' <Predicate = true> <Delay = 0.00>
ST_1 : Operation 865 [1/1] (0.00ns)   --->   "%x_load_248_cast = zext i1 %x_load_248_read"   --->   Operation 865 'zext' 'x_load_248_cast' <Predicate = true> <Delay = 0.00>
ST_1 : Operation 866 [1/1] (0.00ns)   --->   "%x_load_249_cast = zext i1 %x_load_249_read"   --->   Operation 866 'zext' 'x_load_249_cast' <Predicate = true> <Delay = 0.00>
ST_1 : Operation 867 [1/1] (0.00ns)   --->   "%x_load_250_cast = zext i1 %x_load_250_read"   --->   Operation 867 'zext' 'x_load_250_cast' <Predicate = true> <Delay = 0.00>
ST_1 : Operation 868 [1/1] (0.00ns)   --->   "%x_load_251_cast = zext i1 %x_load_251_read"   --->   Operation 868 'zext' 'x_load_251_cast' <Predicate = true> <Delay = 0.00>
ST_1 : Operation 869 [1/1] (0.00ns)   --->   "%x_load_252_cast = zext i1 %x_load_252_read"   --->   Operation 869 'zext' 'x_load_252_cast' <Predicate = true> <Delay = 0.00>
ST_1 : Operation 870 [1/1] (0.00ns)   --->   "%x_load_253_cast = zext i1 %x_load_253_read"   --->   Operation 870 'zext' 'x_load_253_cast' <Predicate = true> <Delay = 0.00>
ST_1 : Operation 871 [1/1] (0.00ns)   --->   "%x_load_254_cast = zext i1 %x_load_254_read"   --->   Operation 871 'zext' 'x_load_254_cast' <Predicate = true> <Delay = 0.00>
ST_1 : Operation 872 [1/1] (0.00ns)   --->   "%x_load_255_cast = zext i1 %x_load_255_read"   --->   Operation 872 'zext' 'x_load_255_cast' <Predicate = true> <Delay = 0.00>
ST_1 : Operation 873 [1/1] (0.00ns)   --->   "%x_load_256_cast = zext i1 %x_load_256_read"   --->   Operation 873 'zext' 'x_load_256_cast' <Predicate = true> <Delay = 0.00>
ST_1 : Operation 874 [1/1] (0.00ns)   --->   "%x_load_257_cast = zext i1 %x_load_257_read"   --->   Operation 874 'zext' 'x_load_257_cast' <Predicate = true> <Delay = 0.00>
ST_1 : Operation 875 [1/1] (0.00ns)   --->   "%x_load_258_cast = zext i1 %x_load_258_read"   --->   Operation 875 'zext' 'x_load_258_cast' <Predicate = true> <Delay = 0.00>
ST_1 : Operation 876 [1/1] (0.00ns)   --->   "%x_load_259_cast = zext i1 %x_load_259_read"   --->   Operation 876 'zext' 'x_load_259_cast' <Predicate = true> <Delay = 0.00>
ST_1 : Operation 877 [1/1] (0.00ns)   --->   "%x_load_260_cast = zext i1 %x_load_260_read"   --->   Operation 877 'zext' 'x_load_260_cast' <Predicate = true> <Delay = 0.00>
ST_1 : Operation 878 [1/1] (0.00ns)   --->   "%x_load_261_cast = zext i1 %x_load_261_read"   --->   Operation 878 'zext' 'x_load_261_cast' <Predicate = true> <Delay = 0.00>
ST_1 : Operation 879 [1/1] (0.00ns)   --->   "%x_load_262_cast = zext i1 %x_load_262_read"   --->   Operation 879 'zext' 'x_load_262_cast' <Predicate = true> <Delay = 0.00>
ST_1 : Operation 880 [1/1] (0.00ns)   --->   "%x_load_263_cast = zext i1 %x_load_263_read"   --->   Operation 880 'zext' 'x_load_263_cast' <Predicate = true> <Delay = 0.00>
ST_1 : Operation 881 [1/1] (0.00ns)   --->   "%x_load_264_cast = zext i1 %x_load_264_read"   --->   Operation 881 'zext' 'x_load_264_cast' <Predicate = true> <Delay = 0.00>
ST_1 : Operation 882 [1/1] (0.00ns)   --->   "%x_load_265_cast = zext i1 %x_load_265_read"   --->   Operation 882 'zext' 'x_load_265_cast' <Predicate = true> <Delay = 0.00>
ST_1 : Operation 883 [1/1] (0.00ns)   --->   "%x_load_266_cast = zext i1 %x_load_266_read"   --->   Operation 883 'zext' 'x_load_266_cast' <Predicate = true> <Delay = 0.00>
ST_1 : Operation 884 [1/1] (0.00ns)   --->   "%x_load_267_cast = zext i1 %x_load_267_read"   --->   Operation 884 'zext' 'x_load_267_cast' <Predicate = true> <Delay = 0.00>
ST_1 : Operation 885 [1/1] (0.00ns)   --->   "%x_load_268_cast = zext i1 %x_load_268_read"   --->   Operation 885 'zext' 'x_load_268_cast' <Predicate = true> <Delay = 0.00>
ST_1 : Operation 886 [1/1] (0.00ns)   --->   "%x_load_269_cast = zext i1 %x_load_269_read"   --->   Operation 886 'zext' 'x_load_269_cast' <Predicate = true> <Delay = 0.00>
ST_1 : Operation 887 [1/1] (0.00ns)   --->   "%x_load_270_cast = zext i1 %x_load_270_read"   --->   Operation 887 'zext' 'x_load_270_cast' <Predicate = true> <Delay = 0.00>
ST_1 : Operation 888 [1/1] (0.00ns)   --->   "%x_load_271_cast = zext i1 %x_load_271_read"   --->   Operation 888 'zext' 'x_load_271_cast' <Predicate = true> <Delay = 0.00>
ST_1 : Operation 889 [1/1] (0.00ns)   --->   "%x_load_272_cast = zext i1 %x_load_272_read"   --->   Operation 889 'zext' 'x_load_272_cast' <Predicate = true> <Delay = 0.00>
ST_1 : Operation 890 [1/1] (0.00ns)   --->   "%x_load_273_cast = zext i1 %x_load_273_read"   --->   Operation 890 'zext' 'x_load_273_cast' <Predicate = true> <Delay = 0.00>
ST_1 : Operation 891 [1/1] (0.00ns)   --->   "%x_load_274_cast = zext i1 %x_load_274_read"   --->   Operation 891 'zext' 'x_load_274_cast' <Predicate = true> <Delay = 0.00>
ST_1 : Operation 892 [1/1] (0.00ns)   --->   "%x_load_275_cast = zext i1 %x_load_275_read"   --->   Operation 892 'zext' 'x_load_275_cast' <Predicate = true> <Delay = 0.00>
ST_1 : Operation 893 [1/1] (0.00ns)   --->   "%x_load_276_cast = zext i1 %x_load_276_read"   --->   Operation 893 'zext' 'x_load_276_cast' <Predicate = true> <Delay = 0.00>
ST_1 : Operation 894 [1/1] (0.00ns)   --->   "%x_load_277_cast = zext i1 %x_load_277_read"   --->   Operation 894 'zext' 'x_load_277_cast' <Predicate = true> <Delay = 0.00>
ST_1 : Operation 895 [1/1] (0.00ns)   --->   "%x_load_278_cast = zext i1 %x_load_278_read"   --->   Operation 895 'zext' 'x_load_278_cast' <Predicate = true> <Delay = 0.00>
ST_1 : Operation 896 [1/1] (0.00ns)   --->   "%x_load_279_cast = zext i1 %x_load_279_read"   --->   Operation 896 'zext' 'x_load_279_cast' <Predicate = true> <Delay = 0.00>
ST_1 : Operation 897 [1/1] (0.00ns)   --->   "%x_load_280_cast = zext i1 %x_load_280_read"   --->   Operation 897 'zext' 'x_load_280_cast' <Predicate = true> <Delay = 0.00>
ST_1 : Operation 898 [1/1] (0.00ns)   --->   "%x_load_281_cast = zext i1 %x_load_281_read"   --->   Operation 898 'zext' 'x_load_281_cast' <Predicate = true> <Delay = 0.00>
ST_1 : Operation 899 [1/1] (0.00ns)   --->   "%x_load_282_cast = zext i1 %x_load_282_read"   --->   Operation 899 'zext' 'x_load_282_cast' <Predicate = true> <Delay = 0.00>
ST_1 : Operation 900 [1/1] (0.00ns)   --->   "%x_load_283_cast = zext i1 %x_load_283_read"   --->   Operation 900 'zext' 'x_load_283_cast' <Predicate = true> <Delay = 0.00>
ST_1 : Operation 901 [1/1] (0.00ns)   --->   "%x_load_284_cast = zext i1 %x_load_284_read"   --->   Operation 901 'zext' 'x_load_284_cast' <Predicate = true> <Delay = 0.00>
ST_1 : Operation 902 [1/1] (0.00ns)   --->   "%x_load_285_cast = zext i1 %x_load_285_read"   --->   Operation 902 'zext' 'x_load_285_cast' <Predicate = true> <Delay = 0.00>
ST_1 : Operation 903 [1/1] (0.00ns)   --->   "%x_load_286_cast = zext i1 %x_load_286_read"   --->   Operation 903 'zext' 'x_load_286_cast' <Predicate = true> <Delay = 0.00>
ST_1 : Operation 904 [1/1] (0.00ns)   --->   "%x_load_287_cast = zext i1 %x_load_287_read"   --->   Operation 904 'zext' 'x_load_287_cast' <Predicate = true> <Delay = 0.00>
ST_1 : Operation 905 [1/1] (0.00ns)   --->   "%x_load_288_cast = zext i1 %x_load_288_read"   --->   Operation 905 'zext' 'x_load_288_cast' <Predicate = true> <Delay = 0.00>
ST_1 : Operation 906 [1/1] (0.00ns)   --->   "%x_load_289_cast = zext i1 %x_load_289_read"   --->   Operation 906 'zext' 'x_load_289_cast' <Predicate = true> <Delay = 0.00>
ST_1 : Operation 907 [1/1] (0.00ns)   --->   "%x_load_290_cast = zext i1 %x_load_290_read"   --->   Operation 907 'zext' 'x_load_290_cast' <Predicate = true> <Delay = 0.00>
ST_1 : Operation 908 [1/1] (0.00ns)   --->   "%x_load_291_cast = zext i1 %x_load_291_read"   --->   Operation 908 'zext' 'x_load_291_cast' <Predicate = true> <Delay = 0.00>
ST_1 : Operation 909 [1/1] (0.00ns)   --->   "%x_load_292_cast = zext i1 %x_load_292_read"   --->   Operation 909 'zext' 'x_load_292_cast' <Predicate = true> <Delay = 0.00>
ST_1 : Operation 910 [1/1] (0.00ns)   --->   "%x_load_293_cast = zext i1 %x_load_293_read"   --->   Operation 910 'zext' 'x_load_293_cast' <Predicate = true> <Delay = 0.00>
ST_1 : Operation 911 [1/1] (0.00ns)   --->   "%x_load_294_cast = zext i1 %x_load_294_read"   --->   Operation 911 'zext' 'x_load_294_cast' <Predicate = true> <Delay = 0.00>
ST_1 : Operation 912 [1/1] (0.00ns)   --->   "%x_load_295_cast = zext i1 %x_load_295_read"   --->   Operation 912 'zext' 'x_load_295_cast' <Predicate = true> <Delay = 0.00>
ST_1 : Operation 913 [1/1] (0.00ns)   --->   "%x_load_296_cast = zext i1 %x_load_296_read"   --->   Operation 913 'zext' 'x_load_296_cast' <Predicate = true> <Delay = 0.00>
ST_1 : Operation 914 [1/1] (0.00ns)   --->   "%x_load_297_cast = zext i1 %x_load_297_read"   --->   Operation 914 'zext' 'x_load_297_cast' <Predicate = true> <Delay = 0.00>
ST_1 : Operation 915 [1/1] (0.00ns)   --->   "%x_load_298_cast = zext i1 %x_load_298_read"   --->   Operation 915 'zext' 'x_load_298_cast' <Predicate = true> <Delay = 0.00>
ST_1 : Operation 916 [1/1] (0.00ns)   --->   "%specaxissidechannel_ln0 = specaxissidechannel void @_ssdm_op_SpecAXISSideChannel, i32 %out_stream_V_data_V, i4 %out_stream_V_keep_V, i4 %out_stream_V_strb_V, i2 %out_stream_V_user_V, i1 %out_stream_V_last_V, i5 %out_stream_V_id_V, i6 %out_stream_V_dest_V, void @empty_2"   --->   Operation 916 'specaxissidechannel' 'specaxissidechannel_ln0' <Predicate = true> <Delay = 0.00>
ST_1 : Operation 917 [1/1] (0.00ns)   --->   "%specaxissidechannel_ln0 = specaxissidechannel void @_ssdm_op_SpecAXISSideChannel, i32 %in_stream_V_data_V, i4 %in_stream_V_keep_V, i4 %in_stream_V_strb_V, i2 %in_stream_V_user_V, i1 %in_stream_V_last_V, i5 %in_stream_V_id_V, i6 %in_stream_V_dest_V, void @empty_3"   --->   Operation 917 'specaxissidechannel' 'specaxissidechannel_ln0' <Predicate = true> <Delay = 0.00>
ST_1 : Operation 918 [1/1] (0.00ns)   --->   "%specinterface_ln0 = specinterface void @_ssdm_op_SpecInterface, i6 %out_stream_V_dest_V, i5 %out_stream_V_id_V, i1 %out_stream_V_last_V, i2 %out_stream_V_user_V, i4 %out_stream_V_strb_V, i4 %out_stream_V_keep_V, i32 %out_stream_V_data_V, void @empty, i32 0, i32 0, void @empty_0, i32 0, i32 0, void @empty_1, void @empty_1, void @empty_1, i32 0, i32 0, i32 0, i32 0, void @empty_1, void @empty_1, i32 4294967295, i32 0, i32 0"   --->   Operation 918 'specinterface' 'specinterface_ln0' <Predicate = true> <Delay = 0.00>
ST_1 : Operation 919 [1/1] (0.00ns)   --->   "%specinterface_ln0 = specinterface void @_ssdm_op_SpecInterface, i6 %in_stream_V_dest_V, i5 %in_stream_V_id_V, i1 %in_stream_V_last_V, i2 %in_stream_V_user_V, i4 %in_stream_V_strb_V, i4 %in_stream_V_keep_V, i32 %in_stream_V_data_V, void @empty, i32 0, i32 0, void @empty_0, i32 0, i32 0, void @empty_1, void @empty_1, void @empty_1, i32 0, i32 0, i32 0, i32 0, void @empty_1, void @empty_1, i32 4294967295, i32 0, i32 0"   --->   Operation 919 'specinterface' 'specinterface_ln0' <Predicate = true> <Delay = 0.00>
ST_1 : Operation 920 [1/1] (0.42ns)   --->   "%store_ln0 = store i32 %x_load_298_cast, i32 %empty_314"   --->   Operation 920 'store' 'store_ln0' <Predicate = true> <Delay = 0.42>
ST_1 : Operation 921 [1/1] (0.42ns)   --->   "%store_ln0 = store i32 %x_load_297_cast, i32 %empty_313"   --->   Operation 921 'store' 'store_ln0' <Predicate = true> <Delay = 0.42>
ST_1 : Operation 922 [1/1] (0.42ns)   --->   "%store_ln0 = store i32 %x_load_296_cast, i32 %empty_312"   --->   Operation 922 'store' 'store_ln0' <Predicate = true> <Delay = 0.42>
ST_1 : Operation 923 [1/1] (0.42ns)   --->   "%store_ln0 = store i32 %x_load_295_cast, i32 %empty_311"   --->   Operation 923 'store' 'store_ln0' <Predicate = true> <Delay = 0.42>
ST_1 : Operation 924 [1/1] (0.42ns)   --->   "%store_ln0 = store i32 %x_load_294_cast, i32 %empty_310"   --->   Operation 924 'store' 'store_ln0' <Predicate = true> <Delay = 0.42>
ST_1 : Operation 925 [1/1] (0.42ns)   --->   "%store_ln0 = store i32 %x_load_293_cast, i32 %empty_309"   --->   Operation 925 'store' 'store_ln0' <Predicate = true> <Delay = 0.42>
ST_1 : Operation 926 [1/1] (0.42ns)   --->   "%store_ln0 = store i32 %x_load_292_cast, i32 %empty_308"   --->   Operation 926 'store' 'store_ln0' <Predicate = true> <Delay = 0.42>
ST_1 : Operation 927 [1/1] (0.42ns)   --->   "%store_ln0 = store i32 %x_load_291_cast, i32 %empty_307"   --->   Operation 927 'store' 'store_ln0' <Predicate = true> <Delay = 0.42>
ST_1 : Operation 928 [1/1] (0.42ns)   --->   "%store_ln0 = store i32 %x_load_290_cast, i32 %empty_306"   --->   Operation 928 'store' 'store_ln0' <Predicate = true> <Delay = 0.42>
ST_1 : Operation 929 [1/1] (0.42ns)   --->   "%store_ln0 = store i32 %x_load_289_cast, i32 %empty_305"   --->   Operation 929 'store' 'store_ln0' <Predicate = true> <Delay = 0.42>
ST_1 : Operation 930 [1/1] (0.42ns)   --->   "%store_ln0 = store i32 %x_load_288_cast, i32 %empty_304"   --->   Operation 930 'store' 'store_ln0' <Predicate = true> <Delay = 0.42>
ST_1 : Operation 931 [1/1] (0.42ns)   --->   "%store_ln0 = store i32 %x_load_287_cast, i32 %empty_303"   --->   Operation 931 'store' 'store_ln0' <Predicate = true> <Delay = 0.42>
ST_1 : Operation 932 [1/1] (0.42ns)   --->   "%store_ln0 = store i32 %x_load_286_cast, i32 %empty_302"   --->   Operation 932 'store' 'store_ln0' <Predicate = true> <Delay = 0.42>
ST_1 : Operation 933 [1/1] (0.42ns)   --->   "%store_ln0 = store i32 %x_load_285_cast, i32 %empty_301"   --->   Operation 933 'store' 'store_ln0' <Predicate = true> <Delay = 0.42>
ST_1 : Operation 934 [1/1] (0.42ns)   --->   "%store_ln0 = store i32 %x_load_284_cast, i32 %empty_300"   --->   Operation 934 'store' 'store_ln0' <Predicate = true> <Delay = 0.42>
ST_1 : Operation 935 [1/1] (0.42ns)   --->   "%store_ln0 = store i32 %x_load_283_cast, i32 %empty_299"   --->   Operation 935 'store' 'store_ln0' <Predicate = true> <Delay = 0.42>
ST_1 : Operation 936 [1/1] (0.42ns)   --->   "%store_ln0 = store i32 %x_load_282_cast, i32 %empty_298"   --->   Operation 936 'store' 'store_ln0' <Predicate = true> <Delay = 0.42>
ST_1 : Operation 937 [1/1] (0.42ns)   --->   "%store_ln0 = store i32 %x_load_281_cast, i32 %empty_297"   --->   Operation 937 'store' 'store_ln0' <Predicate = true> <Delay = 0.42>
ST_1 : Operation 938 [1/1] (0.42ns)   --->   "%store_ln0 = store i32 %x_load_280_cast, i32 %empty_296"   --->   Operation 938 'store' 'store_ln0' <Predicate = true> <Delay = 0.42>
ST_1 : Operation 939 [1/1] (0.42ns)   --->   "%store_ln0 = store i32 %x_load_279_cast, i32 %empty_295"   --->   Operation 939 'store' 'store_ln0' <Predicate = true> <Delay = 0.42>
ST_1 : Operation 940 [1/1] (0.42ns)   --->   "%store_ln0 = store i32 %x_load_278_cast, i32 %empty_294"   --->   Operation 940 'store' 'store_ln0' <Predicate = true> <Delay = 0.42>
ST_1 : Operation 941 [1/1] (0.42ns)   --->   "%store_ln0 = store i32 %x_load_277_cast, i32 %empty_293"   --->   Operation 941 'store' 'store_ln0' <Predicate = true> <Delay = 0.42>
ST_1 : Operation 942 [1/1] (0.42ns)   --->   "%store_ln0 = store i32 %x_load_276_cast, i32 %empty_292"   --->   Operation 942 'store' 'store_ln0' <Predicate = true> <Delay = 0.42>
ST_1 : Operation 943 [1/1] (0.42ns)   --->   "%store_ln0 = store i32 %x_load_275_cast, i32 %empty_291"   --->   Operation 943 'store' 'store_ln0' <Predicate = true> <Delay = 0.42>
ST_1 : Operation 944 [1/1] (0.42ns)   --->   "%store_ln0 = store i32 %x_load_274_cast, i32 %empty_290"   --->   Operation 944 'store' 'store_ln0' <Predicate = true> <Delay = 0.42>
ST_1 : Operation 945 [1/1] (0.42ns)   --->   "%store_ln0 = store i32 %x_load_273_cast, i32 %empty_289"   --->   Operation 945 'store' 'store_ln0' <Predicate = true> <Delay = 0.42>
ST_1 : Operation 946 [1/1] (0.42ns)   --->   "%store_ln0 = store i32 %x_load_272_cast, i32 %empty_288"   --->   Operation 946 'store' 'store_ln0' <Predicate = true> <Delay = 0.42>
ST_1 : Operation 947 [1/1] (0.42ns)   --->   "%store_ln0 = store i32 %x_load_271_cast, i32 %empty_287"   --->   Operation 947 'store' 'store_ln0' <Predicate = true> <Delay = 0.42>
ST_1 : Operation 948 [1/1] (0.42ns)   --->   "%store_ln0 = store i32 %x_load_270_cast, i32 %empty_286"   --->   Operation 948 'store' 'store_ln0' <Predicate = true> <Delay = 0.42>
ST_1 : Operation 949 [1/1] (0.42ns)   --->   "%store_ln0 = store i32 %x_load_269_cast, i32 %empty_285"   --->   Operation 949 'store' 'store_ln0' <Predicate = true> <Delay = 0.42>
ST_1 : Operation 950 [1/1] (0.42ns)   --->   "%store_ln0 = store i32 %x_load_268_cast, i32 %empty_284"   --->   Operation 950 'store' 'store_ln0' <Predicate = true> <Delay = 0.42>
ST_1 : Operation 951 [1/1] (0.42ns)   --->   "%store_ln0 = store i32 %x_load_267_cast, i32 %empty_283"   --->   Operation 951 'store' 'store_ln0' <Predicate = true> <Delay = 0.42>
ST_1 : Operation 952 [1/1] (0.42ns)   --->   "%store_ln0 = store i32 %x_load_266_cast, i32 %empty_282"   --->   Operation 952 'store' 'store_ln0' <Predicate = true> <Delay = 0.42>
ST_1 : Operation 953 [1/1] (0.42ns)   --->   "%store_ln0 = store i32 %x_load_265_cast, i32 %empty_281"   --->   Operation 953 'store' 'store_ln0' <Predicate = true> <Delay = 0.42>
ST_1 : Operation 954 [1/1] (0.42ns)   --->   "%store_ln0 = store i32 %x_load_264_cast, i32 %empty_280"   --->   Operation 954 'store' 'store_ln0' <Predicate = true> <Delay = 0.42>
ST_1 : Operation 955 [1/1] (0.42ns)   --->   "%store_ln0 = store i32 %x_load_263_cast, i32 %empty_279"   --->   Operation 955 'store' 'store_ln0' <Predicate = true> <Delay = 0.42>
ST_1 : Operation 956 [1/1] (0.42ns)   --->   "%store_ln0 = store i32 %x_load_262_cast, i32 %empty_278"   --->   Operation 956 'store' 'store_ln0' <Predicate = true> <Delay = 0.42>
ST_1 : Operation 957 [1/1] (0.42ns)   --->   "%store_ln0 = store i32 %x_load_261_cast, i32 %empty_277"   --->   Operation 957 'store' 'store_ln0' <Predicate = true> <Delay = 0.42>
ST_1 : Operation 958 [1/1] (0.42ns)   --->   "%store_ln0 = store i32 %x_load_260_cast, i32 %empty_276"   --->   Operation 958 'store' 'store_ln0' <Predicate = true> <Delay = 0.42>
ST_1 : Operation 959 [1/1] (0.42ns)   --->   "%store_ln0 = store i32 %x_load_259_cast, i32 %empty_275"   --->   Operation 959 'store' 'store_ln0' <Predicate = true> <Delay = 0.42>
ST_1 : Operation 960 [1/1] (0.42ns)   --->   "%store_ln0 = store i32 %x_load_258_cast, i32 %empty_274"   --->   Operation 960 'store' 'store_ln0' <Predicate = true> <Delay = 0.42>
ST_1 : Operation 961 [1/1] (0.42ns)   --->   "%store_ln0 = store i32 %x_load_257_cast, i32 %empty_273"   --->   Operation 961 'store' 'store_ln0' <Predicate = true> <Delay = 0.42>
ST_1 : Operation 962 [1/1] (0.42ns)   --->   "%store_ln0 = store i32 %x_load_256_cast, i32 %empty_272"   --->   Operation 962 'store' 'store_ln0' <Predicate = true> <Delay = 0.42>
ST_1 : Operation 963 [1/1] (0.42ns)   --->   "%store_ln0 = store i32 %x_load_255_cast, i32 %empty_271"   --->   Operation 963 'store' 'store_ln0' <Predicate = true> <Delay = 0.42>
ST_1 : Operation 964 [1/1] (0.42ns)   --->   "%store_ln0 = store i32 %x_load_254_cast, i32 %empty_270"   --->   Operation 964 'store' 'store_ln0' <Predicate = true> <Delay = 0.42>
ST_1 : Operation 965 [1/1] (0.42ns)   --->   "%store_ln0 = store i32 %x_load_253_cast, i32 %empty_269"   --->   Operation 965 'store' 'store_ln0' <Predicate = true> <Delay = 0.42>
ST_1 : Operation 966 [1/1] (0.42ns)   --->   "%store_ln0 = store i32 %x_load_252_cast, i32 %empty_268"   --->   Operation 966 'store' 'store_ln0' <Predicate = true> <Delay = 0.42>
ST_1 : Operation 967 [1/1] (0.42ns)   --->   "%store_ln0 = store i32 %x_load_251_cast, i32 %empty_267"   --->   Operation 967 'store' 'store_ln0' <Predicate = true> <Delay = 0.42>
ST_1 : Operation 968 [1/1] (0.42ns)   --->   "%store_ln0 = store i32 %x_load_250_cast, i32 %empty_266"   --->   Operation 968 'store' 'store_ln0' <Predicate = true> <Delay = 0.42>
ST_1 : Operation 969 [1/1] (0.42ns)   --->   "%store_ln0 = store i32 %x_load_249_cast, i32 %empty_265"   --->   Operation 969 'store' 'store_ln0' <Predicate = true> <Delay = 0.42>
ST_1 : Operation 970 [1/1] (0.42ns)   --->   "%store_ln0 = store i32 %x_load_248_cast, i32 %empty_264"   --->   Operation 970 'store' 'store_ln0' <Predicate = true> <Delay = 0.42>
ST_1 : Operation 971 [1/1] (0.42ns)   --->   "%store_ln0 = store i32 %x_load_247_cast, i32 %empty_263"   --->   Operation 971 'store' 'store_ln0' <Predicate = true> <Delay = 0.42>
ST_1 : Operation 972 [1/1] (0.42ns)   --->   "%store_ln0 = store i32 %x_load_246_cast, i32 %empty_262"   --->   Operation 972 'store' 'store_ln0' <Predicate = true> <Delay = 0.42>
ST_1 : Operation 973 [1/1] (0.42ns)   --->   "%store_ln0 = store i32 %x_load_245_cast, i32 %empty_261"   --->   Operation 973 'store' 'store_ln0' <Predicate = true> <Delay = 0.42>
ST_1 : Operation 974 [1/1] (0.42ns)   --->   "%store_ln0 = store i32 %x_load_244_cast, i32 %empty_260"   --->   Operation 974 'store' 'store_ln0' <Predicate = true> <Delay = 0.42>
ST_1 : Operation 975 [1/1] (0.42ns)   --->   "%store_ln0 = store i32 %x_load_243_cast, i32 %empty_259"   --->   Operation 975 'store' 'store_ln0' <Predicate = true> <Delay = 0.42>
ST_1 : Operation 976 [1/1] (0.42ns)   --->   "%store_ln0 = store i32 %x_load_242_cast, i32 %empty_258"   --->   Operation 976 'store' 'store_ln0' <Predicate = true> <Delay = 0.42>
ST_1 : Operation 977 [1/1] (0.42ns)   --->   "%store_ln0 = store i32 %x_load_241_cast, i32 %empty_257"   --->   Operation 977 'store' 'store_ln0' <Predicate = true> <Delay = 0.42>
ST_1 : Operation 978 [1/1] (0.42ns)   --->   "%store_ln0 = store i32 %x_load_240_cast, i32 %empty_256"   --->   Operation 978 'store' 'store_ln0' <Predicate = true> <Delay = 0.42>
ST_1 : Operation 979 [1/1] (0.42ns)   --->   "%store_ln0 = store i32 %x_load_239_cast, i32 %empty_255"   --->   Operation 979 'store' 'store_ln0' <Predicate = true> <Delay = 0.42>
ST_1 : Operation 980 [1/1] (0.42ns)   --->   "%store_ln0 = store i32 %x_load_238_cast, i32 %empty_254"   --->   Operation 980 'store' 'store_ln0' <Predicate = true> <Delay = 0.42>
ST_1 : Operation 981 [1/1] (0.42ns)   --->   "%store_ln0 = store i32 %x_load_237_cast, i32 %empty_253"   --->   Operation 981 'store' 'store_ln0' <Predicate = true> <Delay = 0.42>
ST_1 : Operation 982 [1/1] (0.42ns)   --->   "%store_ln0 = store i32 %x_load_236_cast, i32 %empty_252"   --->   Operation 982 'store' 'store_ln0' <Predicate = true> <Delay = 0.42>
ST_1 : Operation 983 [1/1] (0.42ns)   --->   "%store_ln0 = store i32 %x_load_235_cast, i32 %empty_251"   --->   Operation 983 'store' 'store_ln0' <Predicate = true> <Delay = 0.42>
ST_1 : Operation 984 [1/1] (0.42ns)   --->   "%store_ln0 = store i32 %x_load_234_cast, i32 %empty_250"   --->   Operation 984 'store' 'store_ln0' <Predicate = true> <Delay = 0.42>
ST_1 : Operation 985 [1/1] (0.42ns)   --->   "%store_ln0 = store i32 %x_load_233_cast, i32 %empty_249"   --->   Operation 985 'store' 'store_ln0' <Predicate = true> <Delay = 0.42>
ST_1 : Operation 986 [1/1] (0.42ns)   --->   "%store_ln0 = store i32 %x_load_232_cast, i32 %empty_248"   --->   Operation 986 'store' 'store_ln0' <Predicate = true> <Delay = 0.42>
ST_1 : Operation 987 [1/1] (0.42ns)   --->   "%store_ln0 = store i32 %x_load_231_cast, i32 %empty_247"   --->   Operation 987 'store' 'store_ln0' <Predicate = true> <Delay = 0.42>
ST_1 : Operation 988 [1/1] (0.42ns)   --->   "%store_ln0 = store i32 %x_load_230_cast, i32 %empty_246"   --->   Operation 988 'store' 'store_ln0' <Predicate = true> <Delay = 0.42>
ST_1 : Operation 989 [1/1] (0.42ns)   --->   "%store_ln0 = store i32 %x_load_229_cast, i32 %empty_245"   --->   Operation 989 'store' 'store_ln0' <Predicate = true> <Delay = 0.42>
ST_1 : Operation 990 [1/1] (0.42ns)   --->   "%store_ln0 = store i32 %x_load_228_cast, i32 %empty_244"   --->   Operation 990 'store' 'store_ln0' <Predicate = true> <Delay = 0.42>
ST_1 : Operation 991 [1/1] (0.42ns)   --->   "%store_ln0 = store i32 %x_load_227_cast, i32 %empty_243"   --->   Operation 991 'store' 'store_ln0' <Predicate = true> <Delay = 0.42>
ST_1 : Operation 992 [1/1] (0.42ns)   --->   "%store_ln0 = store i32 %x_load_226_cast, i32 %empty_242"   --->   Operation 992 'store' 'store_ln0' <Predicate = true> <Delay = 0.42>
ST_1 : Operation 993 [1/1] (0.42ns)   --->   "%store_ln0 = store i32 %x_load_225_cast, i32 %empty_241"   --->   Operation 993 'store' 'store_ln0' <Predicate = true> <Delay = 0.42>
ST_1 : Operation 994 [1/1] (0.42ns)   --->   "%store_ln0 = store i32 %x_load_224_cast, i32 %empty_240"   --->   Operation 994 'store' 'store_ln0' <Predicate = true> <Delay = 0.42>
ST_1 : Operation 995 [1/1] (0.42ns)   --->   "%store_ln0 = store i32 %x_load_223_cast, i32 %empty_239"   --->   Operation 995 'store' 'store_ln0' <Predicate = true> <Delay = 0.42>
ST_1 : Operation 996 [1/1] (0.42ns)   --->   "%store_ln0 = store i32 %x_load_222_cast, i32 %empty_238"   --->   Operation 996 'store' 'store_ln0' <Predicate = true> <Delay = 0.42>
ST_1 : Operation 997 [1/1] (0.42ns)   --->   "%store_ln0 = store i32 %x_load_221_cast, i32 %empty_237"   --->   Operation 997 'store' 'store_ln0' <Predicate = true> <Delay = 0.42>
ST_1 : Operation 998 [1/1] (0.42ns)   --->   "%store_ln0 = store i32 %x_load_220_cast, i32 %empty_236"   --->   Operation 998 'store' 'store_ln0' <Predicate = true> <Delay = 0.42>
ST_1 : Operation 999 [1/1] (0.42ns)   --->   "%store_ln0 = store i32 %x_load_219_cast, i32 %empty_235"   --->   Operation 999 'store' 'store_ln0' <Predicate = true> <Delay = 0.42>
ST_1 : Operation 1000 [1/1] (0.42ns)   --->   "%store_ln0 = store i32 %x_load_218_cast, i32 %empty_234"   --->   Operation 1000 'store' 'store_ln0' <Predicate = true> <Delay = 0.42>
ST_1 : Operation 1001 [1/1] (0.42ns)   --->   "%store_ln0 = store i32 %x_load_217_cast, i32 %empty_233"   --->   Operation 1001 'store' 'store_ln0' <Predicate = true> <Delay = 0.42>
ST_1 : Operation 1002 [1/1] (0.42ns)   --->   "%store_ln0 = store i32 %x_load_216_cast, i32 %empty_232"   --->   Operation 1002 'store' 'store_ln0' <Predicate = true> <Delay = 0.42>
ST_1 : Operation 1003 [1/1] (0.42ns)   --->   "%store_ln0 = store i32 %x_load_215_cast, i32 %empty_231"   --->   Operation 1003 'store' 'store_ln0' <Predicate = true> <Delay = 0.42>
ST_1 : Operation 1004 [1/1] (0.42ns)   --->   "%store_ln0 = store i32 %x_load_214_cast, i32 %empty_230"   --->   Operation 1004 'store' 'store_ln0' <Predicate = true> <Delay = 0.42>
ST_1 : Operation 1005 [1/1] (0.42ns)   --->   "%store_ln0 = store i32 %x_load_213_cast, i32 %empty_229"   --->   Operation 1005 'store' 'store_ln0' <Predicate = true> <Delay = 0.42>
ST_1 : Operation 1006 [1/1] (0.42ns)   --->   "%store_ln0 = store i32 %x_load_212_cast, i32 %empty_228"   --->   Operation 1006 'store' 'store_ln0' <Predicate = true> <Delay = 0.42>
ST_1 : Operation 1007 [1/1] (0.42ns)   --->   "%store_ln0 = store i32 %x_load_211_cast, i32 %empty_227"   --->   Operation 1007 'store' 'store_ln0' <Predicate = true> <Delay = 0.42>
ST_1 : Operation 1008 [1/1] (0.42ns)   --->   "%store_ln0 = store i32 %x_load_210_cast, i32 %empty_226"   --->   Operation 1008 'store' 'store_ln0' <Predicate = true> <Delay = 0.42>
ST_1 : Operation 1009 [1/1] (0.42ns)   --->   "%store_ln0 = store i32 %x_load_209_cast, i32 %empty_225"   --->   Operation 1009 'store' 'store_ln0' <Predicate = true> <Delay = 0.42>
ST_1 : Operation 1010 [1/1] (0.42ns)   --->   "%store_ln0 = store i32 %x_load_208_cast, i32 %empty_224"   --->   Operation 1010 'store' 'store_ln0' <Predicate = true> <Delay = 0.42>
ST_1 : Operation 1011 [1/1] (0.42ns)   --->   "%store_ln0 = store i32 %x_load_207_cast, i32 %empty_223"   --->   Operation 1011 'store' 'store_ln0' <Predicate = true> <Delay = 0.42>
ST_1 : Operation 1012 [1/1] (0.42ns)   --->   "%store_ln0 = store i32 %x_load_206_cast, i32 %empty_222"   --->   Operation 1012 'store' 'store_ln0' <Predicate = true> <Delay = 0.42>
ST_1 : Operation 1013 [1/1] (0.42ns)   --->   "%store_ln0 = store i32 %x_load_205_cast, i32 %empty_221"   --->   Operation 1013 'store' 'store_ln0' <Predicate = true> <Delay = 0.42>
ST_1 : Operation 1014 [1/1] (0.42ns)   --->   "%store_ln0 = store i32 %x_load_204_cast, i32 %empty_220"   --->   Operation 1014 'store' 'store_ln0' <Predicate = true> <Delay = 0.42>
ST_1 : Operation 1015 [1/1] (0.42ns)   --->   "%store_ln0 = store i32 %x_load_203_cast, i32 %empty_219"   --->   Operation 1015 'store' 'store_ln0' <Predicate = true> <Delay = 0.42>
ST_1 : Operation 1016 [1/1] (0.42ns)   --->   "%store_ln0 = store i32 %x_load_202_cast, i32 %empty_218"   --->   Operation 1016 'store' 'store_ln0' <Predicate = true> <Delay = 0.42>
ST_1 : Operation 1017 [1/1] (0.42ns)   --->   "%store_ln0 = store i32 %x_load_201_cast, i32 %empty_217"   --->   Operation 1017 'store' 'store_ln0' <Predicate = true> <Delay = 0.42>
ST_1 : Operation 1018 [1/1] (0.42ns)   --->   "%store_ln0 = store i32 %x_load_200_cast, i32 %empty_216"   --->   Operation 1018 'store' 'store_ln0' <Predicate = true> <Delay = 0.42>
ST_1 : Operation 1019 [1/1] (0.42ns)   --->   "%store_ln0 = store i32 %x_load_199_cast, i32 %empty_215"   --->   Operation 1019 'store' 'store_ln0' <Predicate = true> <Delay = 0.42>
ST_1 : Operation 1020 [1/1] (0.42ns)   --->   "%store_ln0 = store i32 %x_load_198_cast, i32 %empty_214"   --->   Operation 1020 'store' 'store_ln0' <Predicate = true> <Delay = 0.42>
ST_1 : Operation 1021 [1/1] (0.42ns)   --->   "%store_ln0 = store i32 %x_load_197_cast, i32 %empty_213"   --->   Operation 1021 'store' 'store_ln0' <Predicate = true> <Delay = 0.42>
ST_1 : Operation 1022 [1/1] (0.42ns)   --->   "%store_ln0 = store i32 %x_load_196_cast, i32 %empty_212"   --->   Operation 1022 'store' 'store_ln0' <Predicate = true> <Delay = 0.42>
ST_1 : Operation 1023 [1/1] (0.42ns)   --->   "%store_ln0 = store i32 %x_load_195_cast, i32 %empty_211"   --->   Operation 1023 'store' 'store_ln0' <Predicate = true> <Delay = 0.42>
ST_1 : Operation 1024 [1/1] (0.42ns)   --->   "%store_ln0 = store i32 %x_load_194_cast, i32 %empty_210"   --->   Operation 1024 'store' 'store_ln0' <Predicate = true> <Delay = 0.42>
ST_1 : Operation 1025 [1/1] (0.42ns)   --->   "%store_ln0 = store i32 %x_load_193_cast, i32 %empty_209"   --->   Operation 1025 'store' 'store_ln0' <Predicate = true> <Delay = 0.42>
ST_1 : Operation 1026 [1/1] (0.42ns)   --->   "%store_ln0 = store i32 %x_load_192_cast, i32 %empty_208"   --->   Operation 1026 'store' 'store_ln0' <Predicate = true> <Delay = 0.42>
ST_1 : Operation 1027 [1/1] (0.42ns)   --->   "%store_ln0 = store i32 %x_load_191_cast, i32 %empty_207"   --->   Operation 1027 'store' 'store_ln0' <Predicate = true> <Delay = 0.42>
ST_1 : Operation 1028 [1/1] (0.42ns)   --->   "%store_ln0 = store i32 %x_load_190_cast, i32 %empty_206"   --->   Operation 1028 'store' 'store_ln0' <Predicate = true> <Delay = 0.42>
ST_1 : Operation 1029 [1/1] (0.42ns)   --->   "%store_ln0 = store i32 %x_load_189_cast, i32 %empty_205"   --->   Operation 1029 'store' 'store_ln0' <Predicate = true> <Delay = 0.42>
ST_1 : Operation 1030 [1/1] (0.42ns)   --->   "%store_ln0 = store i32 %x_load_188_cast, i32 %empty_204"   --->   Operation 1030 'store' 'store_ln0' <Predicate = true> <Delay = 0.42>
ST_1 : Operation 1031 [1/1] (0.42ns)   --->   "%store_ln0 = store i32 %x_load_187_cast, i32 %empty_203"   --->   Operation 1031 'store' 'store_ln0' <Predicate = true> <Delay = 0.42>
ST_1 : Operation 1032 [1/1] (0.42ns)   --->   "%store_ln0 = store i32 %x_load_186_cast, i32 %empty_202"   --->   Operation 1032 'store' 'store_ln0' <Predicate = true> <Delay = 0.42>
ST_1 : Operation 1033 [1/1] (0.42ns)   --->   "%store_ln0 = store i32 %x_load_185_cast, i32 %empty_201"   --->   Operation 1033 'store' 'store_ln0' <Predicate = true> <Delay = 0.42>
ST_1 : Operation 1034 [1/1] (0.42ns)   --->   "%store_ln0 = store i32 %x_load_184_cast, i32 %empty_200"   --->   Operation 1034 'store' 'store_ln0' <Predicate = true> <Delay = 0.42>
ST_1 : Operation 1035 [1/1] (0.42ns)   --->   "%store_ln0 = store i32 %x_load_183_cast, i32 %empty_199"   --->   Operation 1035 'store' 'store_ln0' <Predicate = true> <Delay = 0.42>
ST_1 : Operation 1036 [1/1] (0.42ns)   --->   "%store_ln0 = store i32 %x_load_182_cast, i32 %empty_198"   --->   Operation 1036 'store' 'store_ln0' <Predicate = true> <Delay = 0.42>
ST_1 : Operation 1037 [1/1] (0.42ns)   --->   "%store_ln0 = store i32 %x_load_181_cast, i32 %empty_197"   --->   Operation 1037 'store' 'store_ln0' <Predicate = true> <Delay = 0.42>
ST_1 : Operation 1038 [1/1] (0.42ns)   --->   "%store_ln0 = store i32 %x_load_180_cast, i32 %empty_196"   --->   Operation 1038 'store' 'store_ln0' <Predicate = true> <Delay = 0.42>
ST_1 : Operation 1039 [1/1] (0.42ns)   --->   "%store_ln0 = store i32 %x_load_179_cast, i32 %empty_195"   --->   Operation 1039 'store' 'store_ln0' <Predicate = true> <Delay = 0.42>
ST_1 : Operation 1040 [1/1] (0.42ns)   --->   "%store_ln0 = store i32 %x_load_178_cast, i32 %empty_194"   --->   Operation 1040 'store' 'store_ln0' <Predicate = true> <Delay = 0.42>
ST_1 : Operation 1041 [1/1] (0.42ns)   --->   "%store_ln0 = store i32 %x_load_177_cast, i32 %empty_193"   --->   Operation 1041 'store' 'store_ln0' <Predicate = true> <Delay = 0.42>
ST_1 : Operation 1042 [1/1] (0.42ns)   --->   "%store_ln0 = store i32 %x_load_176_cast, i32 %empty_192"   --->   Operation 1042 'store' 'store_ln0' <Predicate = true> <Delay = 0.42>
ST_1 : Operation 1043 [1/1] (0.42ns)   --->   "%store_ln0 = store i32 %x_load_175_cast, i32 %empty_191"   --->   Operation 1043 'store' 'store_ln0' <Predicate = true> <Delay = 0.42>
ST_1 : Operation 1044 [1/1] (0.42ns)   --->   "%store_ln0 = store i32 %x_load_174_cast, i32 %empty_190"   --->   Operation 1044 'store' 'store_ln0' <Predicate = true> <Delay = 0.42>
ST_1 : Operation 1045 [1/1] (0.42ns)   --->   "%store_ln0 = store i32 %x_load_173_cast, i32 %empty_189"   --->   Operation 1045 'store' 'store_ln0' <Predicate = true> <Delay = 0.42>
ST_1 : Operation 1046 [1/1] (0.42ns)   --->   "%store_ln0 = store i32 %x_load_172_cast, i32 %empty_188"   --->   Operation 1046 'store' 'store_ln0' <Predicate = true> <Delay = 0.42>
ST_1 : Operation 1047 [1/1] (0.42ns)   --->   "%store_ln0 = store i32 %x_load_171_cast, i32 %empty_187"   --->   Operation 1047 'store' 'store_ln0' <Predicate = true> <Delay = 0.42>
ST_1 : Operation 1048 [1/1] (0.42ns)   --->   "%store_ln0 = store i32 %x_load_170_cast, i32 %empty_186"   --->   Operation 1048 'store' 'store_ln0' <Predicate = true> <Delay = 0.42>
ST_1 : Operation 1049 [1/1] (0.42ns)   --->   "%store_ln0 = store i32 %x_load_169_cast, i32 %empty_185"   --->   Operation 1049 'store' 'store_ln0' <Predicate = true> <Delay = 0.42>
ST_1 : Operation 1050 [1/1] (0.42ns)   --->   "%store_ln0 = store i32 %x_load_168_cast, i32 %empty_184"   --->   Operation 1050 'store' 'store_ln0' <Predicate = true> <Delay = 0.42>
ST_1 : Operation 1051 [1/1] (0.42ns)   --->   "%store_ln0 = store i32 %x_load_167_cast, i32 %empty_183"   --->   Operation 1051 'store' 'store_ln0' <Predicate = true> <Delay = 0.42>
ST_1 : Operation 1052 [1/1] (0.42ns)   --->   "%store_ln0 = store i32 %x_load_166_cast, i32 %empty_182"   --->   Operation 1052 'store' 'store_ln0' <Predicate = true> <Delay = 0.42>
ST_1 : Operation 1053 [1/1] (0.42ns)   --->   "%store_ln0 = store i32 %x_load_165_cast, i32 %empty_181"   --->   Operation 1053 'store' 'store_ln0' <Predicate = true> <Delay = 0.42>
ST_1 : Operation 1054 [1/1] (0.42ns)   --->   "%store_ln0 = store i32 %x_load_164_cast, i32 %empty_180"   --->   Operation 1054 'store' 'store_ln0' <Predicate = true> <Delay = 0.42>
ST_1 : Operation 1055 [1/1] (0.42ns)   --->   "%store_ln0 = store i32 %x_load_163_cast, i32 %empty_179"   --->   Operation 1055 'store' 'store_ln0' <Predicate = true> <Delay = 0.42>
ST_1 : Operation 1056 [1/1] (0.42ns)   --->   "%store_ln0 = store i32 %x_load_162_cast, i32 %empty_178"   --->   Operation 1056 'store' 'store_ln0' <Predicate = true> <Delay = 0.42>
ST_1 : Operation 1057 [1/1] (0.42ns)   --->   "%store_ln0 = store i32 %x_load_161_cast, i32 %empty_177"   --->   Operation 1057 'store' 'store_ln0' <Predicate = true> <Delay = 0.42>
ST_1 : Operation 1058 [1/1] (0.42ns)   --->   "%store_ln0 = store i32 %x_load_160_cast, i32 %empty_176"   --->   Operation 1058 'store' 'store_ln0' <Predicate = true> <Delay = 0.42>
ST_1 : Operation 1059 [1/1] (0.42ns)   --->   "%store_ln0 = store i32 %x_load_159_cast, i32 %empty_175"   --->   Operation 1059 'store' 'store_ln0' <Predicate = true> <Delay = 0.42>
ST_1 : Operation 1060 [1/1] (0.42ns)   --->   "%store_ln0 = store i32 %x_load_158_cast, i32 %empty_174"   --->   Operation 1060 'store' 'store_ln0' <Predicate = true> <Delay = 0.42>
ST_1 : Operation 1061 [1/1] (0.42ns)   --->   "%store_ln0 = store i32 %x_load_157_cast, i32 %empty_173"   --->   Operation 1061 'store' 'store_ln0' <Predicate = true> <Delay = 0.42>
ST_1 : Operation 1062 [1/1] (0.42ns)   --->   "%store_ln0 = store i32 %x_load_156_cast, i32 %empty_172"   --->   Operation 1062 'store' 'store_ln0' <Predicate = true> <Delay = 0.42>
ST_1 : Operation 1063 [1/1] (0.42ns)   --->   "%store_ln0 = store i32 %x_load_155_cast, i32 %empty_171"   --->   Operation 1063 'store' 'store_ln0' <Predicate = true> <Delay = 0.42>
ST_1 : Operation 1064 [1/1] (0.42ns)   --->   "%store_ln0 = store i32 %x_load_154_cast, i32 %empty_170"   --->   Operation 1064 'store' 'store_ln0' <Predicate = true> <Delay = 0.42>
ST_1 : Operation 1065 [1/1] (0.42ns)   --->   "%store_ln0 = store i32 %x_load_153_cast, i32 %empty_169"   --->   Operation 1065 'store' 'store_ln0' <Predicate = true> <Delay = 0.42>
ST_1 : Operation 1066 [1/1] (0.42ns)   --->   "%store_ln0 = store i32 %x_load_152_cast, i32 %empty_168"   --->   Operation 1066 'store' 'store_ln0' <Predicate = true> <Delay = 0.42>
ST_1 : Operation 1067 [1/1] (0.42ns)   --->   "%store_ln0 = store i32 %x_load_151_cast, i32 %empty_167"   --->   Operation 1067 'store' 'store_ln0' <Predicate = true> <Delay = 0.42>
ST_1 : Operation 1068 [1/1] (0.42ns)   --->   "%store_ln0 = store i32 %x_load_150_cast, i32 %empty_166"   --->   Operation 1068 'store' 'store_ln0' <Predicate = true> <Delay = 0.42>
ST_1 : Operation 1069 [1/1] (0.42ns)   --->   "%store_ln34 = store i32 %x_load_149_cast, i32 %I_path" [hilbert.cpp:34->hilbert.cpp:77]   --->   Operation 1069 'store' 'store_ln34' <Predicate = true> <Delay = 0.42>
ST_1 : Operation 1070 [1/1] (0.42ns)   --->   "%store_ln0 = store i32 %x_load_148_cast, i32 %empty_165"   --->   Operation 1070 'store' 'store_ln0' <Predicate = true> <Delay = 0.42>
ST_1 : Operation 1071 [1/1] (0.42ns)   --->   "%store_ln0 = store i32 %x_load_147_cast, i32 %empty_164"   --->   Operation 1071 'store' 'store_ln0' <Predicate = true> <Delay = 0.42>
ST_1 : Operation 1072 [1/1] (0.42ns)   --->   "%store_ln0 = store i32 %x_load_146_cast, i32 %empty_163"   --->   Operation 1072 'store' 'store_ln0' <Predicate = true> <Delay = 0.42>
ST_1 : Operation 1073 [1/1] (0.42ns)   --->   "%store_ln0 = store i32 %x_load_145_cast, i32 %empty_162"   --->   Operation 1073 'store' 'store_ln0' <Predicate = true> <Delay = 0.42>
ST_1 : Operation 1074 [1/1] (0.42ns)   --->   "%store_ln0 = store i32 %x_load_144_cast, i32 %empty_161"   --->   Operation 1074 'store' 'store_ln0' <Predicate = true> <Delay = 0.42>
ST_1 : Operation 1075 [1/1] (0.42ns)   --->   "%store_ln0 = store i32 %x_load_143_cast, i32 %empty_160"   --->   Operation 1075 'store' 'store_ln0' <Predicate = true> <Delay = 0.42>
ST_1 : Operation 1076 [1/1] (0.42ns)   --->   "%store_ln0 = store i32 %x_load_142_cast, i32 %empty_159"   --->   Operation 1076 'store' 'store_ln0' <Predicate = true> <Delay = 0.42>
ST_1 : Operation 1077 [1/1] (0.42ns)   --->   "%store_ln0 = store i32 %x_load_141_cast, i32 %empty_158"   --->   Operation 1077 'store' 'store_ln0' <Predicate = true> <Delay = 0.42>
ST_1 : Operation 1078 [1/1] (0.42ns)   --->   "%store_ln0 = store i32 %x_load_140_cast, i32 %empty_157"   --->   Operation 1078 'store' 'store_ln0' <Predicate = true> <Delay = 0.42>
ST_1 : Operation 1079 [1/1] (0.42ns)   --->   "%store_ln0 = store i32 %x_load_139_cast, i32 %empty_156"   --->   Operation 1079 'store' 'store_ln0' <Predicate = true> <Delay = 0.42>
ST_1 : Operation 1080 [1/1] (0.42ns)   --->   "%store_ln0 = store i32 %x_load_138_cast, i32 %empty_155"   --->   Operation 1080 'store' 'store_ln0' <Predicate = true> <Delay = 0.42>
ST_1 : Operation 1081 [1/1] (0.42ns)   --->   "%store_ln0 = store i32 %x_load_137_cast, i32 %empty_154"   --->   Operation 1081 'store' 'store_ln0' <Predicate = true> <Delay = 0.42>
ST_1 : Operation 1082 [1/1] (0.42ns)   --->   "%store_ln0 = store i32 %x_load_136_cast, i32 %empty_153"   --->   Operation 1082 'store' 'store_ln0' <Predicate = true> <Delay = 0.42>
ST_1 : Operation 1083 [1/1] (0.42ns)   --->   "%store_ln0 = store i32 %x_load_135_cast, i32 %empty_152"   --->   Operation 1083 'store' 'store_ln0' <Predicate = true> <Delay = 0.42>
ST_1 : Operation 1084 [1/1] (0.42ns)   --->   "%store_ln0 = store i32 %x_load_134_cast, i32 %empty_151"   --->   Operation 1084 'store' 'store_ln0' <Predicate = true> <Delay = 0.42>
ST_1 : Operation 1085 [1/1] (0.42ns)   --->   "%store_ln0 = store i32 %x_load_133_cast, i32 %empty_150"   --->   Operation 1085 'store' 'store_ln0' <Predicate = true> <Delay = 0.42>
ST_1 : Operation 1086 [1/1] (0.42ns)   --->   "%store_ln0 = store i32 %x_load_132_cast, i32 %empty_149"   --->   Operation 1086 'store' 'store_ln0' <Predicate = true> <Delay = 0.42>
ST_1 : Operation 1087 [1/1] (0.42ns)   --->   "%store_ln0 = store i32 %x_load_131_cast, i32 %empty_148"   --->   Operation 1087 'store' 'store_ln0' <Predicate = true> <Delay = 0.42>
ST_1 : Operation 1088 [1/1] (0.42ns)   --->   "%store_ln0 = store i32 %x_load_130_cast, i32 %empty_147"   --->   Operation 1088 'store' 'store_ln0' <Predicate = true> <Delay = 0.42>
ST_1 : Operation 1089 [1/1] (0.42ns)   --->   "%store_ln0 = store i32 %x_load_129_cast, i32 %empty_146"   --->   Operation 1089 'store' 'store_ln0' <Predicate = true> <Delay = 0.42>
ST_1 : Operation 1090 [1/1] (0.42ns)   --->   "%store_ln0 = store i32 %x_load_128_cast, i32 %empty_145"   --->   Operation 1090 'store' 'store_ln0' <Predicate = true> <Delay = 0.42>
ST_1 : Operation 1091 [1/1] (0.42ns)   --->   "%store_ln0 = store i32 %x_load_127_cast, i32 %empty_144"   --->   Operation 1091 'store' 'store_ln0' <Predicate = true> <Delay = 0.42>
ST_1 : Operation 1092 [1/1] (0.42ns)   --->   "%store_ln0 = store i32 %x_load_126_cast, i32 %empty_143"   --->   Operation 1092 'store' 'store_ln0' <Predicate = true> <Delay = 0.42>
ST_1 : Operation 1093 [1/1] (0.42ns)   --->   "%store_ln0 = store i32 %x_load_125_cast, i32 %empty_142"   --->   Operation 1093 'store' 'store_ln0' <Predicate = true> <Delay = 0.42>
ST_1 : Operation 1094 [1/1] (0.42ns)   --->   "%store_ln0 = store i32 %x_load_124_cast, i32 %empty_141"   --->   Operation 1094 'store' 'store_ln0' <Predicate = true> <Delay = 0.42>
ST_1 : Operation 1095 [1/1] (0.42ns)   --->   "%store_ln0 = store i32 %x_load_123_cast, i32 %empty_140"   --->   Operation 1095 'store' 'store_ln0' <Predicate = true> <Delay = 0.42>
ST_1 : Operation 1096 [1/1] (0.42ns)   --->   "%store_ln0 = store i32 %x_load_122_cast, i32 %empty_139"   --->   Operation 1096 'store' 'store_ln0' <Predicate = true> <Delay = 0.42>
ST_1 : Operation 1097 [1/1] (0.42ns)   --->   "%store_ln0 = store i32 %x_load_121_cast, i32 %empty_138"   --->   Operation 1097 'store' 'store_ln0' <Predicate = true> <Delay = 0.42>
ST_1 : Operation 1098 [1/1] (0.42ns)   --->   "%store_ln0 = store i32 %x_load_120_cast, i32 %empty_137"   --->   Operation 1098 'store' 'store_ln0' <Predicate = true> <Delay = 0.42>
ST_1 : Operation 1099 [1/1] (0.42ns)   --->   "%store_ln0 = store i32 %x_load_119_cast, i32 %empty_136"   --->   Operation 1099 'store' 'store_ln0' <Predicate = true> <Delay = 0.42>
ST_1 : Operation 1100 [1/1] (0.42ns)   --->   "%store_ln0 = store i32 %x_load_118_cast, i32 %empty_135"   --->   Operation 1100 'store' 'store_ln0' <Predicate = true> <Delay = 0.42>
ST_1 : Operation 1101 [1/1] (0.42ns)   --->   "%store_ln0 = store i32 %x_load_117_cast, i32 %empty_134"   --->   Operation 1101 'store' 'store_ln0' <Predicate = true> <Delay = 0.42>
ST_1 : Operation 1102 [1/1] (0.42ns)   --->   "%store_ln0 = store i32 %x_load_116_cast, i32 %empty_133"   --->   Operation 1102 'store' 'store_ln0' <Predicate = true> <Delay = 0.42>
ST_1 : Operation 1103 [1/1] (0.42ns)   --->   "%store_ln0 = store i32 %x_load_115_cast, i32 %empty_132"   --->   Operation 1103 'store' 'store_ln0' <Predicate = true> <Delay = 0.42>
ST_1 : Operation 1104 [1/1] (0.42ns)   --->   "%store_ln0 = store i32 %x_load_114_cast, i32 %empty_131"   --->   Operation 1104 'store' 'store_ln0' <Predicate = true> <Delay = 0.42>
ST_1 : Operation 1105 [1/1] (0.42ns)   --->   "%store_ln0 = store i32 %x_load_113_cast, i32 %empty_130"   --->   Operation 1105 'store' 'store_ln0' <Predicate = true> <Delay = 0.42>
ST_1 : Operation 1106 [1/1] (0.42ns)   --->   "%store_ln0 = store i32 %x_load_112_cast, i32 %empty_129"   --->   Operation 1106 'store' 'store_ln0' <Predicate = true> <Delay = 0.42>
ST_1 : Operation 1107 [1/1] (0.42ns)   --->   "%store_ln0 = store i32 %x_load_111_cast, i32 %empty_128"   --->   Operation 1107 'store' 'store_ln0' <Predicate = true> <Delay = 0.42>
ST_1 : Operation 1108 [1/1] (0.42ns)   --->   "%store_ln0 = store i32 %x_load_110_cast, i32 %empty_127"   --->   Operation 1108 'store' 'store_ln0' <Predicate = true> <Delay = 0.42>
ST_1 : Operation 1109 [1/1] (0.42ns)   --->   "%store_ln0 = store i32 %x_load_109_cast, i32 %empty_126"   --->   Operation 1109 'store' 'store_ln0' <Predicate = true> <Delay = 0.42>
ST_1 : Operation 1110 [1/1] (0.42ns)   --->   "%store_ln0 = store i32 %x_load_108_cast, i32 %empty_125"   --->   Operation 1110 'store' 'store_ln0' <Predicate = true> <Delay = 0.42>
ST_1 : Operation 1111 [1/1] (0.42ns)   --->   "%store_ln0 = store i32 %x_load_107_cast, i32 %empty_124"   --->   Operation 1111 'store' 'store_ln0' <Predicate = true> <Delay = 0.42>
ST_1 : Operation 1112 [1/1] (0.42ns)   --->   "%store_ln0 = store i32 %x_load_106_cast, i32 %empty_123"   --->   Operation 1112 'store' 'store_ln0' <Predicate = true> <Delay = 0.42>
ST_1 : Operation 1113 [1/1] (0.42ns)   --->   "%store_ln0 = store i32 %x_load_105_cast, i32 %empty_122"   --->   Operation 1113 'store' 'store_ln0' <Predicate = true> <Delay = 0.42>
ST_1 : Operation 1114 [1/1] (0.42ns)   --->   "%store_ln0 = store i32 %x_load_104_cast, i32 %empty_121"   --->   Operation 1114 'store' 'store_ln0' <Predicate = true> <Delay = 0.42>
ST_1 : Operation 1115 [1/1] (0.42ns)   --->   "%store_ln0 = store i32 %x_load_103_cast, i32 %empty_120"   --->   Operation 1115 'store' 'store_ln0' <Predicate = true> <Delay = 0.42>
ST_1 : Operation 1116 [1/1] (0.42ns)   --->   "%store_ln0 = store i32 %x_load_102_cast, i32 %empty_119"   --->   Operation 1116 'store' 'store_ln0' <Predicate = true> <Delay = 0.42>
ST_1 : Operation 1117 [1/1] (0.42ns)   --->   "%store_ln0 = store i32 %x_load_101_cast, i32 %empty_118"   --->   Operation 1117 'store' 'store_ln0' <Predicate = true> <Delay = 0.42>
ST_1 : Operation 1118 [1/1] (0.42ns)   --->   "%store_ln0 = store i32 %x_load_100_cast, i32 %empty_117"   --->   Operation 1118 'store' 'store_ln0' <Predicate = true> <Delay = 0.42>
ST_1 : Operation 1119 [1/1] (0.42ns)   --->   "%store_ln0 = store i32 %x_load_99_cast, i32 %empty_116"   --->   Operation 1119 'store' 'store_ln0' <Predicate = true> <Delay = 0.42>
ST_1 : Operation 1120 [1/1] (0.42ns)   --->   "%store_ln0 = store i32 %x_load_98_cast, i32 %empty_115"   --->   Operation 1120 'store' 'store_ln0' <Predicate = true> <Delay = 0.42>
ST_1 : Operation 1121 [1/1] (0.42ns)   --->   "%store_ln0 = store i32 %x_load_97_cast, i32 %empty_114"   --->   Operation 1121 'store' 'store_ln0' <Predicate = true> <Delay = 0.42>
ST_1 : Operation 1122 [1/1] (0.42ns)   --->   "%store_ln0 = store i32 %x_load_96_cast, i32 %empty_113"   --->   Operation 1122 'store' 'store_ln0' <Predicate = true> <Delay = 0.42>
ST_1 : Operation 1123 [1/1] (0.42ns)   --->   "%store_ln0 = store i32 %x_load_95_cast, i32 %empty_112"   --->   Operation 1123 'store' 'store_ln0' <Predicate = true> <Delay = 0.42>
ST_1 : Operation 1124 [1/1] (0.42ns)   --->   "%store_ln0 = store i32 %x_load_94_cast, i32 %empty_111"   --->   Operation 1124 'store' 'store_ln0' <Predicate = true> <Delay = 0.42>
ST_1 : Operation 1125 [1/1] (0.42ns)   --->   "%store_ln0 = store i32 %x_load_93_cast, i32 %empty_110"   --->   Operation 1125 'store' 'store_ln0' <Predicate = true> <Delay = 0.42>
ST_1 : Operation 1126 [1/1] (0.42ns)   --->   "%store_ln0 = store i32 %x_load_92_cast, i32 %empty_109"   --->   Operation 1126 'store' 'store_ln0' <Predicate = true> <Delay = 0.42>
ST_1 : Operation 1127 [1/1] (0.42ns)   --->   "%store_ln0 = store i32 %x_load_91_cast, i32 %empty_108"   --->   Operation 1127 'store' 'store_ln0' <Predicate = true> <Delay = 0.42>
ST_1 : Operation 1128 [1/1] (0.42ns)   --->   "%store_ln0 = store i32 %x_load_90_cast, i32 %empty_107"   --->   Operation 1128 'store' 'store_ln0' <Predicate = true> <Delay = 0.42>
ST_1 : Operation 1129 [1/1] (0.42ns)   --->   "%store_ln0 = store i32 %x_load_89_cast, i32 %empty_106"   --->   Operation 1129 'store' 'store_ln0' <Predicate = true> <Delay = 0.42>
ST_1 : Operation 1130 [1/1] (0.42ns)   --->   "%store_ln0 = store i32 %x_load_88_cast, i32 %empty_105"   --->   Operation 1130 'store' 'store_ln0' <Predicate = true> <Delay = 0.42>
ST_1 : Operation 1131 [1/1] (0.42ns)   --->   "%store_ln0 = store i32 %x_load_87_cast, i32 %empty_104"   --->   Operation 1131 'store' 'store_ln0' <Predicate = true> <Delay = 0.42>
ST_1 : Operation 1132 [1/1] (0.42ns)   --->   "%store_ln0 = store i32 %x_load_86_cast, i32 %empty_103"   --->   Operation 1132 'store' 'store_ln0' <Predicate = true> <Delay = 0.42>
ST_1 : Operation 1133 [1/1] (0.42ns)   --->   "%store_ln0 = store i32 %x_load_85_cast, i32 %empty_102"   --->   Operation 1133 'store' 'store_ln0' <Predicate = true> <Delay = 0.42>
ST_1 : Operation 1134 [1/1] (0.42ns)   --->   "%store_ln0 = store i32 %x_load_84_cast, i32 %empty_101"   --->   Operation 1134 'store' 'store_ln0' <Predicate = true> <Delay = 0.42>
ST_1 : Operation 1135 [1/1] (0.42ns)   --->   "%store_ln0 = store i32 %x_load_83_cast, i32 %empty_100"   --->   Operation 1135 'store' 'store_ln0' <Predicate = true> <Delay = 0.42>
ST_1 : Operation 1136 [1/1] (0.42ns)   --->   "%store_ln0 = store i32 %x_load_82_cast, i32 %empty_99"   --->   Operation 1136 'store' 'store_ln0' <Predicate = true> <Delay = 0.42>
ST_1 : Operation 1137 [1/1] (0.42ns)   --->   "%store_ln0 = store i32 %x_load_81_cast, i32 %empty_98"   --->   Operation 1137 'store' 'store_ln0' <Predicate = true> <Delay = 0.42>
ST_1 : Operation 1138 [1/1] (0.42ns)   --->   "%store_ln0 = store i32 %x_load_80_cast, i32 %empty_97"   --->   Operation 1138 'store' 'store_ln0' <Predicate = true> <Delay = 0.42>
ST_1 : Operation 1139 [1/1] (0.42ns)   --->   "%store_ln0 = store i32 %x_load_79_cast, i32 %empty_96"   --->   Operation 1139 'store' 'store_ln0' <Predicate = true> <Delay = 0.42>
ST_1 : Operation 1140 [1/1] (0.42ns)   --->   "%store_ln0 = store i32 %x_load_78_cast, i32 %empty_95"   --->   Operation 1140 'store' 'store_ln0' <Predicate = true> <Delay = 0.42>
ST_1 : Operation 1141 [1/1] (0.42ns)   --->   "%store_ln0 = store i32 %x_load_77_cast, i32 %empty_94"   --->   Operation 1141 'store' 'store_ln0' <Predicate = true> <Delay = 0.42>
ST_1 : Operation 1142 [1/1] (0.42ns)   --->   "%store_ln0 = store i32 %x_load_76_cast, i32 %empty_93"   --->   Operation 1142 'store' 'store_ln0' <Predicate = true> <Delay = 0.42>
ST_1 : Operation 1143 [1/1] (0.42ns)   --->   "%store_ln0 = store i32 %x_load_75_cast, i32 %empty_92"   --->   Operation 1143 'store' 'store_ln0' <Predicate = true> <Delay = 0.42>
ST_1 : Operation 1144 [1/1] (0.42ns)   --->   "%store_ln0 = store i32 %x_load_74_cast, i32 %empty_91"   --->   Operation 1144 'store' 'store_ln0' <Predicate = true> <Delay = 0.42>
ST_1 : Operation 1145 [1/1] (0.42ns)   --->   "%store_ln0 = store i32 %x_load_73_cast, i32 %empty_90"   --->   Operation 1145 'store' 'store_ln0' <Predicate = true> <Delay = 0.42>
ST_1 : Operation 1146 [1/1] (0.42ns)   --->   "%store_ln0 = store i32 %x_load_72_cast, i32 %empty_89"   --->   Operation 1146 'store' 'store_ln0' <Predicate = true> <Delay = 0.42>
ST_1 : Operation 1147 [1/1] (0.42ns)   --->   "%store_ln0 = store i32 %x_load_71_cast, i32 %empty_88"   --->   Operation 1147 'store' 'store_ln0' <Predicate = true> <Delay = 0.42>
ST_1 : Operation 1148 [1/1] (0.42ns)   --->   "%store_ln0 = store i32 %x_load_70_cast, i32 %empty_87"   --->   Operation 1148 'store' 'store_ln0' <Predicate = true> <Delay = 0.42>
ST_1 : Operation 1149 [1/1] (0.42ns)   --->   "%store_ln0 = store i32 %x_load_69_cast, i32 %empty_86"   --->   Operation 1149 'store' 'store_ln0' <Predicate = true> <Delay = 0.42>
ST_1 : Operation 1150 [1/1] (0.42ns)   --->   "%store_ln0 = store i32 %x_load_68_cast, i32 %empty_85"   --->   Operation 1150 'store' 'store_ln0' <Predicate = true> <Delay = 0.42>
ST_1 : Operation 1151 [1/1] (0.42ns)   --->   "%store_ln0 = store i32 %x_load_67_cast, i32 %empty_84"   --->   Operation 1151 'store' 'store_ln0' <Predicate = true> <Delay = 0.42>
ST_1 : Operation 1152 [1/1] (0.42ns)   --->   "%store_ln0 = store i32 %x_load_66_cast, i32 %empty_83"   --->   Operation 1152 'store' 'store_ln0' <Predicate = true> <Delay = 0.42>
ST_1 : Operation 1153 [1/1] (0.42ns)   --->   "%store_ln0 = store i32 %x_load_65_cast, i32 %empty_82"   --->   Operation 1153 'store' 'store_ln0' <Predicate = true> <Delay = 0.42>
ST_1 : Operation 1154 [1/1] (0.42ns)   --->   "%store_ln0 = store i32 %x_load_64_cast, i32 %empty_81"   --->   Operation 1154 'store' 'store_ln0' <Predicate = true> <Delay = 0.42>
ST_1 : Operation 1155 [1/1] (0.42ns)   --->   "%store_ln0 = store i32 %x_load_63_cast, i32 %empty_80"   --->   Operation 1155 'store' 'store_ln0' <Predicate = true> <Delay = 0.42>
ST_1 : Operation 1156 [1/1] (0.42ns)   --->   "%store_ln0 = store i32 %x_load_62_cast, i32 %empty_79"   --->   Operation 1156 'store' 'store_ln0' <Predicate = true> <Delay = 0.42>
ST_1 : Operation 1157 [1/1] (0.42ns)   --->   "%store_ln0 = store i32 %x_load_61_cast, i32 %empty_78"   --->   Operation 1157 'store' 'store_ln0' <Predicate = true> <Delay = 0.42>
ST_1 : Operation 1158 [1/1] (0.42ns)   --->   "%store_ln0 = store i32 %x_load_60_cast, i32 %empty_77"   --->   Operation 1158 'store' 'store_ln0' <Predicate = true> <Delay = 0.42>
ST_1 : Operation 1159 [1/1] (0.42ns)   --->   "%store_ln0 = store i32 %x_load_59_cast, i32 %empty_76"   --->   Operation 1159 'store' 'store_ln0' <Predicate = true> <Delay = 0.42>
ST_1 : Operation 1160 [1/1] (0.42ns)   --->   "%store_ln0 = store i32 %x_load_58_cast, i32 %empty_75"   --->   Operation 1160 'store' 'store_ln0' <Predicate = true> <Delay = 0.42>
ST_1 : Operation 1161 [1/1] (0.42ns)   --->   "%store_ln0 = store i32 %x_load_57_cast, i32 %empty_74"   --->   Operation 1161 'store' 'store_ln0' <Predicate = true> <Delay = 0.42>
ST_1 : Operation 1162 [1/1] (0.42ns)   --->   "%store_ln0 = store i32 %x_load_56_cast, i32 %empty_73"   --->   Operation 1162 'store' 'store_ln0' <Predicate = true> <Delay = 0.42>
ST_1 : Operation 1163 [1/1] (0.42ns)   --->   "%store_ln0 = store i32 %x_load_55_cast, i32 %empty_72"   --->   Operation 1163 'store' 'store_ln0' <Predicate = true> <Delay = 0.42>
ST_1 : Operation 1164 [1/1] (0.42ns)   --->   "%store_ln0 = store i32 %x_load_54_cast, i32 %empty_71"   --->   Operation 1164 'store' 'store_ln0' <Predicate = true> <Delay = 0.42>
ST_1 : Operation 1165 [1/1] (0.42ns)   --->   "%store_ln0 = store i32 %x_load_53_cast, i32 %empty_70"   --->   Operation 1165 'store' 'store_ln0' <Predicate = true> <Delay = 0.42>
ST_1 : Operation 1166 [1/1] (0.42ns)   --->   "%store_ln0 = store i32 %x_load_52_cast, i32 %empty_69"   --->   Operation 1166 'store' 'store_ln0' <Predicate = true> <Delay = 0.42>
ST_1 : Operation 1167 [1/1] (0.42ns)   --->   "%store_ln0 = store i32 %x_load_51_cast, i32 %empty_68"   --->   Operation 1167 'store' 'store_ln0' <Predicate = true> <Delay = 0.42>
ST_1 : Operation 1168 [1/1] (0.42ns)   --->   "%store_ln0 = store i32 %x_load_50_cast, i32 %empty_67"   --->   Operation 1168 'store' 'store_ln0' <Predicate = true> <Delay = 0.42>
ST_1 : Operation 1169 [1/1] (0.42ns)   --->   "%store_ln0 = store i32 %x_load_49_cast, i32 %empty_66"   --->   Operation 1169 'store' 'store_ln0' <Predicate = true> <Delay = 0.42>
ST_1 : Operation 1170 [1/1] (0.42ns)   --->   "%store_ln0 = store i32 %x_load_48_cast, i32 %empty_65"   --->   Operation 1170 'store' 'store_ln0' <Predicate = true> <Delay = 0.42>
ST_1 : Operation 1171 [1/1] (0.42ns)   --->   "%store_ln0 = store i32 %x_load_47_cast, i32 %empty_64"   --->   Operation 1171 'store' 'store_ln0' <Predicate = true> <Delay = 0.42>
ST_1 : Operation 1172 [1/1] (0.42ns)   --->   "%store_ln0 = store i32 %x_load_46_cast, i32 %empty_63"   --->   Operation 1172 'store' 'store_ln0' <Predicate = true> <Delay = 0.42>
ST_1 : Operation 1173 [1/1] (0.42ns)   --->   "%store_ln0 = store i32 %x_load_45_cast, i32 %empty_62"   --->   Operation 1173 'store' 'store_ln0' <Predicate = true> <Delay = 0.42>
ST_1 : Operation 1174 [1/1] (0.42ns)   --->   "%store_ln0 = store i32 %x_load_44_cast, i32 %empty_61"   --->   Operation 1174 'store' 'store_ln0' <Predicate = true> <Delay = 0.42>
ST_1 : Operation 1175 [1/1] (0.42ns)   --->   "%store_ln0 = store i32 %x_load_43_cast, i32 %empty_60"   --->   Operation 1175 'store' 'store_ln0' <Predicate = true> <Delay = 0.42>
ST_1 : Operation 1176 [1/1] (0.42ns)   --->   "%store_ln0 = store i32 %x_load_42_cast, i32 %empty_59"   --->   Operation 1176 'store' 'store_ln0' <Predicate = true> <Delay = 0.42>
ST_1 : Operation 1177 [1/1] (0.42ns)   --->   "%store_ln0 = store i32 %x_load_41_cast, i32 %empty_58"   --->   Operation 1177 'store' 'store_ln0' <Predicate = true> <Delay = 0.42>
ST_1 : Operation 1178 [1/1] (0.42ns)   --->   "%store_ln0 = store i32 %x_load_40_cast, i32 %empty_57"   --->   Operation 1178 'store' 'store_ln0' <Predicate = true> <Delay = 0.42>
ST_1 : Operation 1179 [1/1] (0.42ns)   --->   "%store_ln0 = store i32 %x_load_39_cast, i32 %empty_56"   --->   Operation 1179 'store' 'store_ln0' <Predicate = true> <Delay = 0.42>
ST_1 : Operation 1180 [1/1] (0.42ns)   --->   "%store_ln0 = store i32 %x_load_38_cast, i32 %empty_55"   --->   Operation 1180 'store' 'store_ln0' <Predicate = true> <Delay = 0.42>
ST_1 : Operation 1181 [1/1] (0.42ns)   --->   "%store_ln0 = store i32 %x_load_37_cast, i32 %empty_54"   --->   Operation 1181 'store' 'store_ln0' <Predicate = true> <Delay = 0.42>
ST_1 : Operation 1182 [1/1] (0.42ns)   --->   "%store_ln0 = store i32 %x_load_36_cast, i32 %empty_53"   --->   Operation 1182 'store' 'store_ln0' <Predicate = true> <Delay = 0.42>
ST_1 : Operation 1183 [1/1] (0.42ns)   --->   "%store_ln0 = store i32 %x_load_35_cast, i32 %empty_52"   --->   Operation 1183 'store' 'store_ln0' <Predicate = true> <Delay = 0.42>
ST_1 : Operation 1184 [1/1] (0.42ns)   --->   "%store_ln0 = store i32 %x_load_34_cast, i32 %empty_51"   --->   Operation 1184 'store' 'store_ln0' <Predicate = true> <Delay = 0.42>
ST_1 : Operation 1185 [1/1] (0.42ns)   --->   "%store_ln0 = store i32 %x_load_33_cast, i32 %empty_50"   --->   Operation 1185 'store' 'store_ln0' <Predicate = true> <Delay = 0.42>
ST_1 : Operation 1186 [1/1] (0.42ns)   --->   "%store_ln0 = store i32 %x_load_32_cast, i32 %empty_49"   --->   Operation 1186 'store' 'store_ln0' <Predicate = true> <Delay = 0.42>
ST_1 : Operation 1187 [1/1] (0.42ns)   --->   "%store_ln0 = store i32 %x_load_31_cast, i32 %empty_48"   --->   Operation 1187 'store' 'store_ln0' <Predicate = true> <Delay = 0.42>
ST_1 : Operation 1188 [1/1] (0.42ns)   --->   "%store_ln0 = store i32 %x_load_30_cast, i32 %empty_47"   --->   Operation 1188 'store' 'store_ln0' <Predicate = true> <Delay = 0.42>
ST_1 : Operation 1189 [1/1] (0.42ns)   --->   "%store_ln0 = store i32 %x_load_29_cast, i32 %empty_46"   --->   Operation 1189 'store' 'store_ln0' <Predicate = true> <Delay = 0.42>
ST_1 : Operation 1190 [1/1] (0.42ns)   --->   "%store_ln0 = store i32 %x_load_28_cast, i32 %empty_45"   --->   Operation 1190 'store' 'store_ln0' <Predicate = true> <Delay = 0.42>
ST_1 : Operation 1191 [1/1] (0.42ns)   --->   "%store_ln0 = store i32 %x_load_27_cast, i32 %empty_44"   --->   Operation 1191 'store' 'store_ln0' <Predicate = true> <Delay = 0.42>
ST_1 : Operation 1192 [1/1] (0.42ns)   --->   "%store_ln0 = store i32 %x_load_26_cast, i32 %empty_43"   --->   Operation 1192 'store' 'store_ln0' <Predicate = true> <Delay = 0.42>
ST_1 : Operation 1193 [1/1] (0.42ns)   --->   "%store_ln0 = store i32 %x_load_25_cast, i32 %empty_42"   --->   Operation 1193 'store' 'store_ln0' <Predicate = true> <Delay = 0.42>
ST_1 : Operation 1194 [1/1] (0.42ns)   --->   "%store_ln0 = store i32 %x_load_24_cast, i32 %empty_41"   --->   Operation 1194 'store' 'store_ln0' <Predicate = true> <Delay = 0.42>
ST_1 : Operation 1195 [1/1] (0.42ns)   --->   "%store_ln0 = store i32 %x_load_23_cast, i32 %empty_40"   --->   Operation 1195 'store' 'store_ln0' <Predicate = true> <Delay = 0.42>
ST_1 : Operation 1196 [1/1] (0.42ns)   --->   "%store_ln0 = store i32 %x_load_22_cast, i32 %empty_39"   --->   Operation 1196 'store' 'store_ln0' <Predicate = true> <Delay = 0.42>
ST_1 : Operation 1197 [1/1] (0.42ns)   --->   "%store_ln0 = store i32 %x_load_21_cast, i32 %empty_38"   --->   Operation 1197 'store' 'store_ln0' <Predicate = true> <Delay = 0.42>
ST_1 : Operation 1198 [1/1] (0.42ns)   --->   "%store_ln0 = store i32 %x_load_20_cast, i32 %empty_37"   --->   Operation 1198 'store' 'store_ln0' <Predicate = true> <Delay = 0.42>
ST_1 : Operation 1199 [1/1] (0.42ns)   --->   "%store_ln0 = store i32 %x_load_19_cast, i32 %empty_36"   --->   Operation 1199 'store' 'store_ln0' <Predicate = true> <Delay = 0.42>
ST_1 : Operation 1200 [1/1] (0.42ns)   --->   "%store_ln0 = store i32 %x_load_18_cast, i32 %empty_35"   --->   Operation 1200 'store' 'store_ln0' <Predicate = true> <Delay = 0.42>
ST_1 : Operation 1201 [1/1] (0.42ns)   --->   "%store_ln0 = store i32 %x_load_17_cast, i32 %empty_34"   --->   Operation 1201 'store' 'store_ln0' <Predicate = true> <Delay = 0.42>
ST_1 : Operation 1202 [1/1] (0.42ns)   --->   "%store_ln0 = store i32 %x_load_16_cast, i32 %empty_33"   --->   Operation 1202 'store' 'store_ln0' <Predicate = true> <Delay = 0.42>
ST_1 : Operation 1203 [1/1] (0.42ns)   --->   "%store_ln0 = store i32 %x_load_15_cast, i32 %empty_32"   --->   Operation 1203 'store' 'store_ln0' <Predicate = true> <Delay = 0.42>
ST_1 : Operation 1204 [1/1] (0.42ns)   --->   "%store_ln0 = store i32 %x_load_14_cast, i32 %empty_31"   --->   Operation 1204 'store' 'store_ln0' <Predicate = true> <Delay = 0.42>
ST_1 : Operation 1205 [1/1] (0.42ns)   --->   "%store_ln0 = store i32 %x_load_13_cast, i32 %empty_30"   --->   Operation 1205 'store' 'store_ln0' <Predicate = true> <Delay = 0.42>
ST_1 : Operation 1206 [1/1] (0.42ns)   --->   "%store_ln0 = store i32 %x_load_12_cast, i32 %empty_29"   --->   Operation 1206 'store' 'store_ln0' <Predicate = true> <Delay = 0.42>
ST_1 : Operation 1207 [1/1] (0.42ns)   --->   "%store_ln0 = store i32 %x_load_11_cast, i32 %empty_28"   --->   Operation 1207 'store' 'store_ln0' <Predicate = true> <Delay = 0.42>
ST_1 : Operation 1208 [1/1] (0.42ns)   --->   "%store_ln0 = store i32 %x_load_10_cast, i32 %empty_27"   --->   Operation 1208 'store' 'store_ln0' <Predicate = true> <Delay = 0.42>
ST_1 : Operation 1209 [1/1] (0.42ns)   --->   "%store_ln0 = store i32 %x_load_9_cast, i32 %empty_26"   --->   Operation 1209 'store' 'store_ln0' <Predicate = true> <Delay = 0.42>
ST_1 : Operation 1210 [1/1] (0.42ns)   --->   "%store_ln0 = store i32 %x_load_8_cast, i32 %empty_25"   --->   Operation 1210 'store' 'store_ln0' <Predicate = true> <Delay = 0.42>
ST_1 : Operation 1211 [1/1] (0.42ns)   --->   "%store_ln0 = store i32 %x_load_7_cast, i32 %empty_24"   --->   Operation 1211 'store' 'store_ln0' <Predicate = true> <Delay = 0.42>
ST_1 : Operation 1212 [1/1] (0.42ns)   --->   "%store_ln0 = store i32 %x_load_6_cast, i32 %empty_23"   --->   Operation 1212 'store' 'store_ln0' <Predicate = true> <Delay = 0.42>
ST_1 : Operation 1213 [1/1] (0.42ns)   --->   "%store_ln0 = store i32 %x_load_5_cast, i32 %empty_22"   --->   Operation 1213 'store' 'store_ln0' <Predicate = true> <Delay = 0.42>
ST_1 : Operation 1214 [1/1] (0.42ns)   --->   "%store_ln0 = store i32 %x_load_4_cast, i32 %empty_21"   --->   Operation 1214 'store' 'store_ln0' <Predicate = true> <Delay = 0.42>
ST_1 : Operation 1215 [1/1] (0.42ns)   --->   "%store_ln0 = store i32 %x_load_3_cast, i32 %empty_20"   --->   Operation 1215 'store' 'store_ln0' <Predicate = true> <Delay = 0.42>
ST_1 : Operation 1216 [1/1] (0.42ns)   --->   "%store_ln0 = store i32 %x_load_2_cast, i32 %empty_19"   --->   Operation 1216 'store' 'store_ln0' <Predicate = true> <Delay = 0.42>
ST_1 : Operation 1217 [1/1] (0.42ns)   --->   "%store_ln0 = store i32 %x_load_1_cast, i32 %empty_18"   --->   Operation 1217 'store' 'store_ln0' <Predicate = true> <Delay = 0.42>
ST_1 : Operation 1218 [1/1] (0.42ns)   --->   "%store_ln0 = store i32 %x_load_cast, i32 %empty"   --->   Operation 1218 'store' 'store_ln0' <Predicate = true> <Delay = 0.42>
ST_1 : Operation 1219 [1/1] (0.00ns)   --->   "%br_ln69 = br void %while.body" [hilbert.cpp:69]   --->   Operation 1219 'br' 'br_ln69' <Predicate = true> <Delay = 0.00>

State 2 <SV = 1> <Delay = 6.73>
ST_2 : Operation 1220 [1/1] (0.00ns)   --->   "%p_load1521 = load i32 %empty" [hilbert.cpp:50->hilbert.cpp:77]   --->   Operation 1220 'load' 'p_load1521' <Predicate = true> <Delay = 0.00>
ST_2 : Operation 1221 [1/1] (0.00ns)   --->   "%p_load1520 = load i32 %empty_18"   --->   Operation 1221 'load' 'p_load1520' <Predicate = true> <Delay = 0.00>
ST_2 : Operation 1222 [1/1] (0.00ns)   --->   "%p_load1519 = load i32 %empty_19"   --->   Operation 1222 'load' 'p_load1519' <Predicate = true> <Delay = 0.00>
ST_2 : Operation 1223 [1/1] (0.00ns)   --->   "%p_load1518 = load i32 %empty_20"   --->   Operation 1223 'load' 'p_load1518' <Predicate = true> <Delay = 0.00>
ST_2 : Operation 1224 [1/1] (0.00ns)   --->   "%p_load1517 = load i32 %empty_21"   --->   Operation 1224 'load' 'p_load1517' <Predicate = true> <Delay = 0.00>
ST_2 : Operation 1225 [1/1] (0.00ns)   --->   "%p_load1516 = load i32 %empty_22"   --->   Operation 1225 'load' 'p_load1516' <Predicate = true> <Delay = 0.00>
ST_2 : Operation 1226 [1/1] (0.00ns)   --->   "%p_load1515 = load i32 %empty_23"   --->   Operation 1226 'load' 'p_load1515' <Predicate = true> <Delay = 0.00>
ST_2 : Operation 1227 [1/1] (0.00ns)   --->   "%p_load1514 = load i32 %empty_24"   --->   Operation 1227 'load' 'p_load1514' <Predicate = true> <Delay = 0.00>
ST_2 : Operation 1228 [1/1] (0.00ns)   --->   "%p_load1513 = load i32 %empty_25"   --->   Operation 1228 'load' 'p_load1513' <Predicate = true> <Delay = 0.00>
ST_2 : Operation 1229 [1/1] (0.00ns)   --->   "%p_load1512 = load i32 %empty_26"   --->   Operation 1229 'load' 'p_load1512' <Predicate = true> <Delay = 0.00>
ST_2 : Operation 1230 [1/1] (0.00ns)   --->   "%p_load1511 = load i32 %empty_27"   --->   Operation 1230 'load' 'p_load1511' <Predicate = true> <Delay = 0.00>
ST_2 : Operation 1231 [1/1] (0.00ns)   --->   "%p_load1510 = load i32 %empty_28"   --->   Operation 1231 'load' 'p_load1510' <Predicate = true> <Delay = 0.00>
ST_2 : Operation 1232 [1/1] (0.00ns)   --->   "%p_load1509 = load i32 %empty_29"   --->   Operation 1232 'load' 'p_load1509' <Predicate = true> <Delay = 0.00>
ST_2 : Operation 1233 [1/1] (0.00ns)   --->   "%p_load1508 = load i32 %empty_30"   --->   Operation 1233 'load' 'p_load1508' <Predicate = true> <Delay = 0.00>
ST_2 : Operation 1234 [1/1] (0.00ns)   --->   "%p_load1507 = load i32 %empty_31"   --->   Operation 1234 'load' 'p_load1507' <Predicate = true> <Delay = 0.00>
ST_2 : Operation 1235 [1/1] (0.00ns)   --->   "%p_load1506 = load i32 %empty_32"   --->   Operation 1235 'load' 'p_load1506' <Predicate = true> <Delay = 0.00>
ST_2 : Operation 1236 [1/1] (0.00ns)   --->   "%p_load1505 = load i32 %empty_33"   --->   Operation 1236 'load' 'p_load1505' <Predicate = true> <Delay = 0.00>
ST_2 : Operation 1237 [1/1] (0.00ns)   --->   "%p_load1504 = load i32 %empty_34"   --->   Operation 1237 'load' 'p_load1504' <Predicate = true> <Delay = 0.00>
ST_2 : Operation 1238 [1/1] (0.00ns)   --->   "%p_load1503 = load i32 %empty_35"   --->   Operation 1238 'load' 'p_load1503' <Predicate = true> <Delay = 0.00>
ST_2 : Operation 1239 [1/1] (0.00ns)   --->   "%p_load1502 = load i32 %empty_36"   --->   Operation 1239 'load' 'p_load1502' <Predicate = true> <Delay = 0.00>
ST_2 : Operation 1240 [1/1] (0.00ns)   --->   "%p_load1501 = load i32 %empty_37"   --->   Operation 1240 'load' 'p_load1501' <Predicate = true> <Delay = 0.00>
ST_2 : Operation 1241 [1/1] (0.00ns)   --->   "%p_load1500 = load i32 %empty_38"   --->   Operation 1241 'load' 'p_load1500' <Predicate = true> <Delay = 0.00>
ST_2 : Operation 1242 [1/1] (0.00ns)   --->   "%p_load1499 = load i32 %empty_39"   --->   Operation 1242 'load' 'p_load1499' <Predicate = true> <Delay = 0.00>
ST_2 : Operation 1243 [1/1] (0.00ns)   --->   "%p_load1498 = load i32 %empty_40"   --->   Operation 1243 'load' 'p_load1498' <Predicate = true> <Delay = 0.00>
ST_2 : Operation 1244 [1/1] (0.00ns)   --->   "%p_load1497 = load i32 %empty_41"   --->   Operation 1244 'load' 'p_load1497' <Predicate = true> <Delay = 0.00>
ST_2 : Operation 1245 [1/1] (0.00ns)   --->   "%p_load1496 = load i32 %empty_42"   --->   Operation 1245 'load' 'p_load1496' <Predicate = true> <Delay = 0.00>
ST_2 : Operation 1246 [1/1] (0.00ns)   --->   "%p_load1495 = load i32 %empty_43"   --->   Operation 1246 'load' 'p_load1495' <Predicate = true> <Delay = 0.00>
ST_2 : Operation 1247 [1/1] (0.00ns)   --->   "%p_load1494 = load i32 %empty_44"   --->   Operation 1247 'load' 'p_load1494' <Predicate = true> <Delay = 0.00>
ST_2 : Operation 1248 [1/1] (0.00ns)   --->   "%p_load1493 = load i32 %empty_45"   --->   Operation 1248 'load' 'p_load1493' <Predicate = true> <Delay = 0.00>
ST_2 : Operation 1249 [1/1] (0.00ns)   --->   "%p_load1492 = load i32 %empty_46"   --->   Operation 1249 'load' 'p_load1492' <Predicate = true> <Delay = 0.00>
ST_2 : Operation 1250 [1/1] (0.00ns)   --->   "%p_load1491 = load i32 %empty_47"   --->   Operation 1250 'load' 'p_load1491' <Predicate = true> <Delay = 0.00>
ST_2 : Operation 1251 [1/1] (0.00ns)   --->   "%p_load1490 = load i32 %empty_48"   --->   Operation 1251 'load' 'p_load1490' <Predicate = true> <Delay = 0.00>
ST_2 : Operation 1252 [1/1] (0.00ns)   --->   "%p_load1489 = load i32 %empty_49"   --->   Operation 1252 'load' 'p_load1489' <Predicate = true> <Delay = 0.00>
ST_2 : Operation 1253 [1/1] (0.00ns)   --->   "%p_load1488 = load i32 %empty_50"   --->   Operation 1253 'load' 'p_load1488' <Predicate = true> <Delay = 0.00>
ST_2 : Operation 1254 [1/1] (0.00ns)   --->   "%p_load1487 = load i32 %empty_51"   --->   Operation 1254 'load' 'p_load1487' <Predicate = true> <Delay = 0.00>
ST_2 : Operation 1255 [1/1] (0.00ns)   --->   "%p_load1486 = load i32 %empty_52"   --->   Operation 1255 'load' 'p_load1486' <Predicate = true> <Delay = 0.00>
ST_2 : Operation 1256 [1/1] (0.00ns)   --->   "%p_load1485 = load i32 %empty_53"   --->   Operation 1256 'load' 'p_load1485' <Predicate = true> <Delay = 0.00>
ST_2 : Operation 1257 [1/1] (0.00ns)   --->   "%p_load1484 = load i32 %empty_54"   --->   Operation 1257 'load' 'p_load1484' <Predicate = true> <Delay = 0.00>
ST_2 : Operation 1258 [1/1] (0.00ns)   --->   "%p_load1483 = load i32 %empty_55"   --->   Operation 1258 'load' 'p_load1483' <Predicate = true> <Delay = 0.00>
ST_2 : Operation 1259 [1/1] (0.00ns)   --->   "%p_load1482 = load i32 %empty_56"   --->   Operation 1259 'load' 'p_load1482' <Predicate = true> <Delay = 0.00>
ST_2 : Operation 1260 [1/1] (0.00ns)   --->   "%p_load1481 = load i32 %empty_57"   --->   Operation 1260 'load' 'p_load1481' <Predicate = true> <Delay = 0.00>
ST_2 : Operation 1261 [1/1] (0.00ns)   --->   "%p_load1480 = load i32 %empty_58"   --->   Operation 1261 'load' 'p_load1480' <Predicate = true> <Delay = 0.00>
ST_2 : Operation 1262 [1/1] (0.00ns)   --->   "%p_load1479 = load i32 %empty_59"   --->   Operation 1262 'load' 'p_load1479' <Predicate = true> <Delay = 0.00>
ST_2 : Operation 1263 [1/1] (0.00ns)   --->   "%p_load1478 = load i32 %empty_60"   --->   Operation 1263 'load' 'p_load1478' <Predicate = true> <Delay = 0.00>
ST_2 : Operation 1264 [1/1] (0.00ns)   --->   "%p_load1477 = load i32 %empty_61"   --->   Operation 1264 'load' 'p_load1477' <Predicate = true> <Delay = 0.00>
ST_2 : Operation 1265 [1/1] (0.00ns)   --->   "%p_load1476 = load i32 %empty_62"   --->   Operation 1265 'load' 'p_load1476' <Predicate = true> <Delay = 0.00>
ST_2 : Operation 1266 [1/1] (0.00ns)   --->   "%p_load1475 = load i32 %empty_63"   --->   Operation 1266 'load' 'p_load1475' <Predicate = true> <Delay = 0.00>
ST_2 : Operation 1267 [1/1] (0.00ns)   --->   "%p_load1474 = load i32 %empty_64"   --->   Operation 1267 'load' 'p_load1474' <Predicate = true> <Delay = 0.00>
ST_2 : Operation 1268 [1/1] (0.00ns)   --->   "%p_load1473 = load i32 %empty_65"   --->   Operation 1268 'load' 'p_load1473' <Predicate = true> <Delay = 0.00>
ST_2 : Operation 1269 [1/1] (0.00ns)   --->   "%p_load1472 = load i32 %empty_66"   --->   Operation 1269 'load' 'p_load1472' <Predicate = true> <Delay = 0.00>
ST_2 : Operation 1270 [1/1] (0.00ns)   --->   "%p_load1471 = load i32 %empty_67"   --->   Operation 1270 'load' 'p_load1471' <Predicate = true> <Delay = 0.00>
ST_2 : Operation 1271 [1/1] (0.00ns)   --->   "%p_load1470 = load i32 %empty_68"   --->   Operation 1271 'load' 'p_load1470' <Predicate = true> <Delay = 0.00>
ST_2 : Operation 1272 [1/1] (0.00ns)   --->   "%p_load1469 = load i32 %empty_69"   --->   Operation 1272 'load' 'p_load1469' <Predicate = true> <Delay = 0.00>
ST_2 : Operation 1273 [1/1] (0.00ns)   --->   "%p_load1468 = load i32 %empty_70"   --->   Operation 1273 'load' 'p_load1468' <Predicate = true> <Delay = 0.00>
ST_2 : Operation 1274 [1/1] (0.00ns)   --->   "%p_load1467 = load i32 %empty_71"   --->   Operation 1274 'load' 'p_load1467' <Predicate = true> <Delay = 0.00>
ST_2 : Operation 1275 [1/1] (0.00ns)   --->   "%p_load1466 = load i32 %empty_72"   --->   Operation 1275 'load' 'p_load1466' <Predicate = true> <Delay = 0.00>
ST_2 : Operation 1276 [1/1] (0.00ns)   --->   "%p_load1465 = load i32 %empty_73"   --->   Operation 1276 'load' 'p_load1465' <Predicate = true> <Delay = 0.00>
ST_2 : Operation 1277 [1/1] (0.00ns)   --->   "%p_load1464 = load i32 %empty_74"   --->   Operation 1277 'load' 'p_load1464' <Predicate = true> <Delay = 0.00>
ST_2 : Operation 1278 [1/1] (0.00ns)   --->   "%p_load1463 = load i32 %empty_75"   --->   Operation 1278 'load' 'p_load1463' <Predicate = true> <Delay = 0.00>
ST_2 : Operation 1279 [1/1] (0.00ns)   --->   "%p_load1462 = load i32 %empty_76"   --->   Operation 1279 'load' 'p_load1462' <Predicate = true> <Delay = 0.00>
ST_2 : Operation 1280 [1/1] (0.00ns)   --->   "%p_load1461 = load i32 %empty_77"   --->   Operation 1280 'load' 'p_load1461' <Predicate = true> <Delay = 0.00>
ST_2 : Operation 1281 [1/1] (0.00ns)   --->   "%p_load1460 = load i32 %empty_78"   --->   Operation 1281 'load' 'p_load1460' <Predicate = true> <Delay = 0.00>
ST_2 : Operation 1282 [1/1] (0.00ns)   --->   "%p_load1459 = load i32 %empty_79"   --->   Operation 1282 'load' 'p_load1459' <Predicate = true> <Delay = 0.00>
ST_2 : Operation 1283 [1/1] (0.00ns)   --->   "%p_load1458 = load i32 %empty_80"   --->   Operation 1283 'load' 'p_load1458' <Predicate = true> <Delay = 0.00>
ST_2 : Operation 1284 [1/1] (0.00ns)   --->   "%p_load1457 = load i32 %empty_81"   --->   Operation 1284 'load' 'p_load1457' <Predicate = true> <Delay = 0.00>
ST_2 : Operation 1285 [1/1] (0.00ns)   --->   "%p_load1456 = load i32 %empty_82"   --->   Operation 1285 'load' 'p_load1456' <Predicate = true> <Delay = 0.00>
ST_2 : Operation 1286 [1/1] (0.00ns)   --->   "%p_load1455 = load i32 %empty_83"   --->   Operation 1286 'load' 'p_load1455' <Predicate = true> <Delay = 0.00>
ST_2 : Operation 1287 [1/1] (0.00ns)   --->   "%p_load1454 = load i32 %empty_84"   --->   Operation 1287 'load' 'p_load1454' <Predicate = true> <Delay = 0.00>
ST_2 : Operation 1288 [1/1] (0.00ns)   --->   "%p_load1453 = load i32 %empty_85"   --->   Operation 1288 'load' 'p_load1453' <Predicate = true> <Delay = 0.00>
ST_2 : Operation 1289 [1/1] (0.00ns)   --->   "%p_load1452 = load i32 %empty_86"   --->   Operation 1289 'load' 'p_load1452' <Predicate = true> <Delay = 0.00>
ST_2 : Operation 1290 [1/1] (0.00ns)   --->   "%p_load1451 = load i32 %empty_87"   --->   Operation 1290 'load' 'p_load1451' <Predicate = true> <Delay = 0.00>
ST_2 : Operation 1291 [1/1] (0.00ns)   --->   "%p_load1450 = load i32 %empty_88"   --->   Operation 1291 'load' 'p_load1450' <Predicate = true> <Delay = 0.00>
ST_2 : Operation 1292 [1/1] (0.00ns)   --->   "%p_load1449 = load i32 %empty_89"   --->   Operation 1292 'load' 'p_load1449' <Predicate = true> <Delay = 0.00>
ST_2 : Operation 1293 [1/1] (0.00ns)   --->   "%p_load1448 = load i32 %empty_90"   --->   Operation 1293 'load' 'p_load1448' <Predicate = true> <Delay = 0.00>
ST_2 : Operation 1294 [1/1] (0.00ns)   --->   "%p_load1447 = load i32 %empty_91"   --->   Operation 1294 'load' 'p_load1447' <Predicate = true> <Delay = 0.00>
ST_2 : Operation 1295 [1/1] (0.00ns)   --->   "%p_load1446 = load i32 %empty_92"   --->   Operation 1295 'load' 'p_load1446' <Predicate = true> <Delay = 0.00>
ST_2 : Operation 1296 [1/1] (0.00ns)   --->   "%p_load1445 = load i32 %empty_93"   --->   Operation 1296 'load' 'p_load1445' <Predicate = true> <Delay = 0.00>
ST_2 : Operation 1297 [1/1] (0.00ns)   --->   "%p_load1444 = load i32 %empty_94"   --->   Operation 1297 'load' 'p_load1444' <Predicate = true> <Delay = 0.00>
ST_2 : Operation 1298 [1/1] (0.00ns)   --->   "%p_load1443 = load i32 %empty_95"   --->   Operation 1298 'load' 'p_load1443' <Predicate = true> <Delay = 0.00>
ST_2 : Operation 1299 [1/1] (0.00ns)   --->   "%p_load1442 = load i32 %empty_96"   --->   Operation 1299 'load' 'p_load1442' <Predicate = true> <Delay = 0.00>
ST_2 : Operation 1300 [1/1] (0.00ns)   --->   "%p_load1441 = load i32 %empty_97"   --->   Operation 1300 'load' 'p_load1441' <Predicate = true> <Delay = 0.00>
ST_2 : Operation 1301 [1/1] (0.00ns)   --->   "%p_load1440 = load i32 %empty_98"   --->   Operation 1301 'load' 'p_load1440' <Predicate = true> <Delay = 0.00>
ST_2 : Operation 1302 [1/1] (0.00ns)   --->   "%p_load1439 = load i32 %empty_99"   --->   Operation 1302 'load' 'p_load1439' <Predicate = true> <Delay = 0.00>
ST_2 : Operation 1303 [1/1] (0.00ns)   --->   "%p_load1438 = load i32 %empty_100"   --->   Operation 1303 'load' 'p_load1438' <Predicate = true> <Delay = 0.00>
ST_2 : Operation 1304 [1/1] (0.00ns)   --->   "%p_load1437 = load i32 %empty_101"   --->   Operation 1304 'load' 'p_load1437' <Predicate = true> <Delay = 0.00>
ST_2 : Operation 1305 [1/1] (0.00ns)   --->   "%p_load1436 = load i32 %empty_102"   --->   Operation 1305 'load' 'p_load1436' <Predicate = true> <Delay = 0.00>
ST_2 : Operation 1306 [1/1] (0.00ns)   --->   "%p_load1435 = load i32 %empty_103"   --->   Operation 1306 'load' 'p_load1435' <Predicate = true> <Delay = 0.00>
ST_2 : Operation 1307 [1/1] (0.00ns)   --->   "%p_load1434 = load i32 %empty_104"   --->   Operation 1307 'load' 'p_load1434' <Predicate = true> <Delay = 0.00>
ST_2 : Operation 1308 [1/1] (0.00ns)   --->   "%p_load1433 = load i32 %empty_105"   --->   Operation 1308 'load' 'p_load1433' <Predicate = true> <Delay = 0.00>
ST_2 : Operation 1309 [1/1] (0.00ns)   --->   "%p_load1432 = load i32 %empty_106"   --->   Operation 1309 'load' 'p_load1432' <Predicate = true> <Delay = 0.00>
ST_2 : Operation 1310 [1/1] (0.00ns)   --->   "%p_load1431 = load i32 %empty_107"   --->   Operation 1310 'load' 'p_load1431' <Predicate = true> <Delay = 0.00>
ST_2 : Operation 1311 [1/1] (0.00ns)   --->   "%p_load1430 = load i32 %empty_108"   --->   Operation 1311 'load' 'p_load1430' <Predicate = true> <Delay = 0.00>
ST_2 : Operation 1312 [1/1] (0.00ns)   --->   "%p_load1429 = load i32 %empty_109"   --->   Operation 1312 'load' 'p_load1429' <Predicate = true> <Delay = 0.00>
ST_2 : Operation 1313 [1/1] (0.00ns)   --->   "%p_load1428 = load i32 %empty_110"   --->   Operation 1313 'load' 'p_load1428' <Predicate = true> <Delay = 0.00>
ST_2 : Operation 1314 [1/1] (0.00ns)   --->   "%p_load1427 = load i32 %empty_111"   --->   Operation 1314 'load' 'p_load1427' <Predicate = true> <Delay = 0.00>
ST_2 : Operation 1315 [1/1] (0.00ns)   --->   "%p_load1426 = load i32 %empty_112"   --->   Operation 1315 'load' 'p_load1426' <Predicate = true> <Delay = 0.00>
ST_2 : Operation 1316 [1/1] (0.00ns)   --->   "%p_load1425 = load i32 %empty_113"   --->   Operation 1316 'load' 'p_load1425' <Predicate = true> <Delay = 0.00>
ST_2 : Operation 1317 [1/1] (0.00ns)   --->   "%p_load1424 = load i32 %empty_114"   --->   Operation 1317 'load' 'p_load1424' <Predicate = true> <Delay = 0.00>
ST_2 : Operation 1318 [1/1] (0.00ns)   --->   "%p_load1423 = load i32 %empty_115"   --->   Operation 1318 'load' 'p_load1423' <Predicate = true> <Delay = 0.00>
ST_2 : Operation 1319 [1/1] (0.00ns)   --->   "%p_load1422 = load i32 %empty_116"   --->   Operation 1319 'load' 'p_load1422' <Predicate = true> <Delay = 0.00>
ST_2 : Operation 1320 [1/1] (0.00ns)   --->   "%p_load1421 = load i32 %empty_117"   --->   Operation 1320 'load' 'p_load1421' <Predicate = true> <Delay = 0.00>
ST_2 : Operation 1321 [1/1] (0.00ns)   --->   "%p_load1420 = load i32 %empty_118"   --->   Operation 1321 'load' 'p_load1420' <Predicate = true> <Delay = 0.00>
ST_2 : Operation 1322 [1/1] (0.00ns)   --->   "%p_load1419 = load i32 %empty_119"   --->   Operation 1322 'load' 'p_load1419' <Predicate = true> <Delay = 0.00>
ST_2 : Operation 1323 [1/1] (0.00ns)   --->   "%p_load1418 = load i32 %empty_120"   --->   Operation 1323 'load' 'p_load1418' <Predicate = true> <Delay = 0.00>
ST_2 : Operation 1324 [1/1] (0.00ns)   --->   "%p_load1417 = load i32 %empty_121"   --->   Operation 1324 'load' 'p_load1417' <Predicate = true> <Delay = 0.00>
ST_2 : Operation 1325 [1/1] (0.00ns)   --->   "%p_load1416 = load i32 %empty_122"   --->   Operation 1325 'load' 'p_load1416' <Predicate = true> <Delay = 0.00>
ST_2 : Operation 1326 [1/1] (0.00ns)   --->   "%p_load1415 = load i32 %empty_123"   --->   Operation 1326 'load' 'p_load1415' <Predicate = true> <Delay = 0.00>
ST_2 : Operation 1327 [1/1] (0.00ns)   --->   "%p_load1414 = load i32 %empty_124"   --->   Operation 1327 'load' 'p_load1414' <Predicate = true> <Delay = 0.00>
ST_2 : Operation 1328 [1/1] (0.00ns)   --->   "%p_load1413 = load i32 %empty_125"   --->   Operation 1328 'load' 'p_load1413' <Predicate = true> <Delay = 0.00>
ST_2 : Operation 1329 [1/1] (0.00ns)   --->   "%p_load1412 = load i32 %empty_126"   --->   Operation 1329 'load' 'p_load1412' <Predicate = true> <Delay = 0.00>
ST_2 : Operation 1330 [1/1] (0.00ns)   --->   "%p_load1411 = load i32 %empty_127"   --->   Operation 1330 'load' 'p_load1411' <Predicate = true> <Delay = 0.00>
ST_2 : Operation 1331 [1/1] (0.00ns)   --->   "%p_load1410 = load i32 %empty_128"   --->   Operation 1331 'load' 'p_load1410' <Predicate = true> <Delay = 0.00>
ST_2 : Operation 1332 [1/1] (0.00ns)   --->   "%p_load1409 = load i32 %empty_129"   --->   Operation 1332 'load' 'p_load1409' <Predicate = true> <Delay = 0.00>
ST_2 : Operation 1333 [1/1] (0.00ns)   --->   "%p_load1408 = load i32 %empty_130"   --->   Operation 1333 'load' 'p_load1408' <Predicate = true> <Delay = 0.00>
ST_2 : Operation 1334 [1/1] (0.00ns)   --->   "%p_load1407 = load i32 %empty_131"   --->   Operation 1334 'load' 'p_load1407' <Predicate = true> <Delay = 0.00>
ST_2 : Operation 1335 [1/1] (0.00ns)   --->   "%p_load1406 = load i32 %empty_132"   --->   Operation 1335 'load' 'p_load1406' <Predicate = true> <Delay = 0.00>
ST_2 : Operation 1336 [1/1] (0.00ns)   --->   "%p_load1405 = load i32 %empty_133"   --->   Operation 1336 'load' 'p_load1405' <Predicate = true> <Delay = 0.00>
ST_2 : Operation 1337 [1/1] (0.00ns)   --->   "%p_load1404 = load i32 %empty_134"   --->   Operation 1337 'load' 'p_load1404' <Predicate = true> <Delay = 0.00>
ST_2 : Operation 1338 [1/1] (0.00ns)   --->   "%p_load1403 = load i32 %empty_135"   --->   Operation 1338 'load' 'p_load1403' <Predicate = true> <Delay = 0.00>
ST_2 : Operation 1339 [1/1] (0.00ns)   --->   "%p_load1402 = load i32 %empty_136"   --->   Operation 1339 'load' 'p_load1402' <Predicate = true> <Delay = 0.00>
ST_2 : Operation 1340 [1/1] (0.00ns)   --->   "%p_load1401 = load i32 %empty_137"   --->   Operation 1340 'load' 'p_load1401' <Predicate = true> <Delay = 0.00>
ST_2 : Operation 1341 [1/1] (0.00ns)   --->   "%p_load1400 = load i32 %empty_138"   --->   Operation 1341 'load' 'p_load1400' <Predicate = true> <Delay = 0.00>
ST_2 : Operation 1342 [1/1] (0.00ns)   --->   "%p_load1399 = load i32 %empty_139"   --->   Operation 1342 'load' 'p_load1399' <Predicate = true> <Delay = 0.00>
ST_2 : Operation 1343 [1/1] (0.00ns)   --->   "%p_load1398 = load i32 %empty_140"   --->   Operation 1343 'load' 'p_load1398' <Predicate = true> <Delay = 0.00>
ST_2 : Operation 1344 [1/1] (0.00ns)   --->   "%p_load1397 = load i32 %empty_141"   --->   Operation 1344 'load' 'p_load1397' <Predicate = true> <Delay = 0.00>
ST_2 : Operation 1345 [1/1] (0.00ns)   --->   "%p_load1396 = load i32 %empty_142"   --->   Operation 1345 'load' 'p_load1396' <Predicate = true> <Delay = 0.00>
ST_2 : Operation 1346 [1/1] (0.00ns)   --->   "%p_load1395 = load i32 %empty_143"   --->   Operation 1346 'load' 'p_load1395' <Predicate = true> <Delay = 0.00>
ST_2 : Operation 1347 [1/1] (0.00ns)   --->   "%p_load1394 = load i32 %empty_144"   --->   Operation 1347 'load' 'p_load1394' <Predicate = true> <Delay = 0.00>
ST_2 : Operation 1348 [1/1] (0.00ns)   --->   "%p_load1393 = load i32 %empty_145"   --->   Operation 1348 'load' 'p_load1393' <Predicate = true> <Delay = 0.00>
ST_2 : Operation 1349 [1/1] (0.00ns)   --->   "%p_load1392 = load i32 %empty_146"   --->   Operation 1349 'load' 'p_load1392' <Predicate = true> <Delay = 0.00>
ST_2 : Operation 1350 [1/1] (0.00ns)   --->   "%p_load1391 = load i32 %empty_147"   --->   Operation 1350 'load' 'p_load1391' <Predicate = true> <Delay = 0.00>
ST_2 : Operation 1351 [1/1] (0.00ns)   --->   "%p_load1390 = load i32 %empty_148"   --->   Operation 1351 'load' 'p_load1390' <Predicate = true> <Delay = 0.00>
ST_2 : Operation 1352 [1/1] (0.00ns)   --->   "%p_load1389 = load i32 %empty_149"   --->   Operation 1352 'load' 'p_load1389' <Predicate = true> <Delay = 0.00>
ST_2 : Operation 1353 [1/1] (0.00ns)   --->   "%p_load1388 = load i32 %empty_150"   --->   Operation 1353 'load' 'p_load1388' <Predicate = true> <Delay = 0.00>
ST_2 : Operation 1354 [1/1] (0.00ns)   --->   "%p_load1387 = load i32 %empty_151"   --->   Operation 1354 'load' 'p_load1387' <Predicate = true> <Delay = 0.00>
ST_2 : Operation 1355 [1/1] (0.00ns)   --->   "%p_load1386 = load i32 %empty_152"   --->   Operation 1355 'load' 'p_load1386' <Predicate = true> <Delay = 0.00>
ST_2 : Operation 1356 [1/1] (0.00ns)   --->   "%p_load1385 = load i32 %empty_153"   --->   Operation 1356 'load' 'p_load1385' <Predicate = true> <Delay = 0.00>
ST_2 : Operation 1357 [1/1] (0.00ns)   --->   "%p_load1384 = load i32 %empty_154"   --->   Operation 1357 'load' 'p_load1384' <Predicate = true> <Delay = 0.00>
ST_2 : Operation 1358 [1/1] (0.00ns)   --->   "%p_load1383 = load i32 %empty_155"   --->   Operation 1358 'load' 'p_load1383' <Predicate = true> <Delay = 0.00>
ST_2 : Operation 1359 [1/1] (0.00ns)   --->   "%p_load1382 = load i32 %empty_156"   --->   Operation 1359 'load' 'p_load1382' <Predicate = true> <Delay = 0.00>
ST_2 : Operation 1360 [1/1] (0.00ns)   --->   "%p_load1381 = load i32 %empty_157"   --->   Operation 1360 'load' 'p_load1381' <Predicate = true> <Delay = 0.00>
ST_2 : Operation 1361 [1/1] (0.00ns)   --->   "%p_load1380 = load i32 %empty_158"   --->   Operation 1361 'load' 'p_load1380' <Predicate = true> <Delay = 0.00>
ST_2 : Operation 1362 [1/1] (0.00ns)   --->   "%p_load1379 = load i32 %empty_159"   --->   Operation 1362 'load' 'p_load1379' <Predicate = true> <Delay = 0.00>
ST_2 : Operation 1363 [1/1] (0.00ns)   --->   "%p_load1378 = load i32 %empty_160"   --->   Operation 1363 'load' 'p_load1378' <Predicate = true> <Delay = 0.00>
ST_2 : Operation 1364 [1/1] (0.00ns)   --->   "%p_load1377 = load i32 %empty_161"   --->   Operation 1364 'load' 'p_load1377' <Predicate = true> <Delay = 0.00>
ST_2 : Operation 1365 [1/1] (0.00ns)   --->   "%p_load1376 = load i32 %empty_162"   --->   Operation 1365 'load' 'p_load1376' <Predicate = true> <Delay = 0.00>
ST_2 : Operation 1366 [1/1] (0.00ns)   --->   "%p_load1375 = load i32 %empty_163"   --->   Operation 1366 'load' 'p_load1375' <Predicate = true> <Delay = 0.00>
ST_2 : Operation 1367 [1/1] (0.00ns)   --->   "%p_load1374 = load i32 %empty_164"   --->   Operation 1367 'load' 'p_load1374' <Predicate = true> <Delay = 0.00>
ST_2 : Operation 1368 [1/1] (0.00ns)   --->   "%p_load1373 = load i32 %empty_165"   --->   Operation 1368 'load' 'p_load1373' <Predicate = true> <Delay = 0.00>
ST_2 : Operation 1369 [1/1] (0.00ns)   --->   "%I_path_1 = load i32 %I_path"   --->   Operation 1369 'load' 'I_path_1' <Predicate = true> <Delay = 0.00>
ST_2 : Operation 1370 [1/1] (0.00ns)   --->   "%p_load1372 = load i32 %empty_166"   --->   Operation 1370 'load' 'p_load1372' <Predicate = true> <Delay = 0.00>
ST_2 : Operation 1371 [1/1] (0.00ns)   --->   "%p_load1371 = load i32 %empty_167"   --->   Operation 1371 'load' 'p_load1371' <Predicate = true> <Delay = 0.00>
ST_2 : Operation 1372 [1/1] (0.00ns)   --->   "%p_load1370 = load i32 %empty_168"   --->   Operation 1372 'load' 'p_load1370' <Predicate = true> <Delay = 0.00>
ST_2 : Operation 1373 [1/1] (0.00ns)   --->   "%p_load1369 = load i32 %empty_169"   --->   Operation 1373 'load' 'p_load1369' <Predicate = true> <Delay = 0.00>
ST_2 : Operation 1374 [1/1] (0.00ns)   --->   "%p_load1368 = load i32 %empty_170"   --->   Operation 1374 'load' 'p_load1368' <Predicate = true> <Delay = 0.00>
ST_2 : Operation 1375 [1/1] (0.00ns)   --->   "%p_load1367 = load i32 %empty_171"   --->   Operation 1375 'load' 'p_load1367' <Predicate = true> <Delay = 0.00>
ST_2 : Operation 1376 [1/1] (0.00ns)   --->   "%p_load1366 = load i32 %empty_172"   --->   Operation 1376 'load' 'p_load1366' <Predicate = true> <Delay = 0.00>
ST_2 : Operation 1377 [1/1] (0.00ns)   --->   "%p_load1365 = load i32 %empty_173"   --->   Operation 1377 'load' 'p_load1365' <Predicate = true> <Delay = 0.00>
ST_2 : Operation 1378 [1/1] (0.00ns)   --->   "%p_load1364 = load i32 %empty_174"   --->   Operation 1378 'load' 'p_load1364' <Predicate = true> <Delay = 0.00>
ST_2 : Operation 1379 [1/1] (0.00ns)   --->   "%p_load1363 = load i32 %empty_175"   --->   Operation 1379 'load' 'p_load1363' <Predicate = true> <Delay = 0.00>
ST_2 : Operation 1380 [1/1] (0.00ns)   --->   "%p_load1362 = load i32 %empty_176"   --->   Operation 1380 'load' 'p_load1362' <Predicate = true> <Delay = 0.00>
ST_2 : Operation 1381 [1/1] (0.00ns)   --->   "%p_load1361 = load i32 %empty_177"   --->   Operation 1381 'load' 'p_load1361' <Predicate = true> <Delay = 0.00>
ST_2 : Operation 1382 [1/1] (0.00ns)   --->   "%p_load1360 = load i32 %empty_178"   --->   Operation 1382 'load' 'p_load1360' <Predicate = true> <Delay = 0.00>
ST_2 : Operation 1383 [1/1] (0.00ns)   --->   "%p_load1359 = load i32 %empty_179"   --->   Operation 1383 'load' 'p_load1359' <Predicate = true> <Delay = 0.00>
ST_2 : Operation 1384 [1/1] (0.00ns)   --->   "%p_load1358 = load i32 %empty_180"   --->   Operation 1384 'load' 'p_load1358' <Predicate = true> <Delay = 0.00>
ST_2 : Operation 1385 [1/1] (0.00ns)   --->   "%p_load1357 = load i32 %empty_181"   --->   Operation 1385 'load' 'p_load1357' <Predicate = true> <Delay = 0.00>
ST_2 : Operation 1386 [1/1] (0.00ns)   --->   "%p_load1356 = load i32 %empty_182"   --->   Operation 1386 'load' 'p_load1356' <Predicate = true> <Delay = 0.00>
ST_2 : Operation 1387 [1/1] (0.00ns)   --->   "%p_load1355 = load i32 %empty_183"   --->   Operation 1387 'load' 'p_load1355' <Predicate = true> <Delay = 0.00>
ST_2 : Operation 1388 [1/1] (0.00ns)   --->   "%p_load1354 = load i32 %empty_184"   --->   Operation 1388 'load' 'p_load1354' <Predicate = true> <Delay = 0.00>
ST_2 : Operation 1389 [1/1] (0.00ns)   --->   "%p_load1353 = load i32 %empty_185"   --->   Operation 1389 'load' 'p_load1353' <Predicate = true> <Delay = 0.00>
ST_2 : Operation 1390 [1/1] (0.00ns)   --->   "%p_load1352 = load i32 %empty_186"   --->   Operation 1390 'load' 'p_load1352' <Predicate = true> <Delay = 0.00>
ST_2 : Operation 1391 [1/1] (0.00ns)   --->   "%p_load1351 = load i32 %empty_187"   --->   Operation 1391 'load' 'p_load1351' <Predicate = true> <Delay = 0.00>
ST_2 : Operation 1392 [1/1] (0.00ns)   --->   "%p_load1350 = load i32 %empty_188"   --->   Operation 1392 'load' 'p_load1350' <Predicate = true> <Delay = 0.00>
ST_2 : Operation 1393 [1/1] (0.00ns)   --->   "%p_load1349 = load i32 %empty_189"   --->   Operation 1393 'load' 'p_load1349' <Predicate = true> <Delay = 0.00>
ST_2 : Operation 1394 [1/1] (0.00ns)   --->   "%p_load1348 = load i32 %empty_190"   --->   Operation 1394 'load' 'p_load1348' <Predicate = true> <Delay = 0.00>
ST_2 : Operation 1395 [1/1] (0.00ns)   --->   "%p_load1347 = load i32 %empty_191"   --->   Operation 1395 'load' 'p_load1347' <Predicate = true> <Delay = 0.00>
ST_2 : Operation 1396 [1/1] (0.00ns)   --->   "%p_load1346 = load i32 %empty_192"   --->   Operation 1396 'load' 'p_load1346' <Predicate = true> <Delay = 0.00>
ST_2 : Operation 1397 [1/1] (0.00ns)   --->   "%p_load1345 = load i32 %empty_193"   --->   Operation 1397 'load' 'p_load1345' <Predicate = true> <Delay = 0.00>
ST_2 : Operation 1398 [1/1] (0.00ns)   --->   "%p_load1344 = load i32 %empty_194"   --->   Operation 1398 'load' 'p_load1344' <Predicate = true> <Delay = 0.00>
ST_2 : Operation 1399 [1/1] (0.00ns)   --->   "%p_load1343 = load i32 %empty_195"   --->   Operation 1399 'load' 'p_load1343' <Predicate = true> <Delay = 0.00>
ST_2 : Operation 1400 [1/1] (0.00ns)   --->   "%p_load1342 = load i32 %empty_196"   --->   Operation 1400 'load' 'p_load1342' <Predicate = true> <Delay = 0.00>
ST_2 : Operation 1401 [1/1] (0.00ns)   --->   "%p_load1341 = load i32 %empty_197"   --->   Operation 1401 'load' 'p_load1341' <Predicate = true> <Delay = 0.00>
ST_2 : Operation 1402 [1/1] (0.00ns)   --->   "%p_load1340 = load i32 %empty_198"   --->   Operation 1402 'load' 'p_load1340' <Predicate = true> <Delay = 0.00>
ST_2 : Operation 1403 [1/1] (0.00ns)   --->   "%p_load1339 = load i32 %empty_199"   --->   Operation 1403 'load' 'p_load1339' <Predicate = true> <Delay = 0.00>
ST_2 : Operation 1404 [1/1] (0.00ns)   --->   "%p_load1338 = load i32 %empty_200"   --->   Operation 1404 'load' 'p_load1338' <Predicate = true> <Delay = 0.00>
ST_2 : Operation 1405 [1/1] (0.00ns)   --->   "%p_load1337 = load i32 %empty_201"   --->   Operation 1405 'load' 'p_load1337' <Predicate = true> <Delay = 0.00>
ST_2 : Operation 1406 [1/1] (0.00ns)   --->   "%p_load1336 = load i32 %empty_202"   --->   Operation 1406 'load' 'p_load1336' <Predicate = true> <Delay = 0.00>
ST_2 : Operation 1407 [1/1] (0.00ns)   --->   "%p_load1335 = load i32 %empty_203"   --->   Operation 1407 'load' 'p_load1335' <Predicate = true> <Delay = 0.00>
ST_2 : Operation 1408 [1/1] (0.00ns)   --->   "%p_load1334 = load i32 %empty_204"   --->   Operation 1408 'load' 'p_load1334' <Predicate = true> <Delay = 0.00>
ST_2 : Operation 1409 [1/1] (0.00ns)   --->   "%p_load1333 = load i32 %empty_205"   --->   Operation 1409 'load' 'p_load1333' <Predicate = true> <Delay = 0.00>
ST_2 : Operation 1410 [1/1] (0.00ns)   --->   "%p_load1332 = load i32 %empty_206"   --->   Operation 1410 'load' 'p_load1332' <Predicate = true> <Delay = 0.00>
ST_2 : Operation 1411 [1/1] (0.00ns)   --->   "%p_load1331 = load i32 %empty_207"   --->   Operation 1411 'load' 'p_load1331' <Predicate = true> <Delay = 0.00>
ST_2 : Operation 1412 [1/1] (0.00ns)   --->   "%p_load1330 = load i32 %empty_208"   --->   Operation 1412 'load' 'p_load1330' <Predicate = true> <Delay = 0.00>
ST_2 : Operation 1413 [1/1] (0.00ns)   --->   "%p_load1329 = load i32 %empty_209"   --->   Operation 1413 'load' 'p_load1329' <Predicate = true> <Delay = 0.00>
ST_2 : Operation 1414 [1/1] (0.00ns)   --->   "%p_load1328 = load i32 %empty_210"   --->   Operation 1414 'load' 'p_load1328' <Predicate = true> <Delay = 0.00>
ST_2 : Operation 1415 [1/1] (0.00ns)   --->   "%p_load1327 = load i32 %empty_211"   --->   Operation 1415 'load' 'p_load1327' <Predicate = true> <Delay = 0.00>
ST_2 : Operation 1416 [1/1] (0.00ns)   --->   "%p_load1326 = load i32 %empty_212"   --->   Operation 1416 'load' 'p_load1326' <Predicate = true> <Delay = 0.00>
ST_2 : Operation 1417 [1/1] (0.00ns)   --->   "%p_load1325 = load i32 %empty_213"   --->   Operation 1417 'load' 'p_load1325' <Predicate = true> <Delay = 0.00>
ST_2 : Operation 1418 [1/1] (0.00ns)   --->   "%p_load1324 = load i32 %empty_214"   --->   Operation 1418 'load' 'p_load1324' <Predicate = true> <Delay = 0.00>
ST_2 : Operation 1419 [1/1] (0.00ns)   --->   "%p_load1323 = load i32 %empty_215"   --->   Operation 1419 'load' 'p_load1323' <Predicate = true> <Delay = 0.00>
ST_2 : Operation 1420 [1/1] (0.00ns)   --->   "%p_load1322 = load i32 %empty_216"   --->   Operation 1420 'load' 'p_load1322' <Predicate = true> <Delay = 0.00>
ST_2 : Operation 1421 [1/1] (0.00ns)   --->   "%p_load1321 = load i32 %empty_217"   --->   Operation 1421 'load' 'p_load1321' <Predicate = true> <Delay = 0.00>
ST_2 : Operation 1422 [1/1] (0.00ns)   --->   "%p_load1320 = load i32 %empty_218"   --->   Operation 1422 'load' 'p_load1320' <Predicate = true> <Delay = 0.00>
ST_2 : Operation 1423 [1/1] (0.00ns)   --->   "%p_load1319 = load i32 %empty_219"   --->   Operation 1423 'load' 'p_load1319' <Predicate = true> <Delay = 0.00>
ST_2 : Operation 1424 [1/1] (0.00ns)   --->   "%p_load1318 = load i32 %empty_220"   --->   Operation 1424 'load' 'p_load1318' <Predicate = true> <Delay = 0.00>
ST_2 : Operation 1425 [1/1] (0.00ns)   --->   "%p_load1317 = load i32 %empty_221"   --->   Operation 1425 'load' 'p_load1317' <Predicate = true> <Delay = 0.00>
ST_2 : Operation 1426 [1/1] (0.00ns)   --->   "%p_load1316 = load i32 %empty_222"   --->   Operation 1426 'load' 'p_load1316' <Predicate = true> <Delay = 0.00>
ST_2 : Operation 1427 [1/1] (0.00ns)   --->   "%p_load1315 = load i32 %empty_223"   --->   Operation 1427 'load' 'p_load1315' <Predicate = true> <Delay = 0.00>
ST_2 : Operation 1428 [1/1] (0.00ns)   --->   "%p_load1314 = load i32 %empty_224"   --->   Operation 1428 'load' 'p_load1314' <Predicate = true> <Delay = 0.00>
ST_2 : Operation 1429 [1/1] (0.00ns)   --->   "%p_load1313 = load i32 %empty_225"   --->   Operation 1429 'load' 'p_load1313' <Predicate = true> <Delay = 0.00>
ST_2 : Operation 1430 [1/1] (0.00ns)   --->   "%p_load1312 = load i32 %empty_226"   --->   Operation 1430 'load' 'p_load1312' <Predicate = true> <Delay = 0.00>
ST_2 : Operation 1431 [1/1] (0.00ns)   --->   "%p_load1311 = load i32 %empty_227"   --->   Operation 1431 'load' 'p_load1311' <Predicate = true> <Delay = 0.00>
ST_2 : Operation 1432 [1/1] (0.00ns)   --->   "%p_load1310 = load i32 %empty_228"   --->   Operation 1432 'load' 'p_load1310' <Predicate = true> <Delay = 0.00>
ST_2 : Operation 1433 [1/1] (0.00ns)   --->   "%p_load1309 = load i32 %empty_229"   --->   Operation 1433 'load' 'p_load1309' <Predicate = true> <Delay = 0.00>
ST_2 : Operation 1434 [1/1] (0.00ns)   --->   "%p_load1308 = load i32 %empty_230"   --->   Operation 1434 'load' 'p_load1308' <Predicate = true> <Delay = 0.00>
ST_2 : Operation 1435 [1/1] (0.00ns)   --->   "%p_load1307 = load i32 %empty_231"   --->   Operation 1435 'load' 'p_load1307' <Predicate = true> <Delay = 0.00>
ST_2 : Operation 1436 [1/1] (0.00ns)   --->   "%p_load1306 = load i32 %empty_232"   --->   Operation 1436 'load' 'p_load1306' <Predicate = true> <Delay = 0.00>
ST_2 : Operation 1437 [1/1] (0.00ns)   --->   "%p_load1305 = load i32 %empty_233"   --->   Operation 1437 'load' 'p_load1305' <Predicate = true> <Delay = 0.00>
ST_2 : Operation 1438 [1/1] (0.00ns)   --->   "%p_load1304 = load i32 %empty_234"   --->   Operation 1438 'load' 'p_load1304' <Predicate = true> <Delay = 0.00>
ST_2 : Operation 1439 [1/1] (0.00ns)   --->   "%p_load1303 = load i32 %empty_235"   --->   Operation 1439 'load' 'p_load1303' <Predicate = true> <Delay = 0.00>
ST_2 : Operation 1440 [1/1] (0.00ns)   --->   "%p_load1302 = load i32 %empty_236"   --->   Operation 1440 'load' 'p_load1302' <Predicate = true> <Delay = 0.00>
ST_2 : Operation 1441 [1/1] (0.00ns)   --->   "%p_load1301 = load i32 %empty_237"   --->   Operation 1441 'load' 'p_load1301' <Predicate = true> <Delay = 0.00>
ST_2 : Operation 1442 [1/1] (0.00ns)   --->   "%p_load1300 = load i32 %empty_238"   --->   Operation 1442 'load' 'p_load1300' <Predicate = true> <Delay = 0.00>
ST_2 : Operation 1443 [1/1] (0.00ns)   --->   "%p_load1299 = load i32 %empty_239"   --->   Operation 1443 'load' 'p_load1299' <Predicate = true> <Delay = 0.00>
ST_2 : Operation 1444 [1/1] (0.00ns)   --->   "%p_load1298 = load i32 %empty_240"   --->   Operation 1444 'load' 'p_load1298' <Predicate = true> <Delay = 0.00>
ST_2 : Operation 1445 [1/1] (0.00ns)   --->   "%p_load1297 = load i32 %empty_241"   --->   Operation 1445 'load' 'p_load1297' <Predicate = true> <Delay = 0.00>
ST_2 : Operation 1446 [1/1] (0.00ns)   --->   "%p_load1296 = load i32 %empty_242"   --->   Operation 1446 'load' 'p_load1296' <Predicate = true> <Delay = 0.00>
ST_2 : Operation 1447 [1/1] (0.00ns)   --->   "%p_load1295 = load i32 %empty_243"   --->   Operation 1447 'load' 'p_load1295' <Predicate = true> <Delay = 0.00>
ST_2 : Operation 1448 [1/1] (0.00ns)   --->   "%p_load1294 = load i32 %empty_244"   --->   Operation 1448 'load' 'p_load1294' <Predicate = true> <Delay = 0.00>
ST_2 : Operation 1449 [1/1] (0.00ns)   --->   "%p_load1293 = load i32 %empty_245"   --->   Operation 1449 'load' 'p_load1293' <Predicate = true> <Delay = 0.00>
ST_2 : Operation 1450 [1/1] (0.00ns)   --->   "%p_load1292 = load i32 %empty_246"   --->   Operation 1450 'load' 'p_load1292' <Predicate = true> <Delay = 0.00>
ST_2 : Operation 1451 [1/1] (0.00ns)   --->   "%p_load1291 = load i32 %empty_247"   --->   Operation 1451 'load' 'p_load1291' <Predicate = true> <Delay = 0.00>
ST_2 : Operation 1452 [1/1] (0.00ns)   --->   "%p_load1290 = load i32 %empty_248"   --->   Operation 1452 'load' 'p_load1290' <Predicate = true> <Delay = 0.00>
ST_2 : Operation 1453 [1/1] (0.00ns)   --->   "%p_load1289 = load i32 %empty_249"   --->   Operation 1453 'load' 'p_load1289' <Predicate = true> <Delay = 0.00>
ST_2 : Operation 1454 [1/1] (0.00ns)   --->   "%p_load1288 = load i32 %empty_250"   --->   Operation 1454 'load' 'p_load1288' <Predicate = true> <Delay = 0.00>
ST_2 : Operation 1455 [1/1] (0.00ns)   --->   "%p_load1287 = load i32 %empty_251"   --->   Operation 1455 'load' 'p_load1287' <Predicate = true> <Delay = 0.00>
ST_2 : Operation 1456 [1/1] (0.00ns)   --->   "%p_load1286 = load i32 %empty_252"   --->   Operation 1456 'load' 'p_load1286' <Predicate = true> <Delay = 0.00>
ST_2 : Operation 1457 [1/1] (0.00ns)   --->   "%p_load1285 = load i32 %empty_253"   --->   Operation 1457 'load' 'p_load1285' <Predicate = true> <Delay = 0.00>
ST_2 : Operation 1458 [1/1] (0.00ns)   --->   "%p_load1284 = load i32 %empty_254"   --->   Operation 1458 'load' 'p_load1284' <Predicate = true> <Delay = 0.00>
ST_2 : Operation 1459 [1/1] (0.00ns)   --->   "%p_load1283 = load i32 %empty_255"   --->   Operation 1459 'load' 'p_load1283' <Predicate = true> <Delay = 0.00>
ST_2 : Operation 1460 [1/1] (0.00ns)   --->   "%p_load1282 = load i32 %empty_256"   --->   Operation 1460 'load' 'p_load1282' <Predicate = true> <Delay = 0.00>
ST_2 : Operation 1461 [1/1] (0.00ns)   --->   "%p_load1281 = load i32 %empty_257"   --->   Operation 1461 'load' 'p_load1281' <Predicate = true> <Delay = 0.00>
ST_2 : Operation 1462 [1/1] (0.00ns)   --->   "%p_load1280 = load i32 %empty_258"   --->   Operation 1462 'load' 'p_load1280' <Predicate = true> <Delay = 0.00>
ST_2 : Operation 1463 [1/1] (0.00ns)   --->   "%p_load1279 = load i32 %empty_259"   --->   Operation 1463 'load' 'p_load1279' <Predicate = true> <Delay = 0.00>
ST_2 : Operation 1464 [1/1] (0.00ns)   --->   "%p_load1278 = load i32 %empty_260"   --->   Operation 1464 'load' 'p_load1278' <Predicate = true> <Delay = 0.00>
ST_2 : Operation 1465 [1/1] (0.00ns)   --->   "%p_load1277 = load i32 %empty_261"   --->   Operation 1465 'load' 'p_load1277' <Predicate = true> <Delay = 0.00>
ST_2 : Operation 1466 [1/1] (0.00ns)   --->   "%p_load1276 = load i32 %empty_262"   --->   Operation 1466 'load' 'p_load1276' <Predicate = true> <Delay = 0.00>
ST_2 : Operation 1467 [1/1] (0.00ns)   --->   "%p_load1275 = load i32 %empty_263"   --->   Operation 1467 'load' 'p_load1275' <Predicate = true> <Delay = 0.00>
ST_2 : Operation 1468 [1/1] (0.00ns)   --->   "%p_load1274 = load i32 %empty_264"   --->   Operation 1468 'load' 'p_load1274' <Predicate = true> <Delay = 0.00>
ST_2 : Operation 1469 [1/1] (0.00ns)   --->   "%p_load1273 = load i32 %empty_265"   --->   Operation 1469 'load' 'p_load1273' <Predicate = true> <Delay = 0.00>
ST_2 : Operation 1470 [1/1] (0.00ns)   --->   "%p_load1272 = load i32 %empty_266"   --->   Operation 1470 'load' 'p_load1272' <Predicate = true> <Delay = 0.00>
ST_2 : Operation 1471 [1/1] (0.00ns)   --->   "%p_load1271 = load i32 %empty_267"   --->   Operation 1471 'load' 'p_load1271' <Predicate = true> <Delay = 0.00>
ST_2 : Operation 1472 [1/1] (0.00ns)   --->   "%p_load1270 = load i32 %empty_268"   --->   Operation 1472 'load' 'p_load1270' <Predicate = true> <Delay = 0.00>
ST_2 : Operation 1473 [1/1] (0.00ns)   --->   "%p_load1269 = load i32 %empty_269"   --->   Operation 1473 'load' 'p_load1269' <Predicate = true> <Delay = 0.00>
ST_2 : Operation 1474 [1/1] (0.00ns)   --->   "%p_load1268 = load i32 %empty_270"   --->   Operation 1474 'load' 'p_load1268' <Predicate = true> <Delay = 0.00>
ST_2 : Operation 1475 [1/1] (0.00ns)   --->   "%p_load1267 = load i32 %empty_271"   --->   Operation 1475 'load' 'p_load1267' <Predicate = true> <Delay = 0.00>
ST_2 : Operation 1476 [1/1] (0.00ns)   --->   "%p_load1266 = load i32 %empty_272"   --->   Operation 1476 'load' 'p_load1266' <Predicate = true> <Delay = 0.00>
ST_2 : Operation 1477 [1/1] (0.00ns)   --->   "%p_load1265 = load i32 %empty_273"   --->   Operation 1477 'load' 'p_load1265' <Predicate = true> <Delay = 0.00>
ST_2 : Operation 1478 [1/1] (0.00ns)   --->   "%p_load1264 = load i32 %empty_274"   --->   Operation 1478 'load' 'p_load1264' <Predicate = true> <Delay = 0.00>
ST_2 : Operation 1479 [1/1] (0.00ns)   --->   "%p_load1263 = load i32 %empty_275"   --->   Operation 1479 'load' 'p_load1263' <Predicate = true> <Delay = 0.00>
ST_2 : Operation 1480 [1/1] (0.00ns)   --->   "%p_load1262 = load i32 %empty_276"   --->   Operation 1480 'load' 'p_load1262' <Predicate = true> <Delay = 0.00>
ST_2 : Operation 1481 [1/1] (0.00ns)   --->   "%p_load1261 = load i32 %empty_277"   --->   Operation 1481 'load' 'p_load1261' <Predicate = true> <Delay = 0.00>
ST_2 : Operation 1482 [1/1] (0.00ns)   --->   "%p_load1260 = load i32 %empty_278"   --->   Operation 1482 'load' 'p_load1260' <Predicate = true> <Delay = 0.00>
ST_2 : Operation 1483 [1/1] (0.00ns)   --->   "%p_load1259 = load i32 %empty_279"   --->   Operation 1483 'load' 'p_load1259' <Predicate = true> <Delay = 0.00>
ST_2 : Operation 1484 [1/1] (0.00ns)   --->   "%p_load1258 = load i32 %empty_280"   --->   Operation 1484 'load' 'p_load1258' <Predicate = true> <Delay = 0.00>
ST_2 : Operation 1485 [1/1] (0.00ns)   --->   "%p_load1257 = load i32 %empty_281"   --->   Operation 1485 'load' 'p_load1257' <Predicate = true> <Delay = 0.00>
ST_2 : Operation 1486 [1/1] (0.00ns)   --->   "%p_load1256 = load i32 %empty_282"   --->   Operation 1486 'load' 'p_load1256' <Predicate = true> <Delay = 0.00>
ST_2 : Operation 1487 [1/1] (0.00ns)   --->   "%p_load1255 = load i32 %empty_283"   --->   Operation 1487 'load' 'p_load1255' <Predicate = true> <Delay = 0.00>
ST_2 : Operation 1488 [1/1] (0.00ns)   --->   "%p_load1254 = load i32 %empty_284"   --->   Operation 1488 'load' 'p_load1254' <Predicate = true> <Delay = 0.00>
ST_2 : Operation 1489 [1/1] (0.00ns)   --->   "%p_load1253 = load i32 %empty_285"   --->   Operation 1489 'load' 'p_load1253' <Predicate = true> <Delay = 0.00>
ST_2 : Operation 1490 [1/1] (0.00ns)   --->   "%p_load1252 = load i32 %empty_286"   --->   Operation 1490 'load' 'p_load1252' <Predicate = true> <Delay = 0.00>
ST_2 : Operation 1491 [1/1] (0.00ns)   --->   "%p_load1251 = load i32 %empty_287"   --->   Operation 1491 'load' 'p_load1251' <Predicate = true> <Delay = 0.00>
ST_2 : Operation 1492 [1/1] (0.00ns)   --->   "%p_load1250 = load i32 %empty_288"   --->   Operation 1492 'load' 'p_load1250' <Predicate = true> <Delay = 0.00>
ST_2 : Operation 1493 [1/1] (0.00ns)   --->   "%p_load1249 = load i32 %empty_289"   --->   Operation 1493 'load' 'p_load1249' <Predicate = true> <Delay = 0.00>
ST_2 : Operation 1494 [1/1] (0.00ns)   --->   "%p_load1248 = load i32 %empty_290"   --->   Operation 1494 'load' 'p_load1248' <Predicate = true> <Delay = 0.00>
ST_2 : Operation 1495 [1/1] (0.00ns)   --->   "%p_load1247 = load i32 %empty_291"   --->   Operation 1495 'load' 'p_load1247' <Predicate = true> <Delay = 0.00>
ST_2 : Operation 1496 [1/1] (0.00ns)   --->   "%p_load1246 = load i32 %empty_292"   --->   Operation 1496 'load' 'p_load1246' <Predicate = true> <Delay = 0.00>
ST_2 : Operation 1497 [1/1] (0.00ns)   --->   "%p_load1245 = load i32 %empty_293"   --->   Operation 1497 'load' 'p_load1245' <Predicate = true> <Delay = 0.00>
ST_2 : Operation 1498 [1/1] (0.00ns)   --->   "%p_load1244 = load i32 %empty_294"   --->   Operation 1498 'load' 'p_load1244' <Predicate = true> <Delay = 0.00>
ST_2 : Operation 1499 [1/1] (0.00ns)   --->   "%p_load1243 = load i32 %empty_295"   --->   Operation 1499 'load' 'p_load1243' <Predicate = true> <Delay = 0.00>
ST_2 : Operation 1500 [1/1] (0.00ns)   --->   "%p_load1242 = load i32 %empty_296"   --->   Operation 1500 'load' 'p_load1242' <Predicate = true> <Delay = 0.00>
ST_2 : Operation 1501 [1/1] (0.00ns)   --->   "%p_load1241 = load i32 %empty_297"   --->   Operation 1501 'load' 'p_load1241' <Predicate = true> <Delay = 0.00>
ST_2 : Operation 1502 [1/1] (0.00ns)   --->   "%p_load1240 = load i32 %empty_298"   --->   Operation 1502 'load' 'p_load1240' <Predicate = true> <Delay = 0.00>
ST_2 : Operation 1503 [1/1] (0.00ns)   --->   "%p_load1239 = load i32 %empty_299"   --->   Operation 1503 'load' 'p_load1239' <Predicate = true> <Delay = 0.00>
ST_2 : Operation 1504 [1/1] (0.00ns)   --->   "%p_load1238 = load i32 %empty_300"   --->   Operation 1504 'load' 'p_load1238' <Predicate = true> <Delay = 0.00>
ST_2 : Operation 1505 [1/1] (0.00ns)   --->   "%p_load1237 = load i32 %empty_301"   --->   Operation 1505 'load' 'p_load1237' <Predicate = true> <Delay = 0.00>
ST_2 : Operation 1506 [1/1] (0.00ns)   --->   "%p_load1236 = load i32 %empty_302"   --->   Operation 1506 'load' 'p_load1236' <Predicate = true> <Delay = 0.00>
ST_2 : Operation 1507 [1/1] (0.00ns)   --->   "%p_load1235 = load i32 %empty_303"   --->   Operation 1507 'load' 'p_load1235' <Predicate = true> <Delay = 0.00>
ST_2 : Operation 1508 [1/1] (0.00ns)   --->   "%p_load1234 = load i32 %empty_304"   --->   Operation 1508 'load' 'p_load1234' <Predicate = true> <Delay = 0.00>
ST_2 : Operation 1509 [1/1] (0.00ns)   --->   "%p_load1233 = load i32 %empty_305"   --->   Operation 1509 'load' 'p_load1233' <Predicate = true> <Delay = 0.00>
ST_2 : Operation 1510 [1/1] (0.00ns)   --->   "%p_load1232 = load i32 %empty_306"   --->   Operation 1510 'load' 'p_load1232' <Predicate = true> <Delay = 0.00>
ST_2 : Operation 1511 [1/1] (0.00ns)   --->   "%p_load1231 = load i32 %empty_307"   --->   Operation 1511 'load' 'p_load1231' <Predicate = true> <Delay = 0.00>
ST_2 : Operation 1512 [1/1] (0.00ns)   --->   "%p_load1230 = load i32 %empty_308"   --->   Operation 1512 'load' 'p_load1230' <Predicate = true> <Delay = 0.00>
ST_2 : Operation 1513 [1/1] (0.00ns)   --->   "%p_load1229 = load i32 %empty_309"   --->   Operation 1513 'load' 'p_load1229' <Predicate = true> <Delay = 0.00>
ST_2 : Operation 1514 [1/1] (0.00ns)   --->   "%p_load1228 = load i32 %empty_310"   --->   Operation 1514 'load' 'p_load1228' <Predicate = true> <Delay = 0.00>
ST_2 : Operation 1515 [1/1] (0.00ns)   --->   "%p_load1227 = load i32 %empty_311"   --->   Operation 1515 'load' 'p_load1227' <Predicate = true> <Delay = 0.00>
ST_2 : Operation 1516 [1/1] (0.00ns)   --->   "%p_load1226 = load i32 %empty_312"   --->   Operation 1516 'load' 'p_load1226' <Predicate = true> <Delay = 0.00>
ST_2 : Operation 1517 [1/1] (0.00ns)   --->   "%p_load1225 = load i32 %empty_313"   --->   Operation 1517 'load' 'p_load1225' <Predicate = true> <Delay = 0.00>
ST_2 : Operation 1518 [1/1] (0.00ns)   --->   "%p_load = load i32 %empty_314"   --->   Operation 1518 'load' 'p_load' <Predicate = true> <Delay = 0.00>
ST_2 : Operation 1519 [1/1] (0.07ns)   --->   "%empty_315 = read i54 @_ssdm_op_Read.axis.volatile.i32P0A.i4P0A.i4P0A.i2P0A.i1P0A.i5P0A.i6P0A, i32 %in_stream_V_data_V, i4 %in_stream_V_keep_V, i4 %in_stream_V_strb_V, i2 %in_stream_V_user_V, i1 %in_stream_V_last_V, i5 %in_stream_V_id_V, i6 %in_stream_V_dest_V" [hilbert.cpp:72]   --->   Operation 1519 'read' 'empty_315' <Predicate = true> <Delay = 0.07> <CoreInst = "regslice">   --->   Core 148 'regslice' <Latency = 0> <II = 1> <Delay = 0.65> <Adapter> <Opcode : 'read' 'write'>
ST_2 : Operation 1520 [1/1] (0.00ns)   --->   "%tmp_data_1 = extractvalue i54 %empty_315" [hilbert.cpp:72]   --->   Operation 1520 'extractvalue' 'tmp_data_1' <Predicate = true> <Delay = 0.00>
ST_2 : Operation 1521 [1/1] (0.00ns)   --->   "%tmp_keep = extractvalue i54 %empty_315" [hilbert.cpp:72]   --->   Operation 1521 'extractvalue' 'tmp_keep' <Predicate = true> <Delay = 0.00>
ST_2 : Operation 1522 [1/1] (0.00ns)   --->   "%tmp_strb = extractvalue i54 %empty_315" [hilbert.cpp:72]   --->   Operation 1522 'extractvalue' 'tmp_strb' <Predicate = true> <Delay = 0.00>
ST_2 : Operation 1523 [1/1] (0.00ns)   --->   "%tmp_user = extractvalue i54 %empty_315" [hilbert.cpp:72]   --->   Operation 1523 'extractvalue' 'tmp_user' <Predicate = true> <Delay = 0.00>
ST_2 : Operation 1524 [1/1] (0.00ns)   --->   "%tmp_last = extractvalue i54 %empty_315" [hilbert.cpp:72]   --->   Operation 1524 'extractvalue' 'tmp_last' <Predicate = true> <Delay = 0.00>
ST_2 : Operation 1525 [1/1] (0.00ns)   --->   "%tmp_id = extractvalue i54 %empty_315" [hilbert.cpp:72]   --->   Operation 1525 'extractvalue' 'tmp_id' <Predicate = true> <Delay = 0.00>
ST_2 : Operation 1526 [1/1] (0.00ns)   --->   "%tmp_dest = extractvalue i54 %empty_315" [hilbert.cpp:72]   --->   Operation 1526 'extractvalue' 'tmp_dest' <Predicate = true> <Delay = 0.00>
ST_2 : Operation 1527 [1/1] (0.00ns)   --->   "%sext_ln50 = sext i32 %p_load1373" [hilbert.cpp:50->hilbert.cpp:77]   --->   Operation 1527 'sext' 'sext_ln50' <Predicate = true> <Delay = 0.00>
ST_2 : Operation 1528 [1/1] (0.00ns)   --->   "%sext_ln50_1 = sext i32 %p_load1372" [hilbert.cpp:50->hilbert.cpp:77]   --->   Operation 1528 'sext' 'sext_ln50_1' <Predicate = true> <Delay = 0.00>
ST_2 : Operation 1529 [1/1] (1.01ns)   --->   "%sub_ln50 = sub i33 %sext_ln50, i33 %sext_ln50_1" [hilbert.cpp:50->hilbert.cpp:77]   --->   Operation 1529 'sub' 'sub_ln50' <Predicate = true> <Delay = 1.01> <CoreInst = "Adder">   --->   Core 1 'Adder' <Latency = 0> <II = 1> <Delay = 1.01> <FuncUnit> <Opcode : 'add' 'sub'> <InPorts = 2> <OutPorts = 1>
ST_2 : Operation 1530 [1/1] (0.00ns)   --->   "%sext_ln50_150 = sext i33 %sub_ln50" [hilbert.cpp:50->hilbert.cpp:77]   --->   Operation 1530 'sext' 'sext_ln50_150' <Predicate = true> <Delay = 0.00>
ST_2 : Operation 1531 [1/1] (0.00ns)   --->   "%sext_ln50_2 = sext i32 %p_load1375" [hilbert.cpp:50->hilbert.cpp:77]   --->   Operation 1531 'sext' 'sext_ln50_2' <Predicate = true> <Delay = 0.00>
ST_2 : Operation 1532 [1/1] (0.00ns)   --->   "%sext_ln50_3 = sext i32 %p_load1370" [hilbert.cpp:50->hilbert.cpp:77]   --->   Operation 1532 'sext' 'sext_ln50_3' <Predicate = true> <Delay = 0.00>
ST_2 : Operation 1533 [1/1] (1.01ns)   --->   "%sub_ln50_1 = sub i33 %sext_ln50_2, i33 %sext_ln50_3" [hilbert.cpp:50->hilbert.cpp:77]   --->   Operation 1533 'sub' 'sub_ln50_1' <Predicate = true> <Delay = 1.01> <CoreInst = "Adder">   --->   Core 1 'Adder' <Latency = 0> <II = 1> <Delay = 1.01> <FuncUnit> <Opcode : 'add' 'sub'> <InPorts = 2> <OutPorts = 1>
ST_2 : Operation 1534 [1/1] (0.00ns)   --->   "%sext_ln50_4 = sext i32 %p_load1377" [hilbert.cpp:50->hilbert.cpp:77]   --->   Operation 1534 'sext' 'sext_ln50_4' <Predicate = true> <Delay = 0.00>
ST_2 : Operation 1535 [1/1] (0.00ns)   --->   "%sext_ln50_5 = sext i32 %p_load1368" [hilbert.cpp:50->hilbert.cpp:77]   --->   Operation 1535 'sext' 'sext_ln50_5' <Predicate = true> <Delay = 0.00>
ST_2 : Operation 1536 [1/1] (1.01ns)   --->   "%sub_ln50_2 = sub i33 %sext_ln50_4, i33 %sext_ln50_5" [hilbert.cpp:50->hilbert.cpp:77]   --->   Operation 1536 'sub' 'sub_ln50_2' <Predicate = true> <Delay = 1.01> <CoreInst = "Adder">   --->   Core 1 'Adder' <Latency = 0> <II = 1> <Delay = 1.01> <FuncUnit> <Opcode : 'add' 'sub'> <InPorts = 2> <OutPorts = 1>
ST_2 : Operation 1537 [1/1] (0.00ns)   --->   "%sext_ln50_6 = sext i32 %p_load1379" [hilbert.cpp:50->hilbert.cpp:77]   --->   Operation 1537 'sext' 'sext_ln50_6' <Predicate = true> <Delay = 0.00>
ST_2 : Operation 1538 [1/1] (0.00ns)   --->   "%sext_ln50_7 = sext i32 %p_load1366" [hilbert.cpp:50->hilbert.cpp:77]   --->   Operation 1538 'sext' 'sext_ln50_7' <Predicate = true> <Delay = 0.00>
ST_2 : Operation 1539 [1/1] (1.01ns)   --->   "%sub_ln50_3 = sub i33 %sext_ln50_6, i33 %sext_ln50_7" [hilbert.cpp:50->hilbert.cpp:77]   --->   Operation 1539 'sub' 'sub_ln50_3' <Predicate = true> <Delay = 1.01> <CoreInst = "Adder">   --->   Core 1 'Adder' <Latency = 0> <II = 1> <Delay = 1.01> <FuncUnit> <Opcode : 'add' 'sub'> <InPorts = 2> <OutPorts = 1>
ST_2 : Operation 1540 [1/1] (0.00ns)   --->   "%sext_ln50_8 = sext i32 %p_load1381" [hilbert.cpp:50->hilbert.cpp:77]   --->   Operation 1540 'sext' 'sext_ln50_8' <Predicate = true> <Delay = 0.00>
ST_2 : Operation 1541 [1/1] (0.00ns)   --->   "%sext_ln50_9 = sext i32 %p_load1364" [hilbert.cpp:50->hilbert.cpp:77]   --->   Operation 1541 'sext' 'sext_ln50_9' <Predicate = true> <Delay = 0.00>
ST_2 : Operation 1542 [1/1] (1.01ns)   --->   "%sub_ln50_4 = sub i33 %sext_ln50_8, i33 %sext_ln50_9" [hilbert.cpp:50->hilbert.cpp:77]   --->   Operation 1542 'sub' 'sub_ln50_4' <Predicate = true> <Delay = 1.01> <CoreInst = "Adder">   --->   Core 1 'Adder' <Latency = 0> <II = 1> <Delay = 1.01> <FuncUnit> <Opcode : 'add' 'sub'> <InPorts = 2> <OutPorts = 1>
ST_2 : Operation 1543 [1/1] (0.00ns)   --->   "%sext_ln50_10 = sext i32 %p_load1383" [hilbert.cpp:50->hilbert.cpp:77]   --->   Operation 1543 'sext' 'sext_ln50_10' <Predicate = true> <Delay = 0.00>
ST_2 : Operation 1544 [1/1] (0.00ns)   --->   "%sext_ln50_11 = sext i32 %p_load1362" [hilbert.cpp:50->hilbert.cpp:77]   --->   Operation 1544 'sext' 'sext_ln50_11' <Predicate = true> <Delay = 0.00>
ST_2 : Operation 1545 [1/1] (1.01ns)   --->   "%sub_ln50_5 = sub i33 %sext_ln50_10, i33 %sext_ln50_11" [hilbert.cpp:50->hilbert.cpp:77]   --->   Operation 1545 'sub' 'sub_ln50_5' <Predicate = true> <Delay = 1.01> <CoreInst = "Adder">   --->   Core 1 'Adder' <Latency = 0> <II = 1> <Delay = 1.01> <FuncUnit> <Opcode : 'add' 'sub'> <InPorts = 2> <OutPorts = 1>
ST_2 : Operation 1546 [1/1] (0.00ns)   --->   "%sext_ln50_12 = sext i32 %p_load1385" [hilbert.cpp:50->hilbert.cpp:77]   --->   Operation 1546 'sext' 'sext_ln50_12' <Predicate = true> <Delay = 0.00>
ST_2 : Operation 1547 [1/1] (0.00ns)   --->   "%sext_ln50_13 = sext i32 %p_load1360" [hilbert.cpp:50->hilbert.cpp:77]   --->   Operation 1547 'sext' 'sext_ln50_13' <Predicate = true> <Delay = 0.00>
ST_2 : Operation 1548 [1/1] (1.01ns)   --->   "%sub_ln50_6 = sub i33 %sext_ln50_12, i33 %sext_ln50_13" [hilbert.cpp:50->hilbert.cpp:77]   --->   Operation 1548 'sub' 'sub_ln50_6' <Predicate = true> <Delay = 1.01> <CoreInst = "Adder">   --->   Core 1 'Adder' <Latency = 0> <II = 1> <Delay = 1.01> <FuncUnit> <Opcode : 'add' 'sub'> <InPorts = 2> <OutPorts = 1>
ST_2 : Operation 1549 [1/1] (0.00ns)   --->   "%sext_ln50_151 = sext i33 %sub_ln50_6" [hilbert.cpp:50->hilbert.cpp:77]   --->   Operation 1549 'sext' 'sext_ln50_151' <Predicate = true> <Delay = 0.00>
ST_2 : Operation 1550 [1/1] (0.00ns)   --->   "%sext_ln50_14 = sext i32 %p_load1387" [hilbert.cpp:50->hilbert.cpp:77]   --->   Operation 1550 'sext' 'sext_ln50_14' <Predicate = true> <Delay = 0.00>
ST_2 : Operation 1551 [1/1] (0.00ns)   --->   "%sext_ln50_15 = sext i32 %p_load1358" [hilbert.cpp:50->hilbert.cpp:77]   --->   Operation 1551 'sext' 'sext_ln50_15' <Predicate = true> <Delay = 0.00>
ST_2 : Operation 1552 [1/1] (1.01ns)   --->   "%sub_ln50_7 = sub i33 %sext_ln50_14, i33 %sext_ln50_15" [hilbert.cpp:50->hilbert.cpp:77]   --->   Operation 1552 'sub' 'sub_ln50_7' <Predicate = true> <Delay = 1.01> <CoreInst = "Adder">   --->   Core 1 'Adder' <Latency = 0> <II = 1> <Delay = 1.01> <FuncUnit> <Opcode : 'add' 'sub'> <InPorts = 2> <OutPorts = 1>
ST_2 : Operation 1553 [1/1] (0.00ns)   --->   "%sext_ln50_152 = sext i33 %sub_ln50_7" [hilbert.cpp:50->hilbert.cpp:77]   --->   Operation 1553 'sext' 'sext_ln50_152' <Predicate = true> <Delay = 0.00>
ST_2 : Operation 1554 [1/1] (0.00ns)   --->   "%sext_ln50_16 = sext i32 %p_load1389" [hilbert.cpp:50->hilbert.cpp:77]   --->   Operation 1554 'sext' 'sext_ln50_16' <Predicate = true> <Delay = 0.00>
ST_2 : Operation 1555 [1/1] (0.00ns)   --->   "%sext_ln50_17 = sext i32 %p_load1356" [hilbert.cpp:50->hilbert.cpp:77]   --->   Operation 1555 'sext' 'sext_ln50_17' <Predicate = true> <Delay = 0.00>
ST_2 : Operation 1556 [1/1] (1.01ns)   --->   "%sub_ln50_8 = sub i33 %sext_ln50_16, i33 %sext_ln50_17" [hilbert.cpp:50->hilbert.cpp:77]   --->   Operation 1556 'sub' 'sub_ln50_8' <Predicate = true> <Delay = 1.01> <CoreInst = "Adder">   --->   Core 1 'Adder' <Latency = 0> <II = 1> <Delay = 1.01> <FuncUnit> <Opcode : 'add' 'sub'> <InPorts = 2> <OutPorts = 1>
ST_2 : Operation 1557 [1/1] (0.00ns)   --->   "%sext_ln50_153 = sext i33 %sub_ln50_8" [hilbert.cpp:50->hilbert.cpp:77]   --->   Operation 1557 'sext' 'sext_ln50_153' <Predicate = true> <Delay = 0.00>
ST_2 : Operation 1558 [1/1] (0.00ns)   --->   "%sext_ln50_18 = sext i32 %p_load1391" [hilbert.cpp:50->hilbert.cpp:77]   --->   Operation 1558 'sext' 'sext_ln50_18' <Predicate = true> <Delay = 0.00>
ST_2 : Operation 1559 [1/1] (0.00ns)   --->   "%sext_ln50_19 = sext i32 %p_load1354" [hilbert.cpp:50->hilbert.cpp:77]   --->   Operation 1559 'sext' 'sext_ln50_19' <Predicate = true> <Delay = 0.00>
ST_2 : Operation 1560 [1/1] (1.01ns)   --->   "%sub_ln50_9 = sub i33 %sext_ln50_18, i33 %sext_ln50_19" [hilbert.cpp:50->hilbert.cpp:77]   --->   Operation 1560 'sub' 'sub_ln50_9' <Predicate = true> <Delay = 1.01> <CoreInst = "Adder">   --->   Core 1 'Adder' <Latency = 0> <II = 1> <Delay = 1.01> <FuncUnit> <Opcode : 'add' 'sub'> <InPorts = 2> <OutPorts = 1>
ST_2 : Operation 1561 [1/1] (0.00ns)   --->   "%sext_ln50_20 = sext i32 %p_load1393" [hilbert.cpp:50->hilbert.cpp:77]   --->   Operation 1561 'sext' 'sext_ln50_20' <Predicate = true> <Delay = 0.00>
ST_2 : Operation 1562 [1/1] (0.00ns)   --->   "%sext_ln50_21 = sext i32 %p_load1352" [hilbert.cpp:50->hilbert.cpp:77]   --->   Operation 1562 'sext' 'sext_ln50_21' <Predicate = true> <Delay = 0.00>
ST_2 : Operation 1563 [1/1] (1.01ns)   --->   "%sub_ln50_10 = sub i33 %sext_ln50_20, i33 %sext_ln50_21" [hilbert.cpp:50->hilbert.cpp:77]   --->   Operation 1563 'sub' 'sub_ln50_10' <Predicate = true> <Delay = 1.01> <CoreInst = "Adder">   --->   Core 1 'Adder' <Latency = 0> <II = 1> <Delay = 1.01> <FuncUnit> <Opcode : 'add' 'sub'> <InPorts = 2> <OutPorts = 1>
ST_2 : Operation 1564 [1/1] (0.00ns)   --->   "%sext_ln50_154 = sext i33 %sub_ln50_10" [hilbert.cpp:50->hilbert.cpp:77]   --->   Operation 1564 'sext' 'sext_ln50_154' <Predicate = true> <Delay = 0.00>
ST_2 : Operation 1565 [1/1] (0.00ns)   --->   "%sext_ln50_22 = sext i32 %p_load1395" [hilbert.cpp:50->hilbert.cpp:77]   --->   Operation 1565 'sext' 'sext_ln50_22' <Predicate = true> <Delay = 0.00>
ST_2 : Operation 1566 [1/1] (0.00ns)   --->   "%sext_ln50_23 = sext i32 %p_load1350" [hilbert.cpp:50->hilbert.cpp:77]   --->   Operation 1566 'sext' 'sext_ln50_23' <Predicate = true> <Delay = 0.00>
ST_2 : Operation 1567 [1/1] (1.01ns)   --->   "%sub_ln50_11 = sub i33 %sext_ln50_22, i33 %sext_ln50_23" [hilbert.cpp:50->hilbert.cpp:77]   --->   Operation 1567 'sub' 'sub_ln50_11' <Predicate = true> <Delay = 1.01> <CoreInst = "Adder">   --->   Core 1 'Adder' <Latency = 0> <II = 1> <Delay = 1.01> <FuncUnit> <Opcode : 'add' 'sub'> <InPorts = 2> <OutPorts = 1>
ST_2 : Operation 1568 [1/1] (0.00ns)   --->   "%sext_ln50_155 = sext i33 %sub_ln50_11" [hilbert.cpp:50->hilbert.cpp:77]   --->   Operation 1568 'sext' 'sext_ln50_155' <Predicate = true> <Delay = 0.00>
ST_2 : Operation 1569 [1/1] (0.00ns)   --->   "%sext_ln50_24 = sext i32 %p_load1397" [hilbert.cpp:50->hilbert.cpp:77]   --->   Operation 1569 'sext' 'sext_ln50_24' <Predicate = true> <Delay = 0.00>
ST_2 : Operation 1570 [1/1] (0.00ns)   --->   "%sext_ln50_25 = sext i32 %p_load1348" [hilbert.cpp:50->hilbert.cpp:77]   --->   Operation 1570 'sext' 'sext_ln50_25' <Predicate = true> <Delay = 0.00>
ST_2 : Operation 1571 [1/1] (1.01ns)   --->   "%sub_ln50_12 = sub i33 %sext_ln50_24, i33 %sext_ln50_25" [hilbert.cpp:50->hilbert.cpp:77]   --->   Operation 1571 'sub' 'sub_ln50_12' <Predicate = true> <Delay = 1.01> <CoreInst = "Adder">   --->   Core 1 'Adder' <Latency = 0> <II = 1> <Delay = 1.01> <FuncUnit> <Opcode : 'add' 'sub'> <InPorts = 2> <OutPorts = 1>
ST_2 : Operation 1572 [1/1] (0.00ns)   --->   "%sext_ln50_26 = sext i32 %p_load1399" [hilbert.cpp:50->hilbert.cpp:77]   --->   Operation 1572 'sext' 'sext_ln50_26' <Predicate = true> <Delay = 0.00>
ST_2 : Operation 1573 [1/1] (0.00ns)   --->   "%sext_ln50_27 = sext i32 %p_load1346" [hilbert.cpp:50->hilbert.cpp:77]   --->   Operation 1573 'sext' 'sext_ln50_27' <Predicate = true> <Delay = 0.00>
ST_2 : Operation 1574 [1/1] (1.01ns)   --->   "%sub_ln50_13 = sub i33 %sext_ln50_26, i33 %sext_ln50_27" [hilbert.cpp:50->hilbert.cpp:77]   --->   Operation 1574 'sub' 'sub_ln50_13' <Predicate = true> <Delay = 1.01> <CoreInst = "Adder">   --->   Core 1 'Adder' <Latency = 0> <II = 1> <Delay = 1.01> <FuncUnit> <Opcode : 'add' 'sub'> <InPorts = 2> <OutPorts = 1>
ST_2 : Operation 1575 [1/1] (0.00ns)   --->   "%sext_ln50_156 = sext i33 %sub_ln50_13" [hilbert.cpp:50->hilbert.cpp:77]   --->   Operation 1575 'sext' 'sext_ln50_156' <Predicate = true> <Delay = 0.00>
ST_2 : Operation 1576 [1/1] (0.00ns)   --->   "%sext_ln50_28 = sext i32 %p_load1401" [hilbert.cpp:50->hilbert.cpp:77]   --->   Operation 1576 'sext' 'sext_ln50_28' <Predicate = true> <Delay = 0.00>
ST_2 : Operation 1577 [1/1] (0.00ns)   --->   "%sext_ln50_29 = sext i32 %p_load1344" [hilbert.cpp:50->hilbert.cpp:77]   --->   Operation 1577 'sext' 'sext_ln50_29' <Predicate = true> <Delay = 0.00>
ST_2 : Operation 1578 [1/1] (1.01ns)   --->   "%sub_ln50_14 = sub i33 %sext_ln50_28, i33 %sext_ln50_29" [hilbert.cpp:50->hilbert.cpp:77]   --->   Operation 1578 'sub' 'sub_ln50_14' <Predicate = true> <Delay = 1.01> <CoreInst = "Adder">   --->   Core 1 'Adder' <Latency = 0> <II = 1> <Delay = 1.01> <FuncUnit> <Opcode : 'add' 'sub'> <InPorts = 2> <OutPorts = 1>
ST_2 : Operation 1579 [1/1] (0.00ns)   --->   "%sext_ln50_157 = sext i33 %sub_ln50_14" [hilbert.cpp:50->hilbert.cpp:77]   --->   Operation 1579 'sext' 'sext_ln50_157' <Predicate = true> <Delay = 0.00>
ST_2 : Operation 1580 [1/1] (0.00ns)   --->   "%sext_ln50_30 = sext i32 %p_load1403" [hilbert.cpp:50->hilbert.cpp:77]   --->   Operation 1580 'sext' 'sext_ln50_30' <Predicate = true> <Delay = 0.00>
ST_2 : Operation 1581 [1/1] (0.00ns)   --->   "%sext_ln50_31 = sext i32 %p_load1342" [hilbert.cpp:50->hilbert.cpp:77]   --->   Operation 1581 'sext' 'sext_ln50_31' <Predicate = true> <Delay = 0.00>
ST_2 : Operation 1582 [1/1] (1.01ns)   --->   "%sub_ln50_15 = sub i33 %sext_ln50_30, i33 %sext_ln50_31" [hilbert.cpp:50->hilbert.cpp:77]   --->   Operation 1582 'sub' 'sub_ln50_15' <Predicate = true> <Delay = 1.01> <CoreInst = "Adder">   --->   Core 1 'Adder' <Latency = 0> <II = 1> <Delay = 1.01> <FuncUnit> <Opcode : 'add' 'sub'> <InPorts = 2> <OutPorts = 1>
ST_2 : Operation 1583 [1/1] (0.00ns)   --->   "%sext_ln50_158 = sext i33 %sub_ln50_15" [hilbert.cpp:50->hilbert.cpp:77]   --->   Operation 1583 'sext' 'sext_ln50_158' <Predicate = true> <Delay = 0.00>
ST_2 : Operation 1584 [1/1] (0.00ns)   --->   "%sext_ln50_32 = sext i32 %p_load1405" [hilbert.cpp:50->hilbert.cpp:77]   --->   Operation 1584 'sext' 'sext_ln50_32' <Predicate = true> <Delay = 0.00>
ST_2 : Operation 1585 [1/1] (0.00ns)   --->   "%sext_ln50_33 = sext i32 %p_load1340" [hilbert.cpp:50->hilbert.cpp:77]   --->   Operation 1585 'sext' 'sext_ln50_33' <Predicate = true> <Delay = 0.00>
ST_2 : Operation 1586 [1/1] (1.01ns)   --->   "%sub_ln50_16 = sub i33 %sext_ln50_32, i33 %sext_ln50_33" [hilbert.cpp:50->hilbert.cpp:77]   --->   Operation 1586 'sub' 'sub_ln50_16' <Predicate = true> <Delay = 1.01> <CoreInst = "Adder">   --->   Core 1 'Adder' <Latency = 0> <II = 1> <Delay = 1.01> <FuncUnit> <Opcode : 'add' 'sub'> <InPorts = 2> <OutPorts = 1>
ST_2 : Operation 1587 [1/1] (0.00ns)   --->   "%sext_ln50_34 = sext i32 %p_load1407" [hilbert.cpp:50->hilbert.cpp:77]   --->   Operation 1587 'sext' 'sext_ln50_34' <Predicate = true> <Delay = 0.00>
ST_2 : Operation 1588 [1/1] (0.00ns)   --->   "%sext_ln50_35 = sext i32 %p_load1338" [hilbert.cpp:50->hilbert.cpp:77]   --->   Operation 1588 'sext' 'sext_ln50_35' <Predicate = true> <Delay = 0.00>
ST_2 : Operation 1589 [1/1] (1.01ns)   --->   "%sub_ln50_17 = sub i33 %sext_ln50_34, i33 %sext_ln50_35" [hilbert.cpp:50->hilbert.cpp:77]   --->   Operation 1589 'sub' 'sub_ln50_17' <Predicate = true> <Delay = 1.01> <CoreInst = "Adder">   --->   Core 1 'Adder' <Latency = 0> <II = 1> <Delay = 1.01> <FuncUnit> <Opcode : 'add' 'sub'> <InPorts = 2> <OutPorts = 1>
ST_2 : Operation 1590 [1/1] (0.00ns)   --->   "%sext_ln50_36 = sext i32 %p_load1409" [hilbert.cpp:50->hilbert.cpp:77]   --->   Operation 1590 'sext' 'sext_ln50_36' <Predicate = true> <Delay = 0.00>
ST_2 : Operation 1591 [1/1] (0.00ns)   --->   "%sext_ln50_37 = sext i32 %p_load1336" [hilbert.cpp:50->hilbert.cpp:77]   --->   Operation 1591 'sext' 'sext_ln50_37' <Predicate = true> <Delay = 0.00>
ST_2 : Operation 1592 [1/1] (1.01ns)   --->   "%sub_ln50_18 = sub i33 %sext_ln50_36, i33 %sext_ln50_37" [hilbert.cpp:50->hilbert.cpp:77]   --->   Operation 1592 'sub' 'sub_ln50_18' <Predicate = true> <Delay = 1.01> <CoreInst = "Adder">   --->   Core 1 'Adder' <Latency = 0> <II = 1> <Delay = 1.01> <FuncUnit> <Opcode : 'add' 'sub'> <InPorts = 2> <OutPorts = 1>
ST_2 : Operation 1593 [1/1] (0.00ns)   --->   "%sext_ln50_38 = sext i32 %p_load1411" [hilbert.cpp:50->hilbert.cpp:77]   --->   Operation 1593 'sext' 'sext_ln50_38' <Predicate = true> <Delay = 0.00>
ST_2 : Operation 1594 [1/1] (0.00ns)   --->   "%sext_ln50_39 = sext i32 %p_load1334" [hilbert.cpp:50->hilbert.cpp:77]   --->   Operation 1594 'sext' 'sext_ln50_39' <Predicate = true> <Delay = 0.00>
ST_2 : Operation 1595 [1/1] (1.01ns)   --->   "%sub_ln50_19 = sub i33 %sext_ln50_38, i33 %sext_ln50_39" [hilbert.cpp:50->hilbert.cpp:77]   --->   Operation 1595 'sub' 'sub_ln50_19' <Predicate = true> <Delay = 1.01> <CoreInst = "Adder">   --->   Core 1 'Adder' <Latency = 0> <II = 1> <Delay = 1.01> <FuncUnit> <Opcode : 'add' 'sub'> <InPorts = 2> <OutPorts = 1>
ST_2 : Operation 1596 [1/1] (0.00ns)   --->   "%sext_ln50_159 = sext i33 %sub_ln50_19" [hilbert.cpp:50->hilbert.cpp:77]   --->   Operation 1596 'sext' 'sext_ln50_159' <Predicate = true> <Delay = 0.00>
ST_2 : Operation 1597 [1/1] (0.00ns)   --->   "%sext_ln50_40 = sext i32 %p_load1413" [hilbert.cpp:50->hilbert.cpp:77]   --->   Operation 1597 'sext' 'sext_ln50_40' <Predicate = true> <Delay = 0.00>
ST_2 : Operation 1598 [1/1] (0.00ns)   --->   "%sext_ln50_41 = sext i32 %p_load1332" [hilbert.cpp:50->hilbert.cpp:77]   --->   Operation 1598 'sext' 'sext_ln50_41' <Predicate = true> <Delay = 0.00>
ST_2 : Operation 1599 [1/1] (1.01ns)   --->   "%sub_ln50_20 = sub i33 %sext_ln50_40, i33 %sext_ln50_41" [hilbert.cpp:50->hilbert.cpp:77]   --->   Operation 1599 'sub' 'sub_ln50_20' <Predicate = true> <Delay = 1.01> <CoreInst = "Adder">   --->   Core 1 'Adder' <Latency = 0> <II = 1> <Delay = 1.01> <FuncUnit> <Opcode : 'add' 'sub'> <InPorts = 2> <OutPorts = 1>
ST_2 : Operation 1600 [1/1] (0.00ns)   --->   "%sext_ln50_160 = sext i33 %sub_ln50_20" [hilbert.cpp:50->hilbert.cpp:77]   --->   Operation 1600 'sext' 'sext_ln50_160' <Predicate = true> <Delay = 0.00>
ST_2 : Operation 1601 [1/1] (0.00ns)   --->   "%sext_ln50_42 = sext i32 %p_load1415" [hilbert.cpp:50->hilbert.cpp:77]   --->   Operation 1601 'sext' 'sext_ln50_42' <Predicate = true> <Delay = 0.00>
ST_2 : Operation 1602 [1/1] (0.00ns)   --->   "%sext_ln50_43 = sext i32 %p_load1330" [hilbert.cpp:50->hilbert.cpp:77]   --->   Operation 1602 'sext' 'sext_ln50_43' <Predicate = true> <Delay = 0.00>
ST_2 : Operation 1603 [1/1] (1.01ns)   --->   "%sub_ln50_21 = sub i33 %sext_ln50_42, i33 %sext_ln50_43" [hilbert.cpp:50->hilbert.cpp:77]   --->   Operation 1603 'sub' 'sub_ln50_21' <Predicate = true> <Delay = 1.01> <CoreInst = "Adder">   --->   Core 1 'Adder' <Latency = 0> <II = 1> <Delay = 1.01> <FuncUnit> <Opcode : 'add' 'sub'> <InPorts = 2> <OutPorts = 1>
ST_2 : Operation 1604 [1/1] (0.00ns)   --->   "%sext_ln50_161 = sext i33 %sub_ln50_21" [hilbert.cpp:50->hilbert.cpp:77]   --->   Operation 1604 'sext' 'sext_ln50_161' <Predicate = true> <Delay = 0.00>
ST_2 : Operation 1605 [1/1] (0.00ns)   --->   "%sext_ln50_44 = sext i32 %p_load1417" [hilbert.cpp:50->hilbert.cpp:77]   --->   Operation 1605 'sext' 'sext_ln50_44' <Predicate = true> <Delay = 0.00>
ST_2 : Operation 1606 [1/1] (0.00ns)   --->   "%sext_ln50_45 = sext i32 %p_load1328" [hilbert.cpp:50->hilbert.cpp:77]   --->   Operation 1606 'sext' 'sext_ln50_45' <Predicate = true> <Delay = 0.00>
ST_2 : Operation 1607 [1/1] (1.01ns)   --->   "%sub_ln50_22 = sub i33 %sext_ln50_44, i33 %sext_ln50_45" [hilbert.cpp:50->hilbert.cpp:77]   --->   Operation 1607 'sub' 'sub_ln50_22' <Predicate = true> <Delay = 1.01> <CoreInst = "Adder">   --->   Core 1 'Adder' <Latency = 0> <II = 1> <Delay = 1.01> <FuncUnit> <Opcode : 'add' 'sub'> <InPorts = 2> <OutPorts = 1>
ST_2 : Operation 1608 [1/1] (0.00ns)   --->   "%sext_ln50_46 = sext i32 %p_load1419" [hilbert.cpp:50->hilbert.cpp:77]   --->   Operation 1608 'sext' 'sext_ln50_46' <Predicate = true> <Delay = 0.00>
ST_2 : Operation 1609 [1/1] (0.00ns)   --->   "%sext_ln50_47 = sext i32 %p_load1326" [hilbert.cpp:50->hilbert.cpp:77]   --->   Operation 1609 'sext' 'sext_ln50_47' <Predicate = true> <Delay = 0.00>
ST_2 : Operation 1610 [1/1] (1.01ns)   --->   "%sub_ln50_23 = sub i33 %sext_ln50_46, i33 %sext_ln50_47" [hilbert.cpp:50->hilbert.cpp:77]   --->   Operation 1610 'sub' 'sub_ln50_23' <Predicate = true> <Delay = 1.01> <CoreInst = "Adder">   --->   Core 1 'Adder' <Latency = 0> <II = 1> <Delay = 1.01> <FuncUnit> <Opcode : 'add' 'sub'> <InPorts = 2> <OutPorts = 1>
ST_2 : Operation 1611 [1/1] (0.00ns)   --->   "%sext_ln50_48 = sext i32 %p_load1421" [hilbert.cpp:50->hilbert.cpp:77]   --->   Operation 1611 'sext' 'sext_ln50_48' <Predicate = true> <Delay = 0.00>
ST_2 : Operation 1612 [1/1] (0.00ns)   --->   "%sext_ln50_49 = sext i32 %p_load1324" [hilbert.cpp:50->hilbert.cpp:77]   --->   Operation 1612 'sext' 'sext_ln50_49' <Predicate = true> <Delay = 0.00>
ST_2 : Operation 1613 [1/1] (1.01ns)   --->   "%sub_ln50_24 = sub i33 %sext_ln50_48, i33 %sext_ln50_49" [hilbert.cpp:50->hilbert.cpp:77]   --->   Operation 1613 'sub' 'sub_ln50_24' <Predicate = true> <Delay = 1.01> <CoreInst = "Adder">   --->   Core 1 'Adder' <Latency = 0> <II = 1> <Delay = 1.01> <FuncUnit> <Opcode : 'add' 'sub'> <InPorts = 2> <OutPorts = 1>
ST_2 : Operation 1614 [1/1] (0.00ns)   --->   "%sext_ln50_50 = sext i32 %p_load1423" [hilbert.cpp:50->hilbert.cpp:77]   --->   Operation 1614 'sext' 'sext_ln50_50' <Predicate = true> <Delay = 0.00>
ST_2 : Operation 1615 [1/1] (0.00ns)   --->   "%sext_ln50_51 = sext i32 %p_load1322" [hilbert.cpp:50->hilbert.cpp:77]   --->   Operation 1615 'sext' 'sext_ln50_51' <Predicate = true> <Delay = 0.00>
ST_2 : Operation 1616 [1/1] (1.01ns)   --->   "%sub_ln50_25 = sub i33 %sext_ln50_50, i33 %sext_ln50_51" [hilbert.cpp:50->hilbert.cpp:77]   --->   Operation 1616 'sub' 'sub_ln50_25' <Predicate = true> <Delay = 1.01> <CoreInst = "Adder">   --->   Core 1 'Adder' <Latency = 0> <II = 1> <Delay = 1.01> <FuncUnit> <Opcode : 'add' 'sub'> <InPorts = 2> <OutPorts = 1>
ST_2 : Operation 1617 [1/1] (0.00ns)   --->   "%sext_ln50_162 = sext i33 %sub_ln50_25" [hilbert.cpp:50->hilbert.cpp:77]   --->   Operation 1617 'sext' 'sext_ln50_162' <Predicate = true> <Delay = 0.00>
ST_2 : Operation 1618 [1/1] (0.00ns)   --->   "%sext_ln50_52 = sext i32 %p_load1425" [hilbert.cpp:50->hilbert.cpp:77]   --->   Operation 1618 'sext' 'sext_ln50_52' <Predicate = true> <Delay = 0.00>
ST_2 : Operation 1619 [1/1] (0.00ns)   --->   "%sext_ln50_53 = sext i32 %p_load1320" [hilbert.cpp:50->hilbert.cpp:77]   --->   Operation 1619 'sext' 'sext_ln50_53' <Predicate = true> <Delay = 0.00>
ST_2 : Operation 1620 [1/1] (1.01ns)   --->   "%sub_ln50_26 = sub i33 %sext_ln50_52, i33 %sext_ln50_53" [hilbert.cpp:50->hilbert.cpp:77]   --->   Operation 1620 'sub' 'sub_ln50_26' <Predicate = true> <Delay = 1.01> <CoreInst = "Adder">   --->   Core 1 'Adder' <Latency = 0> <II = 1> <Delay = 1.01> <FuncUnit> <Opcode : 'add' 'sub'> <InPorts = 2> <OutPorts = 1>
ST_2 : Operation 1621 [1/1] (0.00ns)   --->   "%sext_ln50_54 = sext i32 %p_load1427" [hilbert.cpp:50->hilbert.cpp:77]   --->   Operation 1621 'sext' 'sext_ln50_54' <Predicate = true> <Delay = 0.00>
ST_2 : Operation 1622 [1/1] (0.00ns)   --->   "%sext_ln50_55 = sext i32 %p_load1318" [hilbert.cpp:50->hilbert.cpp:77]   --->   Operation 1622 'sext' 'sext_ln50_55' <Predicate = true> <Delay = 0.00>
ST_2 : Operation 1623 [1/1] (1.01ns)   --->   "%sub_ln50_27 = sub i33 %sext_ln50_54, i33 %sext_ln50_55" [hilbert.cpp:50->hilbert.cpp:77]   --->   Operation 1623 'sub' 'sub_ln50_27' <Predicate = true> <Delay = 1.01> <CoreInst = "Adder">   --->   Core 1 'Adder' <Latency = 0> <II = 1> <Delay = 1.01> <FuncUnit> <Opcode : 'add' 'sub'> <InPorts = 2> <OutPorts = 1>
ST_2 : Operation 1624 [1/1] (0.00ns)   --->   "%sext_ln50_163 = sext i33 %sub_ln50_27" [hilbert.cpp:50->hilbert.cpp:77]   --->   Operation 1624 'sext' 'sext_ln50_163' <Predicate = true> <Delay = 0.00>
ST_2 : Operation 1625 [1/1] (0.00ns)   --->   "%sext_ln50_56 = sext i32 %p_load1429" [hilbert.cpp:50->hilbert.cpp:77]   --->   Operation 1625 'sext' 'sext_ln50_56' <Predicate = true> <Delay = 0.00>
ST_2 : Operation 1626 [1/1] (0.00ns)   --->   "%sext_ln50_57 = sext i32 %p_load1316" [hilbert.cpp:50->hilbert.cpp:77]   --->   Operation 1626 'sext' 'sext_ln50_57' <Predicate = true> <Delay = 0.00>
ST_2 : Operation 1627 [1/1] (1.01ns)   --->   "%sub_ln50_28 = sub i33 %sext_ln50_56, i33 %sext_ln50_57" [hilbert.cpp:50->hilbert.cpp:77]   --->   Operation 1627 'sub' 'sub_ln50_28' <Predicate = true> <Delay = 1.01> <CoreInst = "Adder">   --->   Core 1 'Adder' <Latency = 0> <II = 1> <Delay = 1.01> <FuncUnit> <Opcode : 'add' 'sub'> <InPorts = 2> <OutPorts = 1>
ST_2 : Operation 1628 [1/1] (0.00ns)   --->   "%sext_ln50_58 = sext i32 %p_load1431" [hilbert.cpp:50->hilbert.cpp:77]   --->   Operation 1628 'sext' 'sext_ln50_58' <Predicate = true> <Delay = 0.00>
ST_2 : Operation 1629 [1/1] (0.00ns)   --->   "%sext_ln50_59 = sext i32 %p_load1314" [hilbert.cpp:50->hilbert.cpp:77]   --->   Operation 1629 'sext' 'sext_ln50_59' <Predicate = true> <Delay = 0.00>
ST_2 : Operation 1630 [1/1] (1.01ns)   --->   "%sub_ln50_29 = sub i33 %sext_ln50_58, i33 %sext_ln50_59" [hilbert.cpp:50->hilbert.cpp:77]   --->   Operation 1630 'sub' 'sub_ln50_29' <Predicate = true> <Delay = 1.01> <CoreInst = "Adder">   --->   Core 1 'Adder' <Latency = 0> <II = 1> <Delay = 1.01> <FuncUnit> <Opcode : 'add' 'sub'> <InPorts = 2> <OutPorts = 1>
ST_2 : Operation 1631 [1/1] (0.00ns)   --->   "%sext_ln50_60 = sext i32 %p_load1433" [hilbert.cpp:50->hilbert.cpp:77]   --->   Operation 1631 'sext' 'sext_ln50_60' <Predicate = true> <Delay = 0.00>
ST_2 : Operation 1632 [1/1] (0.00ns)   --->   "%sext_ln50_61 = sext i32 %p_load1312" [hilbert.cpp:50->hilbert.cpp:77]   --->   Operation 1632 'sext' 'sext_ln50_61' <Predicate = true> <Delay = 0.00>
ST_2 : Operation 1633 [1/1] (1.01ns)   --->   "%sub_ln50_30 = sub i33 %sext_ln50_60, i33 %sext_ln50_61" [hilbert.cpp:50->hilbert.cpp:77]   --->   Operation 1633 'sub' 'sub_ln50_30' <Predicate = true> <Delay = 1.01> <CoreInst = "Adder">   --->   Core 1 'Adder' <Latency = 0> <II = 1> <Delay = 1.01> <FuncUnit> <Opcode : 'add' 'sub'> <InPorts = 2> <OutPorts = 1>
ST_2 : Operation 1634 [1/1] (0.00ns)   --->   "%sext_ln50_62 = sext i32 %p_load1435" [hilbert.cpp:50->hilbert.cpp:77]   --->   Operation 1634 'sext' 'sext_ln50_62' <Predicate = true> <Delay = 0.00>
ST_2 : Operation 1635 [1/1] (0.00ns)   --->   "%sext_ln50_63 = sext i32 %p_load1310" [hilbert.cpp:50->hilbert.cpp:77]   --->   Operation 1635 'sext' 'sext_ln50_63' <Predicate = true> <Delay = 0.00>
ST_2 : Operation 1636 [1/1] (1.01ns)   --->   "%sub_ln50_31 = sub i33 %sext_ln50_62, i33 %sext_ln50_63" [hilbert.cpp:50->hilbert.cpp:77]   --->   Operation 1636 'sub' 'sub_ln50_31' <Predicate = true> <Delay = 1.01> <CoreInst = "Adder">   --->   Core 1 'Adder' <Latency = 0> <II = 1> <Delay = 1.01> <FuncUnit> <Opcode : 'add' 'sub'> <InPorts = 2> <OutPorts = 1>
ST_2 : Operation 1637 [1/1] (0.00ns)   --->   "%sext_ln50_164 = sext i33 %sub_ln50_31" [hilbert.cpp:50->hilbert.cpp:77]   --->   Operation 1637 'sext' 'sext_ln50_164' <Predicate = true> <Delay = 0.00>
ST_2 : Operation 1638 [1/1] (0.00ns)   --->   "%sext_ln50_64 = sext i32 %p_load1437" [hilbert.cpp:50->hilbert.cpp:77]   --->   Operation 1638 'sext' 'sext_ln50_64' <Predicate = true> <Delay = 0.00>
ST_2 : Operation 1639 [1/1] (0.00ns)   --->   "%sext_ln50_65 = sext i32 %p_load1308" [hilbert.cpp:50->hilbert.cpp:77]   --->   Operation 1639 'sext' 'sext_ln50_65' <Predicate = true> <Delay = 0.00>
ST_2 : Operation 1640 [1/1] (1.01ns)   --->   "%sub_ln50_32 = sub i33 %sext_ln50_64, i33 %sext_ln50_65" [hilbert.cpp:50->hilbert.cpp:77]   --->   Operation 1640 'sub' 'sub_ln50_32' <Predicate = true> <Delay = 1.01> <CoreInst = "Adder">   --->   Core 1 'Adder' <Latency = 0> <II = 1> <Delay = 1.01> <FuncUnit> <Opcode : 'add' 'sub'> <InPorts = 2> <OutPorts = 1>
ST_2 : Operation 1641 [1/1] (0.00ns)   --->   "%sext_ln50_165 = sext i33 %sub_ln50_32" [hilbert.cpp:50->hilbert.cpp:77]   --->   Operation 1641 'sext' 'sext_ln50_165' <Predicate = true> <Delay = 0.00>
ST_2 : Operation 1642 [1/1] (0.00ns)   --->   "%sext_ln50_66 = sext i32 %p_load1439" [hilbert.cpp:50->hilbert.cpp:77]   --->   Operation 1642 'sext' 'sext_ln50_66' <Predicate = true> <Delay = 0.00>
ST_2 : Operation 1643 [1/1] (0.00ns)   --->   "%sext_ln50_67 = sext i32 %p_load1306" [hilbert.cpp:50->hilbert.cpp:77]   --->   Operation 1643 'sext' 'sext_ln50_67' <Predicate = true> <Delay = 0.00>
ST_2 : Operation 1644 [1/1] (1.01ns)   --->   "%sub_ln50_33 = sub i33 %sext_ln50_66, i33 %sext_ln50_67" [hilbert.cpp:50->hilbert.cpp:77]   --->   Operation 1644 'sub' 'sub_ln50_33' <Predicate = true> <Delay = 1.01> <CoreInst = "Adder">   --->   Core 1 'Adder' <Latency = 0> <II = 1> <Delay = 1.01> <FuncUnit> <Opcode : 'add' 'sub'> <InPorts = 2> <OutPorts = 1>
ST_2 : Operation 1645 [1/1] (0.00ns)   --->   "%sext_ln50_166 = sext i33 %sub_ln50_33" [hilbert.cpp:50->hilbert.cpp:77]   --->   Operation 1645 'sext' 'sext_ln50_166' <Predicate = true> <Delay = 0.00>
ST_2 : Operation 1646 [1/1] (0.00ns)   --->   "%sext_ln50_68 = sext i32 %p_load1441" [hilbert.cpp:50->hilbert.cpp:77]   --->   Operation 1646 'sext' 'sext_ln50_68' <Predicate = true> <Delay = 0.00>
ST_2 : Operation 1647 [1/1] (0.00ns)   --->   "%sext_ln50_69 = sext i32 %p_load1304" [hilbert.cpp:50->hilbert.cpp:77]   --->   Operation 1647 'sext' 'sext_ln50_69' <Predicate = true> <Delay = 0.00>
ST_2 : Operation 1648 [1/1] (1.01ns)   --->   "%sub_ln50_34 = sub i33 %sext_ln50_68, i33 %sext_ln50_69" [hilbert.cpp:50->hilbert.cpp:77]   --->   Operation 1648 'sub' 'sub_ln50_34' <Predicate = true> <Delay = 1.01> <CoreInst = "Adder">   --->   Core 1 'Adder' <Latency = 0> <II = 1> <Delay = 1.01> <FuncUnit> <Opcode : 'add' 'sub'> <InPorts = 2> <OutPorts = 1>
ST_2 : Operation 1649 [1/1] (0.00ns)   --->   "%sext_ln50_70 = sext i32 %p_load1443" [hilbert.cpp:50->hilbert.cpp:77]   --->   Operation 1649 'sext' 'sext_ln50_70' <Predicate = true> <Delay = 0.00>
ST_2 : Operation 1650 [1/1] (0.00ns)   --->   "%sext_ln50_71 = sext i32 %p_load1302" [hilbert.cpp:50->hilbert.cpp:77]   --->   Operation 1650 'sext' 'sext_ln50_71' <Predicate = true> <Delay = 0.00>
ST_2 : Operation 1651 [1/1] (1.01ns)   --->   "%sub_ln50_35 = sub i33 %sext_ln50_70, i33 %sext_ln50_71" [hilbert.cpp:50->hilbert.cpp:77]   --->   Operation 1651 'sub' 'sub_ln50_35' <Predicate = true> <Delay = 1.01> <CoreInst = "Adder">   --->   Core 1 'Adder' <Latency = 0> <II = 1> <Delay = 1.01> <FuncUnit> <Opcode : 'add' 'sub'> <InPorts = 2> <OutPorts = 1>
ST_2 : Operation 1652 [1/1] (0.00ns)   --->   "%sext_ln50_72 = sext i32 %p_load1445" [hilbert.cpp:50->hilbert.cpp:77]   --->   Operation 1652 'sext' 'sext_ln50_72' <Predicate = true> <Delay = 0.00>
ST_2 : Operation 1653 [1/1] (0.00ns)   --->   "%sext_ln50_73 = sext i32 %p_load1300" [hilbert.cpp:50->hilbert.cpp:77]   --->   Operation 1653 'sext' 'sext_ln50_73' <Predicate = true> <Delay = 0.00>
ST_2 : Operation 1654 [1/1] (1.01ns)   --->   "%sub_ln50_36 = sub i33 %sext_ln50_72, i33 %sext_ln50_73" [hilbert.cpp:50->hilbert.cpp:77]   --->   Operation 1654 'sub' 'sub_ln50_36' <Predicate = true> <Delay = 1.01> <CoreInst = "Adder">   --->   Core 1 'Adder' <Latency = 0> <II = 1> <Delay = 1.01> <FuncUnit> <Opcode : 'add' 'sub'> <InPorts = 2> <OutPorts = 1>
ST_2 : Operation 1655 [1/1] (0.00ns)   --->   "%sext_ln50_74 = sext i32 %p_load1447" [hilbert.cpp:50->hilbert.cpp:77]   --->   Operation 1655 'sext' 'sext_ln50_74' <Predicate = true> <Delay = 0.00>
ST_2 : Operation 1656 [1/1] (0.00ns)   --->   "%sext_ln50_75 = sext i32 %p_load1298" [hilbert.cpp:50->hilbert.cpp:77]   --->   Operation 1656 'sext' 'sext_ln50_75' <Predicate = true> <Delay = 0.00>
ST_2 : Operation 1657 [1/1] (1.01ns)   --->   "%sub_ln50_37 = sub i33 %sext_ln50_74, i33 %sext_ln50_75" [hilbert.cpp:50->hilbert.cpp:77]   --->   Operation 1657 'sub' 'sub_ln50_37' <Predicate = true> <Delay = 1.01> <CoreInst = "Adder">   --->   Core 1 'Adder' <Latency = 0> <II = 1> <Delay = 1.01> <FuncUnit> <Opcode : 'add' 'sub'> <InPorts = 2> <OutPorts = 1>
ST_2 : Operation 1658 [1/1] (0.00ns)   --->   "%sext_ln50_76 = sext i32 %p_load1449" [hilbert.cpp:50->hilbert.cpp:77]   --->   Operation 1658 'sext' 'sext_ln50_76' <Predicate = true> <Delay = 0.00>
ST_2 : Operation 1659 [1/1] (0.00ns)   --->   "%sext_ln50_77 = sext i32 %p_load1296" [hilbert.cpp:50->hilbert.cpp:77]   --->   Operation 1659 'sext' 'sext_ln50_77' <Predicate = true> <Delay = 0.00>
ST_2 : Operation 1660 [1/1] (1.01ns)   --->   "%sub_ln50_38 = sub i33 %sext_ln50_76, i33 %sext_ln50_77" [hilbert.cpp:50->hilbert.cpp:77]   --->   Operation 1660 'sub' 'sub_ln50_38' <Predicate = true> <Delay = 1.01> <CoreInst = "Adder">   --->   Core 1 'Adder' <Latency = 0> <II = 1> <Delay = 1.01> <FuncUnit> <Opcode : 'add' 'sub'> <InPorts = 2> <OutPorts = 1>
ST_2 : Operation 1661 [1/1] (0.00ns)   --->   "%sext_ln50_167 = sext i33 %sub_ln50_38" [hilbert.cpp:50->hilbert.cpp:77]   --->   Operation 1661 'sext' 'sext_ln50_167' <Predicate = true> <Delay = 0.00>
ST_2 : Operation 1662 [1/1] (0.00ns)   --->   "%sext_ln50_78 = sext i32 %p_load1451" [hilbert.cpp:50->hilbert.cpp:77]   --->   Operation 1662 'sext' 'sext_ln50_78' <Predicate = true> <Delay = 0.00>
ST_2 : Operation 1663 [1/1] (0.00ns)   --->   "%sext_ln50_79 = sext i32 %p_load1294" [hilbert.cpp:50->hilbert.cpp:77]   --->   Operation 1663 'sext' 'sext_ln50_79' <Predicate = true> <Delay = 0.00>
ST_2 : Operation 1664 [1/1] (1.01ns)   --->   "%sub_ln50_39 = sub i33 %sext_ln50_78, i33 %sext_ln50_79" [hilbert.cpp:50->hilbert.cpp:77]   --->   Operation 1664 'sub' 'sub_ln50_39' <Predicate = true> <Delay = 1.01> <CoreInst = "Adder">   --->   Core 1 'Adder' <Latency = 0> <II = 1> <Delay = 1.01> <FuncUnit> <Opcode : 'add' 'sub'> <InPorts = 2> <OutPorts = 1>
ST_2 : Operation 1665 [1/1] (0.00ns)   --->   "%sext_ln50_80 = sext i32 %p_load1453" [hilbert.cpp:50->hilbert.cpp:77]   --->   Operation 1665 'sext' 'sext_ln50_80' <Predicate = true> <Delay = 0.00>
ST_2 : Operation 1666 [1/1] (0.00ns)   --->   "%sext_ln50_81 = sext i32 %p_load1292" [hilbert.cpp:50->hilbert.cpp:77]   --->   Operation 1666 'sext' 'sext_ln50_81' <Predicate = true> <Delay = 0.00>
ST_2 : Operation 1667 [1/1] (1.01ns)   --->   "%sub_ln50_40 = sub i33 %sext_ln50_80, i33 %sext_ln50_81" [hilbert.cpp:50->hilbert.cpp:77]   --->   Operation 1667 'sub' 'sub_ln50_40' <Predicate = true> <Delay = 1.01> <CoreInst = "Adder">   --->   Core 1 'Adder' <Latency = 0> <II = 1> <Delay = 1.01> <FuncUnit> <Opcode : 'add' 'sub'> <InPorts = 2> <OutPorts = 1>
ST_2 : Operation 1668 [1/1] (0.00ns)   --->   "%sext_ln50_82 = sext i32 %p_load1455" [hilbert.cpp:50->hilbert.cpp:77]   --->   Operation 1668 'sext' 'sext_ln50_82' <Predicate = true> <Delay = 0.00>
ST_2 : Operation 1669 [1/1] (0.00ns)   --->   "%sext_ln50_83 = sext i32 %p_load1290" [hilbert.cpp:50->hilbert.cpp:77]   --->   Operation 1669 'sext' 'sext_ln50_83' <Predicate = true> <Delay = 0.00>
ST_2 : Operation 1670 [1/1] (1.01ns)   --->   "%sub_ln50_41 = sub i33 %sext_ln50_82, i33 %sext_ln50_83" [hilbert.cpp:50->hilbert.cpp:77]   --->   Operation 1670 'sub' 'sub_ln50_41' <Predicate = true> <Delay = 1.01> <CoreInst = "Adder">   --->   Core 1 'Adder' <Latency = 0> <II = 1> <Delay = 1.01> <FuncUnit> <Opcode : 'add' 'sub'> <InPorts = 2> <OutPorts = 1>
ST_2 : Operation 1671 [1/1] (0.00ns)   --->   "%sext_ln50_168 = sext i33 %sub_ln50_41" [hilbert.cpp:50->hilbert.cpp:77]   --->   Operation 1671 'sext' 'sext_ln50_168' <Predicate = true> <Delay = 0.00>
ST_2 : Operation 1672 [1/1] (0.00ns)   --->   "%sext_ln50_84 = sext i32 %p_load1457" [hilbert.cpp:50->hilbert.cpp:77]   --->   Operation 1672 'sext' 'sext_ln50_84' <Predicate = true> <Delay = 0.00>
ST_2 : Operation 1673 [1/1] (0.00ns)   --->   "%sext_ln50_85 = sext i32 %p_load1288" [hilbert.cpp:50->hilbert.cpp:77]   --->   Operation 1673 'sext' 'sext_ln50_85' <Predicate = true> <Delay = 0.00>
ST_2 : Operation 1674 [1/1] (1.01ns)   --->   "%sub_ln50_42 = sub i33 %sext_ln50_84, i33 %sext_ln50_85" [hilbert.cpp:50->hilbert.cpp:77]   --->   Operation 1674 'sub' 'sub_ln50_42' <Predicate = true> <Delay = 1.01> <CoreInst = "Adder">   --->   Core 1 'Adder' <Latency = 0> <II = 1> <Delay = 1.01> <FuncUnit> <Opcode : 'add' 'sub'> <InPorts = 2> <OutPorts = 1>
ST_2 : Operation 1675 [1/1] (0.00ns)   --->   "%sext_ln50_169 = sext i33 %sub_ln50_42" [hilbert.cpp:50->hilbert.cpp:77]   --->   Operation 1675 'sext' 'sext_ln50_169' <Predicate = true> <Delay = 0.00>
ST_2 : Operation 1676 [1/1] (0.00ns)   --->   "%sext_ln50_86 = sext i32 %p_load1459" [hilbert.cpp:50->hilbert.cpp:77]   --->   Operation 1676 'sext' 'sext_ln50_86' <Predicate = true> <Delay = 0.00>
ST_2 : Operation 1677 [1/1] (0.00ns)   --->   "%sext_ln50_87 = sext i32 %p_load1286" [hilbert.cpp:50->hilbert.cpp:77]   --->   Operation 1677 'sext' 'sext_ln50_87' <Predicate = true> <Delay = 0.00>
ST_2 : Operation 1678 [1/1] (1.01ns)   --->   "%sub_ln50_43 = sub i33 %sext_ln50_86, i33 %sext_ln50_87" [hilbert.cpp:50->hilbert.cpp:77]   --->   Operation 1678 'sub' 'sub_ln50_43' <Predicate = true> <Delay = 1.01> <CoreInst = "Adder">   --->   Core 1 'Adder' <Latency = 0> <II = 1> <Delay = 1.01> <FuncUnit> <Opcode : 'add' 'sub'> <InPorts = 2> <OutPorts = 1>
ST_2 : Operation 1679 [1/1] (0.00ns)   --->   "%sext_ln50_88 = sext i32 %p_load1461" [hilbert.cpp:50->hilbert.cpp:77]   --->   Operation 1679 'sext' 'sext_ln50_88' <Predicate = true> <Delay = 0.00>
ST_2 : Operation 1680 [1/1] (0.00ns)   --->   "%sext_ln50_89 = sext i32 %p_load1284" [hilbert.cpp:50->hilbert.cpp:77]   --->   Operation 1680 'sext' 'sext_ln50_89' <Predicate = true> <Delay = 0.00>
ST_2 : Operation 1681 [1/1] (1.01ns)   --->   "%sub_ln50_44 = sub i33 %sext_ln50_88, i33 %sext_ln50_89" [hilbert.cpp:50->hilbert.cpp:77]   --->   Operation 1681 'sub' 'sub_ln50_44' <Predicate = true> <Delay = 1.01> <CoreInst = "Adder">   --->   Core 1 'Adder' <Latency = 0> <II = 1> <Delay = 1.01> <FuncUnit> <Opcode : 'add' 'sub'> <InPorts = 2> <OutPorts = 1>
ST_2 : Operation 1682 [1/1] (0.00ns)   --->   "%sext_ln50_90 = sext i32 %p_load1463" [hilbert.cpp:50->hilbert.cpp:77]   --->   Operation 1682 'sext' 'sext_ln50_90' <Predicate = true> <Delay = 0.00>
ST_2 : Operation 1683 [1/1] (0.00ns)   --->   "%sext_ln50_91 = sext i32 %p_load1282" [hilbert.cpp:50->hilbert.cpp:77]   --->   Operation 1683 'sext' 'sext_ln50_91' <Predicate = true> <Delay = 0.00>
ST_2 : Operation 1684 [1/1] (1.01ns)   --->   "%sub_ln50_45 = sub i33 %sext_ln50_90, i33 %sext_ln50_91" [hilbert.cpp:50->hilbert.cpp:77]   --->   Operation 1684 'sub' 'sub_ln50_45' <Predicate = true> <Delay = 1.01> <CoreInst = "Adder">   --->   Core 1 'Adder' <Latency = 0> <II = 1> <Delay = 1.01> <FuncUnit> <Opcode : 'add' 'sub'> <InPorts = 2> <OutPorts = 1>
ST_2 : Operation 1685 [1/1] (0.00ns)   --->   "%sext_ln50_170 = sext i33 %sub_ln50_45" [hilbert.cpp:50->hilbert.cpp:77]   --->   Operation 1685 'sext' 'sext_ln50_170' <Predicate = true> <Delay = 0.00>
ST_2 : Operation 1686 [1/1] (0.00ns)   --->   "%sext_ln50_92 = sext i32 %p_load1465" [hilbert.cpp:50->hilbert.cpp:77]   --->   Operation 1686 'sext' 'sext_ln50_92' <Predicate = true> <Delay = 0.00>
ST_2 : Operation 1687 [1/1] (0.00ns)   --->   "%sext_ln50_93 = sext i32 %p_load1280" [hilbert.cpp:50->hilbert.cpp:77]   --->   Operation 1687 'sext' 'sext_ln50_93' <Predicate = true> <Delay = 0.00>
ST_2 : Operation 1688 [1/1] (1.01ns)   --->   "%sub_ln50_46 = sub i33 %sext_ln50_92, i33 %sext_ln50_93" [hilbert.cpp:50->hilbert.cpp:77]   --->   Operation 1688 'sub' 'sub_ln50_46' <Predicate = true> <Delay = 1.01> <CoreInst = "Adder">   --->   Core 1 'Adder' <Latency = 0> <II = 1> <Delay = 1.01> <FuncUnit> <Opcode : 'add' 'sub'> <InPorts = 2> <OutPorts = 1>
ST_2 : Operation 1689 [1/1] (0.00ns)   --->   "%sext_ln50_94 = sext i32 %p_load1467" [hilbert.cpp:50->hilbert.cpp:77]   --->   Operation 1689 'sext' 'sext_ln50_94' <Predicate = true> <Delay = 0.00>
ST_2 : Operation 1690 [1/1] (0.00ns)   --->   "%sext_ln50_95 = sext i32 %p_load1278" [hilbert.cpp:50->hilbert.cpp:77]   --->   Operation 1690 'sext' 'sext_ln50_95' <Predicate = true> <Delay = 0.00>
ST_2 : Operation 1691 [1/1] (1.01ns)   --->   "%sub_ln50_47 = sub i33 %sext_ln50_94, i33 %sext_ln50_95" [hilbert.cpp:50->hilbert.cpp:77]   --->   Operation 1691 'sub' 'sub_ln50_47' <Predicate = true> <Delay = 1.01> <CoreInst = "Adder">   --->   Core 1 'Adder' <Latency = 0> <II = 1> <Delay = 1.01> <FuncUnit> <Opcode : 'add' 'sub'> <InPorts = 2> <OutPorts = 1>
ST_2 : Operation 1692 [1/1] (0.00ns)   --->   "%sext_ln50_96 = sext i32 %p_load1469" [hilbert.cpp:50->hilbert.cpp:77]   --->   Operation 1692 'sext' 'sext_ln50_96' <Predicate = true> <Delay = 0.00>
ST_2 : Operation 1693 [1/1] (0.00ns)   --->   "%sext_ln50_97 = sext i32 %p_load1276" [hilbert.cpp:50->hilbert.cpp:77]   --->   Operation 1693 'sext' 'sext_ln50_97' <Predicate = true> <Delay = 0.00>
ST_2 : Operation 1694 [1/1] (1.01ns)   --->   "%sub_ln50_48 = sub i33 %sext_ln50_96, i33 %sext_ln50_97" [hilbert.cpp:50->hilbert.cpp:77]   --->   Operation 1694 'sub' 'sub_ln50_48' <Predicate = true> <Delay = 1.01> <CoreInst = "Adder">   --->   Core 1 'Adder' <Latency = 0> <II = 1> <Delay = 1.01> <FuncUnit> <Opcode : 'add' 'sub'> <InPorts = 2> <OutPorts = 1>
ST_2 : Operation 1695 [1/1] (0.00ns)   --->   "%sext_ln50_171 = sext i33 %sub_ln50_48" [hilbert.cpp:50->hilbert.cpp:77]   --->   Operation 1695 'sext' 'sext_ln50_171' <Predicate = true> <Delay = 0.00>
ST_2 : Operation 1696 [1/1] (0.00ns)   --->   "%sext_ln50_98 = sext i32 %p_load1471" [hilbert.cpp:50->hilbert.cpp:77]   --->   Operation 1696 'sext' 'sext_ln50_98' <Predicate = true> <Delay = 0.00>
ST_2 : Operation 1697 [1/1] (0.00ns)   --->   "%sext_ln50_99 = sext i32 %p_load1274" [hilbert.cpp:50->hilbert.cpp:77]   --->   Operation 1697 'sext' 'sext_ln50_99' <Predicate = true> <Delay = 0.00>
ST_2 : Operation 1698 [1/1] (1.01ns)   --->   "%sub_ln50_49 = sub i33 %sext_ln50_98, i33 %sext_ln50_99" [hilbert.cpp:50->hilbert.cpp:77]   --->   Operation 1698 'sub' 'sub_ln50_49' <Predicate = true> <Delay = 1.01> <CoreInst = "Adder">   --->   Core 1 'Adder' <Latency = 0> <II = 1> <Delay = 1.01> <FuncUnit> <Opcode : 'add' 'sub'> <InPorts = 2> <OutPorts = 1>
ST_2 : Operation 1699 [1/1] (0.00ns)   --->   "%sext_ln50_172 = sext i33 %sub_ln50_49" [hilbert.cpp:50->hilbert.cpp:77]   --->   Operation 1699 'sext' 'sext_ln50_172' <Predicate = true> <Delay = 0.00>
ST_2 : Operation 1700 [1/1] (0.00ns)   --->   "%sext_ln50_100 = sext i32 %p_load1473" [hilbert.cpp:50->hilbert.cpp:77]   --->   Operation 1700 'sext' 'sext_ln50_100' <Predicate = true> <Delay = 0.00>
ST_2 : Operation 1701 [1/1] (0.00ns)   --->   "%sext_ln50_101 = sext i32 %p_load1272" [hilbert.cpp:50->hilbert.cpp:77]   --->   Operation 1701 'sext' 'sext_ln50_101' <Predicate = true> <Delay = 0.00>
ST_2 : Operation 1702 [1/1] (1.01ns)   --->   "%sub_ln50_50 = sub i33 %sext_ln50_100, i33 %sext_ln50_101" [hilbert.cpp:50->hilbert.cpp:77]   --->   Operation 1702 'sub' 'sub_ln50_50' <Predicate = true> <Delay = 1.01> <CoreInst = "Adder">   --->   Core 1 'Adder' <Latency = 0> <II = 1> <Delay = 1.01> <FuncUnit> <Opcode : 'add' 'sub'> <InPorts = 2> <OutPorts = 1>
ST_2 : Operation 1703 [1/1] (0.00ns)   --->   "%sext_ln50_173 = sext i33 %sub_ln50_50" [hilbert.cpp:50->hilbert.cpp:77]   --->   Operation 1703 'sext' 'sext_ln50_173' <Predicate = true> <Delay = 0.00>
ST_2 : Operation 1704 [1/1] (0.00ns)   --->   "%sext_ln50_102 = sext i32 %p_load1475" [hilbert.cpp:50->hilbert.cpp:77]   --->   Operation 1704 'sext' 'sext_ln50_102' <Predicate = true> <Delay = 0.00>
ST_2 : Operation 1705 [1/1] (0.00ns)   --->   "%sext_ln50_103 = sext i32 %p_load1270" [hilbert.cpp:50->hilbert.cpp:77]   --->   Operation 1705 'sext' 'sext_ln50_103' <Predicate = true> <Delay = 0.00>
ST_2 : Operation 1706 [1/1] (1.01ns)   --->   "%sub_ln50_51 = sub i33 %sext_ln50_102, i33 %sext_ln50_103" [hilbert.cpp:50->hilbert.cpp:77]   --->   Operation 1706 'sub' 'sub_ln50_51' <Predicate = true> <Delay = 1.01> <CoreInst = "Adder">   --->   Core 1 'Adder' <Latency = 0> <II = 1> <Delay = 1.01> <FuncUnit> <Opcode : 'add' 'sub'> <InPorts = 2> <OutPorts = 1>
ST_2 : Operation 1707 [1/1] (0.00ns)   --->   "%sext_ln50_174 = sext i33 %sub_ln50_51" [hilbert.cpp:50->hilbert.cpp:77]   --->   Operation 1707 'sext' 'sext_ln50_174' <Predicate = true> <Delay = 0.00>
ST_2 : Operation 1708 [1/1] (0.00ns)   --->   "%sext_ln50_104 = sext i32 %p_load1477" [hilbert.cpp:50->hilbert.cpp:77]   --->   Operation 1708 'sext' 'sext_ln50_104' <Predicate = true> <Delay = 0.00>
ST_2 : Operation 1709 [1/1] (0.00ns)   --->   "%sext_ln50_105 = sext i32 %p_load1268" [hilbert.cpp:50->hilbert.cpp:77]   --->   Operation 1709 'sext' 'sext_ln50_105' <Predicate = true> <Delay = 0.00>
ST_2 : Operation 1710 [1/1] (1.01ns)   --->   "%sub_ln50_52 = sub i33 %sext_ln50_104, i33 %sext_ln50_105" [hilbert.cpp:50->hilbert.cpp:77]   --->   Operation 1710 'sub' 'sub_ln50_52' <Predicate = true> <Delay = 1.01> <CoreInst = "Adder">   --->   Core 1 'Adder' <Latency = 0> <II = 1> <Delay = 1.01> <FuncUnit> <Opcode : 'add' 'sub'> <InPorts = 2> <OutPorts = 1>
ST_2 : Operation 1711 [1/1] (0.00ns)   --->   "%sext_ln50_175 = sext i33 %sub_ln50_52" [hilbert.cpp:50->hilbert.cpp:77]   --->   Operation 1711 'sext' 'sext_ln50_175' <Predicate = true> <Delay = 0.00>
ST_2 : Operation 1712 [1/1] (0.00ns)   --->   "%sext_ln50_106 = sext i32 %p_load1479" [hilbert.cpp:50->hilbert.cpp:77]   --->   Operation 1712 'sext' 'sext_ln50_106' <Predicate = true> <Delay = 0.00>
ST_2 : Operation 1713 [1/1] (0.00ns)   --->   "%sext_ln50_107 = sext i32 %p_load1266" [hilbert.cpp:50->hilbert.cpp:77]   --->   Operation 1713 'sext' 'sext_ln50_107' <Predicate = true> <Delay = 0.00>
ST_2 : Operation 1714 [1/1] (1.01ns)   --->   "%sub_ln50_53 = sub i33 %sext_ln50_106, i33 %sext_ln50_107" [hilbert.cpp:50->hilbert.cpp:77]   --->   Operation 1714 'sub' 'sub_ln50_53' <Predicate = true> <Delay = 1.01> <CoreInst = "Adder">   --->   Core 1 'Adder' <Latency = 0> <II = 1> <Delay = 1.01> <FuncUnit> <Opcode : 'add' 'sub'> <InPorts = 2> <OutPorts = 1>
ST_2 : Operation 1715 [1/1] (0.00ns)   --->   "%sext_ln50_176 = sext i33 %sub_ln50_53" [hilbert.cpp:50->hilbert.cpp:77]   --->   Operation 1715 'sext' 'sext_ln50_176' <Predicate = true> <Delay = 0.00>
ST_2 : Operation 1716 [1/1] (0.00ns)   --->   "%sext_ln50_108 = sext i32 %p_load1481" [hilbert.cpp:50->hilbert.cpp:77]   --->   Operation 1716 'sext' 'sext_ln50_108' <Predicate = true> <Delay = 0.00>
ST_2 : Operation 1717 [1/1] (0.00ns)   --->   "%sext_ln50_109 = sext i32 %p_load1264" [hilbert.cpp:50->hilbert.cpp:77]   --->   Operation 1717 'sext' 'sext_ln50_109' <Predicate = true> <Delay = 0.00>
ST_2 : Operation 1718 [1/1] (1.01ns)   --->   "%sub_ln50_54 = sub i33 %sext_ln50_108, i33 %sext_ln50_109" [hilbert.cpp:50->hilbert.cpp:77]   --->   Operation 1718 'sub' 'sub_ln50_54' <Predicate = true> <Delay = 1.01> <CoreInst = "Adder">   --->   Core 1 'Adder' <Latency = 0> <II = 1> <Delay = 1.01> <FuncUnit> <Opcode : 'add' 'sub'> <InPorts = 2> <OutPorts = 1>
ST_2 : Operation 1719 [1/1] (0.00ns)   --->   "%sext_ln50_177 = sext i33 %sub_ln50_54" [hilbert.cpp:50->hilbert.cpp:77]   --->   Operation 1719 'sext' 'sext_ln50_177' <Predicate = true> <Delay = 0.00>
ST_2 : Operation 1720 [1/1] (0.00ns)   --->   "%sext_ln50_110 = sext i32 %p_load1483" [hilbert.cpp:50->hilbert.cpp:77]   --->   Operation 1720 'sext' 'sext_ln50_110' <Predicate = true> <Delay = 0.00>
ST_2 : Operation 1721 [1/1] (0.00ns)   --->   "%sext_ln50_111 = sext i32 %p_load1262" [hilbert.cpp:50->hilbert.cpp:77]   --->   Operation 1721 'sext' 'sext_ln50_111' <Predicate = true> <Delay = 0.00>
ST_2 : Operation 1722 [1/1] (1.01ns)   --->   "%sub_ln50_55 = sub i33 %sext_ln50_110, i33 %sext_ln50_111" [hilbert.cpp:50->hilbert.cpp:77]   --->   Operation 1722 'sub' 'sub_ln50_55' <Predicate = true> <Delay = 1.01> <CoreInst = "Adder">   --->   Core 1 'Adder' <Latency = 0> <II = 1> <Delay = 1.01> <FuncUnit> <Opcode : 'add' 'sub'> <InPorts = 2> <OutPorts = 1>
ST_2 : Operation 1723 [1/1] (0.00ns)   --->   "%sext_ln50_112 = sext i32 %p_load1485" [hilbert.cpp:50->hilbert.cpp:77]   --->   Operation 1723 'sext' 'sext_ln50_112' <Predicate = true> <Delay = 0.00>
ST_2 : Operation 1724 [1/1] (0.00ns)   --->   "%sext_ln50_113 = sext i32 %p_load1260" [hilbert.cpp:50->hilbert.cpp:77]   --->   Operation 1724 'sext' 'sext_ln50_113' <Predicate = true> <Delay = 0.00>
ST_2 : Operation 1725 [1/1] (1.01ns)   --->   "%sub_ln50_56 = sub i33 %sext_ln50_112, i33 %sext_ln50_113" [hilbert.cpp:50->hilbert.cpp:77]   --->   Operation 1725 'sub' 'sub_ln50_56' <Predicate = true> <Delay = 1.01> <CoreInst = "Adder">   --->   Core 1 'Adder' <Latency = 0> <II = 1> <Delay = 1.01> <FuncUnit> <Opcode : 'add' 'sub'> <InPorts = 2> <OutPorts = 1>
ST_2 : Operation 1726 [1/1] (0.00ns)   --->   "%sext_ln50_178 = sext i33 %sub_ln50_56" [hilbert.cpp:50->hilbert.cpp:77]   --->   Operation 1726 'sext' 'sext_ln50_178' <Predicate = true> <Delay = 0.00>
ST_2 : Operation 1727 [1/1] (0.00ns)   --->   "%sext_ln50_114 = sext i32 %p_load1487" [hilbert.cpp:50->hilbert.cpp:77]   --->   Operation 1727 'sext' 'sext_ln50_114' <Predicate = true> <Delay = 0.00>
ST_2 : Operation 1728 [1/1] (0.00ns)   --->   "%sext_ln50_115 = sext i32 %p_load1258" [hilbert.cpp:50->hilbert.cpp:77]   --->   Operation 1728 'sext' 'sext_ln50_115' <Predicate = true> <Delay = 0.00>
ST_2 : Operation 1729 [1/1] (1.01ns)   --->   "%sub_ln50_57 = sub i33 %sext_ln50_114, i33 %sext_ln50_115" [hilbert.cpp:50->hilbert.cpp:77]   --->   Operation 1729 'sub' 'sub_ln50_57' <Predicate = true> <Delay = 1.01> <CoreInst = "Adder">   --->   Core 1 'Adder' <Latency = 0> <II = 1> <Delay = 1.01> <FuncUnit> <Opcode : 'add' 'sub'> <InPorts = 2> <OutPorts = 1>
ST_2 : Operation 1730 [1/1] (0.00ns)   --->   "%sext_ln50_179 = sext i33 %sub_ln50_57" [hilbert.cpp:50->hilbert.cpp:77]   --->   Operation 1730 'sext' 'sext_ln50_179' <Predicate = true> <Delay = 0.00>
ST_2 : Operation 1731 [1/1] (0.00ns)   --->   "%sext_ln50_116 = sext i32 %p_load1489" [hilbert.cpp:50->hilbert.cpp:77]   --->   Operation 1731 'sext' 'sext_ln50_116' <Predicate = true> <Delay = 0.00>
ST_2 : Operation 1732 [1/1] (0.00ns)   --->   "%sext_ln50_117 = sext i32 %p_load1256" [hilbert.cpp:50->hilbert.cpp:77]   --->   Operation 1732 'sext' 'sext_ln50_117' <Predicate = true> <Delay = 0.00>
ST_2 : Operation 1733 [1/1] (1.01ns)   --->   "%sub_ln50_58 = sub i33 %sext_ln50_116, i33 %sext_ln50_117" [hilbert.cpp:50->hilbert.cpp:77]   --->   Operation 1733 'sub' 'sub_ln50_58' <Predicate = true> <Delay = 1.01> <CoreInst = "Adder">   --->   Core 1 'Adder' <Latency = 0> <II = 1> <Delay = 1.01> <FuncUnit> <Opcode : 'add' 'sub'> <InPorts = 2> <OutPorts = 1>
ST_2 : Operation 1734 [1/1] (0.00ns)   --->   "%sext_ln50_118 = sext i32 %p_load1491" [hilbert.cpp:50->hilbert.cpp:77]   --->   Operation 1734 'sext' 'sext_ln50_118' <Predicate = true> <Delay = 0.00>
ST_2 : Operation 1735 [1/1] (0.00ns)   --->   "%sext_ln50_119 = sext i32 %p_load1254" [hilbert.cpp:50->hilbert.cpp:77]   --->   Operation 1735 'sext' 'sext_ln50_119' <Predicate = true> <Delay = 0.00>
ST_2 : Operation 1736 [1/1] (1.01ns)   --->   "%sub_ln50_59 = sub i33 %sext_ln50_118, i33 %sext_ln50_119" [hilbert.cpp:50->hilbert.cpp:77]   --->   Operation 1736 'sub' 'sub_ln50_59' <Predicate = true> <Delay = 1.01> <CoreInst = "Adder">   --->   Core 1 'Adder' <Latency = 0> <II = 1> <Delay = 1.01> <FuncUnit> <Opcode : 'add' 'sub'> <InPorts = 2> <OutPorts = 1>
ST_2 : Operation 1737 [1/1] (0.00ns)   --->   "%sext_ln50_180 = sext i33 %sub_ln50_59" [hilbert.cpp:50->hilbert.cpp:77]   --->   Operation 1737 'sext' 'sext_ln50_180' <Predicate = true> <Delay = 0.00>
ST_2 : Operation 1738 [1/1] (0.00ns)   --->   "%sext_ln50_120 = sext i32 %p_load1493" [hilbert.cpp:50->hilbert.cpp:77]   --->   Operation 1738 'sext' 'sext_ln50_120' <Predicate = true> <Delay = 0.00>
ST_2 : Operation 1739 [1/1] (0.00ns)   --->   "%sext_ln50_121 = sext i32 %p_load1252" [hilbert.cpp:50->hilbert.cpp:77]   --->   Operation 1739 'sext' 'sext_ln50_121' <Predicate = true> <Delay = 0.00>
ST_2 : Operation 1740 [1/1] (1.01ns)   --->   "%sub_ln50_60 = sub i33 %sext_ln50_120, i33 %sext_ln50_121" [hilbert.cpp:50->hilbert.cpp:77]   --->   Operation 1740 'sub' 'sub_ln50_60' <Predicate = true> <Delay = 1.01> <CoreInst = "Adder">   --->   Core 1 'Adder' <Latency = 0> <II = 1> <Delay = 1.01> <FuncUnit> <Opcode : 'add' 'sub'> <InPorts = 2> <OutPorts = 1>
ST_2 : Operation 1741 [1/1] (0.00ns)   --->   "%sext_ln50_122 = sext i32 %p_load1495" [hilbert.cpp:50->hilbert.cpp:77]   --->   Operation 1741 'sext' 'sext_ln50_122' <Predicate = true> <Delay = 0.00>
ST_2 : Operation 1742 [1/1] (0.00ns)   --->   "%sext_ln50_123 = sext i32 %p_load1250" [hilbert.cpp:50->hilbert.cpp:77]   --->   Operation 1742 'sext' 'sext_ln50_123' <Predicate = true> <Delay = 0.00>
ST_2 : Operation 1743 [1/1] (1.01ns)   --->   "%sub_ln50_61 = sub i33 %sext_ln50_122, i33 %sext_ln50_123" [hilbert.cpp:50->hilbert.cpp:77]   --->   Operation 1743 'sub' 'sub_ln50_61' <Predicate = true> <Delay = 1.01> <CoreInst = "Adder">   --->   Core 1 'Adder' <Latency = 0> <II = 1> <Delay = 1.01> <FuncUnit> <Opcode : 'add' 'sub'> <InPorts = 2> <OutPorts = 1>
ST_2 : Operation 1744 [1/1] (0.00ns)   --->   "%sext_ln50_124 = sext i32 %p_load1497" [hilbert.cpp:50->hilbert.cpp:77]   --->   Operation 1744 'sext' 'sext_ln50_124' <Predicate = true> <Delay = 0.00>
ST_2 : Operation 1745 [1/1] (0.00ns)   --->   "%sext_ln50_125 = sext i32 %p_load1248" [hilbert.cpp:50->hilbert.cpp:77]   --->   Operation 1745 'sext' 'sext_ln50_125' <Predicate = true> <Delay = 0.00>
ST_2 : Operation 1746 [1/1] (1.01ns)   --->   "%sub_ln50_62 = sub i33 %sext_ln50_124, i33 %sext_ln50_125" [hilbert.cpp:50->hilbert.cpp:77]   --->   Operation 1746 'sub' 'sub_ln50_62' <Predicate = true> <Delay = 1.01> <CoreInst = "Adder">   --->   Core 1 'Adder' <Latency = 0> <II = 1> <Delay = 1.01> <FuncUnit> <Opcode : 'add' 'sub'> <InPorts = 2> <OutPorts = 1>
ST_2 : Operation 1747 [1/1] (0.00ns)   --->   "%sext_ln50_181 = sext i33 %sub_ln50_62" [hilbert.cpp:50->hilbert.cpp:77]   --->   Operation 1747 'sext' 'sext_ln50_181' <Predicate = true> <Delay = 0.00>
ST_2 : Operation 1748 [1/1] (0.00ns)   --->   "%sext_ln50_126 = sext i32 %p_load1499" [hilbert.cpp:50->hilbert.cpp:77]   --->   Operation 1748 'sext' 'sext_ln50_126' <Predicate = true> <Delay = 0.00>
ST_2 : Operation 1749 [1/1] (0.00ns)   --->   "%sext_ln50_127 = sext i32 %p_load1246" [hilbert.cpp:50->hilbert.cpp:77]   --->   Operation 1749 'sext' 'sext_ln50_127' <Predicate = true> <Delay = 0.00>
ST_2 : Operation 1750 [1/1] (1.01ns)   --->   "%sub_ln50_63 = sub i33 %sext_ln50_126, i33 %sext_ln50_127" [hilbert.cpp:50->hilbert.cpp:77]   --->   Operation 1750 'sub' 'sub_ln50_63' <Predicate = true> <Delay = 1.01> <CoreInst = "Adder">   --->   Core 1 'Adder' <Latency = 0> <II = 1> <Delay = 1.01> <FuncUnit> <Opcode : 'add' 'sub'> <InPorts = 2> <OutPorts = 1>
ST_2 : Operation 1751 [1/1] (0.00ns)   --->   "%sext_ln50_128 = sext i32 %p_load1501" [hilbert.cpp:50->hilbert.cpp:77]   --->   Operation 1751 'sext' 'sext_ln50_128' <Predicate = true> <Delay = 0.00>
ST_2 : Operation 1752 [1/1] (0.00ns)   --->   "%sext_ln50_129 = sext i32 %p_load1244" [hilbert.cpp:50->hilbert.cpp:77]   --->   Operation 1752 'sext' 'sext_ln50_129' <Predicate = true> <Delay = 0.00>
ST_2 : Operation 1753 [1/1] (1.01ns)   --->   "%sub_ln50_64 = sub i33 %sext_ln50_128, i33 %sext_ln50_129" [hilbert.cpp:50->hilbert.cpp:77]   --->   Operation 1753 'sub' 'sub_ln50_64' <Predicate = true> <Delay = 1.01> <CoreInst = "Adder">   --->   Core 1 'Adder' <Latency = 0> <II = 1> <Delay = 1.01> <FuncUnit> <Opcode : 'add' 'sub'> <InPorts = 2> <OutPorts = 1>
ST_2 : Operation 1754 [1/1] (0.00ns)   --->   "%sext_ln50_130 = sext i32 %p_load1503" [hilbert.cpp:50->hilbert.cpp:77]   --->   Operation 1754 'sext' 'sext_ln50_130' <Predicate = true> <Delay = 0.00>
ST_2 : Operation 1755 [1/1] (0.00ns)   --->   "%sext_ln50_131 = sext i32 %p_load1242" [hilbert.cpp:50->hilbert.cpp:77]   --->   Operation 1755 'sext' 'sext_ln50_131' <Predicate = true> <Delay = 0.00>
ST_2 : Operation 1756 [1/1] (1.01ns)   --->   "%sub_ln50_65 = sub i33 %sext_ln50_130, i33 %sext_ln50_131" [hilbert.cpp:50->hilbert.cpp:77]   --->   Operation 1756 'sub' 'sub_ln50_65' <Predicate = true> <Delay = 1.01> <CoreInst = "Adder">   --->   Core 1 'Adder' <Latency = 0> <II = 1> <Delay = 1.01> <FuncUnit> <Opcode : 'add' 'sub'> <InPorts = 2> <OutPorts = 1>
ST_2 : Operation 1757 [1/1] (0.00ns)   --->   "%sext_ln50_182 = sext i33 %sub_ln50_65" [hilbert.cpp:50->hilbert.cpp:77]   --->   Operation 1757 'sext' 'sext_ln50_182' <Predicate = true> <Delay = 0.00>
ST_2 : Operation 1758 [1/1] (0.00ns)   --->   "%sext_ln50_132 = sext i32 %p_load1505" [hilbert.cpp:50->hilbert.cpp:77]   --->   Operation 1758 'sext' 'sext_ln50_132' <Predicate = true> <Delay = 0.00>
ST_2 : Operation 1759 [1/1] (0.00ns)   --->   "%sext_ln50_133 = sext i32 %p_load1240" [hilbert.cpp:50->hilbert.cpp:77]   --->   Operation 1759 'sext' 'sext_ln50_133' <Predicate = true> <Delay = 0.00>
ST_2 : Operation 1760 [1/1] (1.01ns)   --->   "%sub_ln50_66 = sub i33 %sext_ln50_132, i33 %sext_ln50_133" [hilbert.cpp:50->hilbert.cpp:77]   --->   Operation 1760 'sub' 'sub_ln50_66' <Predicate = true> <Delay = 1.01> <CoreInst = "Adder">   --->   Core 1 'Adder' <Latency = 0> <II = 1> <Delay = 1.01> <FuncUnit> <Opcode : 'add' 'sub'> <InPorts = 2> <OutPorts = 1>
ST_2 : Operation 1761 [1/1] (0.00ns)   --->   "%sext_ln50_183 = sext i33 %sub_ln50_66" [hilbert.cpp:50->hilbert.cpp:77]   --->   Operation 1761 'sext' 'sext_ln50_183' <Predicate = true> <Delay = 0.00>
ST_2 : Operation 1762 [1/1] (0.00ns)   --->   "%sext_ln50_134 = sext i32 %p_load1507" [hilbert.cpp:50->hilbert.cpp:77]   --->   Operation 1762 'sext' 'sext_ln50_134' <Predicate = true> <Delay = 0.00>
ST_2 : Operation 1763 [1/1] (0.00ns)   --->   "%sext_ln50_135 = sext i32 %p_load1238" [hilbert.cpp:50->hilbert.cpp:77]   --->   Operation 1763 'sext' 'sext_ln50_135' <Predicate = true> <Delay = 0.00>
ST_2 : Operation 1764 [1/1] (1.01ns)   --->   "%sub_ln50_67 = sub i33 %sext_ln50_134, i33 %sext_ln50_135" [hilbert.cpp:50->hilbert.cpp:77]   --->   Operation 1764 'sub' 'sub_ln50_67' <Predicate = true> <Delay = 1.01> <CoreInst = "Adder">   --->   Core 1 'Adder' <Latency = 0> <II = 1> <Delay = 1.01> <FuncUnit> <Opcode : 'add' 'sub'> <InPorts = 2> <OutPorts = 1>
ST_2 : Operation 1765 [1/1] (0.00ns)   --->   "%sext_ln50_184 = sext i33 %sub_ln50_67" [hilbert.cpp:50->hilbert.cpp:77]   --->   Operation 1765 'sext' 'sext_ln50_184' <Predicate = true> <Delay = 0.00>
ST_2 : Operation 1766 [1/1] (0.00ns)   --->   "%sext_ln50_136 = sext i32 %p_load1509" [hilbert.cpp:50->hilbert.cpp:77]   --->   Operation 1766 'sext' 'sext_ln50_136' <Predicate = true> <Delay = 0.00>
ST_2 : Operation 1767 [1/1] (0.00ns)   --->   "%sext_ln50_137 = sext i32 %p_load1236" [hilbert.cpp:50->hilbert.cpp:77]   --->   Operation 1767 'sext' 'sext_ln50_137' <Predicate = true> <Delay = 0.00>
ST_2 : Operation 1768 [1/1] (1.01ns)   --->   "%sub_ln50_68 = sub i33 %sext_ln50_136, i33 %sext_ln50_137" [hilbert.cpp:50->hilbert.cpp:77]   --->   Operation 1768 'sub' 'sub_ln50_68' <Predicate = true> <Delay = 1.01> <CoreInst = "Adder">   --->   Core 1 'Adder' <Latency = 0> <II = 1> <Delay = 1.01> <FuncUnit> <Opcode : 'add' 'sub'> <InPorts = 2> <OutPorts = 1>
ST_2 : Operation 1769 [1/1] (0.00ns)   --->   "%sext_ln50_138 = sext i32 %p_load1511" [hilbert.cpp:50->hilbert.cpp:77]   --->   Operation 1769 'sext' 'sext_ln50_138' <Predicate = true> <Delay = 0.00>
ST_2 : Operation 1770 [1/1] (0.00ns)   --->   "%sext_ln50_139 = sext i32 %p_load1234" [hilbert.cpp:50->hilbert.cpp:77]   --->   Operation 1770 'sext' 'sext_ln50_139' <Predicate = true> <Delay = 0.00>
ST_2 : Operation 1771 [1/1] (1.01ns)   --->   "%sub_ln50_69 = sub i33 %sext_ln50_138, i33 %sext_ln50_139" [hilbert.cpp:50->hilbert.cpp:77]   --->   Operation 1771 'sub' 'sub_ln50_69' <Predicate = true> <Delay = 1.01> <CoreInst = "Adder">   --->   Core 1 'Adder' <Latency = 0> <II = 1> <Delay = 1.01> <FuncUnit> <Opcode : 'add' 'sub'> <InPorts = 2> <OutPorts = 1>
ST_2 : Operation 1772 [1/1] (0.00ns)   --->   "%sext_ln50_140 = sext i32 %p_load1513" [hilbert.cpp:50->hilbert.cpp:77]   --->   Operation 1772 'sext' 'sext_ln50_140' <Predicate = true> <Delay = 0.00>
ST_2 : Operation 1773 [1/1] (0.00ns)   --->   "%sext_ln50_141 = sext i32 %p_load1232" [hilbert.cpp:50->hilbert.cpp:77]   --->   Operation 1773 'sext' 'sext_ln50_141' <Predicate = true> <Delay = 0.00>
ST_2 : Operation 1774 [1/1] (1.01ns)   --->   "%sub_ln50_70 = sub i33 %sext_ln50_140, i33 %sext_ln50_141" [hilbert.cpp:50->hilbert.cpp:77]   --->   Operation 1774 'sub' 'sub_ln50_70' <Predicate = true> <Delay = 1.01> <CoreInst = "Adder">   --->   Core 1 'Adder' <Latency = 0> <II = 1> <Delay = 1.01> <FuncUnit> <Opcode : 'add' 'sub'> <InPorts = 2> <OutPorts = 1>
ST_2 : Operation 1775 [1/1] (0.00ns)   --->   "%sext_ln50_142 = sext i32 %p_load1515" [hilbert.cpp:50->hilbert.cpp:77]   --->   Operation 1775 'sext' 'sext_ln50_142' <Predicate = true> <Delay = 0.00>
ST_2 : Operation 1776 [1/1] (0.00ns)   --->   "%sext_ln50_143 = sext i32 %p_load1230" [hilbert.cpp:50->hilbert.cpp:77]   --->   Operation 1776 'sext' 'sext_ln50_143' <Predicate = true> <Delay = 0.00>
ST_2 : Operation 1777 [1/1] (1.01ns)   --->   "%sub_ln50_71 = sub i33 %sext_ln50_142, i33 %sext_ln50_143" [hilbert.cpp:50->hilbert.cpp:77]   --->   Operation 1777 'sub' 'sub_ln50_71' <Predicate = true> <Delay = 1.01> <CoreInst = "Adder">   --->   Core 1 'Adder' <Latency = 0> <II = 1> <Delay = 1.01> <FuncUnit> <Opcode : 'add' 'sub'> <InPorts = 2> <OutPorts = 1>
ST_2 : Operation 1778 [1/1] (0.00ns)   --->   "%sext_ln50_144 = sext i32 %p_load1517" [hilbert.cpp:50->hilbert.cpp:77]   --->   Operation 1778 'sext' 'sext_ln50_144' <Predicate = true> <Delay = 0.00>
ST_2 : Operation 1779 [1/1] (0.00ns)   --->   "%sext_ln50_145 = sext i32 %p_load1228" [hilbert.cpp:50->hilbert.cpp:77]   --->   Operation 1779 'sext' 'sext_ln50_145' <Predicate = true> <Delay = 0.00>
ST_2 : Operation 1780 [1/1] (1.01ns)   --->   "%sub_ln50_72 = sub i33 %sext_ln50_144, i33 %sext_ln50_145" [hilbert.cpp:50->hilbert.cpp:77]   --->   Operation 1780 'sub' 'sub_ln50_72' <Predicate = true> <Delay = 1.01> <CoreInst = "Adder">   --->   Core 1 'Adder' <Latency = 0> <II = 1> <Delay = 1.01> <FuncUnit> <Opcode : 'add' 'sub'> <InPorts = 2> <OutPorts = 1>
ST_2 : Operation 1781 [1/1] (0.00ns)   --->   "%sext_ln50_146 = sext i32 %p_load1519" [hilbert.cpp:50->hilbert.cpp:77]   --->   Operation 1781 'sext' 'sext_ln50_146' <Predicate = true> <Delay = 0.00>
ST_2 : Operation 1782 [1/1] (0.00ns)   --->   "%sext_ln50_147 = sext i32 %p_load1226" [hilbert.cpp:50->hilbert.cpp:77]   --->   Operation 1782 'sext' 'sext_ln50_147' <Predicate = true> <Delay = 0.00>
ST_2 : Operation 1783 [1/1] (1.01ns)   --->   "%sub_ln50_73 = sub i33 %sext_ln50_146, i33 %sext_ln50_147" [hilbert.cpp:50->hilbert.cpp:77]   --->   Operation 1783 'sub' 'sub_ln50_73' <Predicate = true> <Delay = 1.01> <CoreInst = "Adder">   --->   Core 1 'Adder' <Latency = 0> <II = 1> <Delay = 1.01> <FuncUnit> <Opcode : 'add' 'sub'> <InPorts = 2> <OutPorts = 1>
ST_2 : Operation 1784 [1/1] (0.00ns)   --->   "%sext_ln50_148 = sext i32 %p_load1521" [hilbert.cpp:50->hilbert.cpp:77]   --->   Operation 1784 'sext' 'sext_ln50_148' <Predicate = true> <Delay = 0.00>
ST_2 : Operation 1785 [1/1] (0.00ns)   --->   "%sext_ln50_149 = sext i32 %p_load" [hilbert.cpp:50->hilbert.cpp:77]   --->   Operation 1785 'sext' 'sext_ln50_149' <Predicate = true> <Delay = 0.00>
ST_2 : Operation 1786 [1/1] (1.01ns)   --->   "%sub_ln50_74 = sub i33 %sext_ln50_148, i33 %sext_ln50_149" [hilbert.cpp:50->hilbert.cpp:77]   --->   Operation 1786 'sub' 'sub_ln50_74' <Predicate = true> <Delay = 1.01> <CoreInst = "Adder">   --->   Core 1 'Adder' <Latency = 0> <II = 1> <Delay = 1.01> <FuncUnit> <Opcode : 'add' 'sub'> <InPorts = 2> <OutPorts = 1>
ST_2 : Operation 1787 [1/1] (0.00ns)   --->   "%tmp_1 = bitconcatenate i42 @_ssdm_op_BitConcatenate.i42.i33.i9, i33 %sub_ln50_16, i9 0" [hilbert.cpp:50->hilbert.cpp:77]   --->   Operation 1787 'bitconcatenate' 'tmp_1' <Predicate = true> <Delay = 0.00>
ST_2 : Operation 1788 [1/1] (0.00ns)   --->   "%sext_ln50_185 = sext i42 %tmp_1" [hilbert.cpp:50->hilbert.cpp:77]   --->   Operation 1788 'sext' 'sext_ln50_185' <Predicate = true> <Delay = 0.00>
ST_2 : Operation 1789 [1/1] (0.00ns)   --->   "%tmp_2 = bitconcatenate i40 @_ssdm_op_BitConcatenate.i40.i33.i7, i33 %sub_ln50_16, i7 0" [hilbert.cpp:50->hilbert.cpp:77]   --->   Operation 1789 'bitconcatenate' 'tmp_2' <Predicate = true> <Delay = 0.00>
ST_2 : Operation 1790 [1/1] (0.00ns)   --->   "%sext_ln50_186 = sext i40 %tmp_2" [hilbert.cpp:50->hilbert.cpp:77]   --->   Operation 1790 'sext' 'sext_ln50_186' <Predicate = true> <Delay = 0.00>
ST_2 : Operation 1791 [1/1] (0.00ns) (grouped into TernaryAdder)   --->   "%add_ln50_73 = add i44 %sext_ln50_185, i44 %sext_ln50_186" [hilbert.cpp:50->hilbert.cpp:77]   --->   Operation 1791 'add' 'add_ln50_73' <Predicate = true> <Delay = 0.00> <CoreInst = "TAddSub">   --->   Core 10 'TAddSub' <Latency = 0> <II = 1> <Delay = 0.38> <IPBlock> <Opcode : '' 'add' 'sub'> <InPorts = 3> <OutPorts = 1> <Sync> <CReg>
ST_2 : Operation 1792 [1/1] (0.00ns)   --->   "%tmp_3 = bitconcatenate i36 @_ssdm_op_BitConcatenate.i36.i33.i3, i33 %sub_ln50_16, i3 0" [hilbert.cpp:50->hilbert.cpp:77]   --->   Operation 1792 'bitconcatenate' 'tmp_3' <Predicate = true> <Delay = 0.00>
ST_2 : Operation 1793 [1/1] (0.00ns)   --->   "%sext_ln50_187 = sext i36 %tmp_3" [hilbert.cpp:50->hilbert.cpp:77]   --->   Operation 1793 'sext' 'sext_ln50_187' <Predicate = true> <Delay = 0.00>
ST_2 : Operation 1794 [1/1] (0.75ns) (root node of TernaryAdder)   --->   "%sub_ln50_75 = sub i44 %add_ln50_73, i44 %sext_ln50_187" [hilbert.cpp:50->hilbert.cpp:77]   --->   Operation 1794 'sub' 'sub_ln50_75' <Predicate = true> <Delay = 0.75> <CoreInst = "TAddSub">   --->   Core 10 'TAddSub' <Latency = 0> <II = 1> <Delay = 0.38> <IPBlock> <Opcode : '' 'add' 'sub'> <InPorts = 3> <OutPorts = 1> <Sync> <CReg>
ST_2 : Operation 1795 [1/1] (0.00ns)   --->   "%tmp_4 = bitconcatenate i43 @_ssdm_op_BitConcatenate.i43.i33.i10, i33 %sub_ln50_14, i10 0" [hilbert.cpp:50->hilbert.cpp:77]   --->   Operation 1795 'bitconcatenate' 'tmp_4' <Predicate = true> <Delay = 0.00>
ST_2 : Operation 1796 [1/1] (0.00ns)   --->   "%sext_ln50_188 = sext i43 %tmp_4" [hilbert.cpp:50->hilbert.cpp:77]   --->   Operation 1796 'sext' 'sext_ln50_188' <Predicate = true> <Delay = 0.00>
ST_2 : Operation 1797 [1/1] (0.00ns)   --->   "%tmp_5 = bitconcatenate i41 @_ssdm_op_BitConcatenate.i41.i33.i8, i33 %sub_ln50_14, i8 0" [hilbert.cpp:50->hilbert.cpp:77]   --->   Operation 1797 'bitconcatenate' 'tmp_5' <Predicate = true> <Delay = 0.00>
ST_2 : Operation 1798 [1/1] (0.00ns)   --->   "%sext_ln50_189 = sext i41 %tmp_5" [hilbert.cpp:50->hilbert.cpp:77]   --->   Operation 1798 'sext' 'sext_ln50_189' <Predicate = true> <Delay = 0.00>
ST_2 : Operation 1799 [1/1] (1.05ns)   --->   "%sub_ln50_76 = sub i44 %sext_ln50_188, i44 %sext_ln50_189" [hilbert.cpp:50->hilbert.cpp:77]   --->   Operation 1799 'sub' 'sub_ln50_76' <Predicate = true> <Delay = 1.05> <CoreInst = "Adder">   --->   Core 1 'Adder' <Latency = 0> <II = 1> <Delay = 1.05> <FuncUnit> <Opcode : 'add' 'sub'> <InPorts = 2> <OutPorts = 1>
ST_2 : Operation 1800 [1/1] (0.00ns)   --->   "%tmp_6 = bitconcatenate i39 @_ssdm_op_BitConcatenate.i39.i33.i6, i33 %sub_ln50_14, i6 0" [hilbert.cpp:50->hilbert.cpp:77]   --->   Operation 1800 'bitconcatenate' 'tmp_6' <Predicate = true> <Delay = 0.00>
ST_2 : Operation 1801 [1/1] (0.00ns)   --->   "%sext_ln50_190 = sext i39 %tmp_6" [hilbert.cpp:50->hilbert.cpp:77]   --->   Operation 1801 'sext' 'sext_ln50_190' <Predicate = true> <Delay = 0.00>
ST_2 : Operation 1802 [1/1] (0.00ns) (grouped into TernaryAdder)   --->   "%sub_ln50_77 = sub i44 %sub_ln50_76, i44 %sext_ln50_190" [hilbert.cpp:50->hilbert.cpp:77]   --->   Operation 1802 'sub' 'sub_ln50_77' <Predicate = true> <Delay = 0.00> <CoreInst = "TAddSub">   --->   Core 10 'TAddSub' <Latency = 0> <II = 1> <Delay = 0.38> <IPBlock> <Opcode : '' 'add' 'sub'> <InPorts = 3> <OutPorts = 1> <Sync> <CReg>
ST_2 : Operation 1803 [1/1] (0.00ns)   --->   "%tmp_7 = bitconcatenate i37 @_ssdm_op_BitConcatenate.i37.i33.i4, i33 %sub_ln50_14, i4 0" [hilbert.cpp:50->hilbert.cpp:77]   --->   Operation 1803 'bitconcatenate' 'tmp_7' <Predicate = true> <Delay = 0.00>
ST_2 : Operation 1804 [1/1] (0.00ns)   --->   "%sext_ln50_191 = sext i37 %tmp_7" [hilbert.cpp:50->hilbert.cpp:77]   --->   Operation 1804 'sext' 'sext_ln50_191' <Predicate = true> <Delay = 0.00>
ST_2 : Operation 1805 [1/1] (0.76ns) (root node of TernaryAdder)   --->   "%add_ln50_74 = add i44 %sub_ln50_77, i44 %sext_ln50_191" [hilbert.cpp:50->hilbert.cpp:77]   --->   Operation 1805 'add' 'add_ln50_74' <Predicate = true> <Delay = 0.76> <CoreInst = "TAddSub">   --->   Core 10 'TAddSub' <Latency = 0> <II = 1> <Delay = 0.38> <IPBlock> <Opcode : '' 'add' 'sub'> <InPorts = 3> <OutPorts = 1> <Sync> <CReg>
ST_2 : Operation 1806 [1/1] (0.00ns) (grouped into TernaryAdder)   --->   "%sub_ln50_78 = sub i44 %add_ln50_74, i44 %sext_ln50_157" [hilbert.cpp:50->hilbert.cpp:77]   --->   Operation 1806 'sub' 'sub_ln50_78' <Predicate = true> <Delay = 0.00> <CoreInst = "TAddSub">   --->   Core 10 'TAddSub' <Latency = 0> <II = 1> <Delay = 0.38> <IPBlock> <Opcode : '' 'add' 'sub'> <InPorts = 3> <OutPorts = 1> <Sync> <CReg>
ST_2 : Operation 1807 [1/1] (0.00ns)   --->   "%tmp_8 = bitconcatenate i41 @_ssdm_op_BitConcatenate.i41.i33.i8, i33 %sub_ln50_56, i8 0" [hilbert.cpp:50->hilbert.cpp:77]   --->   Operation 1807 'bitconcatenate' 'tmp_8' <Predicate = true> <Delay = 0.00>
ST_2 : Operation 1808 [1/1] (0.00ns)   --->   "%sext_ln50_192 = sext i41 %tmp_8" [hilbert.cpp:50->hilbert.cpp:77]   --->   Operation 1808 'sext' 'sext_ln50_192' <Predicate = true> <Delay = 0.00>
ST_2 : Operation 1809 [1/1] (0.00ns)   --->   "%tmp_9 = bitconcatenate i39 @_ssdm_op_BitConcatenate.i39.i33.i6, i33 %sub_ln50_56, i6 0" [hilbert.cpp:50->hilbert.cpp:77]   --->   Operation 1809 'bitconcatenate' 'tmp_9' <Predicate = true> <Delay = 0.00>
ST_2 : Operation 1810 [1/1] (0.00ns)   --->   "%sext_ln50_193 = sext i39 %tmp_9" [hilbert.cpp:50->hilbert.cpp:77]   --->   Operation 1810 'sext' 'sext_ln50_193' <Predicate = true> <Delay = 0.00>
ST_2 : Operation 1811 [1/1] (0.00ns) (grouped into TernaryAdder)   --->   "%sub_ln50_79 = sub i42 %sext_ln50_192, i42 %sext_ln50_193" [hilbert.cpp:50->hilbert.cpp:77]   --->   Operation 1811 'sub' 'sub_ln50_79' <Predicate = true> <Delay = 0.00> <CoreInst = "TAddSub">   --->   Core 10 'TAddSub' <Latency = 0> <II = 1> <Delay = 0.38> <IPBlock> <Opcode : '' 'add' 'sub'> <InPorts = 3> <OutPorts = 1> <Sync> <CReg>
ST_2 : Operation 1812 [1/1] (0.00ns)   --->   "%tmp_10 = bitconcatenate i36 @_ssdm_op_BitConcatenate.i36.i33.i3, i33 %sub_ln50_56, i3 0" [hilbert.cpp:50->hilbert.cpp:77]   --->   Operation 1812 'bitconcatenate' 'tmp_10' <Predicate = true> <Delay = 0.00>
ST_2 : Operation 1813 [1/1] (0.00ns)   --->   "%sext_ln50_194 = sext i36 %tmp_10" [hilbert.cpp:50->hilbert.cpp:77]   --->   Operation 1813 'sext' 'sext_ln50_194' <Predicate = true> <Delay = 0.00>
ST_2 : Operation 1814 [1/1] (0.75ns) (root node of TernaryAdder)   --->   "%sub_ln50_80 = sub i42 %sub_ln50_79, i42 %sext_ln50_194" [hilbert.cpp:50->hilbert.cpp:77]   --->   Operation 1814 'sub' 'sub_ln50_80' <Predicate = true> <Delay = 0.75> <CoreInst = "TAddSub">   --->   Core 10 'TAddSub' <Latency = 0> <II = 1> <Delay = 0.38> <IPBlock> <Opcode : '' 'add' 'sub'> <InPorts = 3> <OutPorts = 1> <Sync> <CReg>
ST_2 : Operation 1815 [1/1] (0.00ns) (grouped into TernaryAdder)   --->   "%add_ln50_75 = add i42 %sub_ln50_80, i42 %sext_ln50_178" [hilbert.cpp:50->hilbert.cpp:77]   --->   Operation 1815 'add' 'add_ln50_75' <Predicate = true> <Delay = 0.00> <CoreInst = "TAddSub">   --->   Core 10 'TAddSub' <Latency = 0> <II = 1> <Delay = 0.38> <IPBlock> <Opcode : '' 'add' 'sub'> <InPorts = 3> <OutPorts = 1> <Sync> <CReg>
ST_2 : Operation 1816 [1/1] (0.00ns)   --->   "%tmp_11 = bitconcatenate i40 @_ssdm_op_BitConcatenate.i40.i33.i7, i33 %sub_ln50_70, i7 0" [hilbert.cpp:50->hilbert.cpp:77]   --->   Operation 1816 'bitconcatenate' 'tmp_11' <Predicate = true> <Delay = 0.00>
ST_2 : Operation 1817 [1/1] (0.00ns)   --->   "%sext_ln50_195 = sext i40 %tmp_11" [hilbert.cpp:50->hilbert.cpp:77]   --->   Operation 1817 'sext' 'sext_ln50_195' <Predicate = true> <Delay = 0.00>
ST_2 : Operation 1818 [1/1] (0.00ns)   --->   "%tmp_12 = bitconcatenate i37 @_ssdm_op_BitConcatenate.i37.i33.i4, i33 %sub_ln50_70, i4 0" [hilbert.cpp:50->hilbert.cpp:77]   --->   Operation 1818 'bitconcatenate' 'tmp_12' <Predicate = true> <Delay = 0.00>
ST_2 : Operation 1819 [1/1] (0.00ns)   --->   "%sext_ln50_196 = sext i37 %tmp_12" [hilbert.cpp:50->hilbert.cpp:77]   --->   Operation 1819 'sext' 'sext_ln50_196' <Predicate = true> <Delay = 0.00>
ST_2 : Operation 1820 [1/1] (1.03ns)   --->   "%add_ln50_76 = add i42 %sext_ln50_195, i42 %sext_ln50_196" [hilbert.cpp:50->hilbert.cpp:77]   --->   Operation 1820 'add' 'add_ln50_76' <Predicate = true> <Delay = 1.03> <CoreInst = "Adder">   --->   Core 1 'Adder' <Latency = 0> <II = 1> <Delay = 1.03> <FuncUnit> <Opcode : 'add' 'sub'> <InPorts = 2> <OutPorts = 1>
ST_2 : Operation 1821 [1/1] (0.00ns)   --->   "%tmp_13 = bitconcatenate i35 @_ssdm_op_BitConcatenate.i35.i33.i2, i33 %sub_ln50_70, i2 0" [hilbert.cpp:50->hilbert.cpp:77]   --->   Operation 1821 'bitconcatenate' 'tmp_13' <Predicate = true> <Delay = 0.00>
ST_2 : Operation 1822 [1/1] (0.00ns)   --->   "%sext_ln50_197 = sext i35 %tmp_13" [hilbert.cpp:50->hilbert.cpp:77]   --->   Operation 1822 'sext' 'sext_ln50_197' <Predicate = true> <Delay = 0.00>
ST_2 : Operation 1823 [1/1] (0.00ns) (grouped into TernaryAdder)   --->   "%add_ln50_77 = add i42 %add_ln50_76, i42 %sext_ln50_197" [hilbert.cpp:50->hilbert.cpp:77]   --->   Operation 1823 'add' 'add_ln50_77' <Predicate = true> <Delay = 0.00> <CoreInst = "TAddSub">   --->   Core 10 'TAddSub' <Latency = 0> <II = 1> <Delay = 0.38> <IPBlock> <Opcode : '' 'add' 'sub'> <InPorts = 3> <OutPorts = 1> <Sync> <CReg>
ST_2 : Operation 1824 [1/1] (0.00ns)   --->   "%tmp_14 = bitconcatenate i42 @_ssdm_op_BitConcatenate.i42.i33.i9, i33 %sub_ln50_28, i9 0" [hilbert.cpp:50->hilbert.cpp:77]   --->   Operation 1824 'bitconcatenate' 'tmp_14' <Predicate = true> <Delay = 0.00>
ST_2 : Operation 1825 [1/1] (0.00ns)   --->   "%sext_ln50_198 = sext i42 %tmp_14" [hilbert.cpp:50->hilbert.cpp:77]   --->   Operation 1825 'sext' 'sext_ln50_198' <Predicate = true> <Delay = 0.00>
ST_2 : Operation 1826 [1/1] (0.00ns)   --->   "%tmp_15 = bitconcatenate i40 @_ssdm_op_BitConcatenate.i40.i33.i7, i33 %sub_ln50_28, i7 0" [hilbert.cpp:50->hilbert.cpp:77]   --->   Operation 1826 'bitconcatenate' 'tmp_15' <Predicate = true> <Delay = 0.00>
ST_2 : Operation 1827 [1/1] (0.00ns)   --->   "%sext_ln50_199 = sext i40 %tmp_15" [hilbert.cpp:50->hilbert.cpp:77]   --->   Operation 1827 'sext' 'sext_ln50_199' <Predicate = true> <Delay = 0.00>
ST_2 : Operation 1828 [1/1] (1.04ns)   --->   "%sub_ln50_81 = sub i43 %sext_ln50_198, i43 %sext_ln50_199" [hilbert.cpp:50->hilbert.cpp:77]   --->   Operation 1828 'sub' 'sub_ln50_81' <Predicate = true> <Delay = 1.04> <CoreInst = "Adder">   --->   Core 1 'Adder' <Latency = 0> <II = 1> <Delay = 1.04> <FuncUnit> <Opcode : 'add' 'sub'> <InPorts = 2> <OutPorts = 1>
ST_2 : Operation 1829 [1/1] (0.00ns)   --->   "%tmp_16 = bitconcatenate i37 @_ssdm_op_BitConcatenate.i37.i33.i4, i33 %sub_ln50_28, i4 0" [hilbert.cpp:50->hilbert.cpp:77]   --->   Operation 1829 'bitconcatenate' 'tmp_16' <Predicate = true> <Delay = 0.00>
ST_2 : Operation 1830 [1/1] (0.00ns)   --->   "%sext_ln50_200 = sext i37 %tmp_16" [hilbert.cpp:50->hilbert.cpp:77]   --->   Operation 1830 'sext' 'sext_ln50_200' <Predicate = true> <Delay = 0.00>
ST_2 : Operation 1831 [1/1] (0.00ns) (grouped into TernaryAdder)   --->   "%sub_ln50_82 = sub i43 %sub_ln50_81, i43 %sext_ln50_200" [hilbert.cpp:50->hilbert.cpp:77]   --->   Operation 1831 'sub' 'sub_ln50_82' <Predicate = true> <Delay = 0.00> <CoreInst = "TAddSub">   --->   Core 10 'TAddSub' <Latency = 0> <II = 1> <Delay = 0.38> <IPBlock> <Opcode : '' 'add' 'sub'> <InPorts = 3> <OutPorts = 1> <Sync> <CReg>
ST_2 : Operation 1832 [1/1] (0.00ns)   --->   "%tmp_17 = bitconcatenate i34 @_ssdm_op_BitConcatenate.i34.i33.i1, i33 %sub_ln50_28, i1 0" [hilbert.cpp:50->hilbert.cpp:77]   --->   Operation 1832 'bitconcatenate' 'tmp_17' <Predicate = true> <Delay = 0.00>
ST_2 : Operation 1833 [1/1] (0.00ns)   --->   "%sext_ln50_201 = sext i34 %tmp_17" [hilbert.cpp:50->hilbert.cpp:77]   --->   Operation 1833 'sext' 'sext_ln50_201' <Predicate = true> <Delay = 0.00>
ST_2 : Operation 1834 [1/1] (0.75ns) (root node of TernaryAdder)   --->   "%sub_ln50_83 = sub i43 %sub_ln50_82, i43 %sext_ln50_201" [hilbert.cpp:50->hilbert.cpp:77]   --->   Operation 1834 'sub' 'sub_ln50_83' <Predicate = true> <Delay = 0.75> <CoreInst = "TAddSub">   --->   Core 10 'TAddSub' <Latency = 0> <II = 1> <Delay = 0.38> <IPBlock> <Opcode : '' 'add' 'sub'> <InPorts = 3> <OutPorts = 1> <Sync> <CReg>
ST_2 : Operation 1835 [1/1] (0.00ns)   --->   "%tmp_18 = bitconcatenate i42 @_ssdm_op_BitConcatenate.i42.i33.i9, i33 %sub_ln50_18, i9 0" [hilbert.cpp:50->hilbert.cpp:77]   --->   Operation 1835 'bitconcatenate' 'tmp_18' <Predicate = true> <Delay = 0.00>
ST_2 : Operation 1836 [1/1] (0.00ns)   --->   "%sext_ln50_202 = sext i42 %tmp_18" [hilbert.cpp:50->hilbert.cpp:77]   --->   Operation 1836 'sext' 'sext_ln50_202' <Predicate = true> <Delay = 0.00>
ST_2 : Operation 1837 [1/1] (0.00ns)   --->   "%tmp_19 = bitconcatenate i39 @_ssdm_op_BitConcatenate.i39.i33.i6, i33 %sub_ln50_18, i6 0" [hilbert.cpp:50->hilbert.cpp:77]   --->   Operation 1837 'bitconcatenate' 'tmp_19' <Predicate = true> <Delay = 0.00>
ST_2 : Operation 1838 [1/1] (0.00ns)   --->   "%sext_ln50_203 = sext i39 %tmp_19" [hilbert.cpp:50->hilbert.cpp:77]   --->   Operation 1838 'sext' 'sext_ln50_203' <Predicate = true> <Delay = 0.00>
ST_2 : Operation 1839 [1/1] (1.04ns)   --->   "%add_ln50_78 = add i44 %sext_ln50_202, i44 %sext_ln50_203" [hilbert.cpp:50->hilbert.cpp:77]   --->   Operation 1839 'add' 'add_ln50_78' <Predicate = true> <Delay = 1.04> <CoreInst = "Adder">   --->   Core 1 'Adder' <Latency = 0> <II = 1> <Delay = 1.04> <FuncUnit> <Opcode : 'add' 'sub'> <InPorts = 2> <OutPorts = 1>
ST_2 : Operation 1840 [1/1] (0.00ns)   --->   "%tmp_20 = bitconcatenate i37 @_ssdm_op_BitConcatenate.i37.i33.i4, i33 %sub_ln50_18, i4 0" [hilbert.cpp:50->hilbert.cpp:77]   --->   Operation 1840 'bitconcatenate' 'tmp_20' <Predicate = true> <Delay = 0.00>
ST_2 : Operation 1841 [1/1] (0.00ns)   --->   "%sext_ln50_204 = sext i37 %tmp_20" [hilbert.cpp:50->hilbert.cpp:77]   --->   Operation 1841 'sext' 'sext_ln50_204' <Predicate = true> <Delay = 0.00>
ST_2 : Operation 1842 [1/1] (0.00ns) (grouped into TernaryAdder)   --->   "%sub_ln50_84 = sub i44 %add_ln50_78, i44 %sext_ln50_204" [hilbert.cpp:50->hilbert.cpp:77]   --->   Operation 1842 'sub' 'sub_ln50_84' <Predicate = true> <Delay = 0.00> <CoreInst = "TAddSub">   --->   Core 10 'TAddSub' <Latency = 0> <II = 1> <Delay = 0.38> <IPBlock> <Opcode : '' 'add' 'sub'> <InPorts = 3> <OutPorts = 1> <Sync> <CReg>
ST_2 : Operation 1843 [1/1] (0.00ns)   --->   "%tmp_21 = bitconcatenate i35 @_ssdm_op_BitConcatenate.i35.i33.i2, i33 %sub_ln50_18, i2 0" [hilbert.cpp:50->hilbert.cpp:77]   --->   Operation 1843 'bitconcatenate' 'tmp_21' <Predicate = true> <Delay = 0.00>
ST_2 : Operation 1844 [1/1] (0.00ns)   --->   "%sext_ln50_205 = sext i35 %tmp_21" [hilbert.cpp:50->hilbert.cpp:77]   --->   Operation 1844 'sext' 'sext_ln50_205' <Predicate = true> <Delay = 0.00>
ST_2 : Operation 1845 [1/1] (0.76ns) (root node of TernaryAdder)   --->   "%add_ln50_79 = add i44 %sub_ln50_84, i44 %sext_ln50_205" [hilbert.cpp:50->hilbert.cpp:77]   --->   Operation 1845 'add' 'add_ln50_79' <Predicate = true> <Delay = 0.76> <CoreInst = "TAddSub">   --->   Core 10 'TAddSub' <Latency = 0> <II = 1> <Delay = 0.38> <IPBlock> <Opcode : '' 'add' 'sub'> <InPorts = 3> <OutPorts = 1> <Sync> <CReg>
ST_2 : Operation 1846 [1/1] (0.00ns)   --->   "%tmp_22 = bitconcatenate i44 @_ssdm_op_BitConcatenate.i44.i33.i11, i33 %sub_ln50_6, i11 0" [hilbert.cpp:50->hilbert.cpp:77]   --->   Operation 1846 'bitconcatenate' 'tmp_22' <Predicate = true> <Delay = 0.00>
ST_2 : Operation 1847 [1/1] (0.00ns)   --->   "%sext_ln50_206 = sext i44 %tmp_22" [hilbert.cpp:50->hilbert.cpp:77]   --->   Operation 1847 'sext' 'sext_ln50_206' <Predicate = true> <Delay = 0.00>
ST_2 : Operation 1848 [1/1] (0.00ns)   --->   "%tmp_23 = bitconcatenate i42 @_ssdm_op_BitConcatenate.i42.i33.i9, i33 %sub_ln50_6, i9 0" [hilbert.cpp:50->hilbert.cpp:77]   --->   Operation 1848 'bitconcatenate' 'tmp_23' <Predicate = true> <Delay = 0.00>
ST_2 : Operation 1849 [1/1] (0.00ns)   --->   "%sext_ln50_207 = sext i42 %tmp_23" [hilbert.cpp:50->hilbert.cpp:77]   --->   Operation 1849 'sext' 'sext_ln50_207' <Predicate = true> <Delay = 0.00>
ST_2 : Operation 1850 [1/1] (0.00ns) (grouped into TernaryAdder)   --->   "%sub_ln50_85 = sub i45 %sext_ln50_206, i45 %sext_ln50_207" [hilbert.cpp:50->hilbert.cpp:77]   --->   Operation 1850 'sub' 'sub_ln50_85' <Predicate = true> <Delay = 0.00> <CoreInst = "TAddSub">   --->   Core 10 'TAddSub' <Latency = 0> <II = 1> <Delay = 0.38> <IPBlock> <Opcode : '' 'add' 'sub'> <InPorts = 3> <OutPorts = 1> <Sync> <CReg>
ST_2 : Operation 1851 [1/1] (0.00ns)   --->   "%tmp_24 = bitconcatenate i39 @_ssdm_op_BitConcatenate.i39.i33.i6, i33 %sub_ln50_6, i6 0" [hilbert.cpp:50->hilbert.cpp:77]   --->   Operation 1851 'bitconcatenate' 'tmp_24' <Predicate = true> <Delay = 0.00>
ST_2 : Operation 1852 [1/1] (0.00ns)   --->   "%sext_ln50_208 = sext i39 %tmp_24" [hilbert.cpp:50->hilbert.cpp:77]   --->   Operation 1852 'sext' 'sext_ln50_208' <Predicate = true> <Delay = 0.00>
ST_2 : Operation 1853 [1/1] (0.76ns) (root node of TernaryAdder)   --->   "%add_ln50_80 = add i45 %sub_ln50_85, i45 %sext_ln50_208" [hilbert.cpp:50->hilbert.cpp:77]   --->   Operation 1853 'add' 'add_ln50_80' <Predicate = true> <Delay = 0.76> <CoreInst = "TAddSub">   --->   Core 10 'TAddSub' <Latency = 0> <II = 1> <Delay = 0.38> <IPBlock> <Opcode : '' 'add' 'sub'> <InPorts = 3> <OutPorts = 1> <Sync> <CReg>
ST_2 : Operation 1854 [1/1] (0.00ns)   --->   "%tmp_25 = bitconcatenate i35 @_ssdm_op_BitConcatenate.i35.i33.i2, i33 %sub_ln50_6, i2 0" [hilbert.cpp:50->hilbert.cpp:77]   --->   Operation 1854 'bitconcatenate' 'tmp_25' <Predicate = true> <Delay = 0.00>
ST_2 : Operation 1855 [1/1] (0.00ns)   --->   "%sext_ln50_209 = sext i35 %tmp_25" [hilbert.cpp:50->hilbert.cpp:77]   --->   Operation 1855 'sext' 'sext_ln50_209' <Predicate = true> <Delay = 0.00>
ST_2 : Operation 1856 [1/1] (0.00ns) (grouped into TernaryAdder)   --->   "%add_ln50_81 = add i45 %add_ln50_80, i45 %sext_ln50_209" [hilbert.cpp:50->hilbert.cpp:77]   --->   Operation 1856 'add' 'add_ln50_81' <Predicate = true> <Delay = 0.00> <CoreInst = "TAddSub">   --->   Core 10 'TAddSub' <Latency = 0> <II = 1> <Delay = 0.38> <IPBlock> <Opcode : '' 'add' 'sub'> <InPorts = 3> <OutPorts = 1> <Sync> <CReg>
ST_2 : Operation 1857 [1/1] (0.76ns) (root node of TernaryAdder)   --->   "%add_ln50_82 = add i45 %add_ln50_81, i45 %sext_ln50_151" [hilbert.cpp:50->hilbert.cpp:77]   --->   Operation 1857 'add' 'add_ln50_82' <Predicate = true> <Delay = 0.76> <CoreInst = "TAddSub">   --->   Core 10 'TAddSub' <Latency = 0> <II = 1> <Delay = 0.38> <IPBlock> <Opcode : '' 'add' 'sub'> <InPorts = 3> <OutPorts = 1> <Sync> <CReg>
ST_2 : Operation 1858 [1/1] (0.00ns)   --->   "%sext_ln50_210 = sext i45 %add_ln50_82" [hilbert.cpp:50->hilbert.cpp:77]   --->   Operation 1858 'sext' 'sext_ln50_210' <Predicate = true> <Delay = 0.00>
ST_2 : Operation 1859 [1/1] (0.00ns)   --->   "%tmp_26 = bitconcatenate i43 @_ssdm_op_BitConcatenate.i43.i33.i10, i33 %sub_ln50_13, i10 0" [hilbert.cpp:50->hilbert.cpp:77]   --->   Operation 1859 'bitconcatenate' 'tmp_26' <Predicate = true> <Delay = 0.00>
ST_2 : Operation 1860 [1/1] (0.00ns)   --->   "%sext_ln50_211 = sext i43 %tmp_26" [hilbert.cpp:50->hilbert.cpp:77]   --->   Operation 1860 'sext' 'sext_ln50_211' <Predicate = true> <Delay = 0.00>
ST_2 : Operation 1861 [1/1] (0.00ns)   --->   "%tmp_27 = bitconcatenate i41 @_ssdm_op_BitConcatenate.i41.i33.i8, i33 %sub_ln50_13, i8 0" [hilbert.cpp:50->hilbert.cpp:77]   --->   Operation 1861 'bitconcatenate' 'tmp_27' <Predicate = true> <Delay = 0.00>
ST_2 : Operation 1862 [1/1] (0.00ns)   --->   "%sext_ln50_212 = sext i41 %tmp_27" [hilbert.cpp:50->hilbert.cpp:77]   --->   Operation 1862 'sext' 'sext_ln50_212' <Predicate = true> <Delay = 0.00>
ST_2 : Operation 1863 [1/1] (1.05ns)   --->   "%sub_ln50_86 = sub i44 %sext_ln50_211, i44 %sext_ln50_212" [hilbert.cpp:50->hilbert.cpp:77]   --->   Operation 1863 'sub' 'sub_ln50_86' <Predicate = true> <Delay = 1.05> <CoreInst = "Adder">   --->   Core 1 'Adder' <Latency = 0> <II = 1> <Delay = 1.05> <FuncUnit> <Opcode : 'add' 'sub'> <InPorts = 2> <OutPorts = 1>
ST_2 : Operation 1864 [1/1] (0.00ns)   --->   "%tmp_28 = bitconcatenate i35 @_ssdm_op_BitConcatenate.i35.i33.i2, i33 %sub_ln50_13, i2 0" [hilbert.cpp:50->hilbert.cpp:77]   --->   Operation 1864 'bitconcatenate' 'tmp_28' <Predicate = true> <Delay = 0.00>
ST_2 : Operation 1865 [1/1] (0.00ns)   --->   "%sext_ln50_213 = sext i35 %tmp_28" [hilbert.cpp:50->hilbert.cpp:77]   --->   Operation 1865 'sext' 'sext_ln50_213' <Predicate = true> <Delay = 0.00>
ST_2 : Operation 1866 [1/1] (0.00ns) (grouped into TernaryAdder)   --->   "%add_ln50_83 = add i44 %sub_ln50_86, i44 %sext_ln50_213" [hilbert.cpp:50->hilbert.cpp:77]   --->   Operation 1866 'add' 'add_ln50_83' <Predicate = true> <Delay = 0.00> <CoreInst = "TAddSub">   --->   Core 10 'TAddSub' <Latency = 0> <II = 1> <Delay = 0.38> <IPBlock> <Opcode : '' 'add' 'sub'> <InPorts = 3> <OutPorts = 1> <Sync> <CReg>
ST_2 : Operation 1867 [1/1] (0.76ns) (root node of TernaryAdder)   --->   "%add_ln50_84 = add i44 %add_ln50_83, i44 %sext_ln50_156" [hilbert.cpp:50->hilbert.cpp:77]   --->   Operation 1867 'add' 'add_ln50_84' <Predicate = true> <Delay = 0.76> <CoreInst = "TAddSub">   --->   Core 10 'TAddSub' <Latency = 0> <II = 1> <Delay = 0.38> <IPBlock> <Opcode : '' 'add' 'sub'> <InPorts = 3> <OutPorts = 1> <Sync> <CReg>
ST_2 : Operation 1868 [1/1] (0.00ns)   --->   "%tmp_29 = bitconcatenate i41 @_ssdm_op_BitConcatenate.i41.i33.i8, i33 %sub_ln50_39, i8 0" [hilbert.cpp:50->hilbert.cpp:77]   --->   Operation 1868 'bitconcatenate' 'tmp_29' <Predicate = true> <Delay = 0.00>
ST_2 : Operation 1869 [1/1] (0.00ns)   --->   "%sext_ln50_214 = sext i41 %tmp_29" [hilbert.cpp:50->hilbert.cpp:77]   --->   Operation 1869 'sext' 'sext_ln50_214' <Predicate = true> <Delay = 0.00>
ST_2 : Operation 1870 [1/1] (0.00ns)   --->   "%tmp_30 = bitconcatenate i36 @_ssdm_op_BitConcatenate.i36.i33.i3, i33 %sub_ln50_39, i3 0" [hilbert.cpp:50->hilbert.cpp:77]   --->   Operation 1870 'bitconcatenate' 'tmp_30' <Predicate = true> <Delay = 0.00>
ST_2 : Operation 1871 [1/1] (0.00ns)   --->   "%sext_ln50_215 = sext i36 %tmp_30" [hilbert.cpp:50->hilbert.cpp:77]   --->   Operation 1871 'sext' 'sext_ln50_215' <Predicate = true> <Delay = 0.00>
ST_2 : Operation 1872 [1/1] (1.04ns)   --->   "%add_ln50_85 = add i42 %sext_ln50_214, i42 %sext_ln50_215" [hilbert.cpp:50->hilbert.cpp:77]   --->   Operation 1872 'add' 'add_ln50_85' <Predicate = true> <Delay = 1.04> <CoreInst = "Adder">   --->   Core 1 'Adder' <Latency = 0> <II = 1> <Delay = 1.04> <FuncUnit> <Opcode : 'add' 'sub'> <InPorts = 2> <OutPorts = 1>
ST_2 : Operation 1873 [1/1] (0.00ns)   --->   "%tmp_31 = bitconcatenate i42 @_ssdm_op_BitConcatenate.i42.i33.i9, i33 %sub_ln50_21, i9 0" [hilbert.cpp:50->hilbert.cpp:77]   --->   Operation 1873 'bitconcatenate' 'tmp_31' <Predicate = true> <Delay = 0.00>
ST_2 : Operation 1874 [1/1] (0.00ns)   --->   "%sext_ln50_216 = sext i42 %tmp_31" [hilbert.cpp:50->hilbert.cpp:77]   --->   Operation 1874 'sext' 'sext_ln50_216' <Predicate = true> <Delay = 0.00>
ST_2 : Operation 1875 [1/1] (0.00ns)   --->   "%tmp_32 = bitconcatenate i38 @_ssdm_op_BitConcatenate.i38.i33.i5, i33 %sub_ln50_21, i5 0" [hilbert.cpp:50->hilbert.cpp:77]   --->   Operation 1875 'bitconcatenate' 'tmp_32' <Predicate = true> <Delay = 0.00>
ST_2 : Operation 1876 [1/1] (0.00ns)   --->   "%sext_ln50_217 = sext i38 %tmp_32" [hilbert.cpp:50->hilbert.cpp:77]   --->   Operation 1876 'sext' 'sext_ln50_217' <Predicate = true> <Delay = 0.00>
ST_2 : Operation 1877 [1/1] (1.04ns)   --->   "%sub_ln50_87 = sub i43 %sext_ln50_216, i43 %sext_ln50_217" [hilbert.cpp:50->hilbert.cpp:77]   --->   Operation 1877 'sub' 'sub_ln50_87' <Predicate = true> <Delay = 1.04> <CoreInst = "Adder">   --->   Core 1 'Adder' <Latency = 0> <II = 1> <Delay = 1.04> <FuncUnit> <Opcode : 'add' 'sub'> <InPorts = 2> <OutPorts = 1>
ST_2 : Operation 1878 [1/1] (0.00ns)   --->   "%tmp_33 = bitconcatenate i35 @_ssdm_op_BitConcatenate.i35.i33.i2, i33 %sub_ln50_21, i2 0" [hilbert.cpp:50->hilbert.cpp:77]   --->   Operation 1878 'bitconcatenate' 'tmp_33' <Predicate = true> <Delay = 0.00>
ST_2 : Operation 1879 [1/1] (0.00ns)   --->   "%sext_ln50_218 = sext i35 %tmp_33" [hilbert.cpp:50->hilbert.cpp:77]   --->   Operation 1879 'sext' 'sext_ln50_218' <Predicate = true> <Delay = 0.00>
ST_2 : Operation 1880 [1/1] (0.00ns) (grouped into TernaryAdder)   --->   "%add_ln50_86 = add i43 %sub_ln50_87, i43 %sext_ln50_218" [hilbert.cpp:50->hilbert.cpp:77]   --->   Operation 1880 'add' 'add_ln50_86' <Predicate = true> <Delay = 0.00> <CoreInst = "TAddSub">   --->   Core 10 'TAddSub' <Latency = 0> <II = 1> <Delay = 0.38> <IPBlock> <Opcode : '' 'add' 'sub'> <InPorts = 3> <OutPorts = 1> <Sync> <CReg>
ST_2 : Operation 1881 [1/1] (0.75ns) (root node of TernaryAdder)   --->   "%add_ln50_87 = add i43 %add_ln50_86, i43 %sext_ln50_161" [hilbert.cpp:50->hilbert.cpp:77]   --->   Operation 1881 'add' 'add_ln50_87' <Predicate = true> <Delay = 0.75> <CoreInst = "TAddSub">   --->   Core 10 'TAddSub' <Latency = 0> <II = 1> <Delay = 0.38> <IPBlock> <Opcode : '' 'add' 'sub'> <InPorts = 3> <OutPorts = 1> <Sync> <CReg>
ST_2 : Operation 1882 [1/1] (0.00ns)   --->   "%sext_ln50_219 = sext i43 %add_ln50_87" [hilbert.cpp:50->hilbert.cpp:77]   --->   Operation 1882 'sext' 'sext_ln50_219' <Predicate = true> <Delay = 0.00>
ST_2 : Operation 1883 [1/1] (0.00ns)   --->   "%tmp_34 = bitconcatenate i42 @_ssdm_op_BitConcatenate.i42.i33.i9, i33 %sub_ln50_27, i9 0" [hilbert.cpp:50->hilbert.cpp:77]   --->   Operation 1883 'bitconcatenate' 'tmp_34' <Predicate = true> <Delay = 0.00>
ST_2 : Operation 1884 [1/1] (0.00ns)   --->   "%sext_ln50_220 = sext i42 %tmp_34" [hilbert.cpp:50->hilbert.cpp:77]   --->   Operation 1884 'sext' 'sext_ln50_220' <Predicate = true> <Delay = 0.00>
ST_2 : Operation 1885 [1/1] (0.00ns)   --->   "%tmp_35 = bitconcatenate i40 @_ssdm_op_BitConcatenate.i40.i33.i7, i33 %sub_ln50_27, i7 0" [hilbert.cpp:50->hilbert.cpp:77]   --->   Operation 1885 'bitconcatenate' 'tmp_35' <Predicate = true> <Delay = 0.00>
ST_2 : Operation 1886 [1/1] (0.00ns)   --->   "%sext_ln50_221 = sext i40 %tmp_35" [hilbert.cpp:50->hilbert.cpp:77]   --->   Operation 1886 'sext' 'sext_ln50_221' <Predicate = true> <Delay = 0.00>
ST_2 : Operation 1887 [1/1] (1.04ns)   --->   "%sub_ln50_88 = sub i43 %sext_ln50_220, i43 %sext_ln50_221" [hilbert.cpp:50->hilbert.cpp:77]   --->   Operation 1887 'sub' 'sub_ln50_88' <Predicate = true> <Delay = 1.04> <CoreInst = "Adder">   --->   Core 1 'Adder' <Latency = 0> <II = 1> <Delay = 1.04> <FuncUnit> <Opcode : 'add' 'sub'> <InPorts = 2> <OutPorts = 1>
ST_2 : Operation 1888 [1/1] (0.00ns)   --->   "%tmp_36 = bitconcatenate i35 @_ssdm_op_BitConcatenate.i35.i33.i2, i33 %sub_ln50_27, i2 0" [hilbert.cpp:50->hilbert.cpp:77]   --->   Operation 1888 'bitconcatenate' 'tmp_36' <Predicate = true> <Delay = 0.00>
ST_2 : Operation 1889 [1/1] (0.00ns)   --->   "%sext_ln50_222 = sext i35 %tmp_36" [hilbert.cpp:50->hilbert.cpp:77]   --->   Operation 1889 'sext' 'sext_ln50_222' <Predicate = true> <Delay = 0.00>
ST_2 : Operation 1890 [1/1] (0.00ns) (grouped into TernaryAdder)   --->   "%sub_ln50_89 = sub i43 %sub_ln50_88, i43 %sext_ln50_222" [hilbert.cpp:50->hilbert.cpp:77]   --->   Operation 1890 'sub' 'sub_ln50_89' <Predicate = true> <Delay = 0.00> <CoreInst = "TAddSub">   --->   Core 10 'TAddSub' <Latency = 0> <II = 1> <Delay = 0.38> <IPBlock> <Opcode : '' 'add' 'sub'> <InPorts = 3> <OutPorts = 1> <Sync> <CReg>
ST_2 : Operation 1891 [1/1] (0.75ns) (root node of TernaryAdder)   --->   "%sub_ln50_90 = sub i43 %sub_ln50_89, i43 %sext_ln50_163" [hilbert.cpp:50->hilbert.cpp:77]   --->   Operation 1891 'sub' 'sub_ln50_90' <Predicate = true> <Delay = 0.75> <CoreInst = "TAddSub">   --->   Core 10 'TAddSub' <Latency = 0> <II = 1> <Delay = 0.38> <IPBlock> <Opcode : '' 'add' 'sub'> <InPorts = 3> <OutPorts = 1> <Sync> <CReg>
ST_2 : Operation 1892 [1/1] (0.00ns)   --->   "%tmp_37 = bitconcatenate i44 @_ssdm_op_BitConcatenate.i44.i33.i11, i33 %sub_ln50_4, i11 0" [hilbert.cpp:50->hilbert.cpp:77]   --->   Operation 1892 'bitconcatenate' 'tmp_37' <Predicate = true> <Delay = 0.00>
ST_2 : Operation 1893 [1/1] (0.00ns)   --->   "%sext_ln50_223 = sext i44 %tmp_37" [hilbert.cpp:50->hilbert.cpp:77]   --->   Operation 1893 'sext' 'sext_ln50_223' <Predicate = true> <Delay = 0.00>
ST_2 : Operation 1894 [1/1] (0.00ns)   --->   "%tmp_38 = bitconcatenate i41 @_ssdm_op_BitConcatenate.i41.i33.i8, i33 %sub_ln50_4, i8 0" [hilbert.cpp:50->hilbert.cpp:77]   --->   Operation 1894 'bitconcatenate' 'tmp_38' <Predicate = true> <Delay = 0.00>
ST_2 : Operation 1895 [1/1] (0.00ns)   --->   "%sext_ln50_224 = sext i41 %tmp_38" [hilbert.cpp:50->hilbert.cpp:77]   --->   Operation 1895 'sext' 'sext_ln50_224' <Predicate = true> <Delay = 0.00>
ST_2 : Operation 1896 [1/1] (0.00ns) (grouped into TernaryAdder)   --->   "%add_ln50_88 = add i46 %sext_ln50_223, i46 %sext_ln50_224" [hilbert.cpp:50->hilbert.cpp:77]   --->   Operation 1896 'add' 'add_ln50_88' <Predicate = true> <Delay = 0.00> <CoreInst = "TAddSub">   --->   Core 10 'TAddSub' <Latency = 0> <II = 1> <Delay = 0.38> <IPBlock> <Opcode : '' 'add' 'sub'> <InPorts = 3> <OutPorts = 1> <Sync> <CReg>
ST_2 : Operation 1897 [1/1] (0.00ns)   --->   "%tmp_39 = bitconcatenate i37 @_ssdm_op_BitConcatenate.i37.i33.i4, i33 %sub_ln50_4, i4 0" [hilbert.cpp:50->hilbert.cpp:77]   --->   Operation 1897 'bitconcatenate' 'tmp_39' <Predicate = true> <Delay = 0.00>
ST_2 : Operation 1898 [1/1] (0.00ns)   --->   "%sext_ln50_225 = sext i37 %tmp_39" [hilbert.cpp:50->hilbert.cpp:77]   --->   Operation 1898 'sext' 'sext_ln50_225' <Predicate = true> <Delay = 0.00>
ST_2 : Operation 1899 [1/1] (0.76ns) (root node of TernaryAdder)   --->   "%add_ln50_89 = add i46 %add_ln50_88, i46 %sext_ln50_225" [hilbert.cpp:50->hilbert.cpp:77]   --->   Operation 1899 'add' 'add_ln50_89' <Predicate = true> <Delay = 0.76> <CoreInst = "TAddSub">   --->   Core 10 'TAddSub' <Latency = 0> <II = 1> <Delay = 0.38> <IPBlock> <Opcode : '' 'add' 'sub'> <InPorts = 3> <OutPorts = 1> <Sync> <CReg>
ST_2 : Operation 1900 [1/1] (0.00ns)   --->   "%tmp_40 = bitconcatenate i34 @_ssdm_op_BitConcatenate.i34.i33.i1, i33 %sub_ln50_4, i1 0" [hilbert.cpp:50->hilbert.cpp:77]   --->   Operation 1900 'bitconcatenate' 'tmp_40' <Predicate = true> <Delay = 0.00>
ST_2 : Operation 1901 [1/1] (0.00ns)   --->   "%sext_ln50_226 = sext i34 %tmp_40" [hilbert.cpp:50->hilbert.cpp:77]   --->   Operation 1901 'sext' 'sext_ln50_226' <Predicate = true> <Delay = 0.00>
ST_2 : Operation 1902 [1/1] (0.00ns) (grouped into TernaryAdder)   --->   "%sub_ln50_91 = sub i46 %add_ln50_89, i46 %sext_ln50_226" [hilbert.cpp:50->hilbert.cpp:77]   --->   Operation 1902 'sub' 'sub_ln50_91' <Predicate = true> <Delay = 0.00> <CoreInst = "TAddSub">   --->   Core 10 'TAddSub' <Latency = 0> <II = 1> <Delay = 0.38> <IPBlock> <Opcode : '' 'add' 'sub'> <InPorts = 3> <OutPorts = 1> <Sync> <CReg>
ST_2 : Operation 1903 [1/1] (0.00ns)   --->   "%tmp_41 = bitconcatenate i41 @_ssdm_op_BitConcatenate.i41.i33.i8, i33 %sub_ln50_55, i8 0" [hilbert.cpp:50->hilbert.cpp:77]   --->   Operation 1903 'bitconcatenate' 'tmp_41' <Predicate = true> <Delay = 0.00>
ST_2 : Operation 1904 [1/1] (0.00ns)   --->   "%sext_ln50_227 = sext i41 %tmp_41" [hilbert.cpp:50->hilbert.cpp:77]   --->   Operation 1904 'sext' 'sext_ln50_227' <Predicate = true> <Delay = 0.00>
ST_2 : Operation 1905 [1/1] (0.00ns)   --->   "%tmp_42 = bitconcatenate i39 @_ssdm_op_BitConcatenate.i39.i33.i6, i33 %sub_ln50_55, i6 0" [hilbert.cpp:50->hilbert.cpp:77]   --->   Operation 1905 'bitconcatenate' 'tmp_42' <Predicate = true> <Delay = 0.00>
ST_2 : Operation 1906 [1/1] (0.00ns)   --->   "%sext_ln50_228 = sext i39 %tmp_42" [hilbert.cpp:50->hilbert.cpp:77]   --->   Operation 1906 'sext' 'sext_ln50_228' <Predicate = true> <Delay = 0.00>
ST_2 : Operation 1907 [1/1] (0.00ns) (grouped into TernaryAdder)   --->   "%sub_ln50_92 = sub i42 %sext_ln50_227, i42 %sext_ln50_228" [hilbert.cpp:50->hilbert.cpp:77]   --->   Operation 1907 'sub' 'sub_ln50_92' <Predicate = true> <Delay = 0.00> <CoreInst = "TAddSub">   --->   Core 10 'TAddSub' <Latency = 0> <II = 1> <Delay = 0.38> <IPBlock> <Opcode : '' 'add' 'sub'> <InPorts = 3> <OutPorts = 1> <Sync> <CReg>
ST_2 : Operation 1908 [1/1] (0.00ns)   --->   "%tmp_43 = bitconcatenate i35 @_ssdm_op_BitConcatenate.i35.i33.i2, i33 %sub_ln50_55, i2 0" [hilbert.cpp:50->hilbert.cpp:77]   --->   Operation 1908 'bitconcatenate' 'tmp_43' <Predicate = true> <Delay = 0.00>
ST_2 : Operation 1909 [1/1] (0.00ns)   --->   "%sext_ln50_229 = sext i35 %tmp_43" [hilbert.cpp:50->hilbert.cpp:77]   --->   Operation 1909 'sext' 'sext_ln50_229' <Predicate = true> <Delay = 0.00>
ST_2 : Operation 1910 [1/1] (0.75ns) (root node of TernaryAdder)   --->   "%sub_ln50_93 = sub i42 %sub_ln50_92, i42 %sext_ln50_229" [hilbert.cpp:50->hilbert.cpp:77]   --->   Operation 1910 'sub' 'sub_ln50_93' <Predicate = true> <Delay = 0.75> <CoreInst = "TAddSub">   --->   Core 10 'TAddSub' <Latency = 0> <II = 1> <Delay = 0.38> <IPBlock> <Opcode : '' 'add' 'sub'> <InPorts = 3> <OutPorts = 1> <Sync> <CReg>
ST_2 : Operation 1911 [1/1] (0.00ns)   --->   "%tmp_44 = bitconcatenate i41 @_ssdm_op_BitConcatenate.i41.i33.i8, i33 %sub_ln50_36, i8 0" [hilbert.cpp:50->hilbert.cpp:77]   --->   Operation 1911 'bitconcatenate' 'tmp_44' <Predicate = true> <Delay = 0.00>
ST_2 : Operation 1912 [1/1] (0.00ns)   --->   "%sext_ln50_230 = sext i41 %tmp_44" [hilbert.cpp:50->hilbert.cpp:77]   --->   Operation 1912 'sext' 'sext_ln50_230' <Predicate = true> <Delay = 0.00>
ST_2 : Operation 1913 [1/1] (0.00ns)   --->   "%tmp_45 = bitconcatenate i38 @_ssdm_op_BitConcatenate.i38.i33.i5, i33 %sub_ln50_36, i5 0" [hilbert.cpp:50->hilbert.cpp:77]   --->   Operation 1913 'bitconcatenate' 'tmp_45' <Predicate = true> <Delay = 0.00>
ST_2 : Operation 1914 [1/1] (0.00ns)   --->   "%sext_ln50_231 = sext i38 %tmp_45" [hilbert.cpp:50->hilbert.cpp:77]   --->   Operation 1914 'sext' 'sext_ln50_231' <Predicate = true> <Delay = 0.00>
ST_2 : Operation 1915 [1/1] (1.04ns)   --->   "%add_ln50_90 = add i43 %sext_ln50_230, i43 %sext_ln50_231" [hilbert.cpp:50->hilbert.cpp:77]   --->   Operation 1915 'add' 'add_ln50_90' <Predicate = true> <Delay = 1.04> <CoreInst = "Adder">   --->   Core 1 'Adder' <Latency = 0> <II = 1> <Delay = 1.04> <FuncUnit> <Opcode : 'add' 'sub'> <InPorts = 2> <OutPorts = 1>
ST_2 : Operation 1916 [1/1] (0.00ns)   --->   "%tmp_46 = bitconcatenate i34 @_ssdm_op_BitConcatenate.i34.i33.i1, i33 %sub_ln50_36, i1 0" [hilbert.cpp:50->hilbert.cpp:77]   --->   Operation 1916 'bitconcatenate' 'tmp_46' <Predicate = true> <Delay = 0.00>
ST_2 : Operation 1917 [1/1] (0.00ns)   --->   "%sext_ln50_232 = sext i34 %tmp_46" [hilbert.cpp:50->hilbert.cpp:77]   --->   Operation 1917 'sext' 'sext_ln50_232' <Predicate = true> <Delay = 0.00>
ST_2 : Operation 1918 [1/1] (0.00ns) (grouped into TernaryAdder)   --->   "%sub_ln50_94 = sub i43 %add_ln50_90, i43 %sext_ln50_232" [hilbert.cpp:50->hilbert.cpp:77]   --->   Operation 1918 'sub' 'sub_ln50_94' <Predicate = true> <Delay = 0.00> <CoreInst = "TAddSub">   --->   Core 10 'TAddSub' <Latency = 0> <II = 1> <Delay = 0.38> <IPBlock> <Opcode : '' 'add' 'sub'> <InPorts = 3> <OutPorts = 1> <Sync> <CReg>
ST_2 : Operation 1919 [1/1] (0.00ns)   --->   "%tmp_47 = bitconcatenate i41 @_ssdm_op_BitConcatenate.i41.i33.i8, i33 %sub_ln50_47, i8 0" [hilbert.cpp:50->hilbert.cpp:77]   --->   Operation 1919 'bitconcatenate' 'tmp_47' <Predicate = true> <Delay = 0.00>
ST_2 : Operation 1920 [1/1] (0.00ns)   --->   "%sext_ln50_233 = sext i41 %tmp_47" [hilbert.cpp:50->hilbert.cpp:77]   --->   Operation 1920 'sext' 'sext_ln50_233' <Predicate = true> <Delay = 0.00>
ST_2 : Operation 1921 [1/1] (0.00ns)   --->   "%tmp_48 = bitconcatenate i38 @_ssdm_op_BitConcatenate.i38.i33.i5, i33 %sub_ln50_47, i5 0" [hilbert.cpp:50->hilbert.cpp:77]   --->   Operation 1921 'bitconcatenate' 'tmp_48' <Predicate = true> <Delay = 0.00>
ST_2 : Operation 1922 [1/1] (0.00ns)   --->   "%sext_ln50_234 = sext i38 %tmp_48" [hilbert.cpp:50->hilbert.cpp:77]   --->   Operation 1922 'sext' 'sext_ln50_234' <Predicate = true> <Delay = 0.00>
ST_2 : Operation 1923 [1/1] (0.00ns) (grouped into TernaryAdder)   --->   "%sub_ln50_95 = sub i42 %sext_ln50_233, i42 %sext_ln50_234" [hilbert.cpp:50->hilbert.cpp:77]   --->   Operation 1923 'sub' 'sub_ln50_95' <Predicate = true> <Delay = 0.00> <CoreInst = "TAddSub">   --->   Core 10 'TAddSub' <Latency = 0> <II = 1> <Delay = 0.38> <IPBlock> <Opcode : '' 'add' 'sub'> <InPorts = 3> <OutPorts = 1> <Sync> <CReg>
ST_2 : Operation 1924 [1/1] (0.00ns)   --->   "%tmp_49 = bitconcatenate i35 @_ssdm_op_BitConcatenate.i35.i33.i2, i33 %sub_ln50_47, i2 0" [hilbert.cpp:50->hilbert.cpp:77]   --->   Operation 1924 'bitconcatenate' 'tmp_49' <Predicate = true> <Delay = 0.00>
ST_2 : Operation 1925 [1/1] (0.00ns)   --->   "%sext_ln50_235 = sext i35 %tmp_49" [hilbert.cpp:50->hilbert.cpp:77]   --->   Operation 1925 'sext' 'sext_ln50_235' <Predicate = true> <Delay = 0.00>
ST_2 : Operation 1926 [1/1] (0.75ns) (root node of TernaryAdder)   --->   "%sub_ln50_96 = sub i42 %sub_ln50_95, i42 %sext_ln50_235" [hilbert.cpp:50->hilbert.cpp:77]   --->   Operation 1926 'sub' 'sub_ln50_96' <Predicate = true> <Delay = 0.75> <CoreInst = "TAddSub">   --->   Core 10 'TAddSub' <Latency = 0> <II = 1> <Delay = 0.38> <IPBlock> <Opcode : '' 'add' 'sub'> <InPorts = 3> <OutPorts = 1> <Sync> <CReg>
ST_2 : Operation 1927 [1/1] (0.00ns)   --->   "%tmp_50 = bitconcatenate i43 @_ssdm_op_BitConcatenate.i43.i33.i10, i33 %sub_ln50_10, i10 0" [hilbert.cpp:50->hilbert.cpp:77]   --->   Operation 1927 'bitconcatenate' 'tmp_50' <Predicate = true> <Delay = 0.00>
ST_2 : Operation 1928 [1/1] (0.00ns)   --->   "%sext_ln50_236 = sext i43 %tmp_50" [hilbert.cpp:50->hilbert.cpp:77]   --->   Operation 1928 'sext' 'sext_ln50_236' <Predicate = true> <Delay = 0.00>
ST_2 : Operation 1929 [1/1] (0.00ns)   --->   "%tmp_51 = bitconcatenate i38 @_ssdm_op_BitConcatenate.i38.i33.i5, i33 %sub_ln50_10, i5 0" [hilbert.cpp:50->hilbert.cpp:77]   --->   Operation 1929 'bitconcatenate' 'tmp_51' <Predicate = true> <Delay = 0.00>
ST_2 : Operation 1930 [1/1] (0.00ns)   --->   "%sext_ln50_237 = sext i38 %tmp_51" [hilbert.cpp:50->hilbert.cpp:77]   --->   Operation 1930 'sext' 'sext_ln50_237' <Predicate = true> <Delay = 0.00>
ST_2 : Operation 1931 [1/1] (0.00ns) (grouped into TernaryAdder)   --->   "%sub_ln50_97 = sub i44 %sext_ln50_236, i44 %sext_ln50_237" [hilbert.cpp:50->hilbert.cpp:77]   --->   Operation 1931 'sub' 'sub_ln50_97' <Predicate = true> <Delay = 0.00> <CoreInst = "TAddSub">   --->   Core 10 'TAddSub' <Latency = 0> <II = 1> <Delay = 0.38> <IPBlock> <Opcode : '' 'add' 'sub'> <InPorts = 3> <OutPorts = 1> <Sync> <CReg>
ST_2 : Operation 1932 [1/1] (0.76ns) (root node of TernaryAdder)   --->   "%add_ln50_91 = add i44 %sub_ln50_97, i44 %sext_ln50_154" [hilbert.cpp:50->hilbert.cpp:77]   --->   Operation 1932 'add' 'add_ln50_91' <Predicate = true> <Delay = 0.76> <CoreInst = "TAddSub">   --->   Core 10 'TAddSub' <Latency = 0> <II = 1> <Delay = 0.38> <IPBlock> <Opcode : '' 'add' 'sub'> <InPorts = 3> <OutPorts = 1> <Sync> <CReg>
ST_2 : Operation 1933 [1/1] (0.00ns)   --->   "%sext_ln50_238 = sext i44 %add_ln50_91" [hilbert.cpp:50->hilbert.cpp:77]   --->   Operation 1933 'sext' 'sext_ln50_238' <Predicate = true> <Delay = 0.00>
ST_2 : Operation 1934 [1/1] (0.00ns)   --->   "%tmp_52 = bitconcatenate i42 @_ssdm_op_BitConcatenate.i42.i33.i9, i33 %sub_ln50_23, i9 0" [hilbert.cpp:50->hilbert.cpp:77]   --->   Operation 1934 'bitconcatenate' 'tmp_52' <Predicate = true> <Delay = 0.00>
ST_2 : Operation 1935 [1/1] (0.00ns)   --->   "%sext_ln50_239 = sext i42 %tmp_52" [hilbert.cpp:50->hilbert.cpp:77]   --->   Operation 1935 'sext' 'sext_ln50_239' <Predicate = true> <Delay = 0.00>
ST_2 : Operation 1936 [1/1] (0.00ns)   --->   "%tmp_53 = bitconcatenate i39 @_ssdm_op_BitConcatenate.i39.i33.i6, i33 %sub_ln50_23, i6 0" [hilbert.cpp:50->hilbert.cpp:77]   --->   Operation 1936 'bitconcatenate' 'tmp_53' <Predicate = true> <Delay = 0.00>
ST_2 : Operation 1937 [1/1] (0.00ns)   --->   "%sext_ln50_240 = sext i39 %tmp_53" [hilbert.cpp:50->hilbert.cpp:77]   --->   Operation 1937 'sext' 'sext_ln50_240' <Predicate = true> <Delay = 0.00>
ST_2 : Operation 1938 [1/1] (0.00ns) (grouped into TernaryAdder)   --->   "%sub_ln50_98 = sub i43 %sext_ln50_239, i43 %sext_ln50_240" [hilbert.cpp:50->hilbert.cpp:77]   --->   Operation 1938 'sub' 'sub_ln50_98' <Predicate = true> <Delay = 0.00> <CoreInst = "TAddSub">   --->   Core 10 'TAddSub' <Latency = 0> <II = 1> <Delay = 0.38> <IPBlock> <Opcode : '' 'add' 'sub'> <InPorts = 3> <OutPorts = 1> <Sync> <CReg>
ST_2 : Operation 1939 [1/1] (0.00ns)   --->   "%tmp_54 = bitconcatenate i35 @_ssdm_op_BitConcatenate.i35.i33.i2, i33 %sub_ln50_23, i2 0" [hilbert.cpp:50->hilbert.cpp:77]   --->   Operation 1939 'bitconcatenate' 'tmp_54' <Predicate = true> <Delay = 0.00>
ST_2 : Operation 1940 [1/1] (0.00ns)   --->   "%sext_ln50_241 = sext i35 %tmp_54" [hilbert.cpp:50->hilbert.cpp:77]   --->   Operation 1940 'sext' 'sext_ln50_241' <Predicate = true> <Delay = 0.00>
ST_2 : Operation 1941 [1/1] (0.75ns) (root node of TernaryAdder)   --->   "%sub_ln50_99 = sub i43 %sub_ln50_98, i43 %sext_ln50_241" [hilbert.cpp:50->hilbert.cpp:77]   --->   Operation 1941 'sub' 'sub_ln50_99' <Predicate = true> <Delay = 0.75> <CoreInst = "TAddSub">   --->   Core 10 'TAddSub' <Latency = 0> <II = 1> <Delay = 0.38> <IPBlock> <Opcode : '' 'add' 'sub'> <InPorts = 3> <OutPorts = 1> <Sync> <CReg>
ST_2 : Operation 1942 [1/1] (0.00ns)   --->   "%tmp_55 = bitconcatenate i40 @_ssdm_op_BitConcatenate.i40.i33.i7, i33 %sub_ln50_71, i7 0" [hilbert.cpp:50->hilbert.cpp:77]   --->   Operation 1942 'bitconcatenate' 'tmp_55' <Predicate = true> <Delay = 0.00>
ST_2 : Operation 1943 [1/1] (0.00ns)   --->   "%sext_ln50_242 = sext i40 %tmp_55" [hilbert.cpp:50->hilbert.cpp:77]   --->   Operation 1943 'sext' 'sext_ln50_242' <Predicate = true> <Delay = 0.00>
ST_2 : Operation 1944 [1/1] (0.00ns)   --->   "%tmp_56 = bitconcatenate i37 @_ssdm_op_BitConcatenate.i37.i33.i4, i33 %sub_ln50_71, i4 0" [hilbert.cpp:50->hilbert.cpp:77]   --->   Operation 1944 'bitconcatenate' 'tmp_56' <Predicate = true> <Delay = 0.00>
ST_2 : Operation 1945 [1/1] (0.00ns)   --->   "%sext_ln50_243 = sext i37 %tmp_56" [hilbert.cpp:50->hilbert.cpp:77]   --->   Operation 1945 'sext' 'sext_ln50_243' <Predicate = true> <Delay = 0.00>
ST_2 : Operation 1946 [1/1] (0.00ns) (grouped into TernaryAdder)   --->   "%add_ln50_92 = add i42 %sext_ln50_242, i42 %sext_ln50_243" [hilbert.cpp:50->hilbert.cpp:77]   --->   Operation 1946 'add' 'add_ln50_92' <Predicate = true> <Delay = 0.00> <CoreInst = "TAddSub">   --->   Core 10 'TAddSub' <Latency = 0> <II = 1> <Delay = 0.38> <IPBlock> <Opcode : '' 'add' 'sub'> <InPorts = 3> <OutPorts = 1> <Sync> <CReg>
ST_2 : Operation 1947 [1/1] (0.00ns)   --->   "%tmp_57 = bitconcatenate i34 @_ssdm_op_BitConcatenate.i34.i33.i1, i33 %sub_ln50_71, i1 0" [hilbert.cpp:50->hilbert.cpp:77]   --->   Operation 1947 'bitconcatenate' 'tmp_57' <Predicate = true> <Delay = 0.00>
ST_2 : Operation 1948 [1/1] (0.00ns)   --->   "%sext_ln50_244 = sext i34 %tmp_57" [hilbert.cpp:50->hilbert.cpp:77]   --->   Operation 1948 'sext' 'sext_ln50_244' <Predicate = true> <Delay = 0.00>
ST_2 : Operation 1949 [1/1] (0.75ns) (root node of TernaryAdder)   --->   "%add_ln50_93 = add i42 %add_ln50_92, i42 %sext_ln50_244" [hilbert.cpp:50->hilbert.cpp:77]   --->   Operation 1949 'add' 'add_ln50_93' <Predicate = true> <Delay = 0.75> <CoreInst = "TAddSub">   --->   Core 10 'TAddSub' <Latency = 0> <II = 1> <Delay = 0.38> <IPBlock> <Opcode : '' 'add' 'sub'> <InPorts = 3> <OutPorts = 1> <Sync> <CReg>
ST_2 : Operation 1950 [1/1] (0.00ns)   --->   "%tmp_58 = bitconcatenate i41 @_ssdm_op_BitConcatenate.i41.i33.i8, i33 %sub_ln50_41, i8 0" [hilbert.cpp:50->hilbert.cpp:77]   --->   Operation 1950 'bitconcatenate' 'tmp_58' <Predicate = true> <Delay = 0.00>
ST_2 : Operation 1951 [1/1] (0.00ns)   --->   "%sext_ln50_245 = sext i41 %tmp_58" [hilbert.cpp:50->hilbert.cpp:77]   --->   Operation 1951 'sext' 'sext_ln50_245' <Predicate = true> <Delay = 0.00>
ST_2 : Operation 1952 [1/1] (0.00ns)   --->   "%tmp_59 = bitconcatenate i35 @_ssdm_op_BitConcatenate.i35.i33.i2, i33 %sub_ln50_41, i2 0" [hilbert.cpp:50->hilbert.cpp:77]   --->   Operation 1952 'bitconcatenate' 'tmp_59' <Predicate = true> <Delay = 0.00>
ST_2 : Operation 1953 [1/1] (0.00ns)   --->   "%sext_ln50_246 = sext i35 %tmp_59" [hilbert.cpp:50->hilbert.cpp:77]   --->   Operation 1953 'sext' 'sext_ln50_246' <Predicate = true> <Delay = 0.00>
ST_2 : Operation 1954 [1/1] (0.00ns) (grouped into TernaryAdder)   --->   "%sub_ln50_100 = sub i42 %sext_ln50_245, i42 %sext_ln50_246" [hilbert.cpp:50->hilbert.cpp:77]   --->   Operation 1954 'sub' 'sub_ln50_100' <Predicate = true> <Delay = 0.00> <CoreInst = "TAddSub">   --->   Core 10 'TAddSub' <Latency = 0> <II = 1> <Delay = 0.38> <IPBlock> <Opcode : '' 'add' 'sub'> <InPorts = 3> <OutPorts = 1> <Sync> <CReg>
ST_2 : Operation 1955 [1/1] (0.75ns) (root node of TernaryAdder)   --->   "%sub_ln50_101 = sub i42 %sub_ln50_100, i42 %sext_ln50_168" [hilbert.cpp:50->hilbert.cpp:77]   --->   Operation 1955 'sub' 'sub_ln50_101' <Predicate = true> <Delay = 0.75> <CoreInst = "TAddSub">   --->   Core 10 'TAddSub' <Latency = 0> <II = 1> <Delay = 0.38> <IPBlock> <Opcode : '' 'add' 'sub'> <InPorts = 3> <OutPorts = 1> <Sync> <CReg>
ST_2 : Operation 1956 [1/1] (0.00ns)   --->   "%sext_ln50_247 = sext i42 %sub_ln50_101" [hilbert.cpp:50->hilbert.cpp:77]   --->   Operation 1956 'sext' 'sext_ln50_247' <Predicate = true> <Delay = 0.00>
ST_2 : Operation 1957 [1/1] (0.00ns)   --->   "%tmp_60 = bitconcatenate i47 @_ssdm_op_BitConcatenate.i47.i33.i14, i33 %sub_ln50, i14 0" [hilbert.cpp:50->hilbert.cpp:77]   --->   Operation 1957 'bitconcatenate' 'tmp_60' <Predicate = true> <Delay = 0.00>
ST_2 : Operation 1958 [1/1] (0.00ns)   --->   "%sext_ln50_248 = sext i47 %tmp_60" [hilbert.cpp:50->hilbert.cpp:77]   --->   Operation 1958 'sext' 'sext_ln50_248' <Predicate = true> <Delay = 0.00>
ST_2 : Operation 1959 [1/1] (0.00ns)   --->   "%tmp_61 = bitconcatenate i45 @_ssdm_op_BitConcatenate.i45.i33.i12, i33 %sub_ln50, i12 0" [hilbert.cpp:50->hilbert.cpp:77]   --->   Operation 1959 'bitconcatenate' 'tmp_61' <Predicate = true> <Delay = 0.00>
ST_2 : Operation 1960 [1/1] (0.00ns)   --->   "%sext_ln50_249 = sext i45 %tmp_61" [hilbert.cpp:50->hilbert.cpp:77]   --->   Operation 1960 'sext' 'sext_ln50_249' <Predicate = true> <Delay = 0.00>
ST_2 : Operation 1961 [1/1] (0.00ns) (grouped into TernaryAdder)   --->   "%add_ln50_94 = add i48 %sext_ln50_248, i48 %sext_ln50_249" [hilbert.cpp:50->hilbert.cpp:77]   --->   Operation 1961 'add' 'add_ln50_94' <Predicate = true> <Delay = 0.00> <CoreInst = "TAddSub">   --->   Core 10 'TAddSub' <Latency = 0> <II = 1> <Delay = 0.38> <IPBlock> <Opcode : '' 'add' 'sub'> <InPorts = 3> <OutPorts = 1> <Sync> <CReg>
ST_2 : Operation 1962 [1/1] (0.00ns)   --->   "%tmp_62 = bitconcatenate i42 @_ssdm_op_BitConcatenate.i42.i33.i9, i33 %sub_ln50, i9 0" [hilbert.cpp:50->hilbert.cpp:77]   --->   Operation 1962 'bitconcatenate' 'tmp_62' <Predicate = true> <Delay = 0.00>
ST_2 : Operation 1963 [1/1] (0.00ns)   --->   "%sext_ln50_250 = sext i42 %tmp_62" [hilbert.cpp:50->hilbert.cpp:77]   --->   Operation 1963 'sext' 'sext_ln50_250' <Predicate = true> <Delay = 0.00>
ST_2 : Operation 1964 [1/1] (0.77ns) (root node of TernaryAdder)   --->   "%add_ln50_95 = add i48 %add_ln50_94, i48 %sext_ln50_250" [hilbert.cpp:50->hilbert.cpp:77]   --->   Operation 1964 'add' 'add_ln50_95' <Predicate = true> <Delay = 0.77> <CoreInst = "TAddSub">   --->   Core 10 'TAddSub' <Latency = 0> <II = 1> <Delay = 0.38> <IPBlock> <Opcode : '' 'add' 'sub'> <InPorts = 3> <OutPorts = 1> <Sync> <CReg>
ST_2 : Operation 1965 [1/1] (0.00ns)   --->   "%tmp_63 = bitconcatenate i40 @_ssdm_op_BitConcatenate.i40.i33.i7, i33 %sub_ln50, i7 0" [hilbert.cpp:50->hilbert.cpp:77]   --->   Operation 1965 'bitconcatenate' 'tmp_63' <Predicate = true> <Delay = 0.00>
ST_2 : Operation 1966 [1/1] (0.00ns)   --->   "%sext_ln50_251 = sext i40 %tmp_63" [hilbert.cpp:50->hilbert.cpp:77]   --->   Operation 1966 'sext' 'sext_ln50_251' <Predicate = true> <Delay = 0.00>
ST_2 : Operation 1967 [1/1] (0.00ns) (grouped into TernaryAdder)   --->   "%sub_ln50_102 = sub i48 %add_ln50_95, i48 %sext_ln50_251" [hilbert.cpp:50->hilbert.cpp:77]   --->   Operation 1967 'sub' 'sub_ln50_102' <Predicate = true> <Delay = 0.00> <CoreInst = "TAddSub">   --->   Core 10 'TAddSub' <Latency = 0> <II = 1> <Delay = 0.38> <IPBlock> <Opcode : '' 'add' 'sub'> <InPorts = 3> <OutPorts = 1> <Sync> <CReg>
ST_2 : Operation 1968 [1/1] (0.00ns)   --->   "%tmp_64 = bitconcatenate i35 @_ssdm_op_BitConcatenate.i35.i33.i2, i33 %sub_ln50, i2 0" [hilbert.cpp:50->hilbert.cpp:77]   --->   Operation 1968 'bitconcatenate' 'tmp_64' <Predicate = true> <Delay = 0.00>
ST_2 : Operation 1969 [1/1] (0.00ns)   --->   "%sext_ln50_252 = sext i35 %tmp_64" [hilbert.cpp:50->hilbert.cpp:77]   --->   Operation 1969 'sext' 'sext_ln50_252' <Predicate = true> <Delay = 0.00>
ST_2 : Operation 1970 [1/1] (0.77ns) (root node of TernaryAdder)   --->   "%sub_ln50_103 = sub i48 %sub_ln50_102, i48 %sext_ln50_252" [hilbert.cpp:50->hilbert.cpp:77]   --->   Operation 1970 'sub' 'sub_ln50_103' <Predicate = true> <Delay = 0.77> <CoreInst = "TAddSub">   --->   Core 10 'TAddSub' <Latency = 0> <II = 1> <Delay = 0.38> <IPBlock> <Opcode : '' 'add' 'sub'> <InPorts = 3> <OutPorts = 1> <Sync> <CReg>
ST_2 : Operation 1971 [1/1] (0.00ns) (grouped into TernaryAdder)   --->   "%add_ln50_96 = add i48 %sub_ln50_103, i48 %sext_ln50_150" [hilbert.cpp:50->hilbert.cpp:77]   --->   Operation 1971 'add' 'add_ln50_96' <Predicate = true> <Delay = 0.00> <CoreInst = "TAddSub">   --->   Core 10 'TAddSub' <Latency = 0> <II = 1> <Delay = 0.38> <IPBlock> <Opcode : '' 'add' 'sub'> <InPorts = 3> <OutPorts = 1> <Sync> <CReg>
ST_2 : Operation 1972 [1/1] (0.00ns)   --->   "%tmp_65 = bitconcatenate i41 @_ssdm_op_BitConcatenate.i41.i33.i8, i33 %sub_ln50_45, i8 0" [hilbert.cpp:50->hilbert.cpp:77]   --->   Operation 1972 'bitconcatenate' 'tmp_65' <Predicate = true> <Delay = 0.00>
ST_2 : Operation 1973 [1/1] (0.00ns)   --->   "%sext_ln50_253 = sext i41 %tmp_65" [hilbert.cpp:50->hilbert.cpp:77]   --->   Operation 1973 'sext' 'sext_ln50_253' <Predicate = true> <Delay = 0.00>
ST_2 : Operation 1974 [1/1] (0.00ns)   --->   "%tmp_66 = bitconcatenate i38 @_ssdm_op_BitConcatenate.i38.i33.i5, i33 %sub_ln50_45, i5 0" [hilbert.cpp:50->hilbert.cpp:77]   --->   Operation 1974 'bitconcatenate' 'tmp_66' <Predicate = true> <Delay = 0.00>
ST_2 : Operation 1975 [1/1] (0.00ns)   --->   "%sext_ln50_254 = sext i38 %tmp_66" [hilbert.cpp:50->hilbert.cpp:77]   --->   Operation 1975 'sext' 'sext_ln50_254' <Predicate = true> <Delay = 0.00>
ST_2 : Operation 1976 [1/1] (0.00ns) (grouped into TernaryAdder)   --->   "%sub_ln50_104 = sub i42 %sext_ln50_253, i42 %sext_ln50_254" [hilbert.cpp:50->hilbert.cpp:77]   --->   Operation 1976 'sub' 'sub_ln50_104' <Predicate = true> <Delay = 0.00> <CoreInst = "TAddSub">   --->   Core 10 'TAddSub' <Latency = 0> <II = 1> <Delay = 0.38> <IPBlock> <Opcode : '' 'add' 'sub'> <InPorts = 3> <OutPorts = 1> <Sync> <CReg>
ST_2 : Operation 1977 [1/1] (0.00ns)   --->   "%tmp_67 = bitconcatenate i35 @_ssdm_op_BitConcatenate.i35.i33.i2, i33 %sub_ln50_45, i2 0" [hilbert.cpp:50->hilbert.cpp:77]   --->   Operation 1977 'bitconcatenate' 'tmp_67' <Predicate = true> <Delay = 0.00>
ST_2 : Operation 1978 [1/1] (0.00ns)   --->   "%sext_ln50_255 = sext i35 %tmp_67" [hilbert.cpp:50->hilbert.cpp:77]   --->   Operation 1978 'sext' 'sext_ln50_255' <Predicate = true> <Delay = 0.00>
ST_2 : Operation 1979 [1/1] (0.75ns) (root node of TernaryAdder)   --->   "%add_ln50_97 = add i42 %sub_ln50_104, i42 %sext_ln50_255" [hilbert.cpp:50->hilbert.cpp:77]   --->   Operation 1979 'add' 'add_ln50_97' <Predicate = true> <Delay = 0.75> <CoreInst = "TAddSub">   --->   Core 10 'TAddSub' <Latency = 0> <II = 1> <Delay = 0.38> <IPBlock> <Opcode : '' 'add' 'sub'> <InPorts = 3> <OutPorts = 1> <Sync> <CReg>
ST_2 : Operation 1980 [1/1] (0.00ns) (grouped into TernaryAdder)   --->   "%add_ln50_98 = add i42 %add_ln50_97, i42 %sext_ln50_170" [hilbert.cpp:50->hilbert.cpp:77]   --->   Operation 1980 'add' 'add_ln50_98' <Predicate = true> <Delay = 0.00> <CoreInst = "TAddSub">   --->   Core 10 'TAddSub' <Latency = 0> <II = 1> <Delay = 0.38> <IPBlock> <Opcode : '' 'add' 'sub'> <InPorts = 3> <OutPorts = 1> <Sync> <CReg>
ST_2 : Operation 1981 [1/1] (0.00ns)   --->   "%tmp_68 = bitconcatenate i41 @_ssdm_op_BitConcatenate.i41.i33.i8, i33 %sub_ln50_51, i8 0" [hilbert.cpp:50->hilbert.cpp:77]   --->   Operation 1981 'bitconcatenate' 'tmp_68' <Predicate = true> <Delay = 0.00>
ST_2 : Operation 1982 [1/1] (0.00ns)   --->   "%sext_ln50_256 = sext i41 %tmp_68" [hilbert.cpp:50->hilbert.cpp:77]   --->   Operation 1982 'sext' 'sext_ln50_256' <Predicate = true> <Delay = 0.00>
ST_2 : Operation 1983 [1/1] (0.00ns)   --->   "%tmp_69 = bitconcatenate i39 @_ssdm_op_BitConcatenate.i39.i33.i6, i33 %sub_ln50_51, i6 0" [hilbert.cpp:50->hilbert.cpp:77]   --->   Operation 1983 'bitconcatenate' 'tmp_69' <Predicate = true> <Delay = 0.00>
ST_2 : Operation 1984 [1/1] (0.00ns)   --->   "%sext_ln50_257 = sext i39 %tmp_69" [hilbert.cpp:50->hilbert.cpp:77]   --->   Operation 1984 'sext' 'sext_ln50_257' <Predicate = true> <Delay = 0.00>
ST_2 : Operation 1985 [1/1] (0.00ns) (grouped into TernaryAdder)   --->   "%sub_ln50_105 = sub i42 %sext_ln50_256, i42 %sext_ln50_257" [hilbert.cpp:50->hilbert.cpp:77]   --->   Operation 1985 'sub' 'sub_ln50_105' <Predicate = true> <Delay = 0.00> <CoreInst = "TAddSub">   --->   Core 10 'TAddSub' <Latency = 0> <II = 1> <Delay = 0.38> <IPBlock> <Opcode : '' 'add' 'sub'> <InPorts = 3> <OutPorts = 1> <Sync> <CReg>
ST_2 : Operation 1986 [1/1] (0.00ns)   --->   "%tmp_70 = bitconcatenate i37 @_ssdm_op_BitConcatenate.i37.i33.i4, i33 %sub_ln50_51, i4 0" [hilbert.cpp:50->hilbert.cpp:77]   --->   Operation 1986 'bitconcatenate' 'tmp_70' <Predicate = true> <Delay = 0.00>
ST_2 : Operation 1987 [1/1] (0.00ns)   --->   "%sext_ln50_258 = sext i37 %tmp_70" [hilbert.cpp:50->hilbert.cpp:77]   --->   Operation 1987 'sext' 'sext_ln50_258' <Predicate = true> <Delay = 0.00>
ST_2 : Operation 1988 [1/1] (0.75ns) (root node of TernaryAdder)   --->   "%add_ln50_99 = add i42 %sub_ln50_105, i42 %sext_ln50_258" [hilbert.cpp:50->hilbert.cpp:77]   --->   Operation 1988 'add' 'add_ln50_99' <Predicate = true> <Delay = 0.75> <CoreInst = "TAddSub">   --->   Core 10 'TAddSub' <Latency = 0> <II = 1> <Delay = 0.38> <IPBlock> <Opcode : '' 'add' 'sub'> <InPorts = 3> <OutPorts = 1> <Sync> <CReg>
ST_2 : Operation 1989 [1/1] (0.00ns)   --->   "%tmp_71 = bitconcatenate i35 @_ssdm_op_BitConcatenate.i35.i33.i2, i33 %sub_ln50_51, i2 0" [hilbert.cpp:50->hilbert.cpp:77]   --->   Operation 1989 'bitconcatenate' 'tmp_71' <Predicate = true> <Delay = 0.00>
ST_2 : Operation 1990 [1/1] (0.00ns)   --->   "%sext_ln50_259 = sext i35 %tmp_71" [hilbert.cpp:50->hilbert.cpp:77]   --->   Operation 1990 'sext' 'sext_ln50_259' <Predicate = true> <Delay = 0.00>
ST_2 : Operation 1991 [1/1] (0.00ns) (grouped into TernaryAdder)   --->   "%sub_ln50_106 = sub i42 %add_ln50_99, i42 %sext_ln50_259" [hilbert.cpp:50->hilbert.cpp:77]   --->   Operation 1991 'sub' 'sub_ln50_106' <Predicate = true> <Delay = 0.00> <CoreInst = "TAddSub">   --->   Core 10 'TAddSub' <Latency = 0> <II = 1> <Delay = 0.38> <IPBlock> <Opcode : '' 'add' 'sub'> <InPorts = 3> <OutPorts = 1> <Sync> <CReg>
ST_2 : Operation 1992 [1/1] (0.75ns) (root node of TernaryAdder)   --->   "%sub_ln50_107 = sub i42 %sub_ln50_106, i42 %sext_ln50_174" [hilbert.cpp:50->hilbert.cpp:77]   --->   Operation 1992 'sub' 'sub_ln50_107' <Predicate = true> <Delay = 0.75> <CoreInst = "TAddSub">   --->   Core 10 'TAddSub' <Latency = 0> <II = 1> <Delay = 0.38> <IPBlock> <Opcode : '' 'add' 'sub'> <InPorts = 3> <OutPorts = 1> <Sync> <CReg>
ST_2 : Operation 1993 [1/1] (0.00ns)   --->   "%tmp_72 = bitconcatenate i41 @_ssdm_op_BitConcatenate.i41.i33.i8, i33 %sub_ln50_35, i8 0" [hilbert.cpp:50->hilbert.cpp:77]   --->   Operation 1993 'bitconcatenate' 'tmp_72' <Predicate = true> <Delay = 0.00>
ST_2 : Operation 1994 [1/1] (0.00ns)   --->   "%sext_ln50_260 = sext i41 %tmp_72" [hilbert.cpp:50->hilbert.cpp:77]   --->   Operation 1994 'sext' 'sext_ln50_260' <Predicate = true> <Delay = 0.00>
ST_2 : Operation 1995 [1/1] (0.00ns)   --->   "%tmp_73 = bitconcatenate i38 @_ssdm_op_BitConcatenate.i38.i33.i5, i33 %sub_ln50_35, i5 0" [hilbert.cpp:50->hilbert.cpp:77]   --->   Operation 1995 'bitconcatenate' 'tmp_73' <Predicate = true> <Delay = 0.00>
ST_2 : Operation 1996 [1/1] (0.00ns)   --->   "%sext_ln50_261 = sext i38 %tmp_73" [hilbert.cpp:50->hilbert.cpp:77]   --->   Operation 1996 'sext' 'sext_ln50_261' <Predicate = true> <Delay = 0.00>
ST_2 : Operation 1997 [1/1] (1.04ns)   --->   "%add_ln50_100 = add i42 %sext_ln50_260, i42 %sext_ln50_261" [hilbert.cpp:50->hilbert.cpp:77]   --->   Operation 1997 'add' 'add_ln50_100' <Predicate = true> <Delay = 1.04> <CoreInst = "Adder">   --->   Core 1 'Adder' <Latency = 0> <II = 1> <Delay = 1.04> <FuncUnit> <Opcode : 'add' 'sub'> <InPorts = 2> <OutPorts = 1>
ST_2 : Operation 1998 [1/1] (0.00ns)   --->   "%tmp_74 = bitconcatenate i36 @_ssdm_op_BitConcatenate.i36.i33.i3, i33 %sub_ln50_35, i3 0" [hilbert.cpp:50->hilbert.cpp:77]   --->   Operation 1998 'bitconcatenate' 'tmp_74' <Predicate = true> <Delay = 0.00>
ST_2 : Operation 1999 [1/1] (0.00ns)   --->   "%sext_ln50_262 = sext i36 %tmp_74" [hilbert.cpp:50->hilbert.cpp:77]   --->   Operation 1999 'sext' 'sext_ln50_262' <Predicate = true> <Delay = 0.00>
ST_2 : Operation 2000 [1/1] (0.00ns) (grouped into TernaryAdder)   --->   "%add_ln50_101 = add i42 %add_ln50_100, i42 %sext_ln50_262" [hilbert.cpp:50->hilbert.cpp:77]   --->   Operation 2000 'add' 'add_ln50_101' <Predicate = true> <Delay = 0.00> <CoreInst = "TAddSub">   --->   Core 10 'TAddSub' <Latency = 0> <II = 1> <Delay = 0.38> <IPBlock> <Opcode : '' 'add' 'sub'> <InPorts = 3> <OutPorts = 1> <Sync> <CReg>
ST_2 : Operation 2001 [1/1] (0.00ns)   --->   "%tmp_75 = bitconcatenate i34 @_ssdm_op_BitConcatenate.i34.i33.i1, i33 %sub_ln50_35, i1 0" [hilbert.cpp:50->hilbert.cpp:77]   --->   Operation 2001 'bitconcatenate' 'tmp_75' <Predicate = true> <Delay = 0.00>
ST_2 : Operation 2002 [1/1] (0.00ns)   --->   "%sext_ln50_263 = sext i34 %tmp_75" [hilbert.cpp:50->hilbert.cpp:77]   --->   Operation 2002 'sext' 'sext_ln50_263' <Predicate = true> <Delay = 0.00>
ST_2 : Operation 2003 [1/1] (0.75ns) (root node of TernaryAdder)   --->   "%sub_ln50_108 = sub i42 %add_ln50_101, i42 %sext_ln50_263" [hilbert.cpp:50->hilbert.cpp:77]   --->   Operation 2003 'sub' 'sub_ln50_108' <Predicate = true> <Delay = 0.75> <CoreInst = "TAddSub">   --->   Core 10 'TAddSub' <Latency = 0> <II = 1> <Delay = 0.38> <IPBlock> <Opcode : '' 'add' 'sub'> <InPorts = 3> <OutPorts = 1> <Sync> <CReg>
ST_2 : Operation 2004 [1/1] (0.00ns)   --->   "%tmp_76 = bitconcatenate i41 @_ssdm_op_BitConcatenate.i41.i33.i8, i33 %sub_ln50_32, i8 0" [hilbert.cpp:50->hilbert.cpp:77]   --->   Operation 2004 'bitconcatenate' 'tmp_76' <Predicate = true> <Delay = 0.00>
ST_2 : Operation 2005 [1/1] (0.00ns)   --->   "%sext_ln50_264 = sext i41 %tmp_76" [hilbert.cpp:50->hilbert.cpp:77]   --->   Operation 2005 'sext' 'sext_ln50_264' <Predicate = true> <Delay = 0.00>
ST_2 : Operation 2006 [1/1] (0.00ns)   --->   "%tmp_77 = bitconcatenate i39 @_ssdm_op_BitConcatenate.i39.i33.i6, i33 %sub_ln50_32, i6 0" [hilbert.cpp:50->hilbert.cpp:77]   --->   Operation 2006 'bitconcatenate' 'tmp_77' <Predicate = true> <Delay = 0.00>
ST_2 : Operation 2007 [1/1] (0.00ns)   --->   "%sext_ln50_265 = sext i39 %tmp_77" [hilbert.cpp:50->hilbert.cpp:77]   --->   Operation 2007 'sext' 'sext_ln50_265' <Predicate = true> <Delay = 0.00>
ST_2 : Operation 2008 [1/1] (1.04ns)   --->   "%add_ln50_102 = add i43 %sext_ln50_264, i43 %sext_ln50_265" [hilbert.cpp:50->hilbert.cpp:77]   --->   Operation 2008 'add' 'add_ln50_102' <Predicate = true> <Delay = 1.04> <CoreInst = "Adder">   --->   Core 1 'Adder' <Latency = 0> <II = 1> <Delay = 1.04> <FuncUnit> <Opcode : 'add' 'sub'> <InPorts = 2> <OutPorts = 1>
ST_2 : Operation 2009 [1/1] (0.00ns) (grouped into TernaryAdder)   --->   "%add_ln50_103 = add i43 %add_ln50_102, i43 %sext_ln50_165" [hilbert.cpp:50->hilbert.cpp:77]   --->   Operation 2009 'add' 'add_ln50_103' <Predicate = true> <Delay = 0.00> <CoreInst = "TAddSub">   --->   Core 10 'TAddSub' <Latency = 0> <II = 1> <Delay = 0.38> <IPBlock> <Opcode : '' 'add' 'sub'> <InPorts = 3> <OutPorts = 1> <Sync> <CReg>
ST_2 : Operation 2010 [1/1] (0.00ns)   --->   "%tmp_78 = bitconcatenate i40 @_ssdm_op_BitConcatenate.i40.i33.i7, i33 %sub_ln50_73, i7 0" [hilbert.cpp:50->hilbert.cpp:77]   --->   Operation 2010 'bitconcatenate' 'tmp_78' <Predicate = true> <Delay = 0.00>
ST_2 : Operation 2011 [1/1] (0.00ns)   --->   "%sext_ln50_266 = sext i40 %tmp_78" [hilbert.cpp:50->hilbert.cpp:77]   --->   Operation 2011 'sext' 'sext_ln50_266' <Predicate = true> <Delay = 0.00>
ST_2 : Operation 2012 [1/1] (0.00ns)   --->   "%tmp_79 = bitconcatenate i37 @_ssdm_op_BitConcatenate.i37.i33.i4, i33 %sub_ln50_73, i4 0" [hilbert.cpp:50->hilbert.cpp:77]   --->   Operation 2012 'bitconcatenate' 'tmp_79' <Predicate = true> <Delay = 0.00>
ST_2 : Operation 2013 [1/1] (0.00ns)   --->   "%sext_ln50_267 = sext i37 %tmp_79" [hilbert.cpp:50->hilbert.cpp:77]   --->   Operation 2013 'sext' 'sext_ln50_267' <Predicate = true> <Delay = 0.00>
ST_2 : Operation 2014 [1/1] (0.00ns) (grouped into TernaryAdder)   --->   "%add_ln50_104 = add i42 %sext_ln50_266, i42 %sext_ln50_267" [hilbert.cpp:50->hilbert.cpp:77]   --->   Operation 2014 'add' 'add_ln50_104' <Predicate = true> <Delay = 0.00> <CoreInst = "TAddSub">   --->   Core 10 'TAddSub' <Latency = 0> <II = 1> <Delay = 0.38> <IPBlock> <Opcode : '' 'add' 'sub'> <InPorts = 3> <OutPorts = 1> <Sync> <CReg>
ST_2 : Operation 2015 [1/1] (0.00ns)   --->   "%tmp_80 = bitconcatenate i34 @_ssdm_op_BitConcatenate.i34.i33.i1, i33 %sub_ln50_73, i1 0" [hilbert.cpp:50->hilbert.cpp:77]   --->   Operation 2015 'bitconcatenate' 'tmp_80' <Predicate = true> <Delay = 0.00>
ST_2 : Operation 2016 [1/1] (0.00ns)   --->   "%sext_ln50_268 = sext i34 %tmp_80" [hilbert.cpp:50->hilbert.cpp:77]   --->   Operation 2016 'sext' 'sext_ln50_268' <Predicate = true> <Delay = 0.00>
ST_2 : Operation 2017 [1/1] (0.75ns) (root node of TernaryAdder)   --->   "%sub_ln50_109 = sub i42 %add_ln50_104, i42 %sext_ln50_268" [hilbert.cpp:50->hilbert.cpp:77]   --->   Operation 2017 'sub' 'sub_ln50_109' <Predicate = true> <Delay = 0.75> <CoreInst = "TAddSub">   --->   Core 10 'TAddSub' <Latency = 0> <II = 1> <Delay = 0.38> <IPBlock> <Opcode : '' 'add' 'sub'> <InPorts = 3> <OutPorts = 1> <Sync> <CReg>
ST_2 : Operation 2018 [1/1] (0.00ns)   --->   "%tmp_81 = bitconcatenate i41 @_ssdm_op_BitConcatenate.i41.i33.i8, i33 %sub_ln50_31, i8 0" [hilbert.cpp:50->hilbert.cpp:77]   --->   Operation 2018 'bitconcatenate' 'tmp_81' <Predicate = true> <Delay = 0.00>
ST_2 : Operation 2019 [1/1] (0.00ns)   --->   "%sext_ln50_269 = sext i41 %tmp_81" [hilbert.cpp:50->hilbert.cpp:77]   --->   Operation 2019 'sext' 'sext_ln50_269' <Predicate = true> <Delay = 0.00>
ST_2 : Operation 2020 [1/1] (0.00ns)   --->   "%tmp_82 = bitconcatenate i39 @_ssdm_op_BitConcatenate.i39.i33.i6, i33 %sub_ln50_31, i6 0" [hilbert.cpp:50->hilbert.cpp:77]   --->   Operation 2020 'bitconcatenate' 'tmp_82' <Predicate = true> <Delay = 0.00>
ST_2 : Operation 2021 [1/1] (0.00ns)   --->   "%sext_ln50_270 = sext i39 %tmp_82" [hilbert.cpp:50->hilbert.cpp:77]   --->   Operation 2021 'sext' 'sext_ln50_270' <Predicate = true> <Delay = 0.00>
ST_2 : Operation 2022 [1/1] (0.00ns) (grouped into TernaryAdder)   --->   "%add_ln50_105 = add i43 %sext_ln50_269, i43 %sext_ln50_270" [hilbert.cpp:50->hilbert.cpp:77]   --->   Operation 2022 'add' 'add_ln50_105' <Predicate = true> <Delay = 0.00> <CoreInst = "TAddSub">   --->   Core 10 'TAddSub' <Latency = 0> <II = 1> <Delay = 0.38> <IPBlock> <Opcode : '' 'add' 'sub'> <InPorts = 3> <OutPorts = 1> <Sync> <CReg>
ST_2 : Operation 2023 [1/1] (0.00ns)   --->   "%tmp_83 = bitconcatenate i37 @_ssdm_op_BitConcatenate.i37.i33.i4, i33 %sub_ln50_31, i4 0" [hilbert.cpp:50->hilbert.cpp:77]   --->   Operation 2023 'bitconcatenate' 'tmp_83' <Predicate = true> <Delay = 0.00>
ST_2 : Operation 2024 [1/1] (0.00ns)   --->   "%sext_ln50_271 = sext i37 %tmp_83" [hilbert.cpp:50->hilbert.cpp:77]   --->   Operation 2024 'sext' 'sext_ln50_271' <Predicate = true> <Delay = 0.00>
ST_2 : Operation 2025 [1/1] (0.75ns) (root node of TernaryAdder)   --->   "%add_ln50_106 = add i43 %add_ln50_105, i43 %sext_ln50_271" [hilbert.cpp:50->hilbert.cpp:77]   --->   Operation 2025 'add' 'add_ln50_106' <Predicate = true> <Delay = 0.75> <CoreInst = "TAddSub">   --->   Core 10 'TAddSub' <Latency = 0> <II = 1> <Delay = 0.38> <IPBlock> <Opcode : '' 'add' 'sub'> <InPorts = 3> <OutPorts = 1> <Sync> <CReg>
ST_2 : Operation 2026 [1/1] (0.00ns)   --->   "%tmp_84 = bitconcatenate i35 @_ssdm_op_BitConcatenate.i35.i33.i2, i33 %sub_ln50_31, i2 0" [hilbert.cpp:50->hilbert.cpp:77]   --->   Operation 2026 'bitconcatenate' 'tmp_84' <Predicate = true> <Delay = 0.00>
ST_2 : Operation 2027 [1/1] (0.00ns)   --->   "%sext_ln50_272 = sext i35 %tmp_84" [hilbert.cpp:50->hilbert.cpp:77]   --->   Operation 2027 'sext' 'sext_ln50_272' <Predicate = true> <Delay = 0.00>
ST_2 : Operation 2028 [1/1] (0.00ns) (grouped into TernaryAdder)   --->   "%sub_ln50_110 = sub i43 %add_ln50_106, i43 %sext_ln50_272" [hilbert.cpp:50->hilbert.cpp:77]   --->   Operation 2028 'sub' 'sub_ln50_110' <Predicate = true> <Delay = 0.00> <CoreInst = "TAddSub">   --->   Core 10 'TAddSub' <Latency = 0> <II = 1> <Delay = 0.38> <IPBlock> <Opcode : '' 'add' 'sub'> <InPorts = 3> <OutPorts = 1> <Sync> <CReg>
ST_2 : Operation 2029 [1/1] (0.75ns) (root node of TernaryAdder)   --->   "%sub_ln50_111 = sub i43 %sub_ln50_110, i43 %sext_ln50_164" [hilbert.cpp:50->hilbert.cpp:77]   --->   Operation 2029 'sub' 'sub_ln50_111' <Predicate = true> <Delay = 0.75> <CoreInst = "TAddSub">   --->   Core 10 'TAddSub' <Latency = 0> <II = 1> <Delay = 0.38> <IPBlock> <Opcode : '' 'add' 'sub'> <InPorts = 3> <OutPorts = 1> <Sync> <CReg>
ST_2 : Operation 2030 [1/1] (0.00ns)   --->   "%tmp_85 = bitconcatenate i41 @_ssdm_op_BitConcatenate.i41.i33.i8, i33 %sub_ln50_59, i8 0" [hilbert.cpp:50->hilbert.cpp:77]   --->   Operation 2030 'bitconcatenate' 'tmp_85' <Predicate = true> <Delay = 0.00>
ST_2 : Operation 2031 [1/1] (0.00ns)   --->   "%sext_ln50_273 = sext i41 %tmp_85" [hilbert.cpp:50->hilbert.cpp:77]   --->   Operation 2031 'sext' 'sext_ln50_273' <Predicate = true> <Delay = 0.00>
ST_2 : Operation 2032 [1/1] (0.00ns)   --->   "%tmp_86 = bitconcatenate i39 @_ssdm_op_BitConcatenate.i39.i33.i6, i33 %sub_ln50_59, i6 0" [hilbert.cpp:50->hilbert.cpp:77]   --->   Operation 2032 'bitconcatenate' 'tmp_86' <Predicate = true> <Delay = 0.00>
ST_2 : Operation 2033 [1/1] (0.00ns)   --->   "%sext_ln50_274 = sext i39 %tmp_86" [hilbert.cpp:50->hilbert.cpp:77]   --->   Operation 2033 'sext' 'sext_ln50_274' <Predicate = true> <Delay = 0.00>
ST_2 : Operation 2034 [1/1] (1.04ns)   --->   "%sub_ln50_112 = sub i42 %sext_ln50_273, i42 %sext_ln50_274" [hilbert.cpp:50->hilbert.cpp:77]   --->   Operation 2034 'sub' 'sub_ln50_112' <Predicate = true> <Delay = 1.04> <CoreInst = "Adder">   --->   Core 1 'Adder' <Latency = 0> <II = 1> <Delay = 1.04> <FuncUnit> <Opcode : 'add' 'sub'> <InPorts = 2> <OutPorts = 1>
ST_2 : Operation 2035 [1/1] (0.00ns)   --->   "%tmp_87 = bitconcatenate i37 @_ssdm_op_BitConcatenate.i37.i33.i4, i33 %sub_ln50_59, i4 0" [hilbert.cpp:50->hilbert.cpp:77]   --->   Operation 2035 'bitconcatenate' 'tmp_87' <Predicate = true> <Delay = 0.00>
ST_2 : Operation 2036 [1/1] (0.00ns)   --->   "%sext_ln50_275 = sext i37 %tmp_87" [hilbert.cpp:50->hilbert.cpp:77]   --->   Operation 2036 'sext' 'sext_ln50_275' <Predicate = true> <Delay = 0.00>
ST_2 : Operation 2037 [1/1] (0.00ns) (grouped into TernaryAdder)   --->   "%sub_ln50_113 = sub i42 %sub_ln50_112, i42 %sext_ln50_275" [hilbert.cpp:50->hilbert.cpp:77]   --->   Operation 2037 'sub' 'sub_ln50_113' <Predicate = true> <Delay = 0.00> <CoreInst = "TAddSub">   --->   Core 10 'TAddSub' <Latency = 0> <II = 1> <Delay = 0.38> <IPBlock> <Opcode : '' 'add' 'sub'> <InPorts = 3> <OutPorts = 1> <Sync> <CReg>
ST_2 : Operation 2038 [1/1] (0.75ns) (root node of TernaryAdder)   --->   "%sub_ln50_114 = sub i42 %sub_ln50_113, i42 %sext_ln50_180" [hilbert.cpp:50->hilbert.cpp:77]   --->   Operation 2038 'sub' 'sub_ln50_114' <Predicate = true> <Delay = 0.75> <CoreInst = "TAddSub">   --->   Core 10 'TAddSub' <Latency = 0> <II = 1> <Delay = 0.38> <IPBlock> <Opcode : '' 'add' 'sub'> <InPorts = 3> <OutPorts = 1> <Sync> <CReg>
ST_2 : Operation 2039 [1/1] (0.00ns)   --->   "%tmp_88 = bitconcatenate i41 @_ssdm_op_BitConcatenate.i41.i33.i8, i33 %sub_ln50_33, i8 0" [hilbert.cpp:50->hilbert.cpp:77]   --->   Operation 2039 'bitconcatenate' 'tmp_88' <Predicate = true> <Delay = 0.00>
ST_2 : Operation 2040 [1/1] (0.00ns)   --->   "%sext_ln50_276 = sext i41 %tmp_88" [hilbert.cpp:50->hilbert.cpp:77]   --->   Operation 2040 'sext' 'sext_ln50_276' <Predicate = true> <Delay = 0.00>
ST_2 : Operation 2041 [1/1] (0.00ns)   --->   "%tmp_89 = bitconcatenate i39 @_ssdm_op_BitConcatenate.i39.i33.i6, i33 %sub_ln50_33, i6 0" [hilbert.cpp:50->hilbert.cpp:77]   --->   Operation 2041 'bitconcatenate' 'tmp_89' <Predicate = true> <Delay = 0.00>
ST_2 : Operation 2042 [1/1] (0.00ns)   --->   "%sext_ln50_277 = sext i39 %tmp_89" [hilbert.cpp:50->hilbert.cpp:77]   --->   Operation 2042 'sext' 'sext_ln50_277' <Predicate = true> <Delay = 0.00>
ST_2 : Operation 2043 [1/1] (1.04ns)   --->   "%add_ln50_107 = add i43 %sext_ln50_276, i43 %sext_ln50_277" [hilbert.cpp:50->hilbert.cpp:77]   --->   Operation 2043 'add' 'add_ln50_107' <Predicate = true> <Delay = 1.04> <CoreInst = "Adder">   --->   Core 1 'Adder' <Latency = 0> <II = 1> <Delay = 1.04> <FuncUnit> <Opcode : 'add' 'sub'> <InPorts = 2> <OutPorts = 1>
ST_2 : Operation 2044 [1/1] (0.00ns)   --->   "%tmp_90 = bitconcatenate i36 @_ssdm_op_BitConcatenate.i36.i33.i3, i33 %sub_ln50_33, i3 0" [hilbert.cpp:50->hilbert.cpp:77]   --->   Operation 2044 'bitconcatenate' 'tmp_90' <Predicate = true> <Delay = 0.00>
ST_2 : Operation 2045 [1/1] (0.00ns)   --->   "%sext_ln50_278 = sext i36 %tmp_90" [hilbert.cpp:50->hilbert.cpp:77]   --->   Operation 2045 'sext' 'sext_ln50_278' <Predicate = true> <Delay = 0.00>
ST_2 : Operation 2046 [1/1] (0.00ns) (grouped into TernaryAdder)   --->   "%sub_ln50_115 = sub i43 %add_ln50_107, i43 %sext_ln50_278" [hilbert.cpp:50->hilbert.cpp:77]   --->   Operation 2046 'sub' 'sub_ln50_115' <Predicate = true> <Delay = 0.00> <CoreInst = "TAddSub">   --->   Core 10 'TAddSub' <Latency = 0> <II = 1> <Delay = 0.38> <IPBlock> <Opcode : '' 'add' 'sub'> <InPorts = 3> <OutPorts = 1> <Sync> <CReg>
ST_2 : Operation 2047 [1/1] (0.75ns) (root node of TernaryAdder)   --->   "%sub_ln50_116 = sub i43 %sub_ln50_115, i43 %sext_ln50_166" [hilbert.cpp:50->hilbert.cpp:77]   --->   Operation 2047 'sub' 'sub_ln50_116' <Predicate = true> <Delay = 0.75> <CoreInst = "TAddSub">   --->   Core 10 'TAddSub' <Latency = 0> <II = 1> <Delay = 0.38> <IPBlock> <Opcode : '' 'add' 'sub'> <InPorts = 3> <OutPorts = 1> <Sync> <CReg>
ST_2 : Operation 2048 [1/1] (0.00ns)   --->   "%tmp_91 = bitconcatenate i40 @_ssdm_op_BitConcatenate.i40.i33.i7, i33 %sub_ln50_68, i7 0" [hilbert.cpp:50->hilbert.cpp:77]   --->   Operation 2048 'bitconcatenate' 'tmp_91' <Predicate = true> <Delay = 0.00>
ST_2 : Operation 2049 [1/1] (0.00ns)   --->   "%sext_ln50_279 = sext i40 %tmp_91" [hilbert.cpp:50->hilbert.cpp:77]   --->   Operation 2049 'sext' 'sext_ln50_279' <Predicate = true> <Delay = 0.00>
ST_2 : Operation 2050 [1/1] (0.00ns)   --->   "%tmp_92 = bitconcatenate i38 @_ssdm_op_BitConcatenate.i38.i33.i5, i33 %sub_ln50_68, i5 0" [hilbert.cpp:50->hilbert.cpp:77]   --->   Operation 2050 'bitconcatenate' 'tmp_92' <Predicate = true> <Delay = 0.00>
ST_2 : Operation 2051 [1/1] (0.00ns)   --->   "%sext_ln50_280 = sext i38 %tmp_92" [hilbert.cpp:50->hilbert.cpp:77]   --->   Operation 2051 'sext' 'sext_ln50_280' <Predicate = true> <Delay = 0.00>
ST_2 : Operation 2052 [1/1] (0.00ns) (grouped into TernaryAdder)   --->   "%add_ln50_108 = add i42 %sext_ln50_279, i42 %sext_ln50_280" [hilbert.cpp:50->hilbert.cpp:77]   --->   Operation 2052 'add' 'add_ln50_108' <Predicate = true> <Delay = 0.00> <CoreInst = "TAddSub">   --->   Core 10 'TAddSub' <Latency = 0> <II = 1> <Delay = 0.38> <IPBlock> <Opcode : '' 'add' 'sub'> <InPorts = 3> <OutPorts = 1> <Sync> <CReg>
ST_2 : Operation 2053 [1/1] (0.00ns)   --->   "%tmp_93 = bitconcatenate i36 @_ssdm_op_BitConcatenate.i36.i33.i3, i33 %sub_ln50_68, i3 0" [hilbert.cpp:50->hilbert.cpp:77]   --->   Operation 2053 'bitconcatenate' 'tmp_93' <Predicate = true> <Delay = 0.00>
ST_2 : Operation 2054 [1/1] (0.00ns)   --->   "%sext_ln50_281 = sext i36 %tmp_93" [hilbert.cpp:50->hilbert.cpp:77]   --->   Operation 2054 'sext' 'sext_ln50_281' <Predicate = true> <Delay = 0.00>
ST_2 : Operation 2055 [1/1] (0.75ns) (root node of TernaryAdder)   --->   "%sub_ln50_117 = sub i42 %add_ln50_108, i42 %sext_ln50_281" [hilbert.cpp:50->hilbert.cpp:77]   --->   Operation 2055 'sub' 'sub_ln50_117' <Predicate = true> <Delay = 0.75> <CoreInst = "TAddSub">   --->   Core 10 'TAddSub' <Latency = 0> <II = 1> <Delay = 0.38> <IPBlock> <Opcode : '' 'add' 'sub'> <InPorts = 3> <OutPorts = 1> <Sync> <CReg>
ST_2 : Operation 2056 [1/1] (0.00ns)   --->   "%tmp_94 = bitconcatenate i42 @_ssdm_op_BitConcatenate.i42.i33.i9, i33 %sub_ln50_15, i9 0" [hilbert.cpp:50->hilbert.cpp:77]   --->   Operation 2056 'bitconcatenate' 'tmp_94' <Predicate = true> <Delay = 0.00>
ST_2 : Operation 2057 [1/1] (0.00ns)   --->   "%sext_ln50_282 = sext i42 %tmp_94" [hilbert.cpp:50->hilbert.cpp:77]   --->   Operation 2057 'sext' 'sext_ln50_282' <Predicate = true> <Delay = 0.00>
ST_2 : Operation 2058 [1/1] (0.00ns)   --->   "%tmp_95 = bitconcatenate i40 @_ssdm_op_BitConcatenate.i40.i33.i7, i33 %sub_ln50_15, i7 0" [hilbert.cpp:50->hilbert.cpp:77]   --->   Operation 2058 'bitconcatenate' 'tmp_95' <Predicate = true> <Delay = 0.00>
ST_2 : Operation 2059 [1/1] (0.00ns)   --->   "%sext_ln50_283 = sext i40 %tmp_95" [hilbert.cpp:50->hilbert.cpp:77]   --->   Operation 2059 'sext' 'sext_ln50_283' <Predicate = true> <Delay = 0.00>
ST_2 : Operation 2060 [1/1] (0.00ns) (grouped into TernaryAdder)   --->   "%add_ln50_109 = add i44 %sext_ln50_282, i44 %sext_ln50_283" [hilbert.cpp:50->hilbert.cpp:77]   --->   Operation 2060 'add' 'add_ln50_109' <Predicate = true> <Delay = 0.00> <CoreInst = "TAddSub">   --->   Core 10 'TAddSub' <Latency = 0> <II = 1> <Delay = 0.38> <IPBlock> <Opcode : '' 'add' 'sub'> <InPorts = 3> <OutPorts = 1> <Sync> <CReg>
ST_2 : Operation 2061 [1/1] (0.00ns)   --->   "%tmp_96 = bitconcatenate i38 @_ssdm_op_BitConcatenate.i38.i33.i5, i33 %sub_ln50_15, i5 0" [hilbert.cpp:50->hilbert.cpp:77]   --->   Operation 2061 'bitconcatenate' 'tmp_96' <Predicate = true> <Delay = 0.00>
ST_2 : Operation 2062 [1/1] (0.00ns)   --->   "%sext_ln50_284 = sext i38 %tmp_96" [hilbert.cpp:50->hilbert.cpp:77]   --->   Operation 2062 'sext' 'sext_ln50_284' <Predicate = true> <Delay = 0.00>
ST_2 : Operation 2063 [1/1] (0.75ns) (root node of TernaryAdder)   --->   "%add_ln50_110 = add i44 %add_ln50_109, i44 %sext_ln50_284" [hilbert.cpp:50->hilbert.cpp:77]   --->   Operation 2063 'add' 'add_ln50_110' <Predicate = true> <Delay = 0.75> <CoreInst = "TAddSub">   --->   Core 10 'TAddSub' <Latency = 0> <II = 1> <Delay = 0.38> <IPBlock> <Opcode : '' 'add' 'sub'> <InPorts = 3> <OutPorts = 1> <Sync> <CReg>
ST_2 : Operation 2064 [1/1] (0.00ns) (grouped into TernaryAdder)   --->   "%add_ln50_111 = add i44 %add_ln50_110, i44 %sext_ln50_158" [hilbert.cpp:50->hilbert.cpp:77]   --->   Operation 2064 'add' 'add_ln50_111' <Predicate = true> <Delay = 0.00> <CoreInst = "TAddSub">   --->   Core 10 'TAddSub' <Latency = 0> <II = 1> <Delay = 0.38> <IPBlock> <Opcode : '' 'add' 'sub'> <InPorts = 3> <OutPorts = 1> <Sync> <CReg>
ST_2 : Operation 2065 [1/1] (0.00ns)   --->   "%tmp_97 = bitconcatenate i41 @_ssdm_op_BitConcatenate.i41.i33.i8, i33 %sub_ln50_38, i8 0" [hilbert.cpp:50->hilbert.cpp:77]   --->   Operation 2065 'bitconcatenate' 'tmp_97' <Predicate = true> <Delay = 0.00>
ST_2 : Operation 2066 [1/1] (0.00ns)   --->   "%sext_ln50_285 = sext i41 %tmp_97" [hilbert.cpp:50->hilbert.cpp:77]   --->   Operation 2066 'sext' 'sext_ln50_285' <Predicate = true> <Delay = 0.00>
ST_2 : Operation 2067 [1/1] (0.00ns)   --->   "%tmp_98 = bitconcatenate i37 @_ssdm_op_BitConcatenate.i37.i33.i4, i33 %sub_ln50_38, i4 0" [hilbert.cpp:50->hilbert.cpp:77]   --->   Operation 2067 'bitconcatenate' 'tmp_98' <Predicate = true> <Delay = 0.00>
ST_2 : Operation 2068 [1/1] (0.00ns)   --->   "%sext_ln50_286 = sext i37 %tmp_98" [hilbert.cpp:50->hilbert.cpp:77]   --->   Operation 2068 'sext' 'sext_ln50_286' <Predicate = true> <Delay = 0.00>
ST_2 : Operation 2069 [1/1] (1.04ns)   --->   "%add_ln50_112 = add i42 %sext_ln50_285, i42 %sext_ln50_286" [hilbert.cpp:50->hilbert.cpp:77]   --->   Operation 2069 'add' 'add_ln50_112' <Predicate = true> <Delay = 1.04> <CoreInst = "Adder">   --->   Core 1 'Adder' <Latency = 0> <II = 1> <Delay = 1.04> <FuncUnit> <Opcode : 'add' 'sub'> <InPorts = 2> <OutPorts = 1>
ST_2 : Operation 2070 [1/1] (0.00ns) (grouped into TernaryAdder)   --->   "%sub_ln50_118 = sub i42 %add_ln50_112, i42 %sext_ln50_167" [hilbert.cpp:50->hilbert.cpp:77]   --->   Operation 2070 'sub' 'sub_ln50_118' <Predicate = true> <Delay = 0.00> <CoreInst = "TAddSub">   --->   Core 10 'TAddSub' <Latency = 0> <II = 1> <Delay = 0.38> <IPBlock> <Opcode : '' 'add' 'sub'> <InPorts = 3> <OutPorts = 1> <Sync> <CReg>
ST_2 : Operation 2071 [1/1] (0.00ns)   --->   "%tmp_99 = bitconcatenate i41 @_ssdm_op_BitConcatenate.i41.i33.i8, i33 %sub_ln50_52, i8 0" [hilbert.cpp:50->hilbert.cpp:77]   --->   Operation 2071 'bitconcatenate' 'tmp_99' <Predicate = true> <Delay = 0.00>
ST_2 : Operation 2072 [1/1] (0.00ns)   --->   "%sext_ln50_287 = sext i41 %tmp_99" [hilbert.cpp:50->hilbert.cpp:77]   --->   Operation 2072 'sext' 'sext_ln50_287' <Predicate = true> <Delay = 0.00>
ST_2 : Operation 2073 [1/1] (0.00ns)   --->   "%tmp_100 = bitconcatenate i39 @_ssdm_op_BitConcatenate.i39.i33.i6, i33 %sub_ln50_52, i6 0" [hilbert.cpp:50->hilbert.cpp:77]   --->   Operation 2073 'bitconcatenate' 'tmp_100' <Predicate = true> <Delay = 0.00>
ST_2 : Operation 2074 [1/1] (0.00ns)   --->   "%sext_ln50_288 = sext i39 %tmp_100" [hilbert.cpp:50->hilbert.cpp:77]   --->   Operation 2074 'sext' 'sext_ln50_288' <Predicate = true> <Delay = 0.00>
ST_2 : Operation 2075 [1/1] (1.04ns)   --->   "%sub_ln50_119 = sub i42 %sext_ln50_287, i42 %sext_ln50_288" [hilbert.cpp:50->hilbert.cpp:77]   --->   Operation 2075 'sub' 'sub_ln50_119' <Predicate = true> <Delay = 1.04> <CoreInst = "Adder">   --->   Core 1 'Adder' <Latency = 0> <II = 1> <Delay = 1.04> <FuncUnit> <Opcode : 'add' 'sub'> <InPorts = 2> <OutPorts = 1>
ST_2 : Operation 2076 [1/1] (0.00ns)   --->   "%tmp_101 = bitconcatenate i36 @_ssdm_op_BitConcatenate.i36.i33.i3, i33 %sub_ln50_52, i3 0" [hilbert.cpp:50->hilbert.cpp:77]   --->   Operation 2076 'bitconcatenate' 'tmp_101' <Predicate = true> <Delay = 0.00>
ST_2 : Operation 2077 [1/1] (0.00ns)   --->   "%sext_ln50_289 = sext i36 %tmp_101" [hilbert.cpp:50->hilbert.cpp:77]   --->   Operation 2077 'sext' 'sext_ln50_289' <Predicate = true> <Delay = 0.00>
ST_2 : Operation 2078 [1/1] (0.00ns) (grouped into TernaryAdder)   --->   "%add_ln50_113 = add i42 %sub_ln50_119, i42 %sext_ln50_289" [hilbert.cpp:50->hilbert.cpp:77]   --->   Operation 2078 'add' 'add_ln50_113' <Predicate = true> <Delay = 0.00> <CoreInst = "TAddSub">   --->   Core 10 'TAddSub' <Latency = 0> <II = 1> <Delay = 0.38> <IPBlock> <Opcode : '' 'add' 'sub'> <InPorts = 3> <OutPorts = 1> <Sync> <CReg>
ST_2 : Operation 2079 [1/1] (0.75ns) (root node of TernaryAdder)   --->   "%sub_ln50_120 = sub i42 %add_ln50_113, i42 %sext_ln50_175" [hilbert.cpp:50->hilbert.cpp:77]   --->   Operation 2079 'sub' 'sub_ln50_120' <Predicate = true> <Delay = 0.75> <CoreInst = "TAddSub">   --->   Core 10 'TAddSub' <Latency = 0> <II = 1> <Delay = 0.38> <IPBlock> <Opcode : '' 'add' 'sub'> <InPorts = 3> <OutPorts = 1> <Sync> <CReg>
ST_2 : Operation 2080 [1/1] (0.00ns)   --->   "%sext_ln50_290 = sext i42 %sub_ln50_120" [hilbert.cpp:50->hilbert.cpp:77]   --->   Operation 2080 'sext' 'sext_ln50_290' <Predicate = true> <Delay = 0.00>
ST_2 : Operation 2081 [1/1] (0.00ns)   --->   "%tmp_102 = bitconcatenate i42 @_ssdm_op_BitConcatenate.i42.i33.i9, i33 %sub_ln50_30, i9 0" [hilbert.cpp:50->hilbert.cpp:77]   --->   Operation 2081 'bitconcatenate' 'tmp_102' <Predicate = true> <Delay = 0.00>
ST_2 : Operation 2082 [1/1] (0.00ns)   --->   "%sext_ln50_291 = sext i42 %tmp_102" [hilbert.cpp:50->hilbert.cpp:77]   --->   Operation 2082 'sext' 'sext_ln50_291' <Predicate = true> <Delay = 0.00>
ST_2 : Operation 2083 [1/1] (0.00ns)   --->   "%tmp_103 = bitconcatenate i40 @_ssdm_op_BitConcatenate.i40.i33.i7, i33 %sub_ln50_30, i7 0" [hilbert.cpp:50->hilbert.cpp:77]   --->   Operation 2083 'bitconcatenate' 'tmp_103' <Predicate = true> <Delay = 0.00>
ST_2 : Operation 2084 [1/1] (0.00ns)   --->   "%sext_ln50_292 = sext i40 %tmp_103" [hilbert.cpp:50->hilbert.cpp:77]   --->   Operation 2084 'sext' 'sext_ln50_292' <Predicate = true> <Delay = 0.00>
ST_2 : Operation 2085 [1/1] (0.00ns) (grouped into TernaryAdder)   --->   "%sub_ln50_121 = sub i43 %sext_ln50_291, i43 %sext_ln50_292" [hilbert.cpp:50->hilbert.cpp:77]   --->   Operation 2085 'sub' 'sub_ln50_121' <Predicate = true> <Delay = 0.00> <CoreInst = "TAddSub">   --->   Core 10 'TAddSub' <Latency = 0> <II = 1> <Delay = 0.38> <IPBlock> <Opcode : '' 'add' 'sub'> <InPorts = 3> <OutPorts = 1> <Sync> <CReg>
ST_2 : Operation 2086 [1/1] (0.00ns)   --->   "%tmp_104 = bitconcatenate i38 @_ssdm_op_BitConcatenate.i38.i33.i5, i33 %sub_ln50_30, i5 0" [hilbert.cpp:50->hilbert.cpp:77]   --->   Operation 2086 'bitconcatenate' 'tmp_104' <Predicate = true> <Delay = 0.00>
ST_2 : Operation 2087 [1/1] (0.00ns)   --->   "%sext_ln50_293 = sext i38 %tmp_104" [hilbert.cpp:50->hilbert.cpp:77]   --->   Operation 2087 'sext' 'sext_ln50_293' <Predicate = true> <Delay = 0.00>
ST_2 : Operation 2088 [1/1] (0.75ns) (root node of TernaryAdder)   --->   "%sub_ln50_122 = sub i43 %sub_ln50_121, i43 %sext_ln50_293" [hilbert.cpp:50->hilbert.cpp:77]   --->   Operation 2088 'sub' 'sub_ln50_122' <Predicate = true> <Delay = 0.75> <CoreInst = "TAddSub">   --->   Core 10 'TAddSub' <Latency = 0> <II = 1> <Delay = 0.38> <IPBlock> <Opcode : '' 'add' 'sub'> <InPorts = 3> <OutPorts = 1> <Sync> <CReg>
ST_2 : Operation 2089 [1/1] (0.00ns)   --->   "%tmp_105 = bitconcatenate i36 @_ssdm_op_BitConcatenate.i36.i33.i3, i33 %sub_ln50_30, i3 0" [hilbert.cpp:50->hilbert.cpp:77]   --->   Operation 2089 'bitconcatenate' 'tmp_105' <Predicate = true> <Delay = 0.00>
ST_2 : Operation 2090 [1/1] (0.00ns)   --->   "%sext_ln50_294 = sext i36 %tmp_105" [hilbert.cpp:50->hilbert.cpp:77]   --->   Operation 2090 'sext' 'sext_ln50_294' <Predicate = true> <Delay = 0.00>
ST_2 : Operation 2091 [1/1] (0.00ns) (grouped into TernaryAdder)   --->   "%sub_ln50_123 = sub i43 %sub_ln50_122, i43 %sext_ln50_294" [hilbert.cpp:50->hilbert.cpp:77]   --->   Operation 2091 'sub' 'sub_ln50_123' <Predicate = true> <Delay = 0.00> <CoreInst = "TAddSub">   --->   Core 10 'TAddSub' <Latency = 0> <II = 1> <Delay = 0.38> <IPBlock> <Opcode : '' 'add' 'sub'> <InPorts = 3> <OutPorts = 1> <Sync> <CReg>
ST_2 : Operation 2092 [1/1] (0.00ns)   --->   "%tmp_106 = bitconcatenate i34 @_ssdm_op_BitConcatenate.i34.i33.i1, i33 %sub_ln50_30, i1 0" [hilbert.cpp:50->hilbert.cpp:77]   --->   Operation 2092 'bitconcatenate' 'tmp_106' <Predicate = true> <Delay = 0.00>
ST_2 : Operation 2093 [1/1] (0.00ns)   --->   "%sext_ln50_295 = sext i34 %tmp_106" [hilbert.cpp:50->hilbert.cpp:77]   --->   Operation 2093 'sext' 'sext_ln50_295' <Predicate = true> <Delay = 0.00>
ST_2 : Operation 2094 [1/1] (0.75ns) (root node of TernaryAdder)   --->   "%sub_ln50_124 = sub i43 %sub_ln50_123, i43 %sext_ln50_295" [hilbert.cpp:50->hilbert.cpp:77]   --->   Operation 2094 'sub' 'sub_ln50_124' <Predicate = true> <Delay = 0.75> <CoreInst = "TAddSub">   --->   Core 10 'TAddSub' <Latency = 0> <II = 1> <Delay = 0.38> <IPBlock> <Opcode : '' 'add' 'sub'> <InPorts = 3> <OutPorts = 1> <Sync> <CReg>
ST_2 : Operation 2095 [1/1] (0.00ns)   --->   "%tmp_107 = bitconcatenate i41 @_ssdm_op_BitConcatenate.i41.i33.i8, i33 %sub_ln50_58, i8 0" [hilbert.cpp:50->hilbert.cpp:77]   --->   Operation 2095 'bitconcatenate' 'tmp_107' <Predicate = true> <Delay = 0.00>
ST_2 : Operation 2096 [1/1] (0.00ns)   --->   "%sext_ln50_296 = sext i41 %tmp_107" [hilbert.cpp:50->hilbert.cpp:77]   --->   Operation 2096 'sext' 'sext_ln50_296' <Predicate = true> <Delay = 0.00>
ST_2 : Operation 2097 [1/1] (0.00ns)   --->   "%tmp_108 = bitconcatenate i39 @_ssdm_op_BitConcatenate.i39.i33.i6, i33 %sub_ln50_58, i6 0" [hilbert.cpp:50->hilbert.cpp:77]   --->   Operation 2097 'bitconcatenate' 'tmp_108' <Predicate = true> <Delay = 0.00>
ST_2 : Operation 2098 [1/1] (0.00ns)   --->   "%sext_ln50_297 = sext i39 %tmp_108" [hilbert.cpp:50->hilbert.cpp:77]   --->   Operation 2098 'sext' 'sext_ln50_297' <Predicate = true> <Delay = 0.00>
ST_2 : Operation 2099 [1/1] (0.00ns) (grouped into TernaryAdder)   --->   "%sub_ln50_125 = sub i42 %sext_ln50_296, i42 %sext_ln50_297" [hilbert.cpp:50->hilbert.cpp:77]   --->   Operation 2099 'sub' 'sub_ln50_125' <Predicate = true> <Delay = 0.00> <CoreInst = "TAddSub">   --->   Core 10 'TAddSub' <Latency = 0> <II = 1> <Delay = 0.38> <IPBlock> <Opcode : '' 'add' 'sub'> <InPorts = 3> <OutPorts = 1> <Sync> <CReg>
ST_2 : Operation 2100 [1/1] (0.00ns)   --->   "%tmp_109 = bitconcatenate i37 @_ssdm_op_BitConcatenate.i37.i33.i4, i33 %sub_ln50_58, i4 0" [hilbert.cpp:50->hilbert.cpp:77]   --->   Operation 2100 'bitconcatenate' 'tmp_109' <Predicate = true> <Delay = 0.00>
ST_2 : Operation 2101 [1/1] (0.00ns)   --->   "%sext_ln50_298 = sext i37 %tmp_109" [hilbert.cpp:50->hilbert.cpp:77]   --->   Operation 2101 'sext' 'sext_ln50_298' <Predicate = true> <Delay = 0.00>
ST_2 : Operation 2102 [1/1] (0.75ns) (root node of TernaryAdder)   --->   "%sub_ln50_126 = sub i42 %sub_ln50_125, i42 %sext_ln50_298" [hilbert.cpp:50->hilbert.cpp:77]   --->   Operation 2102 'sub' 'sub_ln50_126' <Predicate = true> <Delay = 0.75> <CoreInst = "TAddSub">   --->   Core 10 'TAddSub' <Latency = 0> <II = 1> <Delay = 0.38> <IPBlock> <Opcode : '' 'add' 'sub'> <InPorts = 3> <OutPorts = 1> <Sync> <CReg>
ST_2 : Operation 2103 [1/1] (0.00ns)   --->   "%tmp_110 = bitconcatenate i34 @_ssdm_op_BitConcatenate.i34.i33.i1, i33 %sub_ln50_58, i1 0" [hilbert.cpp:50->hilbert.cpp:77]   --->   Operation 2103 'bitconcatenate' 'tmp_110' <Predicate = true> <Delay = 0.00>
ST_2 : Operation 2104 [1/1] (0.00ns)   --->   "%sext_ln50_299 = sext i34 %tmp_110" [hilbert.cpp:50->hilbert.cpp:77]   --->   Operation 2104 'sext' 'sext_ln50_299' <Predicate = true> <Delay = 0.00>
ST_2 : Operation 2105 [1/1] (0.00ns) (grouped into TernaryAdder)   --->   "%add_ln50_114 = add i42 %sub_ln50_126, i42 %sext_ln50_299" [hilbert.cpp:50->hilbert.cpp:77]   --->   Operation 2105 'add' 'add_ln50_114' <Predicate = true> <Delay = 0.00> <CoreInst = "TAddSub">   --->   Core 10 'TAddSub' <Latency = 0> <II = 1> <Delay = 0.38> <IPBlock> <Opcode : '' 'add' 'sub'> <InPorts = 3> <OutPorts = 1> <Sync> <CReg>
ST_2 : Operation 2106 [1/1] (0.00ns)   --->   "%tmp_111 = bitconcatenate i42 @_ssdm_op_BitConcatenate.i42.i33.i9, i33 %sub_ln50_17, i9 0" [hilbert.cpp:50->hilbert.cpp:77]   --->   Operation 2106 'bitconcatenate' 'tmp_111' <Predicate = true> <Delay = 0.00>
ST_2 : Operation 2107 [1/1] (0.00ns)   --->   "%sext_ln50_300 = sext i42 %tmp_111" [hilbert.cpp:50->hilbert.cpp:77]   --->   Operation 2107 'sext' 'sext_ln50_300' <Predicate = true> <Delay = 0.00>
ST_2 : Operation 2108 [1/1] (0.00ns)   --->   "%tmp_112 = bitconcatenate i39 @_ssdm_op_BitConcatenate.i39.i33.i6, i33 %sub_ln50_17, i6 0" [hilbert.cpp:50->hilbert.cpp:77]   --->   Operation 2108 'bitconcatenate' 'tmp_112' <Predicate = true> <Delay = 0.00>
ST_2 : Operation 2109 [1/1] (0.00ns)   --->   "%sext_ln50_301 = sext i39 %tmp_112" [hilbert.cpp:50->hilbert.cpp:77]   --->   Operation 2109 'sext' 'sext_ln50_301' <Predicate = true> <Delay = 0.00>
ST_2 : Operation 2110 [1/1] (0.00ns) (grouped into TernaryAdder)   --->   "%add_ln50_115 = add i44 %sext_ln50_300, i44 %sext_ln50_301" [hilbert.cpp:50->hilbert.cpp:77]   --->   Operation 2110 'add' 'add_ln50_115' <Predicate = true> <Delay = 0.00> <CoreInst = "TAddSub">   --->   Core 10 'TAddSub' <Latency = 0> <II = 1> <Delay = 0.38> <IPBlock> <Opcode : '' 'add' 'sub'> <InPorts = 3> <OutPorts = 1> <Sync> <CReg>
ST_2 : Operation 2111 [1/1] (0.00ns)   --->   "%tmp_113 = bitconcatenate i37 @_ssdm_op_BitConcatenate.i37.i33.i4, i33 %sub_ln50_17, i4 0" [hilbert.cpp:50->hilbert.cpp:77]   --->   Operation 2111 'bitconcatenate' 'tmp_113' <Predicate = true> <Delay = 0.00>
ST_2 : Operation 2112 [1/1] (0.00ns)   --->   "%sext_ln50_302 = sext i37 %tmp_113" [hilbert.cpp:50->hilbert.cpp:77]   --->   Operation 2112 'sext' 'sext_ln50_302' <Predicate = true> <Delay = 0.00>
ST_2 : Operation 2113 [1/1] (0.75ns) (root node of TernaryAdder)   --->   "%add_ln50_116 = add i44 %add_ln50_115, i44 %sext_ln50_302" [hilbert.cpp:50->hilbert.cpp:77]   --->   Operation 2113 'add' 'add_ln50_116' <Predicate = true> <Delay = 0.75> <CoreInst = "TAddSub">   --->   Core 10 'TAddSub' <Latency = 0> <II = 1> <Delay = 0.38> <IPBlock> <Opcode : '' 'add' 'sub'> <InPorts = 3> <OutPorts = 1> <Sync> <CReg>
ST_2 : Operation 2114 [1/1] (0.00ns)   --->   "%tmp_114 = bitconcatenate i35 @_ssdm_op_BitConcatenate.i35.i33.i2, i33 %sub_ln50_17, i2 0" [hilbert.cpp:50->hilbert.cpp:77]   --->   Operation 2114 'bitconcatenate' 'tmp_114' <Predicate = true> <Delay = 0.00>
ST_2 : Operation 2115 [1/1] (0.00ns)   --->   "%sext_ln50_303 = sext i35 %tmp_114" [hilbert.cpp:50->hilbert.cpp:77]   --->   Operation 2115 'sext' 'sext_ln50_303' <Predicate = true> <Delay = 0.00>
ST_2 : Operation 2116 [1/1] (0.00ns) (grouped into TernaryAdder)   --->   "%add_ln50_117 = add i44 %add_ln50_116, i44 %sext_ln50_303" [hilbert.cpp:50->hilbert.cpp:77]   --->   Operation 2116 'add' 'add_ln50_117' <Predicate = true> <Delay = 0.00> <CoreInst = "TAddSub">   --->   Core 10 'TAddSub' <Latency = 0> <II = 1> <Delay = 0.38> <IPBlock> <Opcode : '' 'add' 'sub'> <InPorts = 3> <OutPorts = 1> <Sync> <CReg>
ST_2 : Operation 2117 [1/1] (0.00ns)   --->   "%tmp_115 = bitconcatenate i41 @_ssdm_op_BitConcatenate.i41.i33.i8, i33 %sub_ln50_34, i8 0" [hilbert.cpp:50->hilbert.cpp:77]   --->   Operation 2117 'bitconcatenate' 'tmp_115' <Predicate = true> <Delay = 0.00>
ST_2 : Operation 2118 [1/1] (0.00ns)   --->   "%sext_ln50_304 = sext i41 %tmp_115" [hilbert.cpp:50->hilbert.cpp:77]   --->   Operation 2118 'sext' 'sext_ln50_304' <Predicate = true> <Delay = 0.00>
ST_2 : Operation 2119 [1/1] (0.00ns)   --->   "%tmp_116 = bitconcatenate i39 @_ssdm_op_BitConcatenate.i39.i33.i6, i33 %sub_ln50_34, i6 0" [hilbert.cpp:50->hilbert.cpp:77]   --->   Operation 2119 'bitconcatenate' 'tmp_116' <Predicate = true> <Delay = 0.00>
ST_2 : Operation 2120 [1/1] (0.00ns)   --->   "%sext_ln50_305 = sext i39 %tmp_116" [hilbert.cpp:50->hilbert.cpp:77]   --->   Operation 2120 'sext' 'sext_ln50_305' <Predicate = true> <Delay = 0.00>
ST_2 : Operation 2121 [1/1] (1.04ns)   --->   "%add_ln50_118 = add i43 %sext_ln50_304, i43 %sext_ln50_305" [hilbert.cpp:50->hilbert.cpp:77]   --->   Operation 2121 'add' 'add_ln50_118' <Predicate = true> <Delay = 1.04> <CoreInst = "Adder">   --->   Core 1 'Adder' <Latency = 0> <II = 1> <Delay = 1.04> <FuncUnit> <Opcode : 'add' 'sub'> <InPorts = 2> <OutPorts = 1>
ST_2 : Operation 2122 [1/1] (0.00ns)   --->   "%tmp_117 = bitconcatenate i37 @_ssdm_op_BitConcatenate.i37.i33.i4, i33 %sub_ln50_34, i4 0" [hilbert.cpp:50->hilbert.cpp:77]   --->   Operation 2122 'bitconcatenate' 'tmp_117' <Predicate = true> <Delay = 0.00>
ST_2 : Operation 2123 [1/1] (0.00ns)   --->   "%sext_ln50_306 = sext i37 %tmp_117" [hilbert.cpp:50->hilbert.cpp:77]   --->   Operation 2123 'sext' 'sext_ln50_306' <Predicate = true> <Delay = 0.00>
ST_2 : Operation 2124 [1/1] (0.00ns) (grouped into TernaryAdder)   --->   "%sub_ln50_127 = sub i43 %add_ln50_118, i43 %sext_ln50_306" [hilbert.cpp:50->hilbert.cpp:77]   --->   Operation 2124 'sub' 'sub_ln50_127' <Predicate = true> <Delay = 0.00> <CoreInst = "TAddSub">   --->   Core 10 'TAddSub' <Latency = 0> <II = 1> <Delay = 0.38> <IPBlock> <Opcode : '' 'add' 'sub'> <InPorts = 3> <OutPorts = 1> <Sync> <CReg>
ST_2 : Operation 2125 [1/1] (0.00ns)   --->   "%tmp_118 = bitconcatenate i34 @_ssdm_op_BitConcatenate.i34.i33.i1, i33 %sub_ln50_34, i1 0" [hilbert.cpp:50->hilbert.cpp:77]   --->   Operation 2125 'bitconcatenate' 'tmp_118' <Predicate = true> <Delay = 0.00>
ST_2 : Operation 2126 [1/1] (0.00ns)   --->   "%sext_ln50_307 = sext i34 %tmp_118" [hilbert.cpp:50->hilbert.cpp:77]   --->   Operation 2126 'sext' 'sext_ln50_307' <Predicate = true> <Delay = 0.00>
ST_2 : Operation 2127 [1/1] (0.75ns) (root node of TernaryAdder)   --->   "%sub_ln50_128 = sub i43 %sub_ln50_127, i43 %sext_ln50_307" [hilbert.cpp:50->hilbert.cpp:77]   --->   Operation 2127 'sub' 'sub_ln50_128' <Predicate = true> <Delay = 0.75> <CoreInst = "TAddSub">   --->   Core 10 'TAddSub' <Latency = 0> <II = 1> <Delay = 0.38> <IPBlock> <Opcode : '' 'add' 'sub'> <InPorts = 3> <OutPorts = 1> <Sync> <CReg>
ST_2 : Operation 2128 [1/1] (0.00ns)   --->   "%tmp_119 = bitconcatenate i43 @_ssdm_op_BitConcatenate.i43.i33.i10, i33 %sub_ln50_9, i10 0" [hilbert.cpp:50->hilbert.cpp:77]   --->   Operation 2128 'bitconcatenate' 'tmp_119' <Predicate = true> <Delay = 0.00>
ST_2 : Operation 2129 [1/1] (0.00ns)   --->   "%sext_ln50_308 = sext i43 %tmp_119" [hilbert.cpp:50->hilbert.cpp:77]   --->   Operation 2129 'sext' 'sext_ln50_308' <Predicate = true> <Delay = 0.00>
ST_2 : Operation 2130 [1/1] (0.00ns)   --->   "%tmp_120 = bitconcatenate i39 @_ssdm_op_BitConcatenate.i39.i33.i6, i33 %sub_ln50_9, i6 0" [hilbert.cpp:50->hilbert.cpp:77]   --->   Operation 2130 'bitconcatenate' 'tmp_120' <Predicate = true> <Delay = 0.00>
ST_2 : Operation 2131 [1/1] (0.00ns)   --->   "%sext_ln50_309 = sext i39 %tmp_120" [hilbert.cpp:50->hilbert.cpp:77]   --->   Operation 2131 'sext' 'sext_ln50_309' <Predicate = true> <Delay = 0.00>
ST_2 : Operation 2132 [1/1] (0.00ns) (grouped into TernaryAdder)   --->   "%add_ln50_119 = add i45 %sext_ln50_308, i45 %sext_ln50_309" [hilbert.cpp:50->hilbert.cpp:77]   --->   Operation 2132 'add' 'add_ln50_119' <Predicate = true> <Delay = 0.00> <CoreInst = "TAddSub">   --->   Core 10 'TAddSub' <Latency = 0> <II = 1> <Delay = 0.38> <IPBlock> <Opcode : '' 'add' 'sub'> <InPorts = 3> <OutPorts = 1> <Sync> <CReg>
ST_2 : Operation 2133 [1/1] (0.00ns)   --->   "%tmp_121 = bitconcatenate i36 @_ssdm_op_BitConcatenate.i36.i33.i3, i33 %sub_ln50_9, i3 0" [hilbert.cpp:50->hilbert.cpp:77]   --->   Operation 2133 'bitconcatenate' 'tmp_121' <Predicate = true> <Delay = 0.00>
ST_2 : Operation 2134 [1/1] (0.00ns)   --->   "%sext_ln50_310 = sext i36 %tmp_121" [hilbert.cpp:50->hilbert.cpp:77]   --->   Operation 2134 'sext' 'sext_ln50_310' <Predicate = true> <Delay = 0.00>
ST_2 : Operation 2135 [1/1] (0.76ns) (root node of TernaryAdder)   --->   "%add_ln50_120 = add i45 %add_ln50_119, i45 %sext_ln50_310" [hilbert.cpp:50->hilbert.cpp:77]   --->   Operation 2135 'add' 'add_ln50_120' <Predicate = true> <Delay = 0.76> <CoreInst = "TAddSub">   --->   Core 10 'TAddSub' <Latency = 0> <II = 1> <Delay = 0.38> <IPBlock> <Opcode : '' 'add' 'sub'> <InPorts = 3> <OutPorts = 1> <Sync> <CReg>
ST_2 : Operation 2136 [1/1] (0.00ns)   --->   "%tmp_122 = bitconcatenate i34 @_ssdm_op_BitConcatenate.i34.i33.i1, i33 %sub_ln50_9, i1 0" [hilbert.cpp:50->hilbert.cpp:77]   --->   Operation 2136 'bitconcatenate' 'tmp_122' <Predicate = true> <Delay = 0.00>
ST_2 : Operation 2137 [1/1] (0.00ns)   --->   "%sext_ln50_311 = sext i34 %tmp_122" [hilbert.cpp:50->hilbert.cpp:77]   --->   Operation 2137 'sext' 'sext_ln50_311' <Predicate = true> <Delay = 0.00>
ST_2 : Operation 2138 [1/1] (0.00ns) (grouped into TernaryAdder)   --->   "%add_ln50_121 = add i45 %add_ln50_120, i45 %sext_ln50_311" [hilbert.cpp:50->hilbert.cpp:77]   --->   Operation 2138 'add' 'add_ln50_121' <Predicate = true> <Delay = 0.00> <CoreInst = "TAddSub">   --->   Core 10 'TAddSub' <Latency = 0> <II = 1> <Delay = 0.38> <IPBlock> <Opcode : '' 'add' 'sub'> <InPorts = 3> <OutPorts = 1> <Sync> <CReg>
ST_2 : Operation 2139 [1/1] (0.00ns)   --->   "%tmp_123 = bitconcatenate i42 @_ssdm_op_BitConcatenate.i42.i33.i9, i33 %sub_ln50_29, i9 0" [hilbert.cpp:50->hilbert.cpp:77]   --->   Operation 2139 'bitconcatenate' 'tmp_123' <Predicate = true> <Delay = 0.00>
ST_2 : Operation 2140 [1/1] (0.00ns)   --->   "%sext_ln50_312 = sext i42 %tmp_123" [hilbert.cpp:50->hilbert.cpp:77]   --->   Operation 2140 'sext' 'sext_ln50_312' <Predicate = true> <Delay = 0.00>
ST_2 : Operation 2141 [1/1] (0.00ns)   --->   "%tmp_124 = bitconcatenate i40 @_ssdm_op_BitConcatenate.i40.i33.i7, i33 %sub_ln50_29, i7 0" [hilbert.cpp:50->hilbert.cpp:77]   --->   Operation 2141 'bitconcatenate' 'tmp_124' <Predicate = true> <Delay = 0.00>
ST_2 : Operation 2142 [1/1] (0.00ns)   --->   "%sext_ln50_313 = sext i40 %tmp_124" [hilbert.cpp:50->hilbert.cpp:77]   --->   Operation 2142 'sext' 'sext_ln50_313' <Predicate = true> <Delay = 0.00>
ST_2 : Operation 2143 [1/1] (0.00ns) (grouped into TernaryAdder)   --->   "%sub_ln50_129 = sub i43 %sext_ln50_312, i43 %sext_ln50_313" [hilbert.cpp:50->hilbert.cpp:77]   --->   Operation 2143 'sub' 'sub_ln50_129' <Predicate = true> <Delay = 0.00> <CoreInst = "TAddSub">   --->   Core 10 'TAddSub' <Latency = 0> <II = 1> <Delay = 0.38> <IPBlock> <Opcode : '' 'add' 'sub'> <InPorts = 3> <OutPorts = 1> <Sync> <CReg>
ST_2 : Operation 2144 [1/1] (0.00ns)   --->   "%tmp_125 = bitconcatenate i38 @_ssdm_op_BitConcatenate.i38.i33.i5, i33 %sub_ln50_29, i5 0" [hilbert.cpp:50->hilbert.cpp:77]   --->   Operation 2144 'bitconcatenate' 'tmp_125' <Predicate = true> <Delay = 0.00>
ST_2 : Operation 2145 [1/1] (0.00ns)   --->   "%sext_ln50_314 = sext i38 %tmp_125" [hilbert.cpp:50->hilbert.cpp:77]   --->   Operation 2145 'sext' 'sext_ln50_314' <Predicate = true> <Delay = 0.00>
ST_2 : Operation 2146 [1/1] (0.75ns) (root node of TernaryAdder)   --->   "%sub_ln50_130 = sub i43 %sub_ln50_129, i43 %sext_ln50_314" [hilbert.cpp:50->hilbert.cpp:77]   --->   Operation 2146 'sub' 'sub_ln50_130' <Predicate = true> <Delay = 0.75> <CoreInst = "TAddSub">   --->   Core 10 'TAddSub' <Latency = 0> <II = 1> <Delay = 0.38> <IPBlock> <Opcode : '' 'add' 'sub'> <InPorts = 3> <OutPorts = 1> <Sync> <CReg>
ST_2 : Operation 2147 [1/1] (0.00ns)   --->   "%tmp_126 = bitconcatenate i34 @_ssdm_op_BitConcatenate.i34.i33.i1, i33 %sub_ln50_29, i1 0" [hilbert.cpp:50->hilbert.cpp:77]   --->   Operation 2147 'bitconcatenate' 'tmp_126' <Predicate = true> <Delay = 0.00>
ST_2 : Operation 2148 [1/1] (0.00ns)   --->   "%sext_ln50_315 = sext i34 %tmp_126" [hilbert.cpp:50->hilbert.cpp:77]   --->   Operation 2148 'sext' 'sext_ln50_315' <Predicate = true> <Delay = 0.00>
ST_2 : Operation 2149 [1/1] (0.00ns) (grouped into TernaryAdder)   --->   "%add_ln50_122 = add i43 %sub_ln50_130, i43 %sext_ln50_315" [hilbert.cpp:50->hilbert.cpp:77]   --->   Operation 2149 'add' 'add_ln50_122' <Predicate = true> <Delay = 0.00> <CoreInst = "TAddSub">   --->   Core 10 'TAddSub' <Latency = 0> <II = 1> <Delay = 0.38> <IPBlock> <Opcode : '' 'add' 'sub'> <InPorts = 3> <OutPorts = 1> <Sync> <CReg>
ST_2 : Operation 2150 [1/1] (0.00ns)   --->   "%tmp_127 = bitconcatenate i40 @_ssdm_op_BitConcatenate.i40.i33.i7, i33 %sub_ln50_69, i7 0" [hilbert.cpp:50->hilbert.cpp:77]   --->   Operation 2150 'bitconcatenate' 'tmp_127' <Predicate = true> <Delay = 0.00>
ST_2 : Operation 2151 [1/1] (0.00ns)   --->   "%sext_ln50_316 = sext i40 %tmp_127" [hilbert.cpp:50->hilbert.cpp:77]   --->   Operation 2151 'sext' 'sext_ln50_316' <Predicate = true> <Delay = 0.00>
ST_2 : Operation 2152 [1/1] (0.00ns)   --->   "%tmp_128 = bitconcatenate i38 @_ssdm_op_BitConcatenate.i38.i33.i5, i33 %sub_ln50_69, i5 0" [hilbert.cpp:50->hilbert.cpp:77]   --->   Operation 2152 'bitconcatenate' 'tmp_128' <Predicate = true> <Delay = 0.00>
ST_2 : Operation 2153 [1/1] (0.00ns)   --->   "%sext_ln50_317 = sext i38 %tmp_128" [hilbert.cpp:50->hilbert.cpp:77]   --->   Operation 2153 'sext' 'sext_ln50_317' <Predicate = true> <Delay = 0.00>
ST_2 : Operation 2154 [1/1] (1.03ns)   --->   "%add_ln50_123 = add i42 %sext_ln50_316, i42 %sext_ln50_317" [hilbert.cpp:50->hilbert.cpp:77]   --->   Operation 2154 'add' 'add_ln50_123' <Predicate = true> <Delay = 1.03> <CoreInst = "Adder">   --->   Core 1 'Adder' <Latency = 0> <II = 1> <Delay = 1.03> <FuncUnit> <Opcode : 'add' 'sub'> <InPorts = 2> <OutPorts = 1>
ST_2 : Operation 2155 [1/1] (0.00ns)   --->   "%tmp_129 = bitconcatenate i36 @_ssdm_op_BitConcatenate.i36.i33.i3, i33 %sub_ln50_69, i3 0" [hilbert.cpp:50->hilbert.cpp:77]   --->   Operation 2155 'bitconcatenate' 'tmp_129' <Predicate = true> <Delay = 0.00>
ST_2 : Operation 2156 [1/1] (0.00ns)   --->   "%sext_ln50_318 = sext i36 %tmp_129" [hilbert.cpp:50->hilbert.cpp:77]   --->   Operation 2156 'sext' 'sext_ln50_318' <Predicate = true> <Delay = 0.00>
ST_2 : Operation 2157 [1/1] (0.00ns) (grouped into TernaryAdder)   --->   "%sub_ln50_131 = sub i42 %add_ln50_123, i42 %sext_ln50_318" [hilbert.cpp:50->hilbert.cpp:77]   --->   Operation 2157 'sub' 'sub_ln50_131' <Predicate = true> <Delay = 0.00> <CoreInst = "TAddSub">   --->   Core 10 'TAddSub' <Latency = 0> <II = 1> <Delay = 0.38> <IPBlock> <Opcode : '' 'add' 'sub'> <InPorts = 3> <OutPorts = 1> <Sync> <CReg>
ST_2 : Operation 2158 [1/1] (0.00ns)   --->   "%tmp_130 = bitconcatenate i34 @_ssdm_op_BitConcatenate.i34.i33.i1, i33 %sub_ln50_69, i1 0" [hilbert.cpp:50->hilbert.cpp:77]   --->   Operation 2158 'bitconcatenate' 'tmp_130' <Predicate = true> <Delay = 0.00>
ST_2 : Operation 2159 [1/1] (0.00ns)   --->   "%sext_ln50_319 = sext i34 %tmp_130" [hilbert.cpp:50->hilbert.cpp:77]   --->   Operation 2159 'sext' 'sext_ln50_319' <Predicate = true> <Delay = 0.00>
ST_2 : Operation 2160 [1/1] (0.75ns) (root node of TernaryAdder)   --->   "%sub_ln50_132 = sub i42 %sub_ln50_131, i42 %sext_ln50_319" [hilbert.cpp:50->hilbert.cpp:77]   --->   Operation 2160 'sub' 'sub_ln50_132' <Predicate = true> <Delay = 0.75> <CoreInst = "TAddSub">   --->   Core 10 'TAddSub' <Latency = 0> <II = 1> <Delay = 0.38> <IPBlock> <Opcode : '' 'add' 'sub'> <InPorts = 3> <OutPorts = 1> <Sync> <CReg>
ST_2 : Operation 2161 [1/1] (0.00ns)   --->   "%tmp_131 = bitconcatenate i40 @_ssdm_op_BitConcatenate.i40.i33.i7, i33 %sub_ln50_74, i7 0" [hilbert.cpp:50->hilbert.cpp:77]   --->   Operation 2161 'bitconcatenate' 'tmp_131' <Predicate = true> <Delay = 0.00>
ST_2 : Operation 2162 [1/1] (0.00ns)   --->   "%sext_ln50_320 = sext i40 %tmp_131" [hilbert.cpp:50->hilbert.cpp:77]   --->   Operation 2162 'sext' 'sext_ln50_320' <Predicate = true> <Delay = 0.00>
ST_2 : Operation 2163 [1/1] (0.00ns)   --->   "%tmp_132 = bitconcatenate i37 @_ssdm_op_BitConcatenate.i37.i33.i4, i33 %sub_ln50_74, i4 0" [hilbert.cpp:50->hilbert.cpp:77]   --->   Operation 2163 'bitconcatenate' 'tmp_132' <Predicate = true> <Delay = 0.00>
ST_2 : Operation 2164 [1/1] (0.00ns)   --->   "%sext_ln50_321 = sext i37 %tmp_132" [hilbert.cpp:50->hilbert.cpp:77]   --->   Operation 2164 'sext' 'sext_ln50_321' <Predicate = true> <Delay = 0.00>
ST_2 : Operation 2165 [1/1] (1.03ns)   --->   "%add_ln50_124 = add i42 %sext_ln50_320, i42 %sext_ln50_321" [hilbert.cpp:50->hilbert.cpp:77]   --->   Operation 2165 'add' 'add_ln50_124' <Predicate = true> <Delay = 1.03> <CoreInst = "Adder">   --->   Core 1 'Adder' <Latency = 0> <II = 1> <Delay = 1.03> <FuncUnit> <Opcode : 'add' 'sub'> <InPorts = 2> <OutPorts = 1>
ST_2 : Operation 2166 [1/1] (0.00ns)   --->   "%tmp_133 = bitconcatenate i35 @_ssdm_op_BitConcatenate.i35.i33.i2, i33 %sub_ln50_74, i2 0" [hilbert.cpp:50->hilbert.cpp:77]   --->   Operation 2166 'bitconcatenate' 'tmp_133' <Predicate = true> <Delay = 0.00>
ST_2 : Operation 2167 [1/1] (0.00ns)   --->   "%sext_ln50_322 = sext i35 %tmp_133" [hilbert.cpp:50->hilbert.cpp:77]   --->   Operation 2167 'sext' 'sext_ln50_322' <Predicate = true> <Delay = 0.00>
ST_2 : Operation 2168 [1/1] (0.00ns) (grouped into TernaryAdder)   --->   "%sub_ln50_133 = sub i42 %add_ln50_124, i42 %sext_ln50_322" [hilbert.cpp:50->hilbert.cpp:77]   --->   Operation 2168 'sub' 'sub_ln50_133' <Predicate = true> <Delay = 0.00> <CoreInst = "TAddSub">   --->   Core 10 'TAddSub' <Latency = 0> <II = 1> <Delay = 0.38> <IPBlock> <Opcode : '' 'add' 'sub'> <InPorts = 3> <OutPorts = 1> <Sync> <CReg>
ST_2 : Operation 2169 [1/1] (0.00ns)   --->   "%tmp_134 = bitconcatenate i41 @_ssdm_op_BitConcatenate.i41.i33.i8, i33 %sub_ln50_48, i8 0" [hilbert.cpp:50->hilbert.cpp:77]   --->   Operation 2169 'bitconcatenate' 'tmp_134' <Predicate = true> <Delay = 0.00>
ST_2 : Operation 2170 [1/1] (0.00ns)   --->   "%sext_ln50_323 = sext i41 %tmp_134" [hilbert.cpp:50->hilbert.cpp:77]   --->   Operation 2170 'sext' 'sext_ln50_323' <Predicate = true> <Delay = 0.00>
ST_2 : Operation 2171 [1/1] (0.00ns)   --->   "%tmp_135 = bitconcatenate i38 @_ssdm_op_BitConcatenate.i38.i33.i5, i33 %sub_ln50_48, i5 0" [hilbert.cpp:50->hilbert.cpp:77]   --->   Operation 2171 'bitconcatenate' 'tmp_135' <Predicate = true> <Delay = 0.00>
ST_2 : Operation 2172 [1/1] (0.00ns)   --->   "%sext_ln50_324 = sext i38 %tmp_135" [hilbert.cpp:50->hilbert.cpp:77]   --->   Operation 2172 'sext' 'sext_ln50_324' <Predicate = true> <Delay = 0.00>
ST_2 : Operation 2173 [1/1] (0.00ns) (grouped into TernaryAdder)   --->   "%sub_ln50_134 = sub i42 %sext_ln50_323, i42 %sext_ln50_324" [hilbert.cpp:50->hilbert.cpp:77]   --->   Operation 2173 'sub' 'sub_ln50_134' <Predicate = true> <Delay = 0.00> <CoreInst = "TAddSub">   --->   Core 10 'TAddSub' <Latency = 0> <II = 1> <Delay = 0.38> <IPBlock> <Opcode : '' 'add' 'sub'> <InPorts = 3> <OutPorts = 1> <Sync> <CReg>
ST_2 : Operation 2174 [1/1] (0.00ns)   --->   "%tmp_136 = bitconcatenate i36 @_ssdm_op_BitConcatenate.i36.i33.i3, i33 %sub_ln50_48, i3 0" [hilbert.cpp:50->hilbert.cpp:77]   --->   Operation 2174 'bitconcatenate' 'tmp_136' <Predicate = true> <Delay = 0.00>
ST_2 : Operation 2175 [1/1] (0.00ns)   --->   "%sext_ln50_325 = sext i36 %tmp_136" [hilbert.cpp:50->hilbert.cpp:77]   --->   Operation 2175 'sext' 'sext_ln50_325' <Predicate = true> <Delay = 0.00>
ST_2 : Operation 2176 [1/1] (0.75ns) (root node of TernaryAdder)   --->   "%sub_ln50_135 = sub i42 %sub_ln50_134, i42 %sext_ln50_325" [hilbert.cpp:50->hilbert.cpp:77]   --->   Operation 2176 'sub' 'sub_ln50_135' <Predicate = true> <Delay = 0.75> <CoreInst = "TAddSub">   --->   Core 10 'TAddSub' <Latency = 0> <II = 1> <Delay = 0.38> <IPBlock> <Opcode : '' 'add' 'sub'> <InPorts = 3> <OutPorts = 1> <Sync> <CReg>
ST_2 : Operation 2177 [1/1] (0.00ns) (grouped into TernaryAdder)   --->   "%sub_ln50_136 = sub i42 %sub_ln50_135, i42 %sext_ln50_171" [hilbert.cpp:50->hilbert.cpp:77]   --->   Operation 2177 'sub' 'sub_ln50_136' <Predicate = true> <Delay = 0.00> <CoreInst = "TAddSub">   --->   Core 10 'TAddSub' <Latency = 0> <II = 1> <Delay = 0.38> <IPBlock> <Opcode : '' 'add' 'sub'> <InPorts = 3> <OutPorts = 1> <Sync> <CReg>
ST_2 : Operation 2178 [1/1] (0.00ns)   --->   "%tmp_137 = bitconcatenate i41 @_ssdm_op_BitConcatenate.i41.i33.i8, i33 %sub_ln50_43, i8 0" [hilbert.cpp:50->hilbert.cpp:77]   --->   Operation 2178 'bitconcatenate' 'tmp_137' <Predicate = true> <Delay = 0.00>
ST_2 : Operation 2179 [1/1] (0.00ns)   --->   "%sext_ln50_326 = sext i41 %tmp_137" [hilbert.cpp:50->hilbert.cpp:77]   --->   Operation 2179 'sext' 'sext_ln50_326' <Predicate = true> <Delay = 0.00>
ST_2 : Operation 2180 [1/1] (0.00ns)   --->   "%tmp_138 = bitconcatenate i37 @_ssdm_op_BitConcatenate.i37.i33.i4, i33 %sub_ln50_43, i4 0" [hilbert.cpp:50->hilbert.cpp:77]   --->   Operation 2180 'bitconcatenate' 'tmp_138' <Predicate = true> <Delay = 0.00>
ST_2 : Operation 2181 [1/1] (0.00ns)   --->   "%sext_ln50_327 = sext i37 %tmp_138" [hilbert.cpp:50->hilbert.cpp:77]   --->   Operation 2181 'sext' 'sext_ln50_327' <Predicate = true> <Delay = 0.00>
ST_2 : Operation 2182 [1/1] (1.04ns)   --->   "%sub_ln50_137 = sub i42 %sext_ln50_326, i42 %sext_ln50_327" [hilbert.cpp:50->hilbert.cpp:77]   --->   Operation 2182 'sub' 'sub_ln50_137' <Predicate = true> <Delay = 1.04> <CoreInst = "Adder">   --->   Core 1 'Adder' <Latency = 0> <II = 1> <Delay = 1.04> <FuncUnit> <Opcode : 'add' 'sub'> <InPorts = 2> <OutPorts = 1>
ST_2 : Operation 2183 [1/1] (0.00ns)   --->   "%tmp_139 = bitconcatenate i41 @_ssdm_op_BitConcatenate.i41.i33.i8, i33 %sub_ln50_57, i8 0" [hilbert.cpp:50->hilbert.cpp:77]   --->   Operation 2183 'bitconcatenate' 'tmp_139' <Predicate = true> <Delay = 0.00>
ST_2 : Operation 2184 [1/1] (0.00ns)   --->   "%sext_ln50_328 = sext i41 %tmp_139" [hilbert.cpp:50->hilbert.cpp:77]   --->   Operation 2184 'sext' 'sext_ln50_328' <Predicate = true> <Delay = 0.00>
ST_2 : Operation 2185 [1/1] (0.00ns)   --->   "%tmp_140 = bitconcatenate i39 @_ssdm_op_BitConcatenate.i39.i33.i6, i33 %sub_ln50_57, i6 0" [hilbert.cpp:50->hilbert.cpp:77]   --->   Operation 2185 'bitconcatenate' 'tmp_140' <Predicate = true> <Delay = 0.00>
ST_2 : Operation 2186 [1/1] (0.00ns)   --->   "%sext_ln50_329 = sext i39 %tmp_140" [hilbert.cpp:50->hilbert.cpp:77]   --->   Operation 2186 'sext' 'sext_ln50_329' <Predicate = true> <Delay = 0.00>
ST_2 : Operation 2187 [1/1] (1.04ns)   --->   "%sub_ln50_138 = sub i42 %sext_ln50_328, i42 %sext_ln50_329" [hilbert.cpp:50->hilbert.cpp:77]   --->   Operation 2187 'sub' 'sub_ln50_138' <Predicate = true> <Delay = 1.04> <CoreInst = "Adder">   --->   Core 1 'Adder' <Latency = 0> <II = 1> <Delay = 1.04> <FuncUnit> <Opcode : 'add' 'sub'> <InPorts = 2> <OutPorts = 1>
ST_2 : Operation 2188 [1/1] (0.00ns)   --->   "%tmp_141 = bitconcatenate i37 @_ssdm_op_BitConcatenate.i37.i33.i4, i33 %sub_ln50_57, i4 0" [hilbert.cpp:50->hilbert.cpp:77]   --->   Operation 2188 'bitconcatenate' 'tmp_141' <Predicate = true> <Delay = 0.00>
ST_2 : Operation 2189 [1/1] (0.00ns)   --->   "%sext_ln50_330 = sext i37 %tmp_141" [hilbert.cpp:50->hilbert.cpp:77]   --->   Operation 2189 'sext' 'sext_ln50_330' <Predicate = true> <Delay = 0.00>
ST_2 : Operation 2190 [1/1] (0.00ns) (grouped into TernaryAdder)   --->   "%sub_ln50_139 = sub i42 %sub_ln50_138, i42 %sext_ln50_330" [hilbert.cpp:50->hilbert.cpp:77]   --->   Operation 2190 'sub' 'sub_ln50_139' <Predicate = true> <Delay = 0.00> <CoreInst = "TAddSub">   --->   Core 10 'TAddSub' <Latency = 0> <II = 1> <Delay = 0.38> <IPBlock> <Opcode : '' 'add' 'sub'> <InPorts = 3> <OutPorts = 1> <Sync> <CReg>
ST_2 : Operation 2191 [1/1] (0.00ns)   --->   "%tmp_142 = bitconcatenate i35 @_ssdm_op_BitConcatenate.i35.i33.i2, i33 %sub_ln50_57, i2 0" [hilbert.cpp:50->hilbert.cpp:77]   --->   Operation 2191 'bitconcatenate' 'tmp_142' <Predicate = true> <Delay = 0.00>
ST_2 : Operation 2192 [1/1] (0.00ns)   --->   "%sext_ln50_331 = sext i35 %tmp_142" [hilbert.cpp:50->hilbert.cpp:77]   --->   Operation 2192 'sext' 'sext_ln50_331' <Predicate = true> <Delay = 0.00>
ST_2 : Operation 2193 [1/1] (0.75ns) (root node of TernaryAdder)   --->   "%add_ln50_125 = add i42 %sub_ln50_139, i42 %sext_ln50_331" [hilbert.cpp:50->hilbert.cpp:77]   --->   Operation 2193 'add' 'add_ln50_125' <Predicate = true> <Delay = 0.75> <CoreInst = "TAddSub">   --->   Core 10 'TAddSub' <Latency = 0> <II = 1> <Delay = 0.38> <IPBlock> <Opcode : '' 'add' 'sub'> <InPorts = 3> <OutPorts = 1> <Sync> <CReg>
ST_2 : Operation 2194 [1/1] (0.00ns) (grouped into TernaryAdder)   --->   "%add_ln50_126 = add i42 %add_ln50_125, i42 %sext_ln50_179" [hilbert.cpp:50->hilbert.cpp:77]   --->   Operation 2194 'add' 'add_ln50_126' <Predicate = true> <Delay = 0.00> <CoreInst = "TAddSub">   --->   Core 10 'TAddSub' <Latency = 0> <II = 1> <Delay = 0.38> <IPBlock> <Opcode : '' 'add' 'sub'> <InPorts = 3> <OutPorts = 1> <Sync> <CReg>
ST_2 : Operation 2195 [1/1] (0.00ns)   --->   "%tmp_143 = bitconcatenate i42 @_ssdm_op_BitConcatenate.i42.i33.i9, i33 %sub_ln50_24, i9 0" [hilbert.cpp:50->hilbert.cpp:77]   --->   Operation 2195 'bitconcatenate' 'tmp_143' <Predicate = true> <Delay = 0.00>
ST_2 : Operation 2196 [1/1] (0.00ns)   --->   "%sext_ln50_332 = sext i42 %tmp_143" [hilbert.cpp:50->hilbert.cpp:77]   --->   Operation 2196 'sext' 'sext_ln50_332' <Predicate = true> <Delay = 0.00>
ST_2 : Operation 2197 [1/1] (0.00ns)   --->   "%tmp_144 = bitconcatenate i40 @_ssdm_op_BitConcatenate.i40.i33.i7, i33 %sub_ln50_24, i7 0" [hilbert.cpp:50->hilbert.cpp:77]   --->   Operation 2197 'bitconcatenate' 'tmp_144' <Predicate = true> <Delay = 0.00>
ST_2 : Operation 2198 [1/1] (0.00ns)   --->   "%sext_ln50_333 = sext i40 %tmp_144" [hilbert.cpp:50->hilbert.cpp:77]   --->   Operation 2198 'sext' 'sext_ln50_333' <Predicate = true> <Delay = 0.00>
ST_2 : Operation 2199 [1/1] (1.04ns)   --->   "%sub_ln50_140 = sub i43 %sext_ln50_332, i43 %sext_ln50_333" [hilbert.cpp:50->hilbert.cpp:77]   --->   Operation 2199 'sub' 'sub_ln50_140' <Predicate = true> <Delay = 1.04> <CoreInst = "Adder">   --->   Core 1 'Adder' <Latency = 0> <II = 1> <Delay = 1.04> <FuncUnit> <Opcode : 'add' 'sub'> <InPorts = 2> <OutPorts = 1>
ST_2 : Operation 2200 [1/1] (0.00ns)   --->   "%tmp_145 = bitconcatenate i38 @_ssdm_op_BitConcatenate.i38.i33.i5, i33 %sub_ln50_24, i5 0" [hilbert.cpp:50->hilbert.cpp:77]   --->   Operation 2200 'bitconcatenate' 'tmp_145' <Predicate = true> <Delay = 0.00>
ST_2 : Operation 2201 [1/1] (0.00ns)   --->   "%sext_ln50_334 = sext i38 %tmp_145" [hilbert.cpp:50->hilbert.cpp:77]   --->   Operation 2201 'sext' 'sext_ln50_334' <Predicate = true> <Delay = 0.00>
ST_2 : Operation 2202 [1/1] (0.00ns) (grouped into TernaryAdder)   --->   "%add_ln50_127 = add i43 %sub_ln50_140, i43 %sext_ln50_334" [hilbert.cpp:50->hilbert.cpp:77]   --->   Operation 2202 'add' 'add_ln50_127' <Predicate = true> <Delay = 0.00> <CoreInst = "TAddSub">   --->   Core 10 'TAddSub' <Latency = 0> <II = 1> <Delay = 0.38> <IPBlock> <Opcode : '' 'add' 'sub'> <InPorts = 3> <OutPorts = 1> <Sync> <CReg>
ST_2 : Operation 2203 [1/1] (0.00ns)   --->   "%tmp_146 = bitconcatenate i36 @_ssdm_op_BitConcatenate.i36.i33.i3, i33 %sub_ln50_24, i3 0" [hilbert.cpp:50->hilbert.cpp:77]   --->   Operation 2203 'bitconcatenate' 'tmp_146' <Predicate = true> <Delay = 0.00>
ST_2 : Operation 2204 [1/1] (0.00ns)   --->   "%sext_ln50_335 = sext i36 %tmp_146" [hilbert.cpp:50->hilbert.cpp:77]   --->   Operation 2204 'sext' 'sext_ln50_335' <Predicate = true> <Delay = 0.00>
ST_2 : Operation 2205 [1/1] (0.75ns) (root node of TernaryAdder)   --->   "%add_ln50_128 = add i43 %add_ln50_127, i43 %sext_ln50_335" [hilbert.cpp:50->hilbert.cpp:77]   --->   Operation 2205 'add' 'add_ln50_128' <Predicate = true> <Delay = 0.75> <CoreInst = "TAddSub">   --->   Core 10 'TAddSub' <Latency = 0> <II = 1> <Delay = 0.38> <IPBlock> <Opcode : '' 'add' 'sub'> <InPorts = 3> <OutPorts = 1> <Sync> <CReg>
ST_2 : Operation 2206 [1/1] (0.00ns)   --->   "%tmp_147 = bitconcatenate i34 @_ssdm_op_BitConcatenate.i34.i33.i1, i33 %sub_ln50_24, i1 0" [hilbert.cpp:50->hilbert.cpp:77]   --->   Operation 2206 'bitconcatenate' 'tmp_147' <Predicate = true> <Delay = 0.00>
ST_2 : Operation 2207 [1/1] (0.00ns)   --->   "%sext_ln50_336 = sext i34 %tmp_147" [hilbert.cpp:50->hilbert.cpp:77]   --->   Operation 2207 'sext' 'sext_ln50_336' <Predicate = true> <Delay = 0.00>
ST_2 : Operation 2208 [1/1] (0.00ns) (grouped into TernaryAdder)   --->   "%add_ln50_129 = add i43 %add_ln50_128, i43 %sext_ln50_336" [hilbert.cpp:50->hilbert.cpp:77]   --->   Operation 2208 'add' 'add_ln50_129' <Predicate = true> <Delay = 0.00> <CoreInst = "TAddSub">   --->   Core 10 'TAddSub' <Latency = 0> <II = 1> <Delay = 0.38> <IPBlock> <Opcode : '' 'add' 'sub'> <InPorts = 3> <OutPorts = 1> <Sync> <CReg>
ST_2 : Operation 2209 [1/1] (0.00ns)   --->   "%tmp_148 = bitconcatenate i41 @_ssdm_op_BitConcatenate.i41.i33.i8, i33 %sub_ln50_50, i8 0" [hilbert.cpp:50->hilbert.cpp:77]   --->   Operation 2209 'bitconcatenate' 'tmp_148' <Predicate = true> <Delay = 0.00>
ST_2 : Operation 2210 [1/1] (0.00ns)   --->   "%sext_ln50_337 = sext i41 %tmp_148" [hilbert.cpp:50->hilbert.cpp:77]   --->   Operation 2210 'sext' 'sext_ln50_337' <Predicate = true> <Delay = 0.00>
ST_2 : Operation 2211 [1/1] (0.00ns)   --->   "%tmp_149 = bitconcatenate i39 @_ssdm_op_BitConcatenate.i39.i33.i6, i33 %sub_ln50_50, i6 0" [hilbert.cpp:50->hilbert.cpp:77]   --->   Operation 2211 'bitconcatenate' 'tmp_149' <Predicate = true> <Delay = 0.00>
ST_2 : Operation 2212 [1/1] (0.00ns)   --->   "%sext_ln50_338 = sext i39 %tmp_149" [hilbert.cpp:50->hilbert.cpp:77]   --->   Operation 2212 'sext' 'sext_ln50_338' <Predicate = true> <Delay = 0.00>
ST_2 : Operation 2213 [1/1] (0.00ns) (grouped into TernaryAdder)   --->   "%sub_ln50_141 = sub i42 %sext_ln50_337, i42 %sext_ln50_338" [hilbert.cpp:50->hilbert.cpp:77]   --->   Operation 2213 'sub' 'sub_ln50_141' <Predicate = true> <Delay = 0.00> <CoreInst = "TAddSub">   --->   Core 10 'TAddSub' <Latency = 0> <II = 1> <Delay = 0.38> <IPBlock> <Opcode : '' 'add' 'sub'> <InPorts = 3> <OutPorts = 1> <Sync> <CReg>
ST_2 : Operation 2214 [1/1] (0.00ns)   --->   "%tmp_150 = bitconcatenate i37 @_ssdm_op_BitConcatenate.i37.i33.i4, i33 %sub_ln50_50, i4 0" [hilbert.cpp:50->hilbert.cpp:77]   --->   Operation 2214 'bitconcatenate' 'tmp_150' <Predicate = true> <Delay = 0.00>
ST_2 : Operation 2215 [1/1] (0.00ns)   --->   "%sext_ln50_339 = sext i37 %tmp_150" [hilbert.cpp:50->hilbert.cpp:77]   --->   Operation 2215 'sext' 'sext_ln50_339' <Predicate = true> <Delay = 0.00>
ST_2 : Operation 2216 [1/1] (0.75ns) (root node of TernaryAdder)   --->   "%add_ln50_130 = add i42 %sub_ln50_141, i42 %sext_ln50_339" [hilbert.cpp:50->hilbert.cpp:77]   --->   Operation 2216 'add' 'add_ln50_130' <Predicate = true> <Delay = 0.75> <CoreInst = "TAddSub">   --->   Core 10 'TAddSub' <Latency = 0> <II = 1> <Delay = 0.38> <IPBlock> <Opcode : '' 'add' 'sub'> <InPorts = 3> <OutPorts = 1> <Sync> <CReg>
ST_2 : Operation 2217 [1/1] (0.00ns) (grouped into TernaryAdder)   --->   "%sub_ln50_142 = sub i42 %add_ln50_130, i42 %sext_ln50_173" [hilbert.cpp:50->hilbert.cpp:77]   --->   Operation 2217 'sub' 'sub_ln50_142' <Predicate = true> <Delay = 0.00> <CoreInst = "TAddSub">   --->   Core 10 'TAddSub' <Latency = 0> <II = 1> <Delay = 0.38> <IPBlock> <Opcode : '' 'add' 'sub'> <InPorts = 3> <OutPorts = 1> <Sync> <CReg>
ST_2 : Operation 2218 [1/1] (0.00ns)   --->   "%tmp_151 = bitconcatenate i45 @_ssdm_op_BitConcatenate.i45.i33.i12, i33 %sub_ln50_3, i12 0" [hilbert.cpp:50->hilbert.cpp:77]   --->   Operation 2218 'bitconcatenate' 'tmp_151' <Predicate = true> <Delay = 0.00>
ST_2 : Operation 2219 [1/1] (0.00ns)   --->   "%sext_ln50_340 = sext i45 %tmp_151" [hilbert.cpp:50->hilbert.cpp:77]   --->   Operation 2219 'sext' 'sext_ln50_340' <Predicate = true> <Delay = 0.00>
ST_2 : Operation 2220 [1/1] (0.00ns)   --->   "%tmp_152 = bitconcatenate i43 @_ssdm_op_BitConcatenate.i43.i33.i10, i33 %sub_ln50_3, i10 0" [hilbert.cpp:50->hilbert.cpp:77]   --->   Operation 2220 'bitconcatenate' 'tmp_152' <Predicate = true> <Delay = 0.00>
ST_2 : Operation 2221 [1/1] (0.00ns)   --->   "%sext_ln50_341 = sext i43 %tmp_152" [hilbert.cpp:50->hilbert.cpp:77]   --->   Operation 2221 'sext' 'sext_ln50_341' <Predicate = true> <Delay = 0.00>
ST_2 : Operation 2222 [1/1] (1.06ns)   --->   "%sub_ln50_143 = sub i46 %sext_ln50_340, i46 %sext_ln50_341" [hilbert.cpp:50->hilbert.cpp:77]   --->   Operation 2222 'sub' 'sub_ln50_143' <Predicate = true> <Delay = 1.06> <CoreInst = "Adder">   --->   Core 1 'Adder' <Latency = 0> <II = 1> <Delay = 1.06> <FuncUnit> <Opcode : 'add' 'sub'> <InPorts = 2> <OutPorts = 1>
ST_2 : Operation 2223 [1/1] (0.00ns)   --->   "%tmp_153 = bitconcatenate i40 @_ssdm_op_BitConcatenate.i40.i33.i7, i33 %sub_ln50_3, i7 0" [hilbert.cpp:50->hilbert.cpp:77]   --->   Operation 2223 'bitconcatenate' 'tmp_153' <Predicate = true> <Delay = 0.00>
ST_2 : Operation 2224 [1/1] (0.00ns)   --->   "%sext_ln50_342 = sext i40 %tmp_153" [hilbert.cpp:50->hilbert.cpp:77]   --->   Operation 2224 'sext' 'sext_ln50_342' <Predicate = true> <Delay = 0.00>
ST_2 : Operation 2225 [1/1] (0.00ns) (grouped into TernaryAdder)   --->   "%sub_ln50_144 = sub i46 %sub_ln50_143, i46 %sext_ln50_342" [hilbert.cpp:50->hilbert.cpp:77]   --->   Operation 2225 'sub' 'sub_ln50_144' <Predicate = true> <Delay = 0.00> <CoreInst = "TAddSub">   --->   Core 10 'TAddSub' <Latency = 0> <II = 1> <Delay = 0.38> <IPBlock> <Opcode : '' 'add' 'sub'> <InPorts = 3> <OutPorts = 1> <Sync> <CReg>
ST_2 : Operation 2226 [1/1] (0.00ns)   --->   "%tmp_154 = bitconcatenate i38 @_ssdm_op_BitConcatenate.i38.i33.i5, i33 %sub_ln50_3, i5 0" [hilbert.cpp:50->hilbert.cpp:77]   --->   Operation 2226 'bitconcatenate' 'tmp_154' <Predicate = true> <Delay = 0.00>
ST_2 : Operation 2227 [1/1] (0.00ns)   --->   "%sext_ln50_343 = sext i38 %tmp_154" [hilbert.cpp:50->hilbert.cpp:77]   --->   Operation 2227 'sext' 'sext_ln50_343' <Predicate = true> <Delay = 0.00>
ST_2 : Operation 2228 [1/1] (0.76ns) (root node of TernaryAdder)   --->   "%add_ln50_131 = add i46 %sub_ln50_144, i46 %sext_ln50_343" [hilbert.cpp:50->hilbert.cpp:77]   --->   Operation 2228 'add' 'add_ln50_131' <Predicate = true> <Delay = 0.76> <CoreInst = "TAddSub">   --->   Core 10 'TAddSub' <Latency = 0> <II = 1> <Delay = 0.38> <IPBlock> <Opcode : '' 'add' 'sub'> <InPorts = 3> <OutPorts = 1> <Sync> <CReg>
ST_2 : Operation 2229 [1/1] (0.00ns)   --->   "%tmp_155 = bitconcatenate i35 @_ssdm_op_BitConcatenate.i35.i33.i2, i33 %sub_ln50_3, i2 0" [hilbert.cpp:50->hilbert.cpp:77]   --->   Operation 2229 'bitconcatenate' 'tmp_155' <Predicate = true> <Delay = 0.00>
ST_2 : Operation 2230 [1/1] (0.00ns)   --->   "%sext_ln50_344 = sext i35 %tmp_155" [hilbert.cpp:50->hilbert.cpp:77]   --->   Operation 2230 'sext' 'sext_ln50_344' <Predicate = true> <Delay = 0.00>
ST_2 : Operation 2231 [1/1] (0.00ns) (grouped into TernaryAdder)   --->   "%add_ln50_132 = add i46 %add_ln50_131, i46 %sext_ln50_344" [hilbert.cpp:50->hilbert.cpp:77]   --->   Operation 2231 'add' 'add_ln50_132' <Predicate = true> <Delay = 0.00> <CoreInst = "TAddSub">   --->   Core 10 'TAddSub' <Latency = 0> <II = 1> <Delay = 0.38> <IPBlock> <Opcode : '' 'add' 'sub'> <InPorts = 3> <OutPorts = 1> <Sync> <CReg>
ST_2 : Operation 2232 [1/1] (0.00ns)   --->   "%tmp_156 = bitconcatenate i42 @_ssdm_op_BitConcatenate.i42.i33.i9, i33 %sub_ln50_19, i9 0" [hilbert.cpp:50->hilbert.cpp:77]   --->   Operation 2232 'bitconcatenate' 'tmp_156' <Predicate = true> <Delay = 0.00>
ST_2 : Operation 2233 [1/1] (0.00ns)   --->   "%sext_ln50_345 = sext i42 %tmp_156" [hilbert.cpp:50->hilbert.cpp:77]   --->   Operation 2233 'sext' 'sext_ln50_345' <Predicate = true> <Delay = 0.00>
ST_2 : Operation 2234 [1/1] (0.00ns)   --->   "%tmp_157 = bitconcatenate i38 @_ssdm_op_BitConcatenate.i38.i33.i5, i33 %sub_ln50_19, i5 0" [hilbert.cpp:50->hilbert.cpp:77]   --->   Operation 2234 'bitconcatenate' 'tmp_157' <Predicate = true> <Delay = 0.00>
ST_2 : Operation 2235 [1/1] (0.00ns)   --->   "%sext_ln50_346 = sext i38 %tmp_157" [hilbert.cpp:50->hilbert.cpp:77]   --->   Operation 2235 'sext' 'sext_ln50_346' <Predicate = true> <Delay = 0.00>
ST_2 : Operation 2236 [1/1] (0.00ns) (grouped into TernaryAdder)   --->   "%add_ln50_133 = add i44 %sext_ln50_345, i44 %sext_ln50_346" [hilbert.cpp:50->hilbert.cpp:77]   --->   Operation 2236 'add' 'add_ln50_133' <Predicate = true> <Delay = 0.00> <CoreInst = "TAddSub">   --->   Core 10 'TAddSub' <Latency = 0> <II = 1> <Delay = 0.38> <IPBlock> <Opcode : '' 'add' 'sub'> <InPorts = 3> <OutPorts = 1> <Sync> <CReg>
ST_2 : Operation 2237 [1/1] (0.00ns)   --->   "%tmp_158 = bitconcatenate i36 @_ssdm_op_BitConcatenate.i36.i33.i3, i33 %sub_ln50_19, i3 0" [hilbert.cpp:50->hilbert.cpp:77]   --->   Operation 2237 'bitconcatenate' 'tmp_158' <Predicate = true> <Delay = 0.00>
ST_2 : Operation 2238 [1/1] (0.00ns)   --->   "%sext_ln50_347 = sext i36 %tmp_158" [hilbert.cpp:50->hilbert.cpp:77]   --->   Operation 2238 'sext' 'sext_ln50_347' <Predicate = true> <Delay = 0.00>
ST_2 : Operation 2239 [1/1] (0.75ns) (root node of TernaryAdder)   --->   "%sub_ln50_145 = sub i44 %add_ln50_133, i44 %sext_ln50_347" [hilbert.cpp:50->hilbert.cpp:77]   --->   Operation 2239 'sub' 'sub_ln50_145' <Predicate = true> <Delay = 0.75> <CoreInst = "TAddSub">   --->   Core 10 'TAddSub' <Latency = 0> <II = 1> <Delay = 0.38> <IPBlock> <Opcode : '' 'add' 'sub'> <InPorts = 3> <OutPorts = 1> <Sync> <CReg>
ST_2 : Operation 2240 [1/1] (0.00ns) (grouped into TernaryAdder)   --->   "%sub_ln50_146 = sub i44 %sub_ln50_145, i44 %sext_ln50_159" [hilbert.cpp:50->hilbert.cpp:77]   --->   Operation 2240 'sub' 'sub_ln50_146' <Predicate = true> <Delay = 0.00> <CoreInst = "TAddSub">   --->   Core 10 'TAddSub' <Latency = 0> <II = 1> <Delay = 0.38> <IPBlock> <Opcode : '' 'add' 'sub'> <InPorts = 3> <OutPorts = 1> <Sync> <CReg>
ST_2 : Operation 2241 [1/1] (0.00ns)   --->   "%tmp_159 = bitconcatenate i42 @_ssdm_op_BitConcatenate.i42.i33.i9, i33 %sub_ln50_26, i9 0" [hilbert.cpp:50->hilbert.cpp:77]   --->   Operation 2241 'bitconcatenate' 'tmp_159' <Predicate = true> <Delay = 0.00>
ST_2 : Operation 2242 [1/1] (0.00ns)   --->   "%sext_ln50_348 = sext i42 %tmp_159" [hilbert.cpp:50->hilbert.cpp:77]   --->   Operation 2242 'sext' 'sext_ln50_348' <Predicate = true> <Delay = 0.00>
ST_2 : Operation 2243 [1/1] (0.00ns)   --->   "%tmp_160 = bitconcatenate i40 @_ssdm_op_BitConcatenate.i40.i33.i7, i33 %sub_ln50_26, i7 0" [hilbert.cpp:50->hilbert.cpp:77]   --->   Operation 2243 'bitconcatenate' 'tmp_160' <Predicate = true> <Delay = 0.00>
ST_2 : Operation 2244 [1/1] (0.00ns)   --->   "%sext_ln50_349 = sext i40 %tmp_160" [hilbert.cpp:50->hilbert.cpp:77]   --->   Operation 2244 'sext' 'sext_ln50_349' <Predicate = true> <Delay = 0.00>
ST_2 : Operation 2245 [1/1] (1.04ns)   --->   "%sub_ln50_147 = sub i43 %sext_ln50_348, i43 %sext_ln50_349" [hilbert.cpp:50->hilbert.cpp:77]   --->   Operation 2245 'sub' 'sub_ln50_147' <Predicate = true> <Delay = 1.04> <CoreInst = "Adder">   --->   Core 1 'Adder' <Latency = 0> <II = 1> <Delay = 1.04> <FuncUnit> <Opcode : 'add' 'sub'> <InPorts = 2> <OutPorts = 1>
ST_2 : Operation 2246 [1/1] (0.00ns)   --->   "%tmp_161 = bitconcatenate i36 @_ssdm_op_BitConcatenate.i36.i33.i3, i33 %sub_ln50_26, i3 0" [hilbert.cpp:50->hilbert.cpp:77]   --->   Operation 2246 'bitconcatenate' 'tmp_161' <Predicate = true> <Delay = 0.00>
ST_2 : Operation 2247 [1/1] (0.00ns)   --->   "%sext_ln50_350 = sext i36 %tmp_161" [hilbert.cpp:50->hilbert.cpp:77]   --->   Operation 2247 'sext' 'sext_ln50_350' <Predicate = true> <Delay = 0.00>
ST_2 : Operation 2248 [1/1] (0.00ns) (grouped into TernaryAdder)   --->   "%add_ln50_134 = add i43 %sub_ln50_147, i43 %sext_ln50_350" [hilbert.cpp:50->hilbert.cpp:77]   --->   Operation 2248 'add' 'add_ln50_134' <Predicate = true> <Delay = 0.00> <CoreInst = "TAddSub">   --->   Core 10 'TAddSub' <Latency = 0> <II = 1> <Delay = 0.38> <IPBlock> <Opcode : '' 'add' 'sub'> <InPorts = 3> <OutPorts = 1> <Sync> <CReg>
ST_2 : Operation 2249 [1/1] (0.00ns)   --->   "%tmp_162 = bitconcatenate i34 @_ssdm_op_BitConcatenate.i34.i33.i1, i33 %sub_ln50_26, i1 0" [hilbert.cpp:50->hilbert.cpp:77]   --->   Operation 2249 'bitconcatenate' 'tmp_162' <Predicate = true> <Delay = 0.00>
ST_2 : Operation 2250 [1/1] (0.00ns)   --->   "%sext_ln50_351 = sext i34 %tmp_162" [hilbert.cpp:50->hilbert.cpp:77]   --->   Operation 2250 'sext' 'sext_ln50_351' <Predicate = true> <Delay = 0.00>
ST_2 : Operation 2251 [1/1] (0.75ns) (root node of TernaryAdder)   --->   "%add_ln50_135 = add i43 %add_ln50_134, i43 %sext_ln50_351" [hilbert.cpp:50->hilbert.cpp:77]   --->   Operation 2251 'add' 'add_ln50_135' <Predicate = true> <Delay = 0.75> <CoreInst = "TAddSub">   --->   Core 10 'TAddSub' <Latency = 0> <II = 1> <Delay = 0.38> <IPBlock> <Opcode : '' 'add' 'sub'> <InPorts = 3> <OutPorts = 1> <Sync> <CReg>
ST_2 : Operation 2252 [1/1] (0.00ns)   --->   "%sext_ln50_352 = sext i43 %add_ln50_135" [hilbert.cpp:50->hilbert.cpp:77]   --->   Operation 2252 'sext' 'sext_ln50_352' <Predicate = true> <Delay = 0.00>
ST_2 : Operation 2253 [1/1] (0.00ns)   --->   "%tmp_163 = bitconcatenate i43 @_ssdm_op_BitConcatenate.i43.i33.i10, i33 %sub_ln50_12, i10 0" [hilbert.cpp:50->hilbert.cpp:77]   --->   Operation 2253 'bitconcatenate' 'tmp_163' <Predicate = true> <Delay = 0.00>
ST_2 : Operation 2254 [1/1] (0.00ns)   --->   "%sext_ln50_353 = sext i43 %tmp_163" [hilbert.cpp:50->hilbert.cpp:77]   --->   Operation 2254 'sext' 'sext_ln50_353' <Predicate = true> <Delay = 0.00>
ST_2 : Operation 2255 [1/1] (0.00ns)   --->   "%tmp_164 = bitconcatenate i41 @_ssdm_op_BitConcatenate.i41.i33.i8, i33 %sub_ln50_12, i8 0" [hilbert.cpp:50->hilbert.cpp:77]   --->   Operation 2255 'bitconcatenate' 'tmp_164' <Predicate = true> <Delay = 0.00>
ST_2 : Operation 2256 [1/1] (0.00ns)   --->   "%sext_ln50_354 = sext i41 %tmp_164" [hilbert.cpp:50->hilbert.cpp:77]   --->   Operation 2256 'sext' 'sext_ln50_354' <Predicate = true> <Delay = 0.00>
ST_2 : Operation 2257 [1/1] (1.05ns)   --->   "%sub_ln50_148 = sub i44 %sext_ln50_353, i44 %sext_ln50_354" [hilbert.cpp:50->hilbert.cpp:77]   --->   Operation 2257 'sub' 'sub_ln50_148' <Predicate = true> <Delay = 1.05> <CoreInst = "Adder">   --->   Core 1 'Adder' <Latency = 0> <II = 1> <Delay = 1.05> <FuncUnit> <Opcode : 'add' 'sub'> <InPorts = 2> <OutPorts = 1>
ST_2 : Operation 2258 [1/1] (0.00ns)   --->   "%tmp_165 = bitconcatenate i39 @_ssdm_op_BitConcatenate.i39.i33.i6, i33 %sub_ln50_12, i6 0" [hilbert.cpp:50->hilbert.cpp:77]   --->   Operation 2258 'bitconcatenate' 'tmp_165' <Predicate = true> <Delay = 0.00>
ST_2 : Operation 2259 [1/1] (0.00ns)   --->   "%sext_ln50_355 = sext i39 %tmp_165" [hilbert.cpp:50->hilbert.cpp:77]   --->   Operation 2259 'sext' 'sext_ln50_355' <Predicate = true> <Delay = 0.00>
ST_2 : Operation 2260 [1/1] (0.00ns) (grouped into TernaryAdder)   --->   "%add_ln50_136 = add i44 %sub_ln50_148, i44 %sext_ln50_355" [hilbert.cpp:50->hilbert.cpp:77]   --->   Operation 2260 'add' 'add_ln50_136' <Predicate = true> <Delay = 0.00> <CoreInst = "TAddSub">   --->   Core 10 'TAddSub' <Latency = 0> <II = 1> <Delay = 0.38> <IPBlock> <Opcode : '' 'add' 'sub'> <InPorts = 3> <OutPorts = 1> <Sync> <CReg>
ST_2 : Operation 2261 [1/1] (0.00ns)   --->   "%tmp_166 = bitconcatenate i34 @_ssdm_op_BitConcatenate.i34.i33.i1, i33 %sub_ln50_12, i1 0" [hilbert.cpp:50->hilbert.cpp:77]   --->   Operation 2261 'bitconcatenate' 'tmp_166' <Predicate = true> <Delay = 0.00>
ST_2 : Operation 2262 [1/1] (0.00ns)   --->   "%sext_ln50_356 = sext i34 %tmp_166" [hilbert.cpp:50->hilbert.cpp:77]   --->   Operation 2262 'sext' 'sext_ln50_356' <Predicate = true> <Delay = 0.00>
ST_2 : Operation 2263 [1/1] (0.76ns) (root node of TernaryAdder)   --->   "%add_ln50_137 = add i44 %add_ln50_136, i44 %sext_ln50_356" [hilbert.cpp:50->hilbert.cpp:77]   --->   Operation 2263 'add' 'add_ln50_137' <Predicate = true> <Delay = 0.76> <CoreInst = "TAddSub">   --->   Core 10 'TAddSub' <Latency = 0> <II = 1> <Delay = 0.38> <IPBlock> <Opcode : '' 'add' 'sub'> <InPorts = 3> <OutPorts = 1> <Sync> <CReg>
ST_2 : Operation 2264 [1/1] (0.00ns)   --->   "%sext_ln50_357 = sext i44 %add_ln50_137" [hilbert.cpp:50->hilbert.cpp:77]   --->   Operation 2264 'sext' 'sext_ln50_357' <Predicate = true> <Delay = 0.00>
ST_2 : Operation 2265 [1/1] (0.00ns)   --->   "%tmp_167 = bitconcatenate i41 @_ssdm_op_BitConcatenate.i41.i33.i8, i33 %sub_ln50_54, i8 0" [hilbert.cpp:50->hilbert.cpp:77]   --->   Operation 2265 'bitconcatenate' 'tmp_167' <Predicate = true> <Delay = 0.00>
ST_2 : Operation 2266 [1/1] (0.00ns)   --->   "%sext_ln50_358 = sext i41 %tmp_167" [hilbert.cpp:50->hilbert.cpp:77]   --->   Operation 2266 'sext' 'sext_ln50_358' <Predicate = true> <Delay = 0.00>
ST_2 : Operation 2267 [1/1] (0.00ns)   --->   "%tmp_168 = bitconcatenate i39 @_ssdm_op_BitConcatenate.i39.i33.i6, i33 %sub_ln50_54, i6 0" [hilbert.cpp:50->hilbert.cpp:77]   --->   Operation 2267 'bitconcatenate' 'tmp_168' <Predicate = true> <Delay = 0.00>
ST_2 : Operation 2268 [1/1] (0.00ns)   --->   "%sext_ln50_359 = sext i39 %tmp_168" [hilbert.cpp:50->hilbert.cpp:77]   --->   Operation 2268 'sext' 'sext_ln50_359' <Predicate = true> <Delay = 0.00>
ST_2 : Operation 2269 [1/1] (0.00ns) (grouped into TernaryAdder)   --->   "%sub_ln50_149 = sub i42 %sext_ln50_358, i42 %sext_ln50_359" [hilbert.cpp:50->hilbert.cpp:77]   --->   Operation 2269 'sub' 'sub_ln50_149' <Predicate = true> <Delay = 0.00> <CoreInst = "TAddSub">   --->   Core 10 'TAddSub' <Latency = 0> <II = 1> <Delay = 0.38> <IPBlock> <Opcode : '' 'add' 'sub'> <InPorts = 3> <OutPorts = 1> <Sync> <CReg>
ST_2 : Operation 2270 [1/1] (0.75ns) (root node of TernaryAdder)   --->   "%sub_ln50_150 = sub i42 %sub_ln50_149, i42 %sext_ln50_177" [hilbert.cpp:50->hilbert.cpp:77]   --->   Operation 2270 'sub' 'sub_ln50_150' <Predicate = true> <Delay = 0.75> <CoreInst = "TAddSub">   --->   Core 10 'TAddSub' <Latency = 0> <II = 1> <Delay = 0.38> <IPBlock> <Opcode : '' 'add' 'sub'> <InPorts = 3> <OutPorts = 1> <Sync> <CReg>
ST_2 : Operation 2271 [1/1] (0.00ns)   --->   "%tmp_169 = bitconcatenate i44 @_ssdm_op_BitConcatenate.i44.i33.i11, i33 %sub_ln50_5, i11 0" [hilbert.cpp:50->hilbert.cpp:77]   --->   Operation 2271 'bitconcatenate' 'tmp_169' <Predicate = true> <Delay = 0.00>
ST_2 : Operation 2272 [1/1] (0.00ns)   --->   "%sext_ln50_360 = sext i44 %tmp_169" [hilbert.cpp:50->hilbert.cpp:77]   --->   Operation 2272 'sext' 'sext_ln50_360' <Predicate = true> <Delay = 0.00>
ST_2 : Operation 2273 [1/1] (0.00ns)   --->   "%tmp_170 = bitconcatenate i40 @_ssdm_op_BitConcatenate.i40.i33.i7, i33 %sub_ln50_5, i7 0" [hilbert.cpp:50->hilbert.cpp:77]   --->   Operation 2273 'bitconcatenate' 'tmp_170' <Predicate = true> <Delay = 0.00>
ST_2 : Operation 2274 [1/1] (0.00ns)   --->   "%sext_ln50_361 = sext i40 %tmp_170" [hilbert.cpp:50->hilbert.cpp:77]   --->   Operation 2274 'sext' 'sext_ln50_361' <Predicate = true> <Delay = 0.00>
ST_2 : Operation 2275 [1/1] (1.06ns)   --->   "%sub_ln50_151 = sub i45 %sext_ln50_360, i45 %sext_ln50_361" [hilbert.cpp:50->hilbert.cpp:77]   --->   Operation 2275 'sub' 'sub_ln50_151' <Predicate = true> <Delay = 1.06> <CoreInst = "Adder">   --->   Core 1 'Adder' <Latency = 0> <II = 1> <Delay = 1.06> <FuncUnit> <Opcode : 'add' 'sub'> <InPorts = 2> <OutPorts = 1>
ST_2 : Operation 2276 [1/1] (0.00ns)   --->   "%tmp_171 = bitconcatenate i38 @_ssdm_op_BitConcatenate.i38.i33.i5, i33 %sub_ln50_5, i5 0" [hilbert.cpp:50->hilbert.cpp:77]   --->   Operation 2276 'bitconcatenate' 'tmp_171' <Predicate = true> <Delay = 0.00>
ST_2 : Operation 2277 [1/1] (0.00ns)   --->   "%sext_ln50_362 = sext i38 %tmp_171" [hilbert.cpp:50->hilbert.cpp:77]   --->   Operation 2277 'sext' 'sext_ln50_362' <Predicate = true> <Delay = 0.00>
ST_2 : Operation 2278 [1/1] (0.00ns) (grouped into TernaryAdder)   --->   "%sub_ln50_152 = sub i45 %sub_ln50_151, i45 %sext_ln50_362" [hilbert.cpp:50->hilbert.cpp:77]   --->   Operation 2278 'sub' 'sub_ln50_152' <Predicate = true> <Delay = 0.00> <CoreInst = "TAddSub">   --->   Core 10 'TAddSub' <Latency = 0> <II = 1> <Delay = 0.38> <IPBlock> <Opcode : '' 'add' 'sub'> <InPorts = 3> <OutPorts = 1> <Sync> <CReg>
ST_2 : Operation 2279 [1/1] (0.00ns)   --->   "%tmp_172 = bitconcatenate i36 @_ssdm_op_BitConcatenate.i36.i33.i3, i33 %sub_ln50_5, i3 0" [hilbert.cpp:50->hilbert.cpp:77]   --->   Operation 2279 'bitconcatenate' 'tmp_172' <Predicate = true> <Delay = 0.00>
ST_2 : Operation 2280 [1/1] (0.00ns)   --->   "%sext_ln50_363 = sext i36 %tmp_172" [hilbert.cpp:50->hilbert.cpp:77]   --->   Operation 2280 'sext' 'sext_ln50_363' <Predicate = true> <Delay = 0.00>
ST_2 : Operation 2281 [1/1] (0.76ns) (root node of TernaryAdder)   --->   "%add_ln50_138 = add i45 %sub_ln50_152, i45 %sext_ln50_363" [hilbert.cpp:50->hilbert.cpp:77]   --->   Operation 2281 'add' 'add_ln50_138' <Predicate = true> <Delay = 0.76> <CoreInst = "TAddSub">   --->   Core 10 'TAddSub' <Latency = 0> <II = 1> <Delay = 0.38> <IPBlock> <Opcode : '' 'add' 'sub'> <InPorts = 3> <OutPorts = 1> <Sync> <CReg>
ST_2 : Operation 2282 [1/1] (0.00ns)   --->   "%sext_ln50_364 = sext i45 %add_ln50_138" [hilbert.cpp:50->hilbert.cpp:77]   --->   Operation 2282 'sext' 'sext_ln50_364' <Predicate = true> <Delay = 0.00>
ST_2 : Operation 2283 [1/1] (0.00ns)   --->   "%tmp_173 = bitconcatenate i41 @_ssdm_op_BitConcatenate.i41.i33.i8, i33 %sub_ln50_42, i8 0" [hilbert.cpp:50->hilbert.cpp:77]   --->   Operation 2283 'bitconcatenate' 'tmp_173' <Predicate = true> <Delay = 0.00>
ST_2 : Operation 2284 [1/1] (0.00ns)   --->   "%sext_ln50_365 = sext i41 %tmp_173" [hilbert.cpp:50->hilbert.cpp:77]   --->   Operation 2284 'sext' 'sext_ln50_365' <Predicate = true> <Delay = 0.00>
ST_2 : Operation 2285 [1/1] (0.00ns)   --->   "%tmp_174 = bitconcatenate i37 @_ssdm_op_BitConcatenate.i37.i33.i4, i33 %sub_ln50_42, i4 0" [hilbert.cpp:50->hilbert.cpp:77]   --->   Operation 2285 'bitconcatenate' 'tmp_174' <Predicate = true> <Delay = 0.00>
ST_2 : Operation 2286 [1/1] (0.00ns)   --->   "%sext_ln50_366 = sext i37 %tmp_174" [hilbert.cpp:50->hilbert.cpp:77]   --->   Operation 2286 'sext' 'sext_ln50_366' <Predicate = true> <Delay = 0.00>
ST_2 : Operation 2287 [1/1] (0.00ns) (grouped into TernaryAdder)   --->   "%sub_ln50_153 = sub i42 %sext_ln50_365, i42 %sext_ln50_366" [hilbert.cpp:50->hilbert.cpp:77]   --->   Operation 2287 'sub' 'sub_ln50_153' <Predicate = true> <Delay = 0.00> <CoreInst = "TAddSub">   --->   Core 10 'TAddSub' <Latency = 0> <II = 1> <Delay = 0.38> <IPBlock> <Opcode : '' 'add' 'sub'> <InPorts = 3> <OutPorts = 1> <Sync> <CReg>
ST_2 : Operation 2288 [1/1] (0.00ns)   --->   "%tmp_175 = bitconcatenate i35 @_ssdm_op_BitConcatenate.i35.i33.i2, i33 %sub_ln50_42, i2 0" [hilbert.cpp:50->hilbert.cpp:77]   --->   Operation 2288 'bitconcatenate' 'tmp_175' <Predicate = true> <Delay = 0.00>
ST_2 : Operation 2289 [1/1] (0.00ns)   --->   "%sext_ln50_367 = sext i35 %tmp_175" [hilbert.cpp:50->hilbert.cpp:77]   --->   Operation 2289 'sext' 'sext_ln50_367' <Predicate = true> <Delay = 0.00>
ST_2 : Operation 2290 [1/1] (0.75ns) (root node of TernaryAdder)   --->   "%add_ln50_139 = add i42 %sub_ln50_153, i42 %sext_ln50_367" [hilbert.cpp:50->hilbert.cpp:77]   --->   Operation 2290 'add' 'add_ln50_139' <Predicate = true> <Delay = 0.75> <CoreInst = "TAddSub">   --->   Core 10 'TAddSub' <Latency = 0> <II = 1> <Delay = 0.38> <IPBlock> <Opcode : '' 'add' 'sub'> <InPorts = 3> <OutPorts = 1> <Sync> <CReg>
ST_2 : Operation 2291 [1/1] (0.00ns) (grouped into TernaryAdder)   --->   "%add_ln50_140 = add i42 %add_ln50_139, i42 %sext_ln50_169" [hilbert.cpp:50->hilbert.cpp:77]   --->   Operation 2291 'add' 'add_ln50_140' <Predicate = true> <Delay = 0.00> <CoreInst = "TAddSub">   --->   Core 10 'TAddSub' <Latency = 0> <II = 1> <Delay = 0.38> <IPBlock> <Opcode : '' 'add' 'sub'> <InPorts = 3> <OutPorts = 1> <Sync> <CReg>
ST_2 : Operation 2292 [1/1] (0.00ns)   --->   "%tmp_176 = bitconcatenate i46 @_ssdm_op_BitConcatenate.i46.i33.i13, i33 %sub_ln50_1, i13 0" [hilbert.cpp:50->hilbert.cpp:77]   --->   Operation 2292 'bitconcatenate' 'tmp_176' <Predicate = true> <Delay = 0.00>
ST_2 : Operation 2293 [1/1] (0.00ns)   --->   "%sext_ln50_368 = sext i46 %tmp_176" [hilbert.cpp:50->hilbert.cpp:77]   --->   Operation 2293 'sext' 'sext_ln50_368' <Predicate = true> <Delay = 0.00>
ST_2 : Operation 2294 [1/1] (0.00ns)   --->   "%tmp_177 = bitconcatenate i43 @_ssdm_op_BitConcatenate.i43.i33.i10, i33 %sub_ln50_1, i10 0" [hilbert.cpp:50->hilbert.cpp:77]   --->   Operation 2294 'bitconcatenate' 'tmp_177' <Predicate = true> <Delay = 0.00>
ST_2 : Operation 2295 [1/1] (0.00ns)   --->   "%sext_ln50_369 = sext i43 %tmp_177" [hilbert.cpp:50->hilbert.cpp:77]   --->   Operation 2295 'sext' 'sext_ln50_369' <Predicate = true> <Delay = 0.00>
ST_2 : Operation 2296 [1/1] (1.07ns)   --->   "%sub_ln50_154 = sub i47 %sext_ln50_368, i47 %sext_ln50_369" [hilbert.cpp:50->hilbert.cpp:77]   --->   Operation 2296 'sub' 'sub_ln50_154' <Predicate = true> <Delay = 1.07> <CoreInst = "Adder">   --->   Core 1 'Adder' <Latency = 0> <II = 1> <Delay = 1.07> <FuncUnit> <Opcode : 'add' 'sub'> <InPorts = 2> <OutPorts = 1>
ST_2 : Operation 2297 [1/1] (0.00ns)   --->   "%tmp_178 = bitconcatenate i41 @_ssdm_op_BitConcatenate.i41.i33.i8, i33 %sub_ln50_1, i8 0" [hilbert.cpp:50->hilbert.cpp:77]   --->   Operation 2297 'bitconcatenate' 'tmp_178' <Predicate = true> <Delay = 0.00>
ST_2 : Operation 2298 [1/1] (0.00ns)   --->   "%sext_ln50_370 = sext i41 %tmp_178" [hilbert.cpp:50->hilbert.cpp:77]   --->   Operation 2298 'sext' 'sext_ln50_370' <Predicate = true> <Delay = 0.00>
ST_2 : Operation 2299 [1/1] (0.00ns) (grouped into TernaryAdder)   --->   "%sub_ln50_155 = sub i47 %sub_ln50_154, i47 %sext_ln50_370" [hilbert.cpp:50->hilbert.cpp:77]   --->   Operation 2299 'sub' 'sub_ln50_155' <Predicate = true> <Delay = 0.00> <CoreInst = "TAddSub">   --->   Core 10 'TAddSub' <Latency = 0> <II = 1> <Delay = 0.38> <IPBlock> <Opcode : '' 'add' 'sub'> <InPorts = 3> <OutPorts = 1> <Sync> <CReg>
ST_2 : Operation 2300 [1/1] (0.00ns)   --->   "%tmp_179 = bitconcatenate i38 @_ssdm_op_BitConcatenate.i38.i33.i5, i33 %sub_ln50_1, i5 0" [hilbert.cpp:50->hilbert.cpp:77]   --->   Operation 2300 'bitconcatenate' 'tmp_179' <Predicate = true> <Delay = 0.00>
ST_2 : Operation 2301 [1/1] (0.00ns)   --->   "%sext_ln50_371 = sext i38 %tmp_179" [hilbert.cpp:50->hilbert.cpp:77]   --->   Operation 2301 'sext' 'sext_ln50_371' <Predicate = true> <Delay = 0.00>
ST_2 : Operation 2302 [1/1] (0.76ns) (root node of TernaryAdder)   --->   "%add_ln50_141 = add i47 %sub_ln50_155, i47 %sext_ln50_371" [hilbert.cpp:50->hilbert.cpp:77]   --->   Operation 2302 'add' 'add_ln50_141' <Predicate = true> <Delay = 0.76> <CoreInst = "TAddSub">   --->   Core 10 'TAddSub' <Latency = 0> <II = 1> <Delay = 0.38> <IPBlock> <Opcode : '' 'add' 'sub'> <InPorts = 3> <OutPorts = 1> <Sync> <CReg>
ST_2 : Operation 2303 [1/1] (0.00ns)   --->   "%tmp_180 = bitconcatenate i36 @_ssdm_op_BitConcatenate.i36.i33.i3, i33 %sub_ln50_1, i3 0" [hilbert.cpp:50->hilbert.cpp:77]   --->   Operation 2303 'bitconcatenate' 'tmp_180' <Predicate = true> <Delay = 0.00>
ST_2 : Operation 2304 [1/1] (0.00ns)   --->   "%sext_ln50_372 = sext i36 %tmp_180" [hilbert.cpp:50->hilbert.cpp:77]   --->   Operation 2304 'sext' 'sext_ln50_372' <Predicate = true> <Delay = 0.00>
ST_2 : Operation 2305 [1/1] (0.00ns) (grouped into TernaryAdder)   --->   "%add_ln50_142 = add i47 %add_ln50_141, i47 %sext_ln50_372" [hilbert.cpp:50->hilbert.cpp:77]   --->   Operation 2305 'add' 'add_ln50_142' <Predicate = true> <Delay = 0.00> <CoreInst = "TAddSub">   --->   Core 10 'TAddSub' <Latency = 0> <II = 1> <Delay = 0.38> <IPBlock> <Opcode : '' 'add' 'sub'> <InPorts = 3> <OutPorts = 1> <Sync> <CReg>
ST_2 : Operation 2306 [1/1] (0.00ns)   --->   "%tmp_181 = bitconcatenate i34 @_ssdm_op_BitConcatenate.i34.i33.i1, i33 %sub_ln50_1, i1 0" [hilbert.cpp:50->hilbert.cpp:77]   --->   Operation 2306 'bitconcatenate' 'tmp_181' <Predicate = true> <Delay = 0.00>
ST_2 : Operation 2307 [1/1] (0.00ns)   --->   "%sext_ln50_373 = sext i34 %tmp_181" [hilbert.cpp:50->hilbert.cpp:77]   --->   Operation 2307 'sext' 'sext_ln50_373' <Predicate = true> <Delay = 0.00>
ST_2 : Operation 2308 [1/1] (0.76ns) (root node of TernaryAdder)   --->   "%add_ln50_143 = add i47 %add_ln50_142, i47 %sext_ln50_373" [hilbert.cpp:50->hilbert.cpp:77]   --->   Operation 2308 'add' 'add_ln50_143' <Predicate = true> <Delay = 0.76> <CoreInst = "TAddSub">   --->   Core 10 'TAddSub' <Latency = 0> <II = 1> <Delay = 0.38> <IPBlock> <Opcode : '' 'add' 'sub'> <InPorts = 3> <OutPorts = 1> <Sync> <CReg>
ST_2 : Operation 2309 [1/1] (0.00ns)   --->   "%sext_ln50_374 = sext i47 %add_ln50_143" [hilbert.cpp:50->hilbert.cpp:77]   --->   Operation 2309 'sext' 'sext_ln50_374' <Predicate = true> <Delay = 0.00>
ST_2 : Operation 2310 [1/1] (0.00ns)   --->   "%tmp_182 = bitconcatenate i41 @_ssdm_op_BitConcatenate.i41.i33.i8, i33 %sub_ln50_44, i8 0" [hilbert.cpp:50->hilbert.cpp:77]   --->   Operation 2310 'bitconcatenate' 'tmp_182' <Predicate = true> <Delay = 0.00>
ST_2 : Operation 2311 [1/1] (0.00ns)   --->   "%sext_ln50_375 = sext i41 %tmp_182" [hilbert.cpp:50->hilbert.cpp:77]   --->   Operation 2311 'sext' 'sext_ln50_375' <Predicate = true> <Delay = 0.00>
ST_2 : Operation 2312 [1/1] (0.00ns)   --->   "%tmp_183 = bitconcatenate i38 @_ssdm_op_BitConcatenate.i38.i33.i5, i33 %sub_ln50_44, i5 0" [hilbert.cpp:50->hilbert.cpp:77]   --->   Operation 2312 'bitconcatenate' 'tmp_183' <Predicate = true> <Delay = 0.00>
ST_2 : Operation 2313 [1/1] (0.00ns)   --->   "%sext_ln50_376 = sext i38 %tmp_183" [hilbert.cpp:50->hilbert.cpp:77]   --->   Operation 2313 'sext' 'sext_ln50_376' <Predicate = true> <Delay = 0.00>
ST_2 : Operation 2314 [1/1] (0.00ns) (grouped into TernaryAdder)   --->   "%sub_ln50_156 = sub i42 %sext_ln50_375, i42 %sext_ln50_376" [hilbert.cpp:50->hilbert.cpp:77]   --->   Operation 2314 'sub' 'sub_ln50_156' <Predicate = true> <Delay = 0.00> <CoreInst = "TAddSub">   --->   Core 10 'TAddSub' <Latency = 0> <II = 1> <Delay = 0.38> <IPBlock> <Opcode : '' 'add' 'sub'> <InPorts = 3> <OutPorts = 1> <Sync> <CReg>
ST_2 : Operation 2315 [1/1] (0.00ns)   --->   "%tmp_184 = bitconcatenate i36 @_ssdm_op_BitConcatenate.i36.i33.i3, i33 %sub_ln50_44, i3 0" [hilbert.cpp:50->hilbert.cpp:77]   --->   Operation 2315 'bitconcatenate' 'tmp_184' <Predicate = true> <Delay = 0.00>
ST_2 : Operation 2316 [1/1] (0.00ns)   --->   "%sext_ln50_377 = sext i36 %tmp_184" [hilbert.cpp:50->hilbert.cpp:77]   --->   Operation 2316 'sext' 'sext_ln50_377' <Predicate = true> <Delay = 0.00>
ST_2 : Operation 2317 [1/1] (0.75ns) (root node of TernaryAdder)   --->   "%add_ln50_144 = add i42 %sub_ln50_156, i42 %sext_ln50_377" [hilbert.cpp:50->hilbert.cpp:77]   --->   Operation 2317 'add' 'add_ln50_144' <Predicate = true> <Delay = 0.75> <CoreInst = "TAddSub">   --->   Core 10 'TAddSub' <Latency = 0> <II = 1> <Delay = 0.38> <IPBlock> <Opcode : '' 'add' 'sub'> <InPorts = 3> <OutPorts = 1> <Sync> <CReg>
ST_2 : Operation 2318 [1/1] (0.00ns)   --->   "%tmp_185 = bitconcatenate i34 @_ssdm_op_BitConcatenate.i34.i33.i1, i33 %sub_ln50_44, i1 0" [hilbert.cpp:50->hilbert.cpp:77]   --->   Operation 2318 'bitconcatenate' 'tmp_185' <Predicate = true> <Delay = 0.00>
ST_2 : Operation 2319 [1/1] (0.00ns)   --->   "%sext_ln50_378 = sext i34 %tmp_185" [hilbert.cpp:50->hilbert.cpp:77]   --->   Operation 2319 'sext' 'sext_ln50_378' <Predicate = true> <Delay = 0.00>
ST_2 : Operation 2320 [1/1] (0.00ns) (grouped into TernaryAdder)   --->   "%add_ln50_145 = add i42 %add_ln50_144, i42 %sext_ln50_378" [hilbert.cpp:50->hilbert.cpp:77]   --->   Operation 2320 'add' 'add_ln50_145' <Predicate = true> <Delay = 0.00> <CoreInst = "TAddSub">   --->   Core 10 'TAddSub' <Latency = 0> <II = 1> <Delay = 0.38> <IPBlock> <Opcode : '' 'add' 'sub'> <InPorts = 3> <OutPorts = 1> <Sync> <CReg>
ST_2 : Operation 2321 [1/1] (0.00ns)   --->   "%tmp_186 = bitconcatenate i45 @_ssdm_op_BitConcatenate.i45.i33.i12, i33 %sub_ln50_2, i12 0" [hilbert.cpp:50->hilbert.cpp:77]   --->   Operation 2321 'bitconcatenate' 'tmp_186' <Predicate = true> <Delay = 0.00>
ST_2 : Operation 2322 [1/1] (0.00ns)   --->   "%sext_ln50_379 = sext i45 %tmp_186" [hilbert.cpp:50->hilbert.cpp:77]   --->   Operation 2322 'sext' 'sext_ln50_379' <Predicate = true> <Delay = 0.00>
ST_2 : Operation 2323 [1/1] (0.00ns)   --->   "%tmp_187 = bitconcatenate i39 @_ssdm_op_BitConcatenate.i39.i33.i6, i33 %sub_ln50_2, i6 0" [hilbert.cpp:50->hilbert.cpp:77]   --->   Operation 2323 'bitconcatenate' 'tmp_187' <Predicate = true> <Delay = 0.00>
ST_2 : Operation 2324 [1/1] (0.00ns)   --->   "%sext_ln50_380 = sext i39 %tmp_187" [hilbert.cpp:50->hilbert.cpp:77]   --->   Operation 2324 'sext' 'sext_ln50_380' <Predicate = true> <Delay = 0.00>
ST_2 : Operation 2325 [1/1] (1.06ns)   --->   "%add_ln50_146 = add i46 %sext_ln50_379, i46 %sext_ln50_380" [hilbert.cpp:50->hilbert.cpp:77]   --->   Operation 2325 'add' 'add_ln50_146' <Predicate = true> <Delay = 1.06> <CoreInst = "Adder">   --->   Core 1 'Adder' <Latency = 0> <II = 1> <Delay = 1.06> <FuncUnit> <Opcode : 'add' 'sub'> <InPorts = 2> <OutPorts = 1>
ST_2 : Operation 2326 [1/1] (0.00ns)   --->   "%tmp_188 = bitconcatenate i37 @_ssdm_op_BitConcatenate.i37.i33.i4, i33 %sub_ln50_2, i4 0" [hilbert.cpp:50->hilbert.cpp:77]   --->   Operation 2326 'bitconcatenate' 'tmp_188' <Predicate = true> <Delay = 0.00>
ST_2 : Operation 2327 [1/1] (0.00ns)   --->   "%sext_ln50_381 = sext i37 %tmp_188" [hilbert.cpp:50->hilbert.cpp:77]   --->   Operation 2327 'sext' 'sext_ln50_381' <Predicate = true> <Delay = 0.00>
ST_2 : Operation 2328 [1/1] (0.00ns) (grouped into TernaryAdder)   --->   "%add_ln50_147 = add i46 %add_ln50_146, i46 %sext_ln50_381" [hilbert.cpp:50->hilbert.cpp:77]   --->   Operation 2328 'add' 'add_ln50_147' <Predicate = true> <Delay = 0.00> <CoreInst = "TAddSub">   --->   Core 10 'TAddSub' <Latency = 0> <II = 1> <Delay = 0.38> <IPBlock> <Opcode : '' 'add' 'sub'> <InPorts = 3> <OutPorts = 1> <Sync> <CReg>
ST_2 : Operation 2329 [1/1] (0.00ns)   --->   "%tmp_189 = bitconcatenate i35 @_ssdm_op_BitConcatenate.i35.i33.i2, i33 %sub_ln50_2, i2 0" [hilbert.cpp:50->hilbert.cpp:77]   --->   Operation 2329 'bitconcatenate' 'tmp_189' <Predicate = true> <Delay = 0.00>
ST_2 : Operation 2330 [1/1] (0.00ns)   --->   "%sext_ln50_382 = sext i35 %tmp_189" [hilbert.cpp:50->hilbert.cpp:77]   --->   Operation 2330 'sext' 'sext_ln50_382' <Predicate = true> <Delay = 0.00>
ST_2 : Operation 2331 [1/1] (0.76ns) (root node of TernaryAdder)   --->   "%sub_ln50_157 = sub i46 %add_ln50_147, i46 %sext_ln50_382" [hilbert.cpp:50->hilbert.cpp:77]   --->   Operation 2331 'sub' 'sub_ln50_157' <Predicate = true> <Delay = 0.76> <CoreInst = "TAddSub">   --->   Core 10 'TAddSub' <Latency = 0> <II = 1> <Delay = 0.38> <IPBlock> <Opcode : '' 'add' 'sub'> <InPorts = 3> <OutPorts = 1> <Sync> <CReg>
ST_2 : Operation 2332 [1/1] (0.00ns)   --->   "%tmp_190 = bitconcatenate i41 @_ssdm_op_BitConcatenate.i41.i33.i8, i33 %sub_ln50_37, i8 0" [hilbert.cpp:50->hilbert.cpp:77]   --->   Operation 2332 'bitconcatenate' 'tmp_190' <Predicate = true> <Delay = 0.00>
ST_2 : Operation 2333 [1/1] (0.00ns)   --->   "%sext_ln50_383 = sext i41 %tmp_190" [hilbert.cpp:50->hilbert.cpp:77]   --->   Operation 2333 'sext' 'sext_ln50_383' <Predicate = true> <Delay = 0.00>
ST_2 : Operation 2334 [1/1] (0.00ns)   --->   "%tmp_191 = bitconcatenate i38 @_ssdm_op_BitConcatenate.i38.i33.i5, i33 %sub_ln50_37, i5 0" [hilbert.cpp:50->hilbert.cpp:77]   --->   Operation 2334 'bitconcatenate' 'tmp_191' <Predicate = true> <Delay = 0.00>
ST_2 : Operation 2335 [1/1] (0.00ns)   --->   "%sext_ln50_384 = sext i38 %tmp_191" [hilbert.cpp:50->hilbert.cpp:77]   --->   Operation 2335 'sext' 'sext_ln50_384' <Predicate = true> <Delay = 0.00>
ST_2 : Operation 2336 [1/1] (1.04ns)   --->   "%add_ln50_148 = add i43 %sext_ln50_383, i43 %sext_ln50_384" [hilbert.cpp:50->hilbert.cpp:77]   --->   Operation 2336 'add' 'add_ln50_148' <Predicate = true> <Delay = 1.04> <CoreInst = "Adder">   --->   Core 1 'Adder' <Latency = 0> <II = 1> <Delay = 1.04> <FuncUnit> <Opcode : 'add' 'sub'> <InPorts = 2> <OutPorts = 1>
ST_2 : Operation 2337 [1/1] (0.00ns)   --->   "%tmp_192 = bitconcatenate i36 @_ssdm_op_BitConcatenate.i36.i33.i3, i33 %sub_ln50_37, i3 0" [hilbert.cpp:50->hilbert.cpp:77]   --->   Operation 2337 'bitconcatenate' 'tmp_192' <Predicate = true> <Delay = 0.00>
ST_2 : Operation 2338 [1/1] (0.00ns)   --->   "%sext_ln50_385 = sext i36 %tmp_192" [hilbert.cpp:50->hilbert.cpp:77]   --->   Operation 2338 'sext' 'sext_ln50_385' <Predicate = true> <Delay = 0.00>
ST_2 : Operation 2339 [1/1] (0.00ns) (grouped into TernaryAdder)   --->   "%sub_ln50_158 = sub i43 %add_ln50_148, i43 %sext_ln50_385" [hilbert.cpp:50->hilbert.cpp:77]   --->   Operation 2339 'sub' 'sub_ln50_158' <Predicate = true> <Delay = 0.00> <CoreInst = "TAddSub">   --->   Core 10 'TAddSub' <Latency = 0> <II = 1> <Delay = 0.38> <IPBlock> <Opcode : '' 'add' 'sub'> <InPorts = 3> <OutPorts = 1> <Sync> <CReg>
ST_2 : Operation 2340 [1/1] (0.00ns)   --->   "%tmp_193 = bitconcatenate i34 @_ssdm_op_BitConcatenate.i34.i33.i1, i33 %sub_ln50_37, i1 0" [hilbert.cpp:50->hilbert.cpp:77]   --->   Operation 2340 'bitconcatenate' 'tmp_193' <Predicate = true> <Delay = 0.00>
ST_2 : Operation 2341 [1/1] (0.00ns)   --->   "%sext_ln50_386 = sext i34 %tmp_193" [hilbert.cpp:50->hilbert.cpp:77]   --->   Operation 2341 'sext' 'sext_ln50_386' <Predicate = true> <Delay = 0.00>
ST_2 : Operation 2342 [1/1] (0.75ns) (root node of TernaryAdder)   --->   "%sub_ln50_159 = sub i43 %sub_ln50_158, i43 %sext_ln50_386" [hilbert.cpp:50->hilbert.cpp:77]   --->   Operation 2342 'sub' 'sub_ln50_159' <Predicate = true> <Delay = 0.75> <CoreInst = "TAddSub">   --->   Core 10 'TAddSub' <Latency = 0> <II = 1> <Delay = 0.38> <IPBlock> <Opcode : '' 'add' 'sub'> <InPorts = 3> <OutPorts = 1> <Sync> <CReg>
ST_2 : Operation 2343 [1/1] (0.00ns)   --->   "%tmp_194 = bitconcatenate i43 @_ssdm_op_BitConcatenate.i43.i33.i10, i33 %sub_ln50_8, i10 0" [hilbert.cpp:50->hilbert.cpp:77]   --->   Operation 2343 'bitconcatenate' 'tmp_194' <Predicate = true> <Delay = 0.00>
ST_2 : Operation 2344 [1/1] (0.00ns)   --->   "%sext_ln50_387 = sext i43 %tmp_194" [hilbert.cpp:50->hilbert.cpp:77]   --->   Operation 2344 'sext' 'sext_ln50_387' <Predicate = true> <Delay = 0.00>
ST_2 : Operation 2345 [1/1] (0.00ns)   --->   "%tmp_195 = bitconcatenate i41 @_ssdm_op_BitConcatenate.i41.i33.i8, i33 %sub_ln50_8, i8 0" [hilbert.cpp:50->hilbert.cpp:77]   --->   Operation 2345 'bitconcatenate' 'tmp_195' <Predicate = true> <Delay = 0.00>
ST_2 : Operation 2346 [1/1] (0.00ns)   --->   "%sext_ln50_388 = sext i41 %tmp_195" [hilbert.cpp:50->hilbert.cpp:77]   --->   Operation 2346 'sext' 'sext_ln50_388' <Predicate = true> <Delay = 0.00>
ST_2 : Operation 2347 [1/1] (1.05ns)   --->   "%add_ln50_149 = add i45 %sext_ln50_387, i45 %sext_ln50_388" [hilbert.cpp:50->hilbert.cpp:77]   --->   Operation 2347 'add' 'add_ln50_149' <Predicate = true> <Delay = 1.05> <CoreInst = "Adder">   --->   Core 1 'Adder' <Latency = 0> <II = 1> <Delay = 1.05> <FuncUnit> <Opcode : 'add' 'sub'> <InPorts = 2> <OutPorts = 1>
ST_2 : Operation 2348 [1/1] (0.00ns)   --->   "%tmp_196 = bitconcatenate i39 @_ssdm_op_BitConcatenate.i39.i33.i6, i33 %sub_ln50_8, i6 0" [hilbert.cpp:50->hilbert.cpp:77]   --->   Operation 2348 'bitconcatenate' 'tmp_196' <Predicate = true> <Delay = 0.00>
ST_2 : Operation 2349 [1/1] (0.00ns)   --->   "%sext_ln50_389 = sext i39 %tmp_196" [hilbert.cpp:50->hilbert.cpp:77]   --->   Operation 2349 'sext' 'sext_ln50_389' <Predicate = true> <Delay = 0.00>
ST_2 : Operation 2350 [1/1] (0.00ns) (grouped into TernaryAdder)   --->   "%sub_ln50_160 = sub i45 %add_ln50_149, i45 %sext_ln50_389" [hilbert.cpp:50->hilbert.cpp:77]   --->   Operation 2350 'sub' 'sub_ln50_160' <Predicate = true> <Delay = 0.00> <CoreInst = "TAddSub">   --->   Core 10 'TAddSub' <Latency = 0> <II = 1> <Delay = 0.38> <IPBlock> <Opcode : '' 'add' 'sub'> <InPorts = 3> <OutPorts = 1> <Sync> <CReg>
ST_2 : Operation 2351 [1/1] (0.00ns)   --->   "%tmp_197 = bitconcatenate i37 @_ssdm_op_BitConcatenate.i37.i33.i4, i33 %sub_ln50_8, i4 0" [hilbert.cpp:50->hilbert.cpp:77]   --->   Operation 2351 'bitconcatenate' 'tmp_197' <Predicate = true> <Delay = 0.00>
ST_2 : Operation 2352 [1/1] (0.00ns)   --->   "%sext_ln50_390 = sext i37 %tmp_197" [hilbert.cpp:50->hilbert.cpp:77]   --->   Operation 2352 'sext' 'sext_ln50_390' <Predicate = true> <Delay = 0.00>
ST_2 : Operation 2353 [1/1] (0.76ns) (root node of TernaryAdder)   --->   "%add_ln50_150 = add i45 %sub_ln50_160, i45 %sext_ln50_390" [hilbert.cpp:50->hilbert.cpp:77]   --->   Operation 2353 'add' 'add_ln50_150' <Predicate = true> <Delay = 0.76> <CoreInst = "TAddSub">   --->   Core 10 'TAddSub' <Latency = 0> <II = 1> <Delay = 0.38> <IPBlock> <Opcode : '' 'add' 'sub'> <InPorts = 3> <OutPorts = 1> <Sync> <CReg>
ST_2 : Operation 2354 [1/1] (0.00ns)   --->   "%tmp_198 = bitconcatenate i35 @_ssdm_op_BitConcatenate.i35.i33.i2, i33 %sub_ln50_8, i2 0" [hilbert.cpp:50->hilbert.cpp:77]   --->   Operation 2354 'bitconcatenate' 'tmp_198' <Predicate = true> <Delay = 0.00>
ST_2 : Operation 2355 [1/1] (0.00ns)   --->   "%sext_ln50_391 = sext i35 %tmp_198" [hilbert.cpp:50->hilbert.cpp:77]   --->   Operation 2355 'sext' 'sext_ln50_391' <Predicate = true> <Delay = 0.00>
ST_2 : Operation 2356 [1/1] (0.00ns) (grouped into TernaryAdder)   --->   "%sub_ln50_161 = sub i45 %add_ln50_150, i45 %sext_ln50_391" [hilbert.cpp:50->hilbert.cpp:77]   --->   Operation 2356 'sub' 'sub_ln50_161' <Predicate = true> <Delay = 0.00> <CoreInst = "TAddSub">   --->   Core 10 'TAddSub' <Latency = 0> <II = 1> <Delay = 0.38> <IPBlock> <Opcode : '' 'add' 'sub'> <InPorts = 3> <OutPorts = 1> <Sync> <CReg>
ST_2 : Operation 2357 [1/1] (0.76ns) (root node of TernaryAdder)   --->   "%sub_ln50_162 = sub i45 %sub_ln50_161, i45 %sext_ln50_153" [hilbert.cpp:50->hilbert.cpp:77]   --->   Operation 2357 'sub' 'sub_ln50_162' <Predicate = true> <Delay = 0.76> <CoreInst = "TAddSub">   --->   Core 10 'TAddSub' <Latency = 0> <II = 1> <Delay = 0.38> <IPBlock> <Opcode : '' 'add' 'sub'> <InPorts = 3> <OutPorts = 1> <Sync> <CReg>
ST_2 : Operation 2358 [1/1] (0.00ns)   --->   "%tmp_199 = bitconcatenate i41 @_ssdm_op_BitConcatenate.i41.i33.i8, i33 %sub_ln50_40, i8 0" [hilbert.cpp:50->hilbert.cpp:77]   --->   Operation 2358 'bitconcatenate' 'tmp_199' <Predicate = true> <Delay = 0.00>
ST_2 : Operation 2359 [1/1] (0.00ns)   --->   "%sext_ln50_392 = sext i41 %tmp_199" [hilbert.cpp:50->hilbert.cpp:77]   --->   Operation 2359 'sext' 'sext_ln50_392' <Predicate = true> <Delay = 0.00>
ST_2 : Operation 2360 [1/1] (0.00ns)   --->   "%tmp_200 = bitconcatenate i34 @_ssdm_op_BitConcatenate.i34.i33.i1, i33 %sub_ln50_40, i1 0" [hilbert.cpp:50->hilbert.cpp:77]   --->   Operation 2360 'bitconcatenate' 'tmp_200' <Predicate = true> <Delay = 0.00>
ST_2 : Operation 2361 [1/1] (0.00ns)   --->   "%sext_ln50_393 = sext i34 %tmp_200" [hilbert.cpp:50->hilbert.cpp:77]   --->   Operation 2361 'sext' 'sext_ln50_393' <Predicate = true> <Delay = 0.00>
ST_2 : Operation 2362 [1/1] (1.04ns)   --->   "%add_ln50_151 = add i43 %sext_ln50_392, i43 %sext_ln50_393" [hilbert.cpp:50->hilbert.cpp:77]   --->   Operation 2362 'add' 'add_ln50_151' <Predicate = true> <Delay = 1.04> <CoreInst = "Adder">   --->   Core 1 'Adder' <Latency = 0> <II = 1> <Delay = 1.04> <FuncUnit> <Opcode : 'add' 'sub'> <InPorts = 2> <OutPorts = 1>
ST_2 : Operation 2363 [1/1] (0.00ns)   --->   "%tmp_201 = bitconcatenate i43 @_ssdm_op_BitConcatenate.i43.i33.i10, i33 %sub_ln50_11, i10 0" [hilbert.cpp:50->hilbert.cpp:77]   --->   Operation 2363 'bitconcatenate' 'tmp_201' <Predicate = true> <Delay = 0.00>
ST_2 : Operation 2364 [1/1] (0.00ns)   --->   "%sext_ln50_394 = sext i43 %tmp_201" [hilbert.cpp:50->hilbert.cpp:77]   --->   Operation 2364 'sext' 'sext_ln50_394' <Predicate = true> <Delay = 0.00>
ST_2 : Operation 2365 [1/1] (0.00ns)   --->   "%tmp_202 = bitconcatenate i40 @_ssdm_op_BitConcatenate.i40.i33.i7, i33 %sub_ln50_11, i7 0" [hilbert.cpp:50->hilbert.cpp:77]   --->   Operation 2365 'bitconcatenate' 'tmp_202' <Predicate = true> <Delay = 0.00>
ST_2 : Operation 2366 [1/1] (0.00ns)   --->   "%sext_ln50_395 = sext i40 %tmp_202" [hilbert.cpp:50->hilbert.cpp:77]   --->   Operation 2366 'sext' 'sext_ln50_395' <Predicate = true> <Delay = 0.00>
ST_2 : Operation 2367 [1/1] (0.00ns) (grouped into TernaryAdder)   --->   "%sub_ln50_163 = sub i44 %sext_ln50_394, i44 %sext_ln50_395" [hilbert.cpp:50->hilbert.cpp:77]   --->   Operation 2367 'sub' 'sub_ln50_163' <Predicate = true> <Delay = 0.00> <CoreInst = "TAddSub">   --->   Core 10 'TAddSub' <Latency = 0> <II = 1> <Delay = 0.38> <IPBlock> <Opcode : '' 'add' 'sub'> <InPorts = 3> <OutPorts = 1> <Sync> <CReg>
ST_2 : Operation 2368 [1/1] (0.00ns)   --->   "%tmp_203 = bitconcatenate i37 @_ssdm_op_BitConcatenate.i37.i33.i4, i33 %sub_ln50_11, i4 0" [hilbert.cpp:50->hilbert.cpp:77]   --->   Operation 2368 'bitconcatenate' 'tmp_203' <Predicate = true> <Delay = 0.00>
ST_2 : Operation 2369 [1/1] (0.00ns)   --->   "%sext_ln50_396 = sext i37 %tmp_203" [hilbert.cpp:50->hilbert.cpp:77]   --->   Operation 2369 'sext' 'sext_ln50_396' <Predicate = true> <Delay = 0.00>
ST_2 : Operation 2370 [1/1] (0.76ns) (root node of TernaryAdder)   --->   "%add_ln50_152 = add i44 %sub_ln50_163, i44 %sext_ln50_396" [hilbert.cpp:50->hilbert.cpp:77]   --->   Operation 2370 'add' 'add_ln50_152' <Predicate = true> <Delay = 0.76> <CoreInst = "TAddSub">   --->   Core 10 'TAddSub' <Latency = 0> <II = 1> <Delay = 0.38> <IPBlock> <Opcode : '' 'add' 'sub'> <InPorts = 3> <OutPorts = 1> <Sync> <CReg>
ST_2 : Operation 2371 [1/1] (0.00ns)   --->   "%tmp_204 = bitconcatenate i35 @_ssdm_op_BitConcatenate.i35.i33.i2, i33 %sub_ln50_11, i2 0" [hilbert.cpp:50->hilbert.cpp:77]   --->   Operation 2371 'bitconcatenate' 'tmp_204' <Predicate = true> <Delay = 0.00>
ST_2 : Operation 2372 [1/1] (0.00ns)   --->   "%sext_ln50_397 = sext i35 %tmp_204" [hilbert.cpp:50->hilbert.cpp:77]   --->   Operation 2372 'sext' 'sext_ln50_397' <Predicate = true> <Delay = 0.00>
ST_2 : Operation 2373 [1/1] (0.00ns) (grouped into TernaryAdder)   --->   "%sub_ln50_164 = sub i44 %add_ln50_152, i44 %sext_ln50_397" [hilbert.cpp:50->hilbert.cpp:77]   --->   Operation 2373 'sub' 'sub_ln50_164' <Predicate = true> <Delay = 0.00> <CoreInst = "TAddSub">   --->   Core 10 'TAddSub' <Latency = 0> <II = 1> <Delay = 0.38> <IPBlock> <Opcode : '' 'add' 'sub'> <InPorts = 3> <OutPorts = 1> <Sync> <CReg>
ST_2 : Operation 2374 [1/1] (0.76ns) (root node of TernaryAdder)   --->   "%sub_ln50_165 = sub i44 %sub_ln50_164, i44 %sext_ln50_155" [hilbert.cpp:50->hilbert.cpp:77]   --->   Operation 2374 'sub' 'sub_ln50_165' <Predicate = true> <Delay = 0.76> <CoreInst = "TAddSub">   --->   Core 10 'TAddSub' <Latency = 0> <II = 1> <Delay = 0.38> <IPBlock> <Opcode : '' 'add' 'sub'> <InPorts = 3> <OutPorts = 1> <Sync> <CReg>
ST_2 : Operation 2375 [1/1] (0.00ns)   --->   "%tmp_205 = bitconcatenate i40 @_ssdm_op_BitConcatenate.i40.i33.i7, i33 %sub_ln50_72, i7 0" [hilbert.cpp:50->hilbert.cpp:77]   --->   Operation 2375 'bitconcatenate' 'tmp_205' <Predicate = true> <Delay = 0.00>
ST_2 : Operation 2376 [1/1] (0.00ns)   --->   "%sext_ln50_398 = sext i40 %tmp_205" [hilbert.cpp:50->hilbert.cpp:77]   --->   Operation 2376 'sext' 'sext_ln50_398' <Predicate = true> <Delay = 0.00>
ST_2 : Operation 2377 [1/1] (0.00ns)   --->   "%tmp_206 = bitconcatenate i37 @_ssdm_op_BitConcatenate.i37.i33.i4, i33 %sub_ln50_72, i4 0" [hilbert.cpp:50->hilbert.cpp:77]   --->   Operation 2377 'bitconcatenate' 'tmp_206' <Predicate = true> <Delay = 0.00>
ST_2 : Operation 2378 [1/1] (0.00ns)   --->   "%sext_ln50_399 = sext i37 %tmp_206" [hilbert.cpp:50->hilbert.cpp:77]   --->   Operation 2378 'sext' 'sext_ln50_399' <Predicate = true> <Delay = 0.00>
ST_2 : Operation 2379 [1/1] (0.00ns) (grouped into TernaryAdder)   --->   "%add_ln50_153 = add i42 %sext_ln50_398, i42 %sext_ln50_399" [hilbert.cpp:50->hilbert.cpp:77]   --->   Operation 2379 'add' 'add_ln50_153' <Predicate = true> <Delay = 0.00> <CoreInst = "TAddSub">   --->   Core 10 'TAddSub' <Latency = 0> <II = 1> <Delay = 0.38> <IPBlock> <Opcode : '' 'add' 'sub'> <InPorts = 3> <OutPorts = 1> <Sync> <CReg>
ST_2 : Operation 2380 [1/1] (0.00ns)   --->   "%tmp_207 = bitconcatenate i40 @_ssdm_op_BitConcatenate.i40.i33.i7, i33 %sub_ln50_64, i7 0" [hilbert.cpp:50->hilbert.cpp:77]   --->   Operation 2380 'bitconcatenate' 'tmp_207' <Predicate = true> <Delay = 0.00>
ST_2 : Operation 2381 [1/1] (0.00ns)   --->   "%sext_ln50_400 = sext i40 %tmp_207" [hilbert.cpp:50->hilbert.cpp:77]   --->   Operation 2381 'sext' 'sext_ln50_400' <Predicate = true> <Delay = 0.00>
ST_2 : Operation 2382 [1/1] (0.00ns)   --->   "%tmp_208 = bitconcatenate i38 @_ssdm_op_BitConcatenate.i38.i33.i5, i33 %sub_ln50_64, i5 0" [hilbert.cpp:50->hilbert.cpp:77]   --->   Operation 2382 'bitconcatenate' 'tmp_208' <Predicate = true> <Delay = 0.00>
ST_2 : Operation 2383 [1/1] (0.00ns)   --->   "%sext_ln50_401 = sext i38 %tmp_208" [hilbert.cpp:50->hilbert.cpp:77]   --->   Operation 2383 'sext' 'sext_ln50_401' <Predicate = true> <Delay = 0.00>
ST_2 : Operation 2384 [1/1] (1.03ns)   --->   "%add_ln50_154 = add i42 %sext_ln50_400, i42 %sext_ln50_401" [hilbert.cpp:50->hilbert.cpp:77]   --->   Operation 2384 'add' 'add_ln50_154' <Predicate = true> <Delay = 1.03> <CoreInst = "Adder">   --->   Core 1 'Adder' <Latency = 0> <II = 1> <Delay = 1.03> <FuncUnit> <Opcode : 'add' 'sub'> <InPorts = 2> <OutPorts = 1>
ST_2 : Operation 2385 [1/1] (0.00ns)   --->   "%tmp_209 = bitconcatenate i34 @_ssdm_op_BitConcatenate.i34.i33.i1, i33 %sub_ln50_64, i1 0" [hilbert.cpp:50->hilbert.cpp:77]   --->   Operation 2385 'bitconcatenate' 'tmp_209' <Predicate = true> <Delay = 0.00>
ST_2 : Operation 2386 [1/1] (0.00ns)   --->   "%sext_ln50_402 = sext i34 %tmp_209" [hilbert.cpp:50->hilbert.cpp:77]   --->   Operation 2386 'sext' 'sext_ln50_402' <Predicate = true> <Delay = 0.00>
ST_2 : Operation 2387 [1/1] (0.00ns) (grouped into TernaryAdder)   --->   "%add_ln50_155 = add i42 %add_ln50_154, i42 %sext_ln50_402" [hilbert.cpp:50->hilbert.cpp:77]   --->   Operation 2387 'add' 'add_ln50_155' <Predicate = true> <Delay = 0.00> <CoreInst = "TAddSub">   --->   Core 10 'TAddSub' <Latency = 0> <II = 1> <Delay = 0.38> <IPBlock> <Opcode : '' 'add' 'sub'> <InPorts = 3> <OutPorts = 1> <Sync> <CReg>
ST_2 : Operation 2388 [1/1] (0.00ns)   --->   "%tmp_210 = bitconcatenate i40 @_ssdm_op_BitConcatenate.i40.i33.i7, i33 %sub_ln50_63, i7 0" [hilbert.cpp:50->hilbert.cpp:77]   --->   Operation 2388 'bitconcatenate' 'tmp_210' <Predicate = true> <Delay = 0.00>
ST_2 : Operation 2389 [1/1] (0.00ns)   --->   "%sext_ln50_403 = sext i40 %tmp_210" [hilbert.cpp:50->hilbert.cpp:77]   --->   Operation 2389 'sext' 'sext_ln50_403' <Predicate = true> <Delay = 0.00>
ST_2 : Operation 2390 [1/1] (0.00ns)   --->   "%tmp_211 = bitconcatenate i38 @_ssdm_op_BitConcatenate.i38.i33.i5, i33 %sub_ln50_63, i5 0" [hilbert.cpp:50->hilbert.cpp:77]   --->   Operation 2390 'bitconcatenate' 'tmp_211' <Predicate = true> <Delay = 0.00>
ST_2 : Operation 2391 [1/1] (0.00ns)   --->   "%sext_ln50_404 = sext i38 %tmp_211" [hilbert.cpp:50->hilbert.cpp:77]   --->   Operation 2391 'sext' 'sext_ln50_404' <Predicate = true> <Delay = 0.00>
ST_2 : Operation 2392 [1/1] (0.00ns) (grouped into TernaryAdder)   --->   "%add_ln50_156 = add i42 %sext_ln50_403, i42 %sext_ln50_404" [hilbert.cpp:50->hilbert.cpp:77]   --->   Operation 2392 'add' 'add_ln50_156' <Predicate = true> <Delay = 0.00> <CoreInst = "TAddSub">   --->   Core 10 'TAddSub' <Latency = 0> <II = 1> <Delay = 0.38> <IPBlock> <Opcode : '' 'add' 'sub'> <InPorts = 3> <OutPorts = 1> <Sync> <CReg>
ST_2 : Operation 2393 [1/1] (0.00ns)   --->   "%tmp_212 = bitconcatenate i35 @_ssdm_op_BitConcatenate.i35.i33.i2, i33 %sub_ln50_63, i2 0" [hilbert.cpp:50->hilbert.cpp:77]   --->   Operation 2393 'bitconcatenate' 'tmp_212' <Predicate = true> <Delay = 0.00>
ST_2 : Operation 2394 [1/1] (0.00ns)   --->   "%sext_ln50_405 = sext i35 %tmp_212" [hilbert.cpp:50->hilbert.cpp:77]   --->   Operation 2394 'sext' 'sext_ln50_405' <Predicate = true> <Delay = 0.00>
ST_2 : Operation 2395 [1/1] (0.75ns) (root node of TernaryAdder)   --->   "%add_ln50_157 = add i42 %add_ln50_156, i42 %sext_ln50_405" [hilbert.cpp:50->hilbert.cpp:77]   --->   Operation 2395 'add' 'add_ln50_157' <Predicate = true> <Delay = 0.75> <CoreInst = "TAddSub">   --->   Core 10 'TAddSub' <Latency = 0> <II = 1> <Delay = 0.38> <IPBlock> <Opcode : '' 'add' 'sub'> <InPorts = 3> <OutPorts = 1> <Sync> <CReg>
ST_2 : Operation 2396 [1/1] (0.00ns)   --->   "%tmp_213 = bitconcatenate i40 @_ssdm_op_BitConcatenate.i40.i33.i7, i33 %sub_ln50_65, i7 0" [hilbert.cpp:50->hilbert.cpp:77]   --->   Operation 2396 'bitconcatenate' 'tmp_213' <Predicate = true> <Delay = 0.00>
ST_2 : Operation 2397 [1/1] (0.00ns)   --->   "%sext_ln50_406 = sext i40 %tmp_213" [hilbert.cpp:50->hilbert.cpp:77]   --->   Operation 2397 'sext' 'sext_ln50_406' <Predicate = true> <Delay = 0.00>
ST_2 : Operation 2398 [1/1] (0.00ns)   --->   "%tmp_214 = bitconcatenate i38 @_ssdm_op_BitConcatenate.i38.i33.i5, i33 %sub_ln50_65, i5 0" [hilbert.cpp:50->hilbert.cpp:77]   --->   Operation 2398 'bitconcatenate' 'tmp_214' <Predicate = true> <Delay = 0.00>
ST_2 : Operation 2399 [1/1] (0.00ns)   --->   "%sext_ln50_407 = sext i38 %tmp_214" [hilbert.cpp:50->hilbert.cpp:77]   --->   Operation 2399 'sext' 'sext_ln50_407' <Predicate = true> <Delay = 0.00>
ST_2 : Operation 2400 [1/1] (1.03ns)   --->   "%add_ln50_158 = add i42 %sext_ln50_406, i42 %sext_ln50_407" [hilbert.cpp:50->hilbert.cpp:77]   --->   Operation 2400 'add' 'add_ln50_158' <Predicate = true> <Delay = 1.03> <CoreInst = "Adder">   --->   Core 1 'Adder' <Latency = 0> <II = 1> <Delay = 1.03> <FuncUnit> <Opcode : 'add' 'sub'> <InPorts = 2> <OutPorts = 1>
ST_2 : Operation 2401 [1/1] (0.00ns) (grouped into TernaryAdder)   --->   "%sub_ln50_166 = sub i42 %add_ln50_158, i42 %sext_ln50_182" [hilbert.cpp:50->hilbert.cpp:77]   --->   Operation 2401 'sub' 'sub_ln50_166' <Predicate = true> <Delay = 0.00> <CoreInst = "TAddSub">   --->   Core 10 'TAddSub' <Latency = 0> <II = 1> <Delay = 0.38> <IPBlock> <Opcode : '' 'add' 'sub'> <InPorts = 3> <OutPorts = 1> <Sync> <CReg>
ST_2 : Operation 2402 [1/1] (0.00ns)   --->   "%tmp_215 = bitconcatenate i42 @_ssdm_op_BitConcatenate.i42.i33.i9, i33 %sub_ln50_25, i9 0" [hilbert.cpp:50->hilbert.cpp:77]   --->   Operation 2402 'bitconcatenate' 'tmp_215' <Predicate = true> <Delay = 0.00>
ST_2 : Operation 2403 [1/1] (0.00ns)   --->   "%sext_ln50_408 = sext i42 %tmp_215" [hilbert.cpp:50->hilbert.cpp:77]   --->   Operation 2403 'sext' 'sext_ln50_408' <Predicate = true> <Delay = 0.00>
ST_2 : Operation 2404 [1/1] (0.00ns)   --->   "%tmp_216 = bitconcatenate i40 @_ssdm_op_BitConcatenate.i40.i33.i7, i33 %sub_ln50_25, i7 0" [hilbert.cpp:50->hilbert.cpp:77]   --->   Operation 2404 'bitconcatenate' 'tmp_216' <Predicate = true> <Delay = 0.00>
ST_2 : Operation 2405 [1/1] (0.00ns)   --->   "%sext_ln50_409 = sext i40 %tmp_216" [hilbert.cpp:50->hilbert.cpp:77]   --->   Operation 2405 'sext' 'sext_ln50_409' <Predicate = true> <Delay = 0.00>
ST_2 : Operation 2406 [1/1] (1.04ns)   --->   "%sub_ln50_167 = sub i43 %sext_ln50_408, i43 %sext_ln50_409" [hilbert.cpp:50->hilbert.cpp:77]   --->   Operation 2406 'sub' 'sub_ln50_167' <Predicate = true> <Delay = 1.04> <CoreInst = "Adder">   --->   Core 1 'Adder' <Latency = 0> <II = 1> <Delay = 1.04> <FuncUnit> <Opcode : 'add' 'sub'> <InPorts = 2> <OutPorts = 1>
ST_2 : Operation 2407 [1/1] (0.00ns)   --->   "%tmp_217 = bitconcatenate i38 @_ssdm_op_BitConcatenate.i38.i33.i5, i33 %sub_ln50_25, i5 0" [hilbert.cpp:50->hilbert.cpp:77]   --->   Operation 2407 'bitconcatenate' 'tmp_217' <Predicate = true> <Delay = 0.00>
ST_2 : Operation 2408 [1/1] (0.00ns)   --->   "%sext_ln50_410 = sext i38 %tmp_217" [hilbert.cpp:50->hilbert.cpp:77]   --->   Operation 2408 'sext' 'sext_ln50_410' <Predicate = true> <Delay = 0.00>
ST_2 : Operation 2409 [1/1] (0.00ns) (grouped into TernaryAdder)   --->   "%add_ln50_159 = add i43 %sub_ln50_167, i43 %sext_ln50_410" [hilbert.cpp:50->hilbert.cpp:77]   --->   Operation 2409 'add' 'add_ln50_159' <Predicate = true> <Delay = 0.00> <CoreInst = "TAddSub">   --->   Core 10 'TAddSub' <Latency = 0> <II = 1> <Delay = 0.38> <IPBlock> <Opcode : '' 'add' 'sub'> <InPorts = 3> <OutPorts = 1> <Sync> <CReg>
ST_2 : Operation 2410 [1/1] (0.00ns)   --->   "%tmp_218 = bitconcatenate i36 @_ssdm_op_BitConcatenate.i36.i33.i3, i33 %sub_ln50_25, i3 0" [hilbert.cpp:50->hilbert.cpp:77]   --->   Operation 2410 'bitconcatenate' 'tmp_218' <Predicate = true> <Delay = 0.00>
ST_2 : Operation 2411 [1/1] (0.00ns)   --->   "%sext_ln50_411 = sext i36 %tmp_218" [hilbert.cpp:50->hilbert.cpp:77]   --->   Operation 2411 'sext' 'sext_ln50_411' <Predicate = true> <Delay = 0.00>
ST_2 : Operation 2412 [1/1] (0.75ns) (root node of TernaryAdder)   --->   "%sub_ln50_168 = sub i43 %add_ln50_159, i43 %sext_ln50_411" [hilbert.cpp:50->hilbert.cpp:77]   --->   Operation 2412 'sub' 'sub_ln50_168' <Predicate = true> <Delay = 0.75> <CoreInst = "TAddSub">   --->   Core 10 'TAddSub' <Latency = 0> <II = 1> <Delay = 0.38> <IPBlock> <Opcode : '' 'add' 'sub'> <InPorts = 3> <OutPorts = 1> <Sync> <CReg>
ST_2 : Operation 2413 [1/1] (0.00ns) (grouped into TernaryAdder)   --->   "%add_ln50_160 = add i43 %sub_ln50_168, i43 %sext_ln50_162" [hilbert.cpp:50->hilbert.cpp:77]   --->   Operation 2413 'add' 'add_ln50_160' <Predicate = true> <Delay = 0.00> <CoreInst = "TAddSub">   --->   Core 10 'TAddSub' <Latency = 0> <II = 1> <Delay = 0.38> <IPBlock> <Opcode : '' 'add' 'sub'> <InPorts = 3> <OutPorts = 1> <Sync> <CReg>
ST_2 : Operation 2414 [1/1] (0.00ns)   --->   "%tmp_219 = bitconcatenate i40 @_ssdm_op_BitConcatenate.i40.i33.i7, i33 %sub_ln50_62, i7 0" [hilbert.cpp:50->hilbert.cpp:77]   --->   Operation 2414 'bitconcatenate' 'tmp_219' <Predicate = true> <Delay = 0.00>
ST_2 : Operation 2415 [1/1] (0.00ns)   --->   "%sext_ln50_412 = sext i40 %tmp_219" [hilbert.cpp:50->hilbert.cpp:77]   --->   Operation 2415 'sext' 'sext_ln50_412' <Predicate = true> <Delay = 0.00>
ST_2 : Operation 2416 [1/1] (0.00ns)   --->   "%tmp_220 = bitconcatenate i38 @_ssdm_op_BitConcatenate.i38.i33.i5, i33 %sub_ln50_62, i5 0" [hilbert.cpp:50->hilbert.cpp:77]   --->   Operation 2416 'bitconcatenate' 'tmp_220' <Predicate = true> <Delay = 0.00>
ST_2 : Operation 2417 [1/1] (0.00ns)   --->   "%sext_ln50_413 = sext i38 %tmp_220" [hilbert.cpp:50->hilbert.cpp:77]   --->   Operation 2417 'sext' 'sext_ln50_413' <Predicate = true> <Delay = 0.00>
ST_2 : Operation 2418 [1/1] (1.03ns)   --->   "%add_ln50_161 = add i42 %sext_ln50_412, i42 %sext_ln50_413" [hilbert.cpp:50->hilbert.cpp:77]   --->   Operation 2418 'add' 'add_ln50_161' <Predicate = true> <Delay = 1.03> <CoreInst = "Adder">   --->   Core 1 'Adder' <Latency = 0> <II = 1> <Delay = 1.03> <FuncUnit> <Opcode : 'add' 'sub'> <InPorts = 2> <OutPorts = 1>
ST_2 : Operation 2419 [1/1] (0.00ns)   --->   "%tmp_221 = bitconcatenate i36 @_ssdm_op_BitConcatenate.i36.i33.i3, i33 %sub_ln50_62, i3 0" [hilbert.cpp:50->hilbert.cpp:77]   --->   Operation 2419 'bitconcatenate' 'tmp_221' <Predicate = true> <Delay = 0.00>
ST_2 : Operation 2420 [1/1] (0.00ns)   --->   "%sext_ln50_414 = sext i36 %tmp_221" [hilbert.cpp:50->hilbert.cpp:77]   --->   Operation 2420 'sext' 'sext_ln50_414' <Predicate = true> <Delay = 0.00>
ST_2 : Operation 2421 [1/1] (0.00ns) (grouped into TernaryAdder)   --->   "%add_ln50_162 = add i42 %add_ln50_161, i42 %sext_ln50_414" [hilbert.cpp:50->hilbert.cpp:77]   --->   Operation 2421 'add' 'add_ln50_162' <Predicate = true> <Delay = 0.00> <CoreInst = "TAddSub">   --->   Core 10 'TAddSub' <Latency = 0> <II = 1> <Delay = 0.38> <IPBlock> <Opcode : '' 'add' 'sub'> <InPorts = 3> <OutPorts = 1> <Sync> <CReg>
ST_2 : Operation 2422 [1/1] (0.75ns) (root node of TernaryAdder)   --->   "%sub_ln50_169 = sub i42 %add_ln50_162, i42 %sext_ln50_181" [hilbert.cpp:50->hilbert.cpp:77]   --->   Operation 2422 'sub' 'sub_ln50_169' <Predicate = true> <Delay = 0.75> <CoreInst = "TAddSub">   --->   Core 10 'TAddSub' <Latency = 0> <II = 1> <Delay = 0.38> <IPBlock> <Opcode : '' 'add' 'sub'> <InPorts = 3> <OutPorts = 1> <Sync> <CReg>
ST_2 : Operation 2423 [1/1] (0.00ns)   --->   "%tmp_222 = bitconcatenate i41 @_ssdm_op_BitConcatenate.i41.i33.i8, i33 %sub_ln50_53, i8 0" [hilbert.cpp:50->hilbert.cpp:77]   --->   Operation 2423 'bitconcatenate' 'tmp_222' <Predicate = true> <Delay = 0.00>
ST_2 : Operation 2424 [1/1] (0.00ns)   --->   "%sext_ln50_415 = sext i41 %tmp_222" [hilbert.cpp:50->hilbert.cpp:77]   --->   Operation 2424 'sext' 'sext_ln50_415' <Predicate = true> <Delay = 0.00>
ST_2 : Operation 2425 [1/1] (0.00ns)   --->   "%tmp_223 = bitconcatenate i39 @_ssdm_op_BitConcatenate.i39.i33.i6, i33 %sub_ln50_53, i6 0" [hilbert.cpp:50->hilbert.cpp:77]   --->   Operation 2425 'bitconcatenate' 'tmp_223' <Predicate = true> <Delay = 0.00>
ST_2 : Operation 2426 [1/1] (0.00ns)   --->   "%sext_ln50_416 = sext i39 %tmp_223" [hilbert.cpp:50->hilbert.cpp:77]   --->   Operation 2426 'sext' 'sext_ln50_416' <Predicate = true> <Delay = 0.00>
ST_2 : Operation 2427 [1/1] (0.00ns) (grouped into TernaryAdder)   --->   "%sub_ln50_170 = sub i42 %sext_ln50_415, i42 %sext_ln50_416" [hilbert.cpp:50->hilbert.cpp:77]   --->   Operation 2427 'sub' 'sub_ln50_170' <Predicate = true> <Delay = 0.00> <CoreInst = "TAddSub">   --->   Core 10 'TAddSub' <Latency = 0> <II = 1> <Delay = 0.38> <IPBlock> <Opcode : '' 'add' 'sub'> <InPorts = 3> <OutPorts = 1> <Sync> <CReg>
ST_2 : Operation 2428 [1/1] (0.00ns)   --->   "%tmp_224 = bitconcatenate i35 @_ssdm_op_BitConcatenate.i35.i33.i2, i33 %sub_ln50_53, i2 0" [hilbert.cpp:50->hilbert.cpp:77]   --->   Operation 2428 'bitconcatenate' 'tmp_224' <Predicate = true> <Delay = 0.00>
ST_2 : Operation 2429 [1/1] (0.00ns)   --->   "%sext_ln50_417 = sext i35 %tmp_224" [hilbert.cpp:50->hilbert.cpp:77]   --->   Operation 2429 'sext' 'sext_ln50_417' <Predicate = true> <Delay = 0.00>
ST_2 : Operation 2430 [1/1] (0.75ns) (root node of TernaryAdder)   --->   "%add_ln50_163 = add i42 %sub_ln50_170, i42 %sext_ln50_417" [hilbert.cpp:50->hilbert.cpp:77]   --->   Operation 2430 'add' 'add_ln50_163' <Predicate = true> <Delay = 0.75> <CoreInst = "TAddSub">   --->   Core 10 'TAddSub' <Latency = 0> <II = 1> <Delay = 0.38> <IPBlock> <Opcode : '' 'add' 'sub'> <InPorts = 3> <OutPorts = 1> <Sync> <CReg>
ST_2 : Operation 2431 [1/1] (0.00ns) (grouped into TernaryAdder)   --->   "%sub_ln50_171 = sub i42 %add_ln50_163, i42 %sext_ln50_176" [hilbert.cpp:50->hilbert.cpp:77]   --->   Operation 2431 'sub' 'sub_ln50_171' <Predicate = true> <Delay = 0.00> <CoreInst = "TAddSub">   --->   Core 10 'TAddSub' <Latency = 0> <II = 1> <Delay = 0.38> <IPBlock> <Opcode : '' 'add' 'sub'> <InPorts = 3> <OutPorts = 1> <Sync> <CReg>
ST_2 : Operation 2432 [1/1] (0.00ns)   --->   "%tmp_225 = bitconcatenate i40 @_ssdm_op_BitConcatenate.i40.i33.i7, i33 %sub_ln50_66, i7 0" [hilbert.cpp:50->hilbert.cpp:77]   --->   Operation 2432 'bitconcatenate' 'tmp_225' <Predicate = true> <Delay = 0.00>
ST_2 : Operation 2433 [1/1] (0.00ns)   --->   "%sext_ln50_418 = sext i40 %tmp_225" [hilbert.cpp:50->hilbert.cpp:77]   --->   Operation 2433 'sext' 'sext_ln50_418' <Predicate = true> <Delay = 0.00>
ST_2 : Operation 2434 [1/1] (0.00ns)   --->   "%tmp_226 = bitconcatenate i38 @_ssdm_op_BitConcatenate.i38.i33.i5, i33 %sub_ln50_66, i5 0" [hilbert.cpp:50->hilbert.cpp:77]   --->   Operation 2434 'bitconcatenate' 'tmp_226' <Predicate = true> <Delay = 0.00>
ST_2 : Operation 2435 [1/1] (0.00ns)   --->   "%sext_ln50_419 = sext i38 %tmp_226" [hilbert.cpp:50->hilbert.cpp:77]   --->   Operation 2435 'sext' 'sext_ln50_419' <Predicate = true> <Delay = 0.00>
ST_2 : Operation 2436 [1/1] (0.00ns) (grouped into TernaryAdder)   --->   "%add_ln50_164 = add i42 %sext_ln50_418, i42 %sext_ln50_419" [hilbert.cpp:50->hilbert.cpp:77]   --->   Operation 2436 'add' 'add_ln50_164' <Predicate = true> <Delay = 0.00> <CoreInst = "TAddSub">   --->   Core 10 'TAddSub' <Latency = 0> <II = 1> <Delay = 0.38> <IPBlock> <Opcode : '' 'add' 'sub'> <InPorts = 3> <OutPorts = 1> <Sync> <CReg>
ST_2 : Operation 2437 [1/1] (0.00ns)   --->   "%tmp_227 = bitconcatenate i35 @_ssdm_op_BitConcatenate.i35.i33.i2, i33 %sub_ln50_66, i2 0" [hilbert.cpp:50->hilbert.cpp:77]   --->   Operation 2437 'bitconcatenate' 'tmp_227' <Predicate = true> <Delay = 0.00>
ST_2 : Operation 2438 [1/1] (0.00ns)   --->   "%sext_ln50_420 = sext i35 %tmp_227" [hilbert.cpp:50->hilbert.cpp:77]   --->   Operation 2438 'sext' 'sext_ln50_420' <Predicate = true> <Delay = 0.00>
ST_2 : Operation 2439 [1/1] (0.75ns) (root node of TernaryAdder)   --->   "%sub_ln50_172 = sub i42 %add_ln50_164, i42 %sext_ln50_420" [hilbert.cpp:50->hilbert.cpp:77]   --->   Operation 2439 'sub' 'sub_ln50_172' <Predicate = true> <Delay = 0.75> <CoreInst = "TAddSub">   --->   Core 10 'TAddSub' <Latency = 0> <II = 1> <Delay = 0.38> <IPBlock> <Opcode : '' 'add' 'sub'> <InPorts = 3> <OutPorts = 1> <Sync> <CReg>
ST_2 : Operation 2440 [1/1] (0.00ns) (grouped into TernaryAdder)   --->   "%add_ln50_165 = add i42 %sub_ln50_172, i42 %sext_ln50_183" [hilbert.cpp:50->hilbert.cpp:77]   --->   Operation 2440 'add' 'add_ln50_165' <Predicate = true> <Delay = 0.00> <CoreInst = "TAddSub">   --->   Core 10 'TAddSub' <Latency = 0> <II = 1> <Delay = 0.38> <IPBlock> <Opcode : '' 'add' 'sub'> <InPorts = 3> <OutPorts = 1> <Sync> <CReg>
ST_2 : Operation 2441 [1/1] (0.00ns)   --->   "%tmp_228 = bitconcatenate i41 @_ssdm_op_BitConcatenate.i41.i33.i8, i33 %sub_ln50_49, i8 0" [hilbert.cpp:50->hilbert.cpp:77]   --->   Operation 2441 'bitconcatenate' 'tmp_228' <Predicate = true> <Delay = 0.00>
ST_2 : Operation 2442 [1/1] (0.00ns)   --->   "%sext_ln50_421 = sext i41 %tmp_228" [hilbert.cpp:50->hilbert.cpp:77]   --->   Operation 2442 'sext' 'sext_ln50_421' <Predicate = true> <Delay = 0.00>
ST_2 : Operation 2443 [1/1] (0.00ns)   --->   "%tmp_229 = bitconcatenate i39 @_ssdm_op_BitConcatenate.i39.i33.i6, i33 %sub_ln50_49, i6 0" [hilbert.cpp:50->hilbert.cpp:77]   --->   Operation 2443 'bitconcatenate' 'tmp_229' <Predicate = true> <Delay = 0.00>
ST_2 : Operation 2444 [1/1] (0.00ns)   --->   "%sext_ln50_422 = sext i39 %tmp_229" [hilbert.cpp:50->hilbert.cpp:77]   --->   Operation 2444 'sext' 'sext_ln50_422' <Predicate = true> <Delay = 0.00>
ST_2 : Operation 2445 [1/1] (0.00ns) (grouped into TernaryAdder)   --->   "%sub_ln50_173 = sub i42 %sext_ln50_421, i42 %sext_ln50_422" [hilbert.cpp:50->hilbert.cpp:77]   --->   Operation 2445 'sub' 'sub_ln50_173' <Predicate = true> <Delay = 0.00> <CoreInst = "TAddSub">   --->   Core 10 'TAddSub' <Latency = 0> <II = 1> <Delay = 0.38> <IPBlock> <Opcode : '' 'add' 'sub'> <InPorts = 3> <OutPorts = 1> <Sync> <CReg>
ST_2 : Operation 2446 [1/1] (0.00ns)   --->   "%tmp_230 = bitconcatenate i37 @_ssdm_op_BitConcatenate.i37.i33.i4, i33 %sub_ln50_49, i4 0" [hilbert.cpp:50->hilbert.cpp:77]   --->   Operation 2446 'bitconcatenate' 'tmp_230' <Predicate = true> <Delay = 0.00>
ST_2 : Operation 2447 [1/1] (0.00ns)   --->   "%sext_ln50_423 = sext i37 %tmp_230" [hilbert.cpp:50->hilbert.cpp:77]   --->   Operation 2447 'sext' 'sext_ln50_423' <Predicate = true> <Delay = 0.00>
ST_2 : Operation 2448 [1/1] (0.75ns) (root node of TernaryAdder)   --->   "%add_ln50_166 = add i42 %sub_ln50_173, i42 %sext_ln50_423" [hilbert.cpp:50->hilbert.cpp:77]   --->   Operation 2448 'add' 'add_ln50_166' <Predicate = true> <Delay = 0.75> <CoreInst = "TAddSub">   --->   Core 10 'TAddSub' <Latency = 0> <II = 1> <Delay = 0.38> <IPBlock> <Opcode : '' 'add' 'sub'> <InPorts = 3> <OutPorts = 1> <Sync> <CReg>
ST_2 : Operation 2449 [1/1] (0.00ns)   --->   "%tmp_231 = bitconcatenate i35 @_ssdm_op_BitConcatenate.i35.i33.i2, i33 %sub_ln50_49, i2 0" [hilbert.cpp:50->hilbert.cpp:77]   --->   Operation 2449 'bitconcatenate' 'tmp_231' <Predicate = true> <Delay = 0.00>
ST_2 : Operation 2450 [1/1] (0.00ns)   --->   "%sext_ln50_424 = sext i35 %tmp_231" [hilbert.cpp:50->hilbert.cpp:77]   --->   Operation 2450 'sext' 'sext_ln50_424' <Predicate = true> <Delay = 0.00>
ST_2 : Operation 2451 [1/1] (0.00ns) (grouped into TernaryAdder)   --->   "%add_ln50_167 = add i42 %add_ln50_166, i42 %sext_ln50_424" [hilbert.cpp:50->hilbert.cpp:77]   --->   Operation 2451 'add' 'add_ln50_167' <Predicate = true> <Delay = 0.00> <CoreInst = "TAddSub">   --->   Core 10 'TAddSub' <Latency = 0> <II = 1> <Delay = 0.38> <IPBlock> <Opcode : '' 'add' 'sub'> <InPorts = 3> <OutPorts = 1> <Sync> <CReg>
ST_2 : Operation 2452 [1/1] (0.75ns) (root node of TernaryAdder)   --->   "%sub_ln50_174 = sub i42 %add_ln50_167, i42 %sext_ln50_172" [hilbert.cpp:50->hilbert.cpp:77]   --->   Operation 2452 'sub' 'sub_ln50_174' <Predicate = true> <Delay = 0.75> <CoreInst = "TAddSub">   --->   Core 10 'TAddSub' <Latency = 0> <II = 1> <Delay = 0.38> <IPBlock> <Opcode : '' 'add' 'sub'> <InPorts = 3> <OutPorts = 1> <Sync> <CReg>
ST_2 : Operation 2453 [1/1] (0.00ns)   --->   "%tmp_232 = bitconcatenate i40 @_ssdm_op_BitConcatenate.i40.i33.i7, i33 %sub_ln50_61, i7 0" [hilbert.cpp:50->hilbert.cpp:77]   --->   Operation 2453 'bitconcatenate' 'tmp_232' <Predicate = true> <Delay = 0.00>
ST_2 : Operation 2454 [1/1] (0.00ns)   --->   "%sext_ln50_425 = sext i40 %tmp_232" [hilbert.cpp:50->hilbert.cpp:77]   --->   Operation 2454 'sext' 'sext_ln50_425' <Predicate = true> <Delay = 0.00>
ST_2 : Operation 2455 [1/1] (0.00ns)   --->   "%tmp_233 = bitconcatenate i38 @_ssdm_op_BitConcatenate.i38.i33.i5, i33 %sub_ln50_61, i5 0" [hilbert.cpp:50->hilbert.cpp:77]   --->   Operation 2455 'bitconcatenate' 'tmp_233' <Predicate = true> <Delay = 0.00>
ST_2 : Operation 2456 [1/1] (0.00ns)   --->   "%sext_ln50_426 = sext i38 %tmp_233" [hilbert.cpp:50->hilbert.cpp:77]   --->   Operation 2456 'sext' 'sext_ln50_426' <Predicate = true> <Delay = 0.00>
ST_2 : Operation 2457 [1/1] (1.03ns)   --->   "%add_ln50_168 = add i42 %sext_ln50_425, i42 %sext_ln50_426" [hilbert.cpp:50->hilbert.cpp:77]   --->   Operation 2457 'add' 'add_ln50_168' <Predicate = true> <Delay = 1.03> <CoreInst = "Adder">   --->   Core 1 'Adder' <Latency = 0> <II = 1> <Delay = 1.03> <FuncUnit> <Opcode : 'add' 'sub'> <InPorts = 2> <OutPorts = 1>
ST_2 : Operation 2458 [1/1] (0.00ns)   --->   "%tmp_234 = bitconcatenate i36 @_ssdm_op_BitConcatenate.i36.i33.i3, i33 %sub_ln50_61, i3 0" [hilbert.cpp:50->hilbert.cpp:77]   --->   Operation 2458 'bitconcatenate' 'tmp_234' <Predicate = true> <Delay = 0.00>
ST_2 : Operation 2459 [1/1] (0.00ns)   --->   "%sext_ln50_427 = sext i36 %tmp_234" [hilbert.cpp:50->hilbert.cpp:77]   --->   Operation 2459 'sext' 'sext_ln50_427' <Predicate = true> <Delay = 0.00>
ST_2 : Operation 2460 [1/1] (0.00ns) (grouped into TernaryAdder)   --->   "%add_ln50_169 = add i42 %add_ln50_168, i42 %sext_ln50_427" [hilbert.cpp:50->hilbert.cpp:77]   --->   Operation 2460 'add' 'add_ln50_169' <Predicate = true> <Delay = 0.00> <CoreInst = "TAddSub">   --->   Core 10 'TAddSub' <Latency = 0> <II = 1> <Delay = 0.38> <IPBlock> <Opcode : '' 'add' 'sub'> <InPorts = 3> <OutPorts = 1> <Sync> <CReg>
ST_2 : Operation 2461 [1/1] (0.00ns)   --->   "%tmp_235 = bitconcatenate i34 @_ssdm_op_BitConcatenate.i34.i33.i1, i33 %sub_ln50_61, i1 0" [hilbert.cpp:50->hilbert.cpp:77]   --->   Operation 2461 'bitconcatenate' 'tmp_235' <Predicate = true> <Delay = 0.00>
ST_2 : Operation 2462 [1/1] (0.00ns)   --->   "%sext_ln50_428 = sext i34 %tmp_235" [hilbert.cpp:50->hilbert.cpp:77]   --->   Operation 2462 'sext' 'sext_ln50_428' <Predicate = true> <Delay = 0.00>
ST_2 : Operation 2463 [1/1] (0.75ns) (root node of TernaryAdder)   --->   "%add_ln50_170 = add i42 %add_ln50_169, i42 %sext_ln50_428" [hilbert.cpp:50->hilbert.cpp:77]   --->   Operation 2463 'add' 'add_ln50_170' <Predicate = true> <Delay = 0.75> <CoreInst = "TAddSub">   --->   Core 10 'TAddSub' <Latency = 0> <II = 1> <Delay = 0.38> <IPBlock> <Opcode : '' 'add' 'sub'> <InPorts = 3> <OutPorts = 1> <Sync> <CReg>
ST_2 : Operation 2464 [1/1] (0.00ns)   --->   "%tmp_236 = bitconcatenate i44 @_ssdm_op_BitConcatenate.i44.i33.i11, i33 %sub_ln50_7, i11 0" [hilbert.cpp:50->hilbert.cpp:77]   --->   Operation 2464 'bitconcatenate' 'tmp_236' <Predicate = true> <Delay = 0.00>
ST_2 : Operation 2465 [1/1] (0.00ns)   --->   "%sext_ln50_429 = sext i44 %tmp_236" [hilbert.cpp:50->hilbert.cpp:77]   --->   Operation 2465 'sext' 'sext_ln50_429' <Predicate = true> <Delay = 0.00>
ST_2 : Operation 2466 [1/1] (0.00ns)   --->   "%tmp_237 = bitconcatenate i42 @_ssdm_op_BitConcatenate.i42.i33.i9, i33 %sub_ln50_7, i9 0" [hilbert.cpp:50->hilbert.cpp:77]   --->   Operation 2466 'bitconcatenate' 'tmp_237' <Predicate = true> <Delay = 0.00>
ST_2 : Operation 2467 [1/1] (0.00ns)   --->   "%sext_ln50_430 = sext i42 %tmp_237" [hilbert.cpp:50->hilbert.cpp:77]   --->   Operation 2467 'sext' 'sext_ln50_430' <Predicate = true> <Delay = 0.00>
ST_2 : Operation 2468 [1/1] (1.06ns)   --->   "%sub_ln50_175 = sub i45 %sext_ln50_429, i45 %sext_ln50_430" [hilbert.cpp:50->hilbert.cpp:77]   --->   Operation 2468 'sub' 'sub_ln50_175' <Predicate = true> <Delay = 1.06> <CoreInst = "Adder">   --->   Core 1 'Adder' <Latency = 0> <II = 1> <Delay = 1.06> <FuncUnit> <Opcode : 'add' 'sub'> <InPorts = 2> <OutPorts = 1>
ST_2 : Operation 2469 [1/1] (0.00ns)   --->   "%tmp_238 = bitconcatenate i40 @_ssdm_op_BitConcatenate.i40.i33.i7, i33 %sub_ln50_7, i7 0" [hilbert.cpp:50->hilbert.cpp:77]   --->   Operation 2469 'bitconcatenate' 'tmp_238' <Predicate = true> <Delay = 0.00>
ST_2 : Operation 2470 [1/1] (0.00ns)   --->   "%sext_ln50_431 = sext i40 %tmp_238" [hilbert.cpp:50->hilbert.cpp:77]   --->   Operation 2470 'sext' 'sext_ln50_431' <Predicate = true> <Delay = 0.00>
ST_2 : Operation 2471 [1/1] (0.00ns) (grouped into TernaryAdder)   --->   "%sub_ln50_176 = sub i45 %sub_ln50_175, i45 %sext_ln50_431" [hilbert.cpp:50->hilbert.cpp:77]   --->   Operation 2471 'sub' 'sub_ln50_176' <Predicate = true> <Delay = 0.00> <CoreInst = "TAddSub">   --->   Core 10 'TAddSub' <Latency = 0> <II = 1> <Delay = 0.38> <IPBlock> <Opcode : '' 'add' 'sub'> <InPorts = 3> <OutPorts = 1> <Sync> <CReg>
ST_2 : Operation 2472 [1/1] (0.00ns)   --->   "%tmp_239 = bitconcatenate i37 @_ssdm_op_BitConcatenate.i37.i33.i4, i33 %sub_ln50_7, i4 0" [hilbert.cpp:50->hilbert.cpp:77]   --->   Operation 2472 'bitconcatenate' 'tmp_239' <Predicate = true> <Delay = 0.00>
ST_2 : Operation 2473 [1/1] (0.00ns)   --->   "%sext_ln50_432 = sext i37 %tmp_239" [hilbert.cpp:50->hilbert.cpp:77]   --->   Operation 2473 'sext' 'sext_ln50_432' <Predicate = true> <Delay = 0.00>
ST_2 : Operation 2474 [1/1] (0.76ns) (root node of TernaryAdder)   --->   "%sub_ln50_177 = sub i45 %sub_ln50_176, i45 %sext_ln50_432" [hilbert.cpp:50->hilbert.cpp:77]   --->   Operation 2474 'sub' 'sub_ln50_177' <Predicate = true> <Delay = 0.76> <CoreInst = "TAddSub">   --->   Core 10 'TAddSub' <Latency = 0> <II = 1> <Delay = 0.38> <IPBlock> <Opcode : '' 'add' 'sub'> <InPorts = 3> <OutPorts = 1> <Sync> <CReg>
ST_2 : Operation 2475 [1/1] (0.00ns) (grouped into TernaryAdder)   --->   "%sub_ln50_178 = sub i45 %sub_ln50_177, i45 %sext_ln50_152" [hilbert.cpp:50->hilbert.cpp:77]   --->   Operation 2475 'sub' 'sub_ln50_178' <Predicate = true> <Delay = 0.00> <CoreInst = "TAddSub">   --->   Core 10 'TAddSub' <Latency = 0> <II = 1> <Delay = 0.38> <IPBlock> <Opcode : '' 'add' 'sub'> <InPorts = 3> <OutPorts = 1> <Sync> <CReg>
ST_2 : Operation 2476 [1/1] (0.00ns)   --->   "%tmp_240 = bitconcatenate i41 @_ssdm_op_BitConcatenate.i41.i33.i8, i33 %sub_ln50_46, i8 0" [hilbert.cpp:50->hilbert.cpp:77]   --->   Operation 2476 'bitconcatenate' 'tmp_240' <Predicate = true> <Delay = 0.00>
ST_2 : Operation 2477 [1/1] (0.00ns)   --->   "%sext_ln50_433 = sext i41 %tmp_240" [hilbert.cpp:50->hilbert.cpp:77]   --->   Operation 2477 'sext' 'sext_ln50_433' <Predicate = true> <Delay = 0.00>
ST_2 : Operation 2478 [1/1] (0.00ns)   --->   "%tmp_241 = bitconcatenate i38 @_ssdm_op_BitConcatenate.i38.i33.i5, i33 %sub_ln50_46, i5 0" [hilbert.cpp:50->hilbert.cpp:77]   --->   Operation 2478 'bitconcatenate' 'tmp_241' <Predicate = true> <Delay = 0.00>
ST_2 : Operation 2479 [1/1] (0.00ns)   --->   "%sext_ln50_434 = sext i38 %tmp_241" [hilbert.cpp:50->hilbert.cpp:77]   --->   Operation 2479 'sext' 'sext_ln50_434' <Predicate = true> <Delay = 0.00>
ST_2 : Operation 2480 [1/1] (1.04ns)   --->   "%sub_ln50_179 = sub i42 %sext_ln50_433, i42 %sext_ln50_434" [hilbert.cpp:50->hilbert.cpp:77]   --->   Operation 2480 'sub' 'sub_ln50_179' <Predicate = true> <Delay = 1.04> <CoreInst = "Adder">   --->   Core 1 'Adder' <Latency = 0> <II = 1> <Delay = 1.04> <FuncUnit> <Opcode : 'add' 'sub'> <InPorts = 2> <OutPorts = 1>
ST_2 : Operation 2481 [1/1] (0.00ns)   --->   "%sext_ln50_435 = sext i42 %sub_ln50_179" [hilbert.cpp:50->hilbert.cpp:77]   --->   Operation 2481 'sext' 'sext_ln50_435' <Predicate = true> <Delay = 0.00>
ST_2 : Operation 2482 [1/1] (0.00ns)   --->   "%tmp_242 = bitconcatenate i42 @_ssdm_op_BitConcatenate.i42.i33.i9, i33 %sub_ln50_22, i9 0" [hilbert.cpp:50->hilbert.cpp:77]   --->   Operation 2482 'bitconcatenate' 'tmp_242' <Predicate = true> <Delay = 0.00>
ST_2 : Operation 2483 [1/1] (0.00ns)   --->   "%sext_ln50_436 = sext i42 %tmp_242" [hilbert.cpp:50->hilbert.cpp:77]   --->   Operation 2483 'sext' 'sext_ln50_436' <Predicate = true> <Delay = 0.00>
ST_2 : Operation 2484 [1/1] (0.00ns)   --->   "%tmp_243 = bitconcatenate i39 @_ssdm_op_BitConcatenate.i39.i33.i6, i33 %sub_ln50_22, i6 0" [hilbert.cpp:50->hilbert.cpp:77]   --->   Operation 2484 'bitconcatenate' 'tmp_243' <Predicate = true> <Delay = 0.00>
ST_2 : Operation 2485 [1/1] (0.00ns)   --->   "%sext_ln50_437 = sext i39 %tmp_243" [hilbert.cpp:50->hilbert.cpp:77]   --->   Operation 2485 'sext' 'sext_ln50_437' <Predicate = true> <Delay = 0.00>
ST_2 : Operation 2486 [1/1] (0.00ns) (grouped into TernaryAdder)   --->   "%sub_ln50_180 = sub i43 %sext_ln50_436, i43 %sext_ln50_437" [hilbert.cpp:50->hilbert.cpp:77]   --->   Operation 2486 'sub' 'sub_ln50_180' <Predicate = true> <Delay = 0.00> <CoreInst = "TAddSub">   --->   Core 10 'TAddSub' <Latency = 0> <II = 1> <Delay = 0.38> <IPBlock> <Opcode : '' 'add' 'sub'> <InPorts = 3> <OutPorts = 1> <Sync> <CReg>
ST_2 : Operation 2487 [1/1] (0.00ns)   --->   "%tmp_244 = bitconcatenate i37 @_ssdm_op_BitConcatenate.i37.i33.i4, i33 %sub_ln50_22, i4 0" [hilbert.cpp:50->hilbert.cpp:77]   --->   Operation 2487 'bitconcatenate' 'tmp_244' <Predicate = true> <Delay = 0.00>
ST_2 : Operation 2488 [1/1] (0.00ns)   --->   "%sext_ln50_438 = sext i37 %tmp_244" [hilbert.cpp:50->hilbert.cpp:77]   --->   Operation 2488 'sext' 'sext_ln50_438' <Predicate = true> <Delay = 0.00>
ST_2 : Operation 2489 [1/1] (0.75ns) (root node of TernaryAdder)   --->   "%add_ln50_171 = add i43 %sub_ln50_180, i43 %sext_ln50_438" [hilbert.cpp:50->hilbert.cpp:77]   --->   Operation 2489 'add' 'add_ln50_171' <Predicate = true> <Delay = 0.75> <CoreInst = "TAddSub">   --->   Core 10 'TAddSub' <Latency = 0> <II = 1> <Delay = 0.38> <IPBlock> <Opcode : '' 'add' 'sub'> <InPorts = 3> <OutPorts = 1> <Sync> <CReg>
ST_2 : Operation 2490 [1/1] (0.00ns)   --->   "%tmp_245 = bitconcatenate i40 @_ssdm_op_BitConcatenate.i40.i33.i7, i33 %sub_ln50_67, i7 0" [hilbert.cpp:50->hilbert.cpp:77]   --->   Operation 2490 'bitconcatenate' 'tmp_245' <Predicate = true> <Delay = 0.00>
ST_2 : Operation 2491 [1/1] (0.00ns)   --->   "%sext_ln50_439 = sext i40 %tmp_245" [hilbert.cpp:50->hilbert.cpp:77]   --->   Operation 2491 'sext' 'sext_ln50_439' <Predicate = true> <Delay = 0.00>
ST_2 : Operation 2492 [1/1] (0.00ns)   --->   "%tmp_246 = bitconcatenate i38 @_ssdm_op_BitConcatenate.i38.i33.i5, i33 %sub_ln50_67, i5 0" [hilbert.cpp:50->hilbert.cpp:77]   --->   Operation 2492 'bitconcatenate' 'tmp_246' <Predicate = true> <Delay = 0.00>
ST_2 : Operation 2493 [1/1] (0.00ns)   --->   "%sext_ln50_440 = sext i38 %tmp_246" [hilbert.cpp:50->hilbert.cpp:77]   --->   Operation 2493 'sext' 'sext_ln50_440' <Predicate = true> <Delay = 0.00>
ST_2 : Operation 2494 [1/1] (1.03ns)   --->   "%add_ln50_172 = add i42 %sext_ln50_439, i42 %sext_ln50_440" [hilbert.cpp:50->hilbert.cpp:77]   --->   Operation 2494 'add' 'add_ln50_172' <Predicate = true> <Delay = 1.03> <CoreInst = "Adder">   --->   Core 1 'Adder' <Latency = 0> <II = 1> <Delay = 1.03> <FuncUnit> <Opcode : 'add' 'sub'> <InPorts = 2> <OutPorts = 1>
ST_2 : Operation 2495 [1/1] (0.00ns)   --->   "%tmp_247 = bitconcatenate i35 @_ssdm_op_BitConcatenate.i35.i33.i2, i33 %sub_ln50_67, i2 0" [hilbert.cpp:50->hilbert.cpp:77]   --->   Operation 2495 'bitconcatenate' 'tmp_247' <Predicate = true> <Delay = 0.00>
ST_2 : Operation 2496 [1/1] (0.00ns)   --->   "%sext_ln50_441 = sext i35 %tmp_247" [hilbert.cpp:50->hilbert.cpp:77]   --->   Operation 2496 'sext' 'sext_ln50_441' <Predicate = true> <Delay = 0.00>
ST_2 : Operation 2497 [1/1] (0.00ns) (grouped into TernaryAdder)   --->   "%sub_ln50_181 = sub i42 %add_ln50_172, i42 %sext_ln50_441" [hilbert.cpp:50->hilbert.cpp:77]   --->   Operation 2497 'sub' 'sub_ln50_181' <Predicate = true> <Delay = 0.00> <CoreInst = "TAddSub">   --->   Core 10 'TAddSub' <Latency = 0> <II = 1> <Delay = 0.38> <IPBlock> <Opcode : '' 'add' 'sub'> <InPorts = 3> <OutPorts = 1> <Sync> <CReg>
ST_2 : Operation 2498 [1/1] (0.75ns) (root node of TernaryAdder)   --->   "%sub_ln50_182 = sub i42 %sub_ln50_181, i42 %sext_ln50_184" [hilbert.cpp:50->hilbert.cpp:77]   --->   Operation 2498 'sub' 'sub_ln50_182' <Predicate = true> <Delay = 0.75> <CoreInst = "TAddSub">   --->   Core 10 'TAddSub' <Latency = 0> <II = 1> <Delay = 0.38> <IPBlock> <Opcode : '' 'add' 'sub'> <InPorts = 3> <OutPorts = 1> <Sync> <CReg>
ST_2 : Operation 2499 [1/1] (0.00ns)   --->   "%tmp_248 = bitconcatenate i41 @_ssdm_op_BitConcatenate.i41.i33.i8, i33 %sub_ln50_60, i8 0" [hilbert.cpp:50->hilbert.cpp:77]   --->   Operation 2499 'bitconcatenate' 'tmp_248' <Predicate = true> <Delay = 0.00>
ST_2 : Operation 2500 [1/1] (0.00ns)   --->   "%sext_ln50_442 = sext i41 %tmp_248" [hilbert.cpp:50->hilbert.cpp:77]   --->   Operation 2500 'sext' 'sext_ln50_442' <Predicate = true> <Delay = 0.00>
ST_2 : Operation 2501 [1/1] (0.00ns)   --->   "%tmp_249 = bitconcatenate i39 @_ssdm_op_BitConcatenate.i39.i33.i6, i33 %sub_ln50_60, i6 0" [hilbert.cpp:50->hilbert.cpp:77]   --->   Operation 2501 'bitconcatenate' 'tmp_249' <Predicate = true> <Delay = 0.00>
ST_2 : Operation 2502 [1/1] (0.00ns)   --->   "%sext_ln50_443 = sext i39 %tmp_249" [hilbert.cpp:50->hilbert.cpp:77]   --->   Operation 2502 'sext' 'sext_ln50_443' <Predicate = true> <Delay = 0.00>
ST_2 : Operation 2503 [1/1] (1.04ns)   --->   "%sub_ln50_183 = sub i42 %sext_ln50_442, i42 %sext_ln50_443" [hilbert.cpp:50->hilbert.cpp:77]   --->   Operation 2503 'sub' 'sub_ln50_183' <Predicate = true> <Delay = 1.04> <CoreInst = "Adder">   --->   Core 1 'Adder' <Latency = 0> <II = 1> <Delay = 1.04> <FuncUnit> <Opcode : 'add' 'sub'> <InPorts = 2> <OutPorts = 1>
ST_2 : Operation 2504 [1/1] (0.00ns)   --->   "%tmp_250 = bitconcatenate i37 @_ssdm_op_BitConcatenate.i37.i33.i4, i33 %sub_ln50_60, i4 0" [hilbert.cpp:50->hilbert.cpp:77]   --->   Operation 2504 'bitconcatenate' 'tmp_250' <Predicate = true> <Delay = 0.00>
ST_2 : Operation 2505 [1/1] (0.00ns)   --->   "%sext_ln50_444 = sext i37 %tmp_250" [hilbert.cpp:50->hilbert.cpp:77]   --->   Operation 2505 'sext' 'sext_ln50_444' <Predicate = true> <Delay = 0.00>
ST_2 : Operation 2506 [1/1] (0.00ns) (grouped into TernaryAdder)   --->   "%sub_ln50_184 = sub i42 %sub_ln50_183, i42 %sext_ln50_444" [hilbert.cpp:50->hilbert.cpp:77]   --->   Operation 2506 'sub' 'sub_ln50_184' <Predicate = true> <Delay = 0.00> <CoreInst = "TAddSub">   --->   Core 10 'TAddSub' <Latency = 0> <II = 1> <Delay = 0.38> <IPBlock> <Opcode : '' 'add' 'sub'> <InPorts = 3> <OutPorts = 1> <Sync> <CReg>
ST_2 : Operation 2507 [1/1] (0.00ns)   --->   "%tmp_251 = bitconcatenate i35 @_ssdm_op_BitConcatenate.i35.i33.i2, i33 %sub_ln50_60, i2 0" [hilbert.cpp:50->hilbert.cpp:77]   --->   Operation 2507 'bitconcatenate' 'tmp_251' <Predicate = true> <Delay = 0.00>
ST_2 : Operation 2508 [1/1] (0.00ns)   --->   "%sext_ln50_445 = sext i35 %tmp_251" [hilbert.cpp:50->hilbert.cpp:77]   --->   Operation 2508 'sext' 'sext_ln50_445' <Predicate = true> <Delay = 0.00>
ST_2 : Operation 2509 [1/1] (0.75ns) (root node of TernaryAdder)   --->   "%sub_ln50_185 = sub i42 %sub_ln50_184, i42 %sext_ln50_445" [hilbert.cpp:50->hilbert.cpp:77]   --->   Operation 2509 'sub' 'sub_ln50_185' <Predicate = true> <Delay = 0.75> <CoreInst = "TAddSub">   --->   Core 10 'TAddSub' <Latency = 0> <II = 1> <Delay = 0.38> <IPBlock> <Opcode : '' 'add' 'sub'> <InPorts = 3> <OutPorts = 1> <Sync> <CReg>
ST_2 : Operation 2510 [1/1] (0.00ns)   --->   "%tmp_252 = bitconcatenate i42 @_ssdm_op_BitConcatenate.i42.i33.i9, i33 %sub_ln50_20, i9 0" [hilbert.cpp:50->hilbert.cpp:77]   --->   Operation 2510 'bitconcatenate' 'tmp_252' <Predicate = true> <Delay = 0.00>
ST_2 : Operation 2511 [1/1] (0.00ns)   --->   "%sext_ln50_446 = sext i42 %tmp_252" [hilbert.cpp:50->hilbert.cpp:77]   --->   Operation 2511 'sext' 'sext_ln50_446' <Predicate = true> <Delay = 0.00>
ST_2 : Operation 2512 [1/1] (0.00ns)   --->   "%tmp_253 = bitconcatenate i35 @_ssdm_op_BitConcatenate.i35.i33.i2, i33 %sub_ln50_20, i2 0" [hilbert.cpp:50->hilbert.cpp:77]   --->   Operation 2512 'bitconcatenate' 'tmp_253' <Predicate = true> <Delay = 0.00>
ST_2 : Operation 2513 [1/1] (0.00ns)   --->   "%sext_ln50_447 = sext i35 %tmp_253" [hilbert.cpp:50->hilbert.cpp:77]   --->   Operation 2513 'sext' 'sext_ln50_447' <Predicate = true> <Delay = 0.00>
ST_2 : Operation 2514 [1/1] (1.04ns)   --->   "%sub_ln50_186 = sub i43 %sext_ln50_446, i43 %sext_ln50_447" [hilbert.cpp:50->hilbert.cpp:77]   --->   Operation 2514 'sub' 'sub_ln50_186' <Predicate = true> <Delay = 1.04> <CoreInst = "Adder">   --->   Core 1 'Adder' <Latency = 0> <II = 1> <Delay = 1.04> <FuncUnit> <Opcode : 'add' 'sub'> <InPorts = 2> <OutPorts = 1>
ST_2 : Operation 2515 [1/1] (0.00ns) (grouped into TernaryAdder)   --->   "%add_ln50_173 = add i43 %sub_ln50_186, i43 %sext_ln50_160" [hilbert.cpp:50->hilbert.cpp:77]   --->   Operation 2515 'add' 'add_ln50_173' <Predicate = true> <Delay = 0.00> <CoreInst = "TAddSub">   --->   Core 10 'TAddSub' <Latency = 0> <II = 1> <Delay = 0.38> <IPBlock> <Opcode : '' 'add' 'sub'> <InPorts = 3> <OutPorts = 1> <Sync> <CReg>
ST_2 : Operation 2516 [1/1] (0.75ns) (root node of TernaryAdder)   --->   "%add_ln50 = add i42 %add_ln50_153, i42 %sub_ln50_109" [hilbert.cpp:50->hilbert.cpp:77]   --->   Operation 2516 'add' 'add_ln50' <Predicate = true> <Delay = 0.75> <CoreInst = "TAddSub">   --->   Core 10 'TAddSub' <Latency = 0> <II = 1> <Delay = 0.38> <IPBlock> <Opcode : '' 'add' 'sub'> <InPorts = 3> <OutPorts = 1> <Sync> <CReg>
ST_2 : Operation 2517 [1/1] (0.00ns)   --->   "%sext_ln50_448 = sext i42 %add_ln50" [hilbert.cpp:50->hilbert.cpp:77]   --->   Operation 2517 'sext' 'sext_ln50_448' <Predicate = true> <Delay = 0.00>
ST_2 : Operation 2518 [1/1] (0.75ns) (root node of TernaryAdder)   --->   "%add_ln50_1 = add i42 %add_ln50_93, i42 %add_ln50_77" [hilbert.cpp:50->hilbert.cpp:77]   --->   Operation 2518 'add' 'add_ln50_1' <Predicate = true> <Delay = 0.75> <CoreInst = "TAddSub">   --->   Core 10 'TAddSub' <Latency = 0> <II = 1> <Delay = 0.38> <IPBlock> <Opcode : '' 'add' 'sub'> <InPorts = 3> <OutPorts = 1> <Sync> <CReg>
ST_2 : Operation 2519 [1/1] (0.00ns)   --->   "%sext_ln50_449 = sext i42 %add_ln50_1" [hilbert.cpp:50->hilbert.cpp:77]   --->   Operation 2519 'sext' 'sext_ln50_449' <Predicate = true> <Delay = 0.00>
ST_2 : Operation 2520 [1/1] (1.04ns)   --->   "%add_ln50_2 = add i43 %sext_ln50_449, i43 %sext_ln50_448" [hilbert.cpp:50->hilbert.cpp:77]   --->   Operation 2520 'add' 'add_ln50_2' <Predicate = true> <Delay = 1.04> <CoreInst = "Adder">   --->   Core 1 'Adder' <Latency = 0> <II = 1> <Delay = 1.04> <FuncUnit> <Opcode : 'add' 'sub'> <InPorts = 2> <OutPorts = 1>
ST_2 : Operation 2521 [1/1] (0.00ns)   --->   "%sext_ln50_450 = sext i43 %add_ln50_2" [hilbert.cpp:50->hilbert.cpp:77]   --->   Operation 2521 'sext' 'sext_ln50_450' <Predicate = true> <Delay = 0.00>
ST_2 : Operation 2522 [1/1] (0.75ns) (root node of TernaryAdder)   --->   "%add_ln50_3 = add i42 %sub_ln50_132, i42 %sub_ln50_166" [hilbert.cpp:50->hilbert.cpp:77]   --->   Operation 2522 'add' 'add_ln50_3' <Predicate = true> <Delay = 0.75> <CoreInst = "TAddSub">   --->   Core 10 'TAddSub' <Latency = 0> <II = 1> <Delay = 0.38> <IPBlock> <Opcode : '' 'add' 'sub'> <InPorts = 3> <OutPorts = 1> <Sync> <CReg>
ST_2 : Operation 2523 [1/1] (0.00ns)   --->   "%sext_ln50_451 = sext i42 %add_ln50_3" [hilbert.cpp:50->hilbert.cpp:77]   --->   Operation 2523 'sext' 'sext_ln50_451' <Predicate = true> <Delay = 0.00>
ST_2 : Operation 2524 [1/1] (0.75ns) (root node of TernaryAdder)   --->   "%add_ln50_4 = add i42 %add_ln50_165, i42 %sub_ln50_117" [hilbert.cpp:50->hilbert.cpp:77]   --->   Operation 2524 'add' 'add_ln50_4' <Predicate = true> <Delay = 0.75> <CoreInst = "TAddSub">   --->   Core 10 'TAddSub' <Latency = 0> <II = 1> <Delay = 0.38> <IPBlock> <Opcode : '' 'add' 'sub'> <InPorts = 3> <OutPorts = 1> <Sync> <CReg>
ST_2 : Operation 2525 [1/1] (0.75ns) (root node of TernaryAdder)   --->   "%add_ln50_5 = add i42 %add_ln50_4, i42 %add_ln50_155" [hilbert.cpp:50->hilbert.cpp:77]   --->   Operation 2525 'add' 'add_ln50_5' <Predicate = true> <Delay = 0.75> <CoreInst = "TAddSub">   --->   Core 10 'TAddSub' <Latency = 0> <II = 1> <Delay = 0.38> <IPBlock> <Opcode : '' 'add' 'sub'> <InPorts = 3> <OutPorts = 1> <Sync> <CReg>
ST_2 : Operation 2526 [1/1] (0.00ns)   --->   "%sext_ln50_452 = sext i42 %add_ln50_5" [hilbert.cpp:50->hilbert.cpp:77]   --->   Operation 2526 'sext' 'sext_ln50_452' <Predicate = true> <Delay = 0.00>
ST_2 : Operation 2527 [1/1] (1.04ns)   --->   "%add_ln50_6 = add i43 %sext_ln50_452, i43 %sext_ln50_451" [hilbert.cpp:50->hilbert.cpp:77]   --->   Operation 2527 'add' 'add_ln50_6' <Predicate = true> <Delay = 1.04> <CoreInst = "Adder">   --->   Core 1 'Adder' <Latency = 0> <II = 1> <Delay = 1.04> <FuncUnit> <Opcode : 'add' 'sub'> <InPorts = 2> <OutPorts = 1>
ST_2 : Operation 2528 [1/1] (0.00ns)   --->   "%sext_ln50_453 = sext i43 %add_ln50_6" [hilbert.cpp:50->hilbert.cpp:77]   --->   Operation 2528 'sext' 'sext_ln50_453' <Predicate = true> <Delay = 0.00>
ST_2 : Operation 2529 [1/1] (1.05ns)   --->   "%add_ln50_7 = add i44 %sext_ln50_453, i44 %sext_ln50_450" [hilbert.cpp:50->hilbert.cpp:77]   --->   Operation 2529 'add' 'add_ln50_7' <Predicate = true> <Delay = 1.05> <CoreInst = "Adder">   --->   Core 1 'Adder' <Latency = 0> <II = 1> <Delay = 1.05> <FuncUnit> <Opcode : 'add' 'sub'> <InPorts = 2> <OutPorts = 1>
ST_2 : Operation 2530 [1/1] (0.00ns)   --->   "%sext_ln50_454 = sext i44 %add_ln50_7" [hilbert.cpp:50->hilbert.cpp:77]   --->   Operation 2530 'sext' 'sext_ln50_454' <Predicate = true> <Delay = 0.00>
ST_2 : Operation 2531 [1/1] (0.75ns) (root node of TernaryAdder)   --->   "%add_ln50_8 = add i42 %sub_ln50_182, i42 %add_ln50_75" [hilbert.cpp:50->hilbert.cpp:77]   --->   Operation 2531 'add' 'add_ln50_8' <Predicate = true> <Delay = 0.75> <CoreInst = "TAddSub">   --->   Core 10 'TAddSub' <Latency = 0> <II = 1> <Delay = 0.38> <IPBlock> <Opcode : '' 'add' 'sub'> <InPorts = 3> <OutPorts = 1> <Sync> <CReg>
ST_2 : Operation 2532 [1/1] (0.00ns)   --->   "%sext_ln50_455 = sext i42 %add_ln50_8" [hilbert.cpp:50->hilbert.cpp:77]   --->   Operation 2532 'sext' 'sext_ln50_455' <Predicate = true> <Delay = 0.00>
ST_2 : Operation 2533 [1/1] (0.75ns) (root node of TernaryAdder)   --->   "%add_ln50_9 = add i42 %sub_ln50_93, i42 %add_ln50_114" [hilbert.cpp:50->hilbert.cpp:77]   --->   Operation 2533 'add' 'add_ln50_9' <Predicate = true> <Delay = 0.75> <CoreInst = "TAddSub">   --->   Core 10 'TAddSub' <Latency = 0> <II = 1> <Delay = 0.38> <IPBlock> <Opcode : '' 'add' 'sub'> <InPorts = 3> <OutPorts = 1> <Sync> <CReg>
ST_2 : Operation 2534 [1/1] (0.00ns)   --->   "%sext_ln50_456 = sext i42 %add_ln50_9" [hilbert.cpp:50->hilbert.cpp:77]   --->   Operation 2534 'sext' 'sext_ln50_456' <Predicate = true> <Delay = 0.00>
ST_2 : Operation 2535 [1/1] (1.04ns)   --->   "%add_ln50_10 = add i43 %sext_ln50_456, i43 %sext_ln50_455" [hilbert.cpp:50->hilbert.cpp:77]   --->   Operation 2535 'add' 'add_ln50_10' <Predicate = true> <Delay = 1.04> <CoreInst = "Adder">   --->   Core 1 'Adder' <Latency = 0> <II = 1> <Delay = 1.04> <FuncUnit> <Opcode : 'add' 'sub'> <InPorts = 2> <OutPorts = 1>
ST_2 : Operation 2536 [1/1] (0.00ns)   --->   "%sext_ln50_457 = sext i43 %add_ln50_10" [hilbert.cpp:50->hilbert.cpp:77]   --->   Operation 2536 'sext' 'sext_ln50_457' <Predicate = true> <Delay = 0.00>
ST_2 : Operation 2537 [1/1] (0.75ns) (root node of TernaryAdder)   --->   "%add_ln50_11 = add i42 %add_ln50_126, i42 %sub_ln50_185" [hilbert.cpp:50->hilbert.cpp:77]   --->   Operation 2537 'add' 'add_ln50_11' <Predicate = true> <Delay = 0.75> <CoreInst = "TAddSub">   --->   Core 10 'TAddSub' <Latency = 0> <II = 1> <Delay = 0.38> <IPBlock> <Opcode : '' 'add' 'sub'> <InPorts = 3> <OutPorts = 1> <Sync> <CReg>
ST_2 : Operation 2538 [1/1] (0.00ns)   --->   "%sext_ln50_458 = sext i42 %add_ln50_11" [hilbert.cpp:50->hilbert.cpp:77]   --->   Operation 2538 'sext' 'sext_ln50_458' <Predicate = true> <Delay = 0.00>
ST_2 : Operation 2539 [1/1] (0.00ns) (grouped into TernaryAdder)   --->   "%add_ln50_12 = add i42 %add_ln50_170, i42 %add_ln50_157" [hilbert.cpp:50->hilbert.cpp:77]   --->   Operation 2539 'add' 'add_ln50_12' <Predicate = true> <Delay = 0.00> <CoreInst = "TAddSub">   --->   Core 10 'TAddSub' <Latency = 0> <II = 1> <Delay = 0.38> <IPBlock> <Opcode : '' 'add' 'sub'> <InPorts = 3> <OutPorts = 1> <Sync> <CReg>
ST_2 : Operation 2540 [1/1] (0.75ns) (root node of TernaryAdder)   --->   "%add_ln50_13 = add i42 %add_ln50_12, i42 %sub_ln50_114" [hilbert.cpp:50->hilbert.cpp:77]   --->   Operation 2540 'add' 'add_ln50_13' <Predicate = true> <Delay = 0.75> <CoreInst = "TAddSub">   --->   Core 10 'TAddSub' <Latency = 0> <II = 1> <Delay = 0.38> <IPBlock> <Opcode : '' 'add' 'sub'> <InPorts = 3> <OutPorts = 1> <Sync> <CReg>
ST_2 : Operation 2541 [1/1] (0.00ns)   --->   "%sext_ln50_459 = sext i42 %add_ln50_13" [hilbert.cpp:50->hilbert.cpp:77]   --->   Operation 2541 'sext' 'sext_ln50_459' <Predicate = true> <Delay = 0.00>
ST_2 : Operation 2542 [1/1] (1.04ns)   --->   "%add_ln50_14 = add i43 %sext_ln50_459, i43 %sext_ln50_458" [hilbert.cpp:50->hilbert.cpp:77]   --->   Operation 2542 'add' 'add_ln50_14' <Predicate = true> <Delay = 1.04> <CoreInst = "Adder">   --->   Core 1 'Adder' <Latency = 0> <II = 1> <Delay = 1.04> <FuncUnit> <Opcode : 'add' 'sub'> <InPorts = 2> <OutPorts = 1>
ST_2 : Operation 2543 [1/1] (0.00ns)   --->   "%sext_ln50_460 = sext i43 %add_ln50_14" [hilbert.cpp:50->hilbert.cpp:77]   --->   Operation 2543 'sext' 'sext_ln50_460' <Predicate = true> <Delay = 0.00>
ST_2 : Operation 2544 [1/1] (1.05ns)   --->   "%add_ln50_15 = add i44 %sext_ln50_460, i44 %sext_ln50_457" [hilbert.cpp:50->hilbert.cpp:77]   --->   Operation 2544 'add' 'add_ln50_15' <Predicate = true> <Delay = 1.05> <CoreInst = "Adder">   --->   Core 1 'Adder' <Latency = 0> <II = 1> <Delay = 1.05> <FuncUnit> <Opcode : 'add' 'sub'> <InPorts = 2> <OutPorts = 1>
ST_2 : Operation 2545 [1/1] (0.00ns)   --->   "%sext_ln50_461 = sext i44 %add_ln50_15" [hilbert.cpp:50->hilbert.cpp:77]   --->   Operation 2545 'sext' 'sext_ln50_461' <Predicate = true> <Delay = 0.00>
ST_2 : Operation 2546 [1/1] (1.06ns)   --->   "%add_ln50_16 = add i45 %sext_ln50_461, i45 %sext_ln50_454" [hilbert.cpp:50->hilbert.cpp:77]   --->   Operation 2546 'add' 'add_ln50_16' <Predicate = true> <Delay = 1.06> <CoreInst = "Adder">   --->   Core 1 'Adder' <Latency = 0> <II = 1> <Delay = 1.06> <FuncUnit> <Opcode : 'add' 'sub'> <InPorts = 2> <OutPorts = 1>
ST_2 : Operation 2547 [1/1] (0.75ns) (root node of TernaryAdder)   --->   "%add_ln50_17 = add i42 %sub_ln50_169, i42 %sub_ln50_118" [hilbert.cpp:50->hilbert.cpp:77]   --->   Operation 2547 'add' 'add_ln50_17' <Predicate = true> <Delay = 0.75> <CoreInst = "TAddSub">   --->   Core 10 'TAddSub' <Latency = 0> <II = 1> <Delay = 0.38> <IPBlock> <Opcode : '' 'add' 'sub'> <InPorts = 3> <OutPorts = 1> <Sync> <CReg>
ST_2 : Operation 2548 [1/1] (0.00ns)   --->   "%sext_ln50_463 = sext i42 %add_ln50_17" [hilbert.cpp:50->hilbert.cpp:77]   --->   Operation 2548 'sext' 'sext_ln50_463' <Predicate = true> <Delay = 0.00>
ST_2 : Operation 2549 [1/1] (0.00ns) (grouped into TernaryAdder)   --->   "%add_ln50_18 = add i43 %sub_ln50_159, i43 %add_ln50_151" [hilbert.cpp:50->hilbert.cpp:77]   --->   Operation 2549 'add' 'add_ln50_18' <Predicate = true> <Delay = 0.00> <CoreInst = "TAddSub">   --->   Core 10 'TAddSub' <Latency = 0> <II = 1> <Delay = 0.38> <IPBlock> <Opcode : '' 'add' 'sub'> <InPorts = 3> <OutPorts = 1> <Sync> <CReg>
ST_2 : Operation 2550 [1/1] (0.75ns) (root node of TernaryAdder)   --->   "%add_ln50_19 = add i43 %add_ln50_18, i43 %sext_ln50_463" [hilbert.cpp:50->hilbert.cpp:77]   --->   Operation 2550 'add' 'add_ln50_19' <Predicate = true> <Delay = 0.75> <CoreInst = "TAddSub">   --->   Core 10 'TAddSub' <Latency = 0> <II = 1> <Delay = 0.38> <IPBlock> <Opcode : '' 'add' 'sub'> <InPorts = 3> <OutPorts = 1> <Sync> <CReg>
ST_2 : Operation 2551 [1/1] (0.00ns)   --->   "%sext_ln50_464 = sext i43 %add_ln50_19" [hilbert.cpp:50->hilbert.cpp:77]   --->   Operation 2551 'sext' 'sext_ln50_464' <Predicate = true> <Delay = 0.00>
ST_2 : Operation 2552 [1/1] (0.75ns) (root node of TernaryAdder)   --->   "%add_ln50_20 = add i42 %add_ln50_85, i42 %add_ln50_140" [hilbert.cpp:50->hilbert.cpp:77]   --->   Operation 2552 'add' 'add_ln50_20' <Predicate = true> <Delay = 0.75> <CoreInst = "TAddSub">   --->   Core 10 'TAddSub' <Latency = 0> <II = 1> <Delay = 0.38> <IPBlock> <Opcode : '' 'add' 'sub'> <InPorts = 3> <OutPorts = 1> <Sync> <CReg>
ST_2 : Operation 2553 [1/1] (0.00ns)   --->   "%sext_ln50_465 = sext i42 %add_ln50_20" [hilbert.cpp:50->hilbert.cpp:77]   --->   Operation 2553 'sext' 'sext_ln50_465' <Predicate = true> <Delay = 0.00>
ST_2 : Operation 2554 [1/1] (0.75ns) (root node of TernaryAdder)   --->   "%add_ln50_21 = add i42 %sub_ln50_137, i42 %add_ln50_98" [hilbert.cpp:50->hilbert.cpp:77]   --->   Operation 2554 'add' 'add_ln50_21' <Predicate = true> <Delay = 0.75> <CoreInst = "TAddSub">   --->   Core 10 'TAddSub' <Latency = 0> <II = 1> <Delay = 0.38> <IPBlock> <Opcode : '' 'add' 'sub'> <InPorts = 3> <OutPorts = 1> <Sync> <CReg>
ST_2 : Operation 2555 [1/1] (0.00ns)   --->   "%sext_ln50_466 = sext i42 %add_ln50_21" [hilbert.cpp:50->hilbert.cpp:77]   --->   Operation 2555 'sext' 'sext_ln50_466' <Predicate = true> <Delay = 0.00>
ST_2 : Operation 2556 [1/1] (1.04ns)   --->   "%add_ln50_22 = add i43 %sext_ln50_466, i43 %sext_ln50_247" [hilbert.cpp:50->hilbert.cpp:77]   --->   Operation 2556 'add' 'add_ln50_22' <Predicate = true> <Delay = 1.04> <CoreInst = "Adder">   --->   Core 1 'Adder' <Latency = 0> <II = 1> <Delay = 1.04> <FuncUnit> <Opcode : 'add' 'sub'> <InPorts = 2> <OutPorts = 1>
ST_2 : Operation 2557 [1/1] (0.00ns)   --->   "%sext_ln50_467 = sext i43 %add_ln50_22" [hilbert.cpp:50->hilbert.cpp:77]   --->   Operation 2557 'sext' 'sext_ln50_467' <Predicate = true> <Delay = 0.00>
ST_2 : Operation 2558 [1/1] (1.05ns)   --->   "%add_ln50_23 = add i44 %sext_ln50_467, i44 %sext_ln50_465" [hilbert.cpp:50->hilbert.cpp:77]   --->   Operation 2558 'add' 'add_ln50_23' <Predicate = true> <Delay = 1.05> <CoreInst = "Adder">   --->   Core 1 'Adder' <Latency = 0> <II = 1> <Delay = 1.05> <FuncUnit> <Opcode : 'add' 'sub'> <InPorts = 2> <OutPorts = 1>
ST_2 : Operation 2559 [1/1] (0.00ns)   --->   "%sext_ln50_468 = sext i44 %add_ln50_23" [hilbert.cpp:50->hilbert.cpp:77]   --->   Operation 2559 'sext' 'sext_ln50_468' <Predicate = true> <Delay = 0.00>
ST_2 : Operation 2560 [1/1] (1.06ns)   --->   "%add_ln50_24 = add i45 %sext_ln50_468, i45 %sext_ln50_464" [hilbert.cpp:50->hilbert.cpp:77]   --->   Operation 2560 'add' 'add_ln50_24' <Predicate = true> <Delay = 1.06> <CoreInst = "Adder">   --->   Core 1 'Adder' <Latency = 0> <II = 1> <Delay = 1.06> <FuncUnit> <Opcode : 'add' 'sub'> <InPorts = 2> <OutPorts = 1>
ST_2 : Operation 2561 [1/1] (0.75ns) (root node of TernaryAdder)   --->   "%add_ln50_25 = add i42 %add_ln50_145, i42 %sub_ln50_96" [hilbert.cpp:50->hilbert.cpp:77]   --->   Operation 2561 'add' 'add_ln50_25' <Predicate = true> <Delay = 0.75> <CoreInst = "TAddSub">   --->   Core 10 'TAddSub' <Latency = 0> <II = 1> <Delay = 0.38> <IPBlock> <Opcode : '' 'add' 'sub'> <InPorts = 3> <OutPorts = 1> <Sync> <CReg>
ST_2 : Operation 2562 [1/1] (0.00ns)   --->   "%sext_ln50_470 = sext i42 %add_ln50_25" [hilbert.cpp:50->hilbert.cpp:77]   --->   Operation 2562 'sext' 'sext_ln50_470' <Predicate = true> <Delay = 0.00>
ST_2 : Operation 2563 [1/1] (0.75ns) (root node of TernaryAdder)   --->   "%add_ln50_26 = add i42 %sub_ln50_174, i42 %sub_ln50_136" [hilbert.cpp:50->hilbert.cpp:77]   --->   Operation 2563 'add' 'add_ln50_26' <Predicate = true> <Delay = 0.75> <CoreInst = "TAddSub">   --->   Core 10 'TAddSub' <Latency = 0> <II = 1> <Delay = 0.38> <IPBlock> <Opcode : '' 'add' 'sub'> <InPorts = 3> <OutPorts = 1> <Sync> <CReg>
ST_2 : Operation 2564 [1/1] (0.00ns)   --->   "%sext_ln50_471 = sext i42 %add_ln50_26" [hilbert.cpp:50->hilbert.cpp:77]   --->   Operation 2564 'sext' 'sext_ln50_471' <Predicate = true> <Delay = 0.00>
ST_2 : Operation 2565 [1/1] (1.04ns)   --->   "%add_ln50_27 = add i43 %sext_ln50_471, i43 %sext_ln50_435" [hilbert.cpp:50->hilbert.cpp:77]   --->   Operation 2565 'add' 'add_ln50_27' <Predicate = true> <Delay = 1.04> <CoreInst = "Adder">   --->   Core 1 'Adder' <Latency = 0> <II = 1> <Delay = 1.04> <FuncUnit> <Opcode : 'add' 'sub'> <InPorts = 2> <OutPorts = 1>
ST_2 : Operation 2566 [1/1] (0.00ns)   --->   "%sext_ln50_472 = sext i43 %add_ln50_27" [hilbert.cpp:50->hilbert.cpp:77]   --->   Operation 2566 'sext' 'sext_ln50_472' <Predicate = true> <Delay = 0.00>
ST_2 : Operation 2567 [1/1] (1.05ns)   --->   "%add_ln50_28 = add i44 %sext_ln50_472, i44 %sext_ln50_470" [hilbert.cpp:50->hilbert.cpp:77]   --->   Operation 2567 'add' 'add_ln50_28' <Predicate = true> <Delay = 1.05> <CoreInst = "Adder">   --->   Core 1 'Adder' <Latency = 0> <II = 1> <Delay = 1.05> <FuncUnit> <Opcode : 'add' 'sub'> <InPorts = 2> <OutPorts = 1>
ST_2 : Operation 2568 [1/1] (0.00ns)   --->   "%sext_ln50_473 = sext i44 %add_ln50_28" [hilbert.cpp:50->hilbert.cpp:77]   --->   Operation 2568 'sext' 'sext_ln50_473' <Predicate = true> <Delay = 0.00>
ST_2 : Operation 2569 [1/1] (0.75ns) (root node of TernaryAdder)   --->   "%add_ln50_29 = add i42 %sub_ln50_107, i42 %sub_ln50_142" [hilbert.cpp:50->hilbert.cpp:77]   --->   Operation 2569 'add' 'add_ln50_29' <Predicate = true> <Delay = 0.75> <CoreInst = "TAddSub">   --->   Core 10 'TAddSub' <Latency = 0> <II = 1> <Delay = 0.38> <IPBlock> <Opcode : '' 'add' 'sub'> <InPorts = 3> <OutPorts = 1> <Sync> <CReg>
ST_2 : Operation 2570 [1/1] (0.00ns)   --->   "%sext_ln50_474 = sext i42 %add_ln50_29" [hilbert.cpp:50->hilbert.cpp:77]   --->   Operation 2570 'sext' 'sext_ln50_474' <Predicate = true> <Delay = 0.00>
ST_2 : Operation 2571 [1/1] (0.75ns) (root node of TernaryAdder)   --->   "%add_ln50_30 = add i42 %sub_ln50_150, i42 %sub_ln50_171" [hilbert.cpp:50->hilbert.cpp:77]   --->   Operation 2571 'add' 'add_ln50_30' <Predicate = true> <Delay = 0.75> <CoreInst = "TAddSub">   --->   Core 10 'TAddSub' <Latency = 0> <II = 1> <Delay = 0.38> <IPBlock> <Opcode : '' 'add' 'sub'> <InPorts = 3> <OutPorts = 1> <Sync> <CReg>
ST_2 : Operation 2572 [1/1] (0.00ns)   --->   "%sext_ln50_475 = sext i42 %add_ln50_30" [hilbert.cpp:50->hilbert.cpp:77]   --->   Operation 2572 'sext' 'sext_ln50_475' <Predicate = true> <Delay = 0.00>
ST_2 : Operation 2573 [1/1] (0.00ns) (grouped into TernaryAdder)   --->   "%add_ln50_31 = add i43 %sext_ln50_475, i43 %sext_ln50_290" [hilbert.cpp:50->hilbert.cpp:77]   --->   Operation 2573 'add' 'add_ln50_31' <Predicate = true> <Delay = 0.00> <CoreInst = "TAddSub">   --->   Core 10 'TAddSub' <Latency = 0> <II = 1> <Delay = 0.38> <IPBlock> <Opcode : '' 'add' 'sub'> <InPorts = 3> <OutPorts = 1> <Sync> <CReg>
ST_2 : Operation 2574 [1/1] (0.75ns) (root node of TernaryAdder)   --->   "%add_ln50_32 = add i43 %add_ln50_31, i43 %sext_ln50_474" [hilbert.cpp:50->hilbert.cpp:77]   --->   Operation 2574 'add' 'add_ln50_32' <Predicate = true> <Delay = 0.75> <CoreInst = "TAddSub">   --->   Core 10 'TAddSub' <Latency = 0> <II = 1> <Delay = 0.38> <IPBlock> <Opcode : '' 'add' 'sub'> <InPorts = 3> <OutPorts = 1> <Sync> <CReg>
ST_2 : Operation 2575 [1/1] (0.00ns)   --->   "%sext_ln50_476 = sext i43 %add_ln50_32" [hilbert.cpp:50->hilbert.cpp:77]   --->   Operation 2575 'sext' 'sext_ln50_476' <Predicate = true> <Delay = 0.00>
ST_2 : Operation 2576 [1/1] (1.06ns)   --->   "%add_ln50_33 = add i45 %sext_ln50_476, i45 %sext_ln50_473" [hilbert.cpp:50->hilbert.cpp:77]   --->   Operation 2576 'add' 'add_ln50_33' <Predicate = true> <Delay = 1.06> <CoreInst = "Adder">   --->   Core 1 'Adder' <Latency = 0> <II = 1> <Delay = 1.06> <FuncUnit> <Opcode : 'add' 'sub'> <InPorts = 2> <OutPorts = 1>
ST_2 : Operation 2577 [1/1] (0.77ns) (root node of TernaryAdder)   --->   "%add_ln50_36 = add i48 %add_ln50_96, i48 %sext_ln50_374" [hilbert.cpp:50->hilbert.cpp:77]   --->   Operation 2577 'add' 'add_ln50_36' <Predicate = true> <Delay = 0.77> <CoreInst = "TAddSub">   --->   Core 10 'TAddSub' <Latency = 0> <II = 1> <Delay = 0.38> <IPBlock> <Opcode : '' 'add' 'sub'> <InPorts = 3> <OutPorts = 1> <Sync> <CReg>
ST_2 : Operation 2578 [1/1] (0.00ns)   --->   "%sext_ln50_479 = sext i48 %add_ln50_36" [hilbert.cpp:50->hilbert.cpp:77]   --->   Operation 2578 'sext' 'sext_ln50_479' <Predicate = true> <Delay = 0.00>
ST_2 : Operation 2579 [1/1] (0.76ns) (root node of TernaryAdder)   --->   "%add_ln50_37 = add i46 %add_ln50_132, i46 %sub_ln50_157" [hilbert.cpp:50->hilbert.cpp:77]   --->   Operation 2579 'add' 'add_ln50_37' <Predicate = true> <Delay = 0.76> <CoreInst = "TAddSub">   --->   Core 10 'TAddSub' <Latency = 0> <II = 1> <Delay = 0.38> <IPBlock> <Opcode : '' 'add' 'sub'> <InPorts = 3> <OutPorts = 1> <Sync> <CReg>
ST_2 : Operation 2580 [1/1] (0.00ns)   --->   "%sext_ln50_480 = sext i46 %add_ln50_37" [hilbert.cpp:50->hilbert.cpp:77]   --->   Operation 2580 'sext' 'sext_ln50_480' <Predicate = true> <Delay = 0.00>
ST_2 : Operation 2581 [1/1] (1.09ns)   --->   "%add_ln50_38 = add i49 %sext_ln50_480, i49 %sext_ln50_479" [hilbert.cpp:50->hilbert.cpp:77]   --->   Operation 2581 'add' 'add_ln50_38' <Predicate = true> <Delay = 1.09> <CoreInst = "Adder">   --->   Core 1 'Adder' <Latency = 0> <II = 1> <Delay = 1.09> <FuncUnit> <Opcode : 'add' 'sub'> <InPorts = 2> <OutPorts = 1>
ST_2 : Operation 2582 [1/1] (0.76ns) (root node of TernaryAdder)   --->   "%add_ln50_39 = add i46 %sext_ln50_364, i46 %sub_ln50_91" [hilbert.cpp:50->hilbert.cpp:77]   --->   Operation 2582 'add' 'add_ln50_39' <Predicate = true> <Delay = 0.76> <CoreInst = "TAddSub">   --->   Core 10 'TAddSub' <Latency = 0> <II = 1> <Delay = 0.38> <IPBlock> <Opcode : '' 'add' 'sub'> <InPorts = 3> <OutPorts = 1> <Sync> <CReg>
ST_2 : Operation 2583 [1/1] (0.00ns)   --->   "%sext_ln50_481 = sext i46 %add_ln50_39" [hilbert.cpp:50->hilbert.cpp:77]   --->   Operation 2583 'sext' 'sext_ln50_481' <Predicate = true> <Delay = 0.00>
ST_2 : Operation 2584 [1/1] (0.76ns) (root node of TernaryAdder)   --->   "%add_ln50_40 = add i45 %sub_ln50_162, i45 %sub_ln50_178" [hilbert.cpp:50->hilbert.cpp:77]   --->   Operation 2584 'add' 'add_ln50_40' <Predicate = true> <Delay = 0.76> <CoreInst = "TAddSub">   --->   Core 10 'TAddSub' <Latency = 0> <II = 1> <Delay = 0.38> <IPBlock> <Opcode : '' 'add' 'sub'> <InPorts = 3> <OutPorts = 1> <Sync> <CReg>
ST_2 : Operation 2585 [1/1] (0.00ns)   --->   "%sext_ln50_482 = sext i45 %add_ln50_40" [hilbert.cpp:50->hilbert.cpp:77]   --->   Operation 2585 'sext' 'sext_ln50_482' <Predicate = true> <Delay = 0.00>
ST_2 : Operation 2586 [1/1] (1.06ns)   --->   "%add_ln50_41 = add i46 %sext_ln50_482, i46 %sext_ln50_210" [hilbert.cpp:50->hilbert.cpp:77]   --->   Operation 2586 'add' 'add_ln50_41' <Predicate = true> <Delay = 1.06> <CoreInst = "Adder">   --->   Core 1 'Adder' <Latency = 0> <II = 1> <Delay = 1.06> <FuncUnit> <Opcode : 'add' 'sub'> <InPorts = 2> <OutPorts = 1>
ST_2 : Operation 2587 [1/1] (0.00ns)   --->   "%sext_ln50_483 = sext i46 %add_ln50_41" [hilbert.cpp:50->hilbert.cpp:77]   --->   Operation 2587 'sext' 'sext_ln50_483' <Predicate = true> <Delay = 0.00>
ST_2 : Operation 2588 [1/1] (1.07ns)   --->   "%add_ln50_42 = add i47 %sext_ln50_483, i47 %sext_ln50_481" [hilbert.cpp:50->hilbert.cpp:77]   --->   Operation 2588 'add' 'add_ln50_42' <Predicate = true> <Delay = 1.07> <CoreInst = "Adder">   --->   Core 1 'Adder' <Latency = 0> <II = 1> <Delay = 1.07> <FuncUnit> <Opcode : 'add' 'sub'> <InPorts = 2> <OutPorts = 1>
ST_2 : Operation 2589 [1/1] (0.76ns) (root node of TernaryAdder)   --->   "%add_ln50_44 = add i45 %sext_ln50_238, i45 %add_ln50_121" [hilbert.cpp:50->hilbert.cpp:77]   --->   Operation 2589 'add' 'add_ln50_44' <Predicate = true> <Delay = 0.76> <CoreInst = "TAddSub">   --->   Core 10 'TAddSub' <Latency = 0> <II = 1> <Delay = 0.38> <IPBlock> <Opcode : '' 'add' 'sub'> <InPorts = 3> <OutPorts = 1> <Sync> <CReg>
ST_2 : Operation 2590 [1/1] (0.00ns)   --->   "%sext_ln50_485 = sext i45 %add_ln50_44" [hilbert.cpp:50->hilbert.cpp:77]   --->   Operation 2590 'sext' 'sext_ln50_485' <Predicate = true> <Delay = 0.00>
ST_2 : Operation 2591 [1/1] (0.76ns) (root node of TernaryAdder)   --->   "%add_ln50_45 = add i44 %sub_ln50_165, i44 %sub_ln50_78" [hilbert.cpp:50->hilbert.cpp:77]   --->   Operation 2591 'add' 'add_ln50_45' <Predicate = true> <Delay = 0.76> <CoreInst = "TAddSub">   --->   Core 10 'TAddSub' <Latency = 0> <II = 1> <Delay = 0.38> <IPBlock> <Opcode : '' 'add' 'sub'> <InPorts = 3> <OutPorts = 1> <Sync> <CReg>
ST_2 : Operation 2592 [1/1] (0.00ns)   --->   "%sext_ln50_486 = sext i44 %add_ln50_45" [hilbert.cpp:50->hilbert.cpp:77]   --->   Operation 2592 'sext' 'sext_ln50_486' <Predicate = true> <Delay = 0.00>
ST_2 : Operation 2593 [1/1] (1.06ns)   --->   "%add_ln50_46 = add i45 %sext_ln50_486, i45 %sext_ln50_357" [hilbert.cpp:50->hilbert.cpp:77]   --->   Operation 2593 'add' 'add_ln50_46' <Predicate = true> <Delay = 1.06> <CoreInst = "Adder">   --->   Core 1 'Adder' <Latency = 0> <II = 1> <Delay = 1.06> <FuncUnit> <Opcode : 'add' 'sub'> <InPorts = 2> <OutPorts = 1>
ST_2 : Operation 2594 [1/1] (0.00ns)   --->   "%sext_ln50_487 = sext i45 %add_ln50_46" [hilbert.cpp:50->hilbert.cpp:77]   --->   Operation 2594 'sext' 'sext_ln50_487' <Predicate = true> <Delay = 0.00>
ST_2 : Operation 2595 [1/1] (0.00ns) (grouped into TernaryAdder)   --->   "%add_ln50_47 = add i46 %sext_ln50_487, i46 %sext_ln50_485" [hilbert.cpp:50->hilbert.cpp:77]   --->   Operation 2595 'add' 'add_ln50_47' <Predicate = true> <Delay = 0.00> <CoreInst = "TAddSub">   --->   Core 10 'TAddSub' <Latency = 0> <II = 1> <Delay = 0.38> <IPBlock> <Opcode : '' 'add' 'sub'> <InPorts = 3> <OutPorts = 1> <Sync> <CReg>
ST_2 : Operation 2596 [1/1] (0.76ns) (root node of TernaryAdder)   --->   "%add_ln50_48 = add i44 %add_ln50_84, i44 %add_ln50_111" [hilbert.cpp:50->hilbert.cpp:77]   --->   Operation 2596 'add' 'add_ln50_48' <Predicate = true> <Delay = 0.76> <CoreInst = "TAddSub">   --->   Core 10 'TAddSub' <Latency = 0> <II = 1> <Delay = 0.38> <IPBlock> <Opcode : '' 'add' 'sub'> <InPorts = 3> <OutPorts = 1> <Sync> <CReg>
ST_2 : Operation 2597 [1/1] (0.00ns)   --->   "%sext_ln50_488 = sext i44 %add_ln50_48" [hilbert.cpp:50->hilbert.cpp:77]   --->   Operation 2597 'sext' 'sext_ln50_488' <Predicate = true> <Delay = 0.00>
ST_2 : Operation 2598 [1/1] (0.76ns) (root node of TernaryAdder)   --->   "%add_ln50_49 = add i44 %sub_ln50_75, i44 %sub_ln50_146" [hilbert.cpp:50->hilbert.cpp:77]   --->   Operation 2598 'add' 'add_ln50_49' <Predicate = true> <Delay = 0.76> <CoreInst = "TAddSub">   --->   Core 10 'TAddSub' <Latency = 0> <II = 1> <Delay = 0.38> <IPBlock> <Opcode : '' 'add' 'sub'> <InPorts = 3> <OutPorts = 1> <Sync> <CReg>
ST_2 : Operation 2599 [1/1] (0.76ns) (root node of TernaryAdder)   --->   "%add_ln50_50 = add i44 %add_ln50_49, i44 %add_ln50_117" [hilbert.cpp:50->hilbert.cpp:77]   --->   Operation 2599 'add' 'add_ln50_50' <Predicate = true> <Delay = 0.76> <CoreInst = "TAddSub">   --->   Core 10 'TAddSub' <Latency = 0> <II = 1> <Delay = 0.38> <IPBlock> <Opcode : '' 'add' 'sub'> <InPorts = 3> <OutPorts = 1> <Sync> <CReg>
ST_2 : Operation 2600 [1/1] (0.00ns)   --->   "%sext_ln50_489 = sext i44 %add_ln50_50" [hilbert.cpp:50->hilbert.cpp:77]   --->   Operation 2600 'sext' 'sext_ln50_489' <Predicate = true> <Delay = 0.00>
ST_2 : Operation 2601 [1/1] (1.06ns)   --->   "%add_ln50_51 = add i45 %sext_ln50_489, i45 %sext_ln50_488" [hilbert.cpp:50->hilbert.cpp:77]   --->   Operation 2601 'add' 'add_ln50_51' <Predicate = true> <Delay = 1.06> <CoreInst = "Adder">   --->   Core 1 'Adder' <Latency = 0> <II = 1> <Delay = 1.06> <FuncUnit> <Opcode : 'add' 'sub'> <InPorts = 2> <OutPorts = 1>
ST_2 : Operation 2602 [1/1] (0.00ns)   --->   "%sext_ln50_490 = sext i45 %add_ln50_51" [hilbert.cpp:50->hilbert.cpp:77]   --->   Operation 2602 'sext' 'sext_ln50_490' <Predicate = true> <Delay = 0.00>
ST_2 : Operation 2603 [1/1] (0.76ns) (root node of TernaryAdder)   --->   "%add_ln50_52 = add i46 %sext_ln50_490, i46 %add_ln50_47" [hilbert.cpp:50->hilbert.cpp:77]   --->   Operation 2603 'add' 'add_ln50_52' <Predicate = true> <Delay = 0.76> <CoreInst = "TAddSub">   --->   Core 10 'TAddSub' <Latency = 0> <II = 1> <Delay = 0.38> <IPBlock> <Opcode : '' 'add' 'sub'> <InPorts = 3> <OutPorts = 1> <Sync> <CReg>
ST_2 : Operation 2604 [1/1] (0.00ns) (grouped into TernaryAdder)   --->   "%add_ln50_54 = add i44 %add_ln50_79, i44 %sext_ln50_219" [hilbert.cpp:50->hilbert.cpp:77]   --->   Operation 2604 'add' 'add_ln50_54' <Predicate = true> <Delay = 0.00> <CoreInst = "TAddSub">   --->   Core 10 'TAddSub' <Latency = 0> <II = 1> <Delay = 0.38> <IPBlock> <Opcode : '' 'add' 'sub'> <InPorts = 3> <OutPorts = 1> <Sync> <CReg>
ST_2 : Operation 2605 [1/1] (0.75ns) (root node of TernaryAdder)   --->   "%add_ln50_55 = add i43 %add_ln50_173, i43 %sub_ln50_99" [hilbert.cpp:50->hilbert.cpp:77]   --->   Operation 2605 'add' 'add_ln50_55' <Predicate = true> <Delay = 0.75> <CoreInst = "TAddSub">   --->   Core 10 'TAddSub' <Latency = 0> <II = 1> <Delay = 0.38> <IPBlock> <Opcode : '' 'add' 'sub'> <InPorts = 3> <OutPorts = 1> <Sync> <CReg>
ST_2 : Operation 2606 [1/1] (0.00ns)   --->   "%sext_ln50_492 = sext i43 %add_ln50_55" [hilbert.cpp:50->hilbert.cpp:77]   --->   Operation 2606 'sext' 'sext_ln50_492' <Predicate = true> <Delay = 0.00>
ST_2 : Operation 2607 [1/1] (0.76ns) (root node of TernaryAdder)   --->   "%add_ln50_56 = add i44 %sext_ln50_492, i44 %add_ln50_54" [hilbert.cpp:50->hilbert.cpp:77]   --->   Operation 2607 'add' 'add_ln50_56' <Predicate = true> <Delay = 0.76> <CoreInst = "TAddSub">   --->   Core 10 'TAddSub' <Latency = 0> <II = 1> <Delay = 0.38> <IPBlock> <Opcode : '' 'add' 'sub'> <InPorts = 3> <OutPorts = 1> <Sync> <CReg>
ST_2 : Operation 2608 [1/1] (0.00ns)   --->   "%sext_ln50_493 = sext i44 %add_ln50_56" [hilbert.cpp:50->hilbert.cpp:77]   --->   Operation 2608 'sext' 'sext_ln50_493' <Predicate = true> <Delay = 0.00>
ST_2 : Operation 2609 [1/1] (0.75ns) (root node of TernaryAdder)   --->   "%add_ln50_57 = add i43 %add_ln50_171, i43 %add_ln50_129" [hilbert.cpp:50->hilbert.cpp:77]   --->   Operation 2609 'add' 'add_ln50_57' <Predicate = true> <Delay = 0.75> <CoreInst = "TAddSub">   --->   Core 10 'TAddSub' <Latency = 0> <II = 1> <Delay = 0.38> <IPBlock> <Opcode : '' 'add' 'sub'> <InPorts = 3> <OutPorts = 1> <Sync> <CReg>
ST_2 : Operation 2610 [1/1] (0.00ns)   --->   "%sext_ln50_494 = sext i43 %add_ln50_57" [hilbert.cpp:50->hilbert.cpp:77]   --->   Operation 2610 'sext' 'sext_ln50_494' <Predicate = true> <Delay = 0.00>
ST_2 : Operation 2611 [1/1] (0.75ns) (root node of TernaryAdder)   --->   "%add_ln50_58 = add i43 %add_ln50_160, i43 %sub_ln50_83" [hilbert.cpp:50->hilbert.cpp:77]   --->   Operation 2611 'add' 'add_ln50_58' <Predicate = true> <Delay = 0.75> <CoreInst = "TAddSub">   --->   Core 10 'TAddSub' <Latency = 0> <II = 1> <Delay = 0.38> <IPBlock> <Opcode : '' 'add' 'sub'> <InPorts = 3> <OutPorts = 1> <Sync> <CReg>
ST_2 : Operation 2612 [1/1] (0.00ns)   --->   "%sext_ln50_495 = sext i43 %add_ln50_58" [hilbert.cpp:50->hilbert.cpp:77]   --->   Operation 2612 'sext' 'sext_ln50_495' <Predicate = true> <Delay = 0.00>
ST_2 : Operation 2613 [1/1] (1.05ns)   --->   "%add_ln50_59 = add i44 %sext_ln50_495, i44 %sext_ln50_352" [hilbert.cpp:50->hilbert.cpp:77]   --->   Operation 2613 'add' 'add_ln50_59' <Predicate = true> <Delay = 1.05> <CoreInst = "Adder">   --->   Core 1 'Adder' <Latency = 0> <II = 1> <Delay = 1.05> <FuncUnit> <Opcode : 'add' 'sub'> <InPorts = 2> <OutPorts = 1>
ST_2 : Operation 2614 [1/1] (0.00ns)   --->   "%sext_ln50_496 = sext i44 %add_ln50_59" [hilbert.cpp:50->hilbert.cpp:77]   --->   Operation 2614 'sext' 'sext_ln50_496' <Predicate = true> <Delay = 0.00>
ST_2 : Operation 2615 [1/1] (0.00ns) (grouped into TernaryAdder)   --->   "%add_ln50_60 = add i45 %sext_ln50_496, i45 %sext_ln50_494" [hilbert.cpp:50->hilbert.cpp:77]   --->   Operation 2615 'add' 'add_ln50_60' <Predicate = true> <Delay = 0.00> <CoreInst = "TAddSub">   --->   Core 10 'TAddSub' <Latency = 0> <II = 1> <Delay = 0.38> <IPBlock> <Opcode : '' 'add' 'sub'> <InPorts = 3> <OutPorts = 1> <Sync> <CReg>
ST_2 : Operation 2616 [1/1] (0.76ns) (root node of TernaryAdder)   --->   "%add_ln50_61 = add i45 %add_ln50_60, i45 %sext_ln50_493" [hilbert.cpp:50->hilbert.cpp:77]   --->   Operation 2616 'add' 'add_ln50_61' <Predicate = true> <Delay = 0.76> <CoreInst = "TAddSub">   --->   Core 10 'TAddSub' <Latency = 0> <II = 1> <Delay = 0.38> <IPBlock> <Opcode : '' 'add' 'sub'> <InPorts = 3> <OutPorts = 1> <Sync> <CReg>
ST_2 : Operation 2617 [1/1] (0.75ns) (root node of TernaryAdder)   --->   "%add_ln50_62 = add i43 %sub_ln50_90, i43 %add_ln50_122" [hilbert.cpp:50->hilbert.cpp:77]   --->   Operation 2617 'add' 'add_ln50_62' <Predicate = true> <Delay = 0.75> <CoreInst = "TAddSub">   --->   Core 10 'TAddSub' <Latency = 0> <II = 1> <Delay = 0.38> <IPBlock> <Opcode : '' 'add' 'sub'> <InPorts = 3> <OutPorts = 1> <Sync> <CReg>
ST_2 : Operation 2618 [1/1] (0.00ns)   --->   "%sext_ln50_498 = sext i43 %add_ln50_62" [hilbert.cpp:50->hilbert.cpp:77]   --->   Operation 2618 'sext' 'sext_ln50_498' <Predicate = true> <Delay = 0.00>
ST_2 : Operation 2619 [1/1] (0.00ns) (grouped into TernaryAdder)   --->   "%add_ln50_63 = add i43 %sub_ln50_124, i43 %sub_ln50_116" [hilbert.cpp:50->hilbert.cpp:77]   --->   Operation 2619 'add' 'add_ln50_63' <Predicate = true> <Delay = 0.00> <CoreInst = "TAddSub">   --->   Core 10 'TAddSub' <Latency = 0> <II = 1> <Delay = 0.38> <IPBlock> <Opcode : '' 'add' 'sub'> <InPorts = 3> <OutPorts = 1> <Sync> <CReg>
ST_2 : Operation 2620 [1/1] (0.75ns) (root node of TernaryAdder)   --->   "%add_ln50_64 = add i43 %add_ln50_63, i43 %sub_ln50_111" [hilbert.cpp:50->hilbert.cpp:77]   --->   Operation 2620 'add' 'add_ln50_64' <Predicate = true> <Delay = 0.75> <CoreInst = "TAddSub">   --->   Core 10 'TAddSub' <Latency = 0> <II = 1> <Delay = 0.38> <IPBlock> <Opcode : '' 'add' 'sub'> <InPorts = 3> <OutPorts = 1> <Sync> <CReg>
ST_2 : Operation 2621 [1/1] (0.00ns)   --->   "%sext_ln50_499 = sext i43 %add_ln50_64" [hilbert.cpp:50->hilbert.cpp:77]   --->   Operation 2621 'sext' 'sext_ln50_499' <Predicate = true> <Delay = 0.00>
ST_2 : Operation 2622 [1/1] (1.05ns)   --->   "%add_ln50_65 = add i44 %sext_ln50_499, i44 %sext_ln50_498" [hilbert.cpp:50->hilbert.cpp:77]   --->   Operation 2622 'add' 'add_ln50_65' <Predicate = true> <Delay = 1.05> <CoreInst = "Adder">   --->   Core 1 'Adder' <Latency = 0> <II = 1> <Delay = 1.05> <FuncUnit> <Opcode : 'add' 'sub'> <InPorts = 2> <OutPorts = 1>
ST_2 : Operation 2623 [1/1] (0.00ns)   --->   "%sext_ln50_500 = sext i44 %add_ln50_65" [hilbert.cpp:50->hilbert.cpp:77]   --->   Operation 2623 'sext' 'sext_ln50_500' <Predicate = true> <Delay = 0.00>
ST_2 : Operation 2624 [1/1] (0.75ns) (root node of TernaryAdder)   --->   "%add_ln50_66 = add i43 %add_ln50_103, i43 %sub_ln50_128" [hilbert.cpp:50->hilbert.cpp:77]   --->   Operation 2624 'add' 'add_ln50_66' <Predicate = true> <Delay = 0.75> <CoreInst = "TAddSub">   --->   Core 10 'TAddSub' <Latency = 0> <II = 1> <Delay = 0.38> <IPBlock> <Opcode : '' 'add' 'sub'> <InPorts = 3> <OutPorts = 1> <Sync> <CReg>
ST_2 : Operation 2625 [1/1] (0.00ns)   --->   "%sext_ln50_501 = sext i43 %add_ln50_66" [hilbert.cpp:50->hilbert.cpp:77]   --->   Operation 2625 'sext' 'sext_ln50_501' <Predicate = true> <Delay = 0.00>
ST_2 : Operation 2626 [1/1] (0.75ns) (root node of TernaryAdder)   --->   "%add_ln50_67 = add i42 %sub_ln50_108, i42 %sub_ln50_133" [hilbert.cpp:50->hilbert.cpp:77]   --->   Operation 2626 'add' 'add_ln50_67' <Predicate = true> <Delay = 0.75> <CoreInst = "TAddSub">   --->   Core 10 'TAddSub' <Latency = 0> <II = 1> <Delay = 0.38> <IPBlock> <Opcode : '' 'add' 'sub'> <InPorts = 3> <OutPorts = 1> <Sync> <CReg>
ST_2 : Operation 2627 [1/1] (0.00ns)   --->   "%sext_ln50_502 = sext i42 %add_ln50_67" [hilbert.cpp:50->hilbert.cpp:77]   --->   Operation 2627 'sext' 'sext_ln50_502' <Predicate = true> <Delay = 0.00>
ST_2 : Operation 2628 [1/1] (0.75ns) (root node of TernaryAdder)   --->   "%add_ln50_68 = add i43 %sext_ln50_502, i43 %sub_ln50_94" [hilbert.cpp:50->hilbert.cpp:77]   --->   Operation 2628 'add' 'add_ln50_68' <Predicate = true> <Delay = 0.75> <CoreInst = "TAddSub">   --->   Core 10 'TAddSub' <Latency = 0> <II = 1> <Delay = 0.38> <IPBlock> <Opcode : '' 'add' 'sub'> <InPorts = 3> <OutPorts = 1> <Sync> <CReg>
ST_2 : Operation 2629 [1/1] (0.00ns)   --->   "%sext_ln50_503 = sext i43 %add_ln50_68" [hilbert.cpp:50->hilbert.cpp:77]   --->   Operation 2629 'sext' 'sext_ln50_503' <Predicate = true> <Delay = 0.00>
ST_2 : Operation 2630 [1/1] (1.05ns)   --->   "%add_ln50_69 = add i44 %sext_ln50_503, i44 %sext_ln50_501" [hilbert.cpp:50->hilbert.cpp:77]   --->   Operation 2630 'add' 'add_ln50_69' <Predicate = true> <Delay = 1.05> <CoreInst = "Adder">   --->   Core 1 'Adder' <Latency = 0> <II = 1> <Delay = 1.05> <FuncUnit> <Opcode : 'add' 'sub'> <InPorts = 2> <OutPorts = 1>
ST_2 : Operation 2631 [1/1] (0.00ns)   --->   "%sext_ln50_504 = sext i44 %add_ln50_69" [hilbert.cpp:50->hilbert.cpp:77]   --->   Operation 2631 'sext' 'sext_ln50_504' <Predicate = true> <Delay = 0.00>
ST_2 : Operation 2632 [1/1] (1.06ns)   --->   "%add_ln50_70 = add i45 %sext_ln50_504, i45 %sext_ln50_500" [hilbert.cpp:50->hilbert.cpp:77]   --->   Operation 2632 'add' 'add_ln50_70' <Predicate = true> <Delay = 1.06> <CoreInst = "Adder">   --->   Core 1 'Adder' <Latency = 0> <II = 1> <Delay = 1.06> <FuncUnit> <Opcode : 'add' 'sub'> <InPorts = 2> <OutPorts = 1>
ST_2 : Operation 2633 [1/1] (0.00ns)   --->   "%br_ln72 = br i1 %tmp_last, void %cleanup.cont, void %while.end.exitStub" [hilbert.cpp:72]   --->   Operation 2633 'br' 'br_ln72' <Predicate = true> <Delay = 0.00>
ST_2 : Operation 2634 [1/1] (0.00ns)   --->   "%specpipeline_ln70 = specpipeline void @_ssdm_op_SpecPipeline, i32 1, i32 0, i32 0, i32 0, void @empty_1" [hilbert.cpp:70]   --->   Operation 2634 'specpipeline' 'specpipeline_ln70' <Predicate = (!tmp_last)> <Delay = 0.00>
ST_2 : Operation 2635 [1/1] (0.00ns)   --->   "%specloopname_ln69 = specloopname void @_ssdm_op_SpecLoopName, void @empty_6" [hilbert.cpp:69]   --->   Operation 2635 'specloopname' 'specloopname_ln69' <Predicate = (!tmp_last)> <Delay = 0.00>
ST_2 : Operation 2636 [1/1] (0.42ns)   --->   "%store_ln72 = store i32 %tmp_data_1, i32 %empty_314" [hilbert.cpp:72]   --->   Operation 2636 'store' 'store_ln72' <Predicate = (!tmp_last)> <Delay = 0.42>
ST_2 : Operation 2637 [1/1] (0.42ns)   --->   "%store_ln0 = store i32 %p_load, i32 %empty_313"   --->   Operation 2637 'store' 'store_ln0' <Predicate = (!tmp_last)> <Delay = 0.42>
ST_2 : Operation 2638 [1/1] (0.42ns)   --->   "%store_ln0 = store i32 %p_load1225, i32 %empty_312"   --->   Operation 2638 'store' 'store_ln0' <Predicate = (!tmp_last)> <Delay = 0.42>
ST_2 : Operation 2639 [1/1] (0.42ns)   --->   "%store_ln0 = store i32 %p_load1226, i32 %empty_311"   --->   Operation 2639 'store' 'store_ln0' <Predicate = (!tmp_last)> <Delay = 0.42>
ST_2 : Operation 2640 [1/1] (0.42ns)   --->   "%store_ln0 = store i32 %p_load1227, i32 %empty_310"   --->   Operation 2640 'store' 'store_ln0' <Predicate = (!tmp_last)> <Delay = 0.42>
ST_2 : Operation 2641 [1/1] (0.42ns)   --->   "%store_ln0 = store i32 %p_load1228, i32 %empty_309"   --->   Operation 2641 'store' 'store_ln0' <Predicate = (!tmp_last)> <Delay = 0.42>
ST_2 : Operation 2642 [1/1] (0.42ns)   --->   "%store_ln0 = store i32 %p_load1229, i32 %empty_308"   --->   Operation 2642 'store' 'store_ln0' <Predicate = (!tmp_last)> <Delay = 0.42>
ST_2 : Operation 2643 [1/1] (0.42ns)   --->   "%store_ln0 = store i32 %p_load1230, i32 %empty_307"   --->   Operation 2643 'store' 'store_ln0' <Predicate = (!tmp_last)> <Delay = 0.42>
ST_2 : Operation 2644 [1/1] (0.42ns)   --->   "%store_ln0 = store i32 %p_load1231, i32 %empty_306"   --->   Operation 2644 'store' 'store_ln0' <Predicate = (!tmp_last)> <Delay = 0.42>
ST_2 : Operation 2645 [1/1] (0.42ns)   --->   "%store_ln0 = store i32 %p_load1232, i32 %empty_305"   --->   Operation 2645 'store' 'store_ln0' <Predicate = (!tmp_last)> <Delay = 0.42>
ST_2 : Operation 2646 [1/1] (0.42ns)   --->   "%store_ln0 = store i32 %p_load1233, i32 %empty_304"   --->   Operation 2646 'store' 'store_ln0' <Predicate = (!tmp_last)> <Delay = 0.42>
ST_2 : Operation 2647 [1/1] (0.42ns)   --->   "%store_ln0 = store i32 %p_load1234, i32 %empty_303"   --->   Operation 2647 'store' 'store_ln0' <Predicate = (!tmp_last)> <Delay = 0.42>
ST_2 : Operation 2648 [1/1] (0.42ns)   --->   "%store_ln0 = store i32 %p_load1235, i32 %empty_302"   --->   Operation 2648 'store' 'store_ln0' <Predicate = (!tmp_last)> <Delay = 0.42>
ST_2 : Operation 2649 [1/1] (0.42ns)   --->   "%store_ln0 = store i32 %p_load1236, i32 %empty_301"   --->   Operation 2649 'store' 'store_ln0' <Predicate = (!tmp_last)> <Delay = 0.42>
ST_2 : Operation 2650 [1/1] (0.42ns)   --->   "%store_ln0 = store i32 %p_load1237, i32 %empty_300"   --->   Operation 2650 'store' 'store_ln0' <Predicate = (!tmp_last)> <Delay = 0.42>
ST_2 : Operation 2651 [1/1] (0.42ns)   --->   "%store_ln0 = store i32 %p_load1238, i32 %empty_299"   --->   Operation 2651 'store' 'store_ln0' <Predicate = (!tmp_last)> <Delay = 0.42>
ST_2 : Operation 2652 [1/1] (0.42ns)   --->   "%store_ln0 = store i32 %p_load1239, i32 %empty_298"   --->   Operation 2652 'store' 'store_ln0' <Predicate = (!tmp_last)> <Delay = 0.42>
ST_2 : Operation 2653 [1/1] (0.42ns)   --->   "%store_ln0 = store i32 %p_load1240, i32 %empty_297"   --->   Operation 2653 'store' 'store_ln0' <Predicate = (!tmp_last)> <Delay = 0.42>
ST_2 : Operation 2654 [1/1] (0.42ns)   --->   "%store_ln0 = store i32 %p_load1241, i32 %empty_296"   --->   Operation 2654 'store' 'store_ln0' <Predicate = (!tmp_last)> <Delay = 0.42>
ST_2 : Operation 2655 [1/1] (0.42ns)   --->   "%store_ln0 = store i32 %p_load1242, i32 %empty_295"   --->   Operation 2655 'store' 'store_ln0' <Predicate = (!tmp_last)> <Delay = 0.42>
ST_2 : Operation 2656 [1/1] (0.42ns)   --->   "%store_ln0 = store i32 %p_load1243, i32 %empty_294"   --->   Operation 2656 'store' 'store_ln0' <Predicate = (!tmp_last)> <Delay = 0.42>
ST_2 : Operation 2657 [1/1] (0.42ns)   --->   "%store_ln0 = store i32 %p_load1244, i32 %empty_293"   --->   Operation 2657 'store' 'store_ln0' <Predicate = (!tmp_last)> <Delay = 0.42>
ST_2 : Operation 2658 [1/1] (0.42ns)   --->   "%store_ln0 = store i32 %p_load1245, i32 %empty_292"   --->   Operation 2658 'store' 'store_ln0' <Predicate = (!tmp_last)> <Delay = 0.42>
ST_2 : Operation 2659 [1/1] (0.42ns)   --->   "%store_ln0 = store i32 %p_load1246, i32 %empty_291"   --->   Operation 2659 'store' 'store_ln0' <Predicate = (!tmp_last)> <Delay = 0.42>
ST_2 : Operation 2660 [1/1] (0.42ns)   --->   "%store_ln0 = store i32 %p_load1247, i32 %empty_290"   --->   Operation 2660 'store' 'store_ln0' <Predicate = (!tmp_last)> <Delay = 0.42>
ST_2 : Operation 2661 [1/1] (0.42ns)   --->   "%store_ln0 = store i32 %p_load1248, i32 %empty_289"   --->   Operation 2661 'store' 'store_ln0' <Predicate = (!tmp_last)> <Delay = 0.42>
ST_2 : Operation 2662 [1/1] (0.42ns)   --->   "%store_ln0 = store i32 %p_load1249, i32 %empty_288"   --->   Operation 2662 'store' 'store_ln0' <Predicate = (!tmp_last)> <Delay = 0.42>
ST_2 : Operation 2663 [1/1] (0.42ns)   --->   "%store_ln0 = store i32 %p_load1250, i32 %empty_287"   --->   Operation 2663 'store' 'store_ln0' <Predicate = (!tmp_last)> <Delay = 0.42>
ST_2 : Operation 2664 [1/1] (0.42ns)   --->   "%store_ln0 = store i32 %p_load1251, i32 %empty_286"   --->   Operation 2664 'store' 'store_ln0' <Predicate = (!tmp_last)> <Delay = 0.42>
ST_2 : Operation 2665 [1/1] (0.42ns)   --->   "%store_ln0 = store i32 %p_load1252, i32 %empty_285"   --->   Operation 2665 'store' 'store_ln0' <Predicate = (!tmp_last)> <Delay = 0.42>
ST_2 : Operation 2666 [1/1] (0.42ns)   --->   "%store_ln0 = store i32 %p_load1253, i32 %empty_284"   --->   Operation 2666 'store' 'store_ln0' <Predicate = (!tmp_last)> <Delay = 0.42>
ST_2 : Operation 2667 [1/1] (0.42ns)   --->   "%store_ln0 = store i32 %p_load1254, i32 %empty_283"   --->   Operation 2667 'store' 'store_ln0' <Predicate = (!tmp_last)> <Delay = 0.42>
ST_2 : Operation 2668 [1/1] (0.42ns)   --->   "%store_ln0 = store i32 %p_load1255, i32 %empty_282"   --->   Operation 2668 'store' 'store_ln0' <Predicate = (!tmp_last)> <Delay = 0.42>
ST_2 : Operation 2669 [1/1] (0.42ns)   --->   "%store_ln0 = store i32 %p_load1256, i32 %empty_281"   --->   Operation 2669 'store' 'store_ln0' <Predicate = (!tmp_last)> <Delay = 0.42>
ST_2 : Operation 2670 [1/1] (0.42ns)   --->   "%store_ln0 = store i32 %p_load1257, i32 %empty_280"   --->   Operation 2670 'store' 'store_ln0' <Predicate = (!tmp_last)> <Delay = 0.42>
ST_2 : Operation 2671 [1/1] (0.42ns)   --->   "%store_ln0 = store i32 %p_load1258, i32 %empty_279"   --->   Operation 2671 'store' 'store_ln0' <Predicate = (!tmp_last)> <Delay = 0.42>
ST_2 : Operation 2672 [1/1] (0.42ns)   --->   "%store_ln0 = store i32 %p_load1259, i32 %empty_278"   --->   Operation 2672 'store' 'store_ln0' <Predicate = (!tmp_last)> <Delay = 0.42>
ST_2 : Operation 2673 [1/1] (0.42ns)   --->   "%store_ln0 = store i32 %p_load1260, i32 %empty_277"   --->   Operation 2673 'store' 'store_ln0' <Predicate = (!tmp_last)> <Delay = 0.42>
ST_2 : Operation 2674 [1/1] (0.42ns)   --->   "%store_ln0 = store i32 %p_load1261, i32 %empty_276"   --->   Operation 2674 'store' 'store_ln0' <Predicate = (!tmp_last)> <Delay = 0.42>
ST_2 : Operation 2675 [1/1] (0.42ns)   --->   "%store_ln0 = store i32 %p_load1262, i32 %empty_275"   --->   Operation 2675 'store' 'store_ln0' <Predicate = (!tmp_last)> <Delay = 0.42>
ST_2 : Operation 2676 [1/1] (0.42ns)   --->   "%store_ln0 = store i32 %p_load1263, i32 %empty_274"   --->   Operation 2676 'store' 'store_ln0' <Predicate = (!tmp_last)> <Delay = 0.42>
ST_2 : Operation 2677 [1/1] (0.42ns)   --->   "%store_ln0 = store i32 %p_load1264, i32 %empty_273"   --->   Operation 2677 'store' 'store_ln0' <Predicate = (!tmp_last)> <Delay = 0.42>
ST_2 : Operation 2678 [1/1] (0.42ns)   --->   "%store_ln0 = store i32 %p_load1265, i32 %empty_272"   --->   Operation 2678 'store' 'store_ln0' <Predicate = (!tmp_last)> <Delay = 0.42>
ST_2 : Operation 2679 [1/1] (0.42ns)   --->   "%store_ln0 = store i32 %p_load1266, i32 %empty_271"   --->   Operation 2679 'store' 'store_ln0' <Predicate = (!tmp_last)> <Delay = 0.42>
ST_2 : Operation 2680 [1/1] (0.42ns)   --->   "%store_ln0 = store i32 %p_load1267, i32 %empty_270"   --->   Operation 2680 'store' 'store_ln0' <Predicate = (!tmp_last)> <Delay = 0.42>
ST_2 : Operation 2681 [1/1] (0.42ns)   --->   "%store_ln0 = store i32 %p_load1268, i32 %empty_269"   --->   Operation 2681 'store' 'store_ln0' <Predicate = (!tmp_last)> <Delay = 0.42>
ST_2 : Operation 2682 [1/1] (0.42ns)   --->   "%store_ln0 = store i32 %p_load1269, i32 %empty_268"   --->   Operation 2682 'store' 'store_ln0' <Predicate = (!tmp_last)> <Delay = 0.42>
ST_2 : Operation 2683 [1/1] (0.42ns)   --->   "%store_ln0 = store i32 %p_load1270, i32 %empty_267"   --->   Operation 2683 'store' 'store_ln0' <Predicate = (!tmp_last)> <Delay = 0.42>
ST_2 : Operation 2684 [1/1] (0.42ns)   --->   "%store_ln0 = store i32 %p_load1271, i32 %empty_266"   --->   Operation 2684 'store' 'store_ln0' <Predicate = (!tmp_last)> <Delay = 0.42>
ST_2 : Operation 2685 [1/1] (0.42ns)   --->   "%store_ln0 = store i32 %p_load1272, i32 %empty_265"   --->   Operation 2685 'store' 'store_ln0' <Predicate = (!tmp_last)> <Delay = 0.42>
ST_2 : Operation 2686 [1/1] (0.42ns)   --->   "%store_ln0 = store i32 %p_load1273, i32 %empty_264"   --->   Operation 2686 'store' 'store_ln0' <Predicate = (!tmp_last)> <Delay = 0.42>
ST_2 : Operation 2687 [1/1] (0.42ns)   --->   "%store_ln0 = store i32 %p_load1274, i32 %empty_263"   --->   Operation 2687 'store' 'store_ln0' <Predicate = (!tmp_last)> <Delay = 0.42>
ST_2 : Operation 2688 [1/1] (0.42ns)   --->   "%store_ln0 = store i32 %p_load1275, i32 %empty_262"   --->   Operation 2688 'store' 'store_ln0' <Predicate = (!tmp_last)> <Delay = 0.42>
ST_2 : Operation 2689 [1/1] (0.42ns)   --->   "%store_ln0 = store i32 %p_load1276, i32 %empty_261"   --->   Operation 2689 'store' 'store_ln0' <Predicate = (!tmp_last)> <Delay = 0.42>
ST_2 : Operation 2690 [1/1] (0.42ns)   --->   "%store_ln0 = store i32 %p_load1277, i32 %empty_260"   --->   Operation 2690 'store' 'store_ln0' <Predicate = (!tmp_last)> <Delay = 0.42>
ST_2 : Operation 2691 [1/1] (0.42ns)   --->   "%store_ln0 = store i32 %p_load1278, i32 %empty_259"   --->   Operation 2691 'store' 'store_ln0' <Predicate = (!tmp_last)> <Delay = 0.42>
ST_2 : Operation 2692 [1/1] (0.42ns)   --->   "%store_ln0 = store i32 %p_load1279, i32 %empty_258"   --->   Operation 2692 'store' 'store_ln0' <Predicate = (!tmp_last)> <Delay = 0.42>
ST_2 : Operation 2693 [1/1] (0.42ns)   --->   "%store_ln0 = store i32 %p_load1280, i32 %empty_257"   --->   Operation 2693 'store' 'store_ln0' <Predicate = (!tmp_last)> <Delay = 0.42>
ST_2 : Operation 2694 [1/1] (0.42ns)   --->   "%store_ln0 = store i32 %p_load1281, i32 %empty_256"   --->   Operation 2694 'store' 'store_ln0' <Predicate = (!tmp_last)> <Delay = 0.42>
ST_2 : Operation 2695 [1/1] (0.42ns)   --->   "%store_ln0 = store i32 %p_load1282, i32 %empty_255"   --->   Operation 2695 'store' 'store_ln0' <Predicate = (!tmp_last)> <Delay = 0.42>
ST_2 : Operation 2696 [1/1] (0.42ns)   --->   "%store_ln0 = store i32 %p_load1283, i32 %empty_254"   --->   Operation 2696 'store' 'store_ln0' <Predicate = (!tmp_last)> <Delay = 0.42>
ST_2 : Operation 2697 [1/1] (0.42ns)   --->   "%store_ln0 = store i32 %p_load1284, i32 %empty_253"   --->   Operation 2697 'store' 'store_ln0' <Predicate = (!tmp_last)> <Delay = 0.42>
ST_2 : Operation 2698 [1/1] (0.42ns)   --->   "%store_ln0 = store i32 %p_load1285, i32 %empty_252"   --->   Operation 2698 'store' 'store_ln0' <Predicate = (!tmp_last)> <Delay = 0.42>
ST_2 : Operation 2699 [1/1] (0.42ns)   --->   "%store_ln0 = store i32 %p_load1286, i32 %empty_251"   --->   Operation 2699 'store' 'store_ln0' <Predicate = (!tmp_last)> <Delay = 0.42>
ST_2 : Operation 2700 [1/1] (0.42ns)   --->   "%store_ln0 = store i32 %p_load1287, i32 %empty_250"   --->   Operation 2700 'store' 'store_ln0' <Predicate = (!tmp_last)> <Delay = 0.42>
ST_2 : Operation 2701 [1/1] (0.42ns)   --->   "%store_ln0 = store i32 %p_load1288, i32 %empty_249"   --->   Operation 2701 'store' 'store_ln0' <Predicate = (!tmp_last)> <Delay = 0.42>
ST_2 : Operation 2702 [1/1] (0.42ns)   --->   "%store_ln0 = store i32 %p_load1289, i32 %empty_248"   --->   Operation 2702 'store' 'store_ln0' <Predicate = (!tmp_last)> <Delay = 0.42>
ST_2 : Operation 2703 [1/1] (0.42ns)   --->   "%store_ln0 = store i32 %p_load1290, i32 %empty_247"   --->   Operation 2703 'store' 'store_ln0' <Predicate = (!tmp_last)> <Delay = 0.42>
ST_2 : Operation 2704 [1/1] (0.42ns)   --->   "%store_ln0 = store i32 %p_load1291, i32 %empty_246"   --->   Operation 2704 'store' 'store_ln0' <Predicate = (!tmp_last)> <Delay = 0.42>
ST_2 : Operation 2705 [1/1] (0.42ns)   --->   "%store_ln0 = store i32 %p_load1292, i32 %empty_245"   --->   Operation 2705 'store' 'store_ln0' <Predicate = (!tmp_last)> <Delay = 0.42>
ST_2 : Operation 2706 [1/1] (0.42ns)   --->   "%store_ln0 = store i32 %p_load1293, i32 %empty_244"   --->   Operation 2706 'store' 'store_ln0' <Predicate = (!tmp_last)> <Delay = 0.42>
ST_2 : Operation 2707 [1/1] (0.42ns)   --->   "%store_ln0 = store i32 %p_load1294, i32 %empty_243"   --->   Operation 2707 'store' 'store_ln0' <Predicate = (!tmp_last)> <Delay = 0.42>
ST_2 : Operation 2708 [1/1] (0.42ns)   --->   "%store_ln0 = store i32 %p_load1295, i32 %empty_242"   --->   Operation 2708 'store' 'store_ln0' <Predicate = (!tmp_last)> <Delay = 0.42>
ST_2 : Operation 2709 [1/1] (0.42ns)   --->   "%store_ln0 = store i32 %p_load1296, i32 %empty_241"   --->   Operation 2709 'store' 'store_ln0' <Predicate = (!tmp_last)> <Delay = 0.42>
ST_2 : Operation 2710 [1/1] (0.42ns)   --->   "%store_ln0 = store i32 %p_load1297, i32 %empty_240"   --->   Operation 2710 'store' 'store_ln0' <Predicate = (!tmp_last)> <Delay = 0.42>
ST_2 : Operation 2711 [1/1] (0.42ns)   --->   "%store_ln0 = store i32 %p_load1298, i32 %empty_239"   --->   Operation 2711 'store' 'store_ln0' <Predicate = (!tmp_last)> <Delay = 0.42>
ST_2 : Operation 2712 [1/1] (0.42ns)   --->   "%store_ln0 = store i32 %p_load1299, i32 %empty_238"   --->   Operation 2712 'store' 'store_ln0' <Predicate = (!tmp_last)> <Delay = 0.42>
ST_2 : Operation 2713 [1/1] (0.42ns)   --->   "%store_ln0 = store i32 %p_load1300, i32 %empty_237"   --->   Operation 2713 'store' 'store_ln0' <Predicate = (!tmp_last)> <Delay = 0.42>
ST_2 : Operation 2714 [1/1] (0.42ns)   --->   "%store_ln0 = store i32 %p_load1301, i32 %empty_236"   --->   Operation 2714 'store' 'store_ln0' <Predicate = (!tmp_last)> <Delay = 0.42>
ST_2 : Operation 2715 [1/1] (0.42ns)   --->   "%store_ln0 = store i32 %p_load1302, i32 %empty_235"   --->   Operation 2715 'store' 'store_ln0' <Predicate = (!tmp_last)> <Delay = 0.42>
ST_2 : Operation 2716 [1/1] (0.42ns)   --->   "%store_ln0 = store i32 %p_load1303, i32 %empty_234"   --->   Operation 2716 'store' 'store_ln0' <Predicate = (!tmp_last)> <Delay = 0.42>
ST_2 : Operation 2717 [1/1] (0.42ns)   --->   "%store_ln0 = store i32 %p_load1304, i32 %empty_233"   --->   Operation 2717 'store' 'store_ln0' <Predicate = (!tmp_last)> <Delay = 0.42>
ST_2 : Operation 2718 [1/1] (0.42ns)   --->   "%store_ln0 = store i32 %p_load1305, i32 %empty_232"   --->   Operation 2718 'store' 'store_ln0' <Predicate = (!tmp_last)> <Delay = 0.42>
ST_2 : Operation 2719 [1/1] (0.42ns)   --->   "%store_ln0 = store i32 %p_load1306, i32 %empty_231"   --->   Operation 2719 'store' 'store_ln0' <Predicate = (!tmp_last)> <Delay = 0.42>
ST_2 : Operation 2720 [1/1] (0.42ns)   --->   "%store_ln0 = store i32 %p_load1307, i32 %empty_230"   --->   Operation 2720 'store' 'store_ln0' <Predicate = (!tmp_last)> <Delay = 0.42>
ST_2 : Operation 2721 [1/1] (0.42ns)   --->   "%store_ln0 = store i32 %p_load1308, i32 %empty_229"   --->   Operation 2721 'store' 'store_ln0' <Predicate = (!tmp_last)> <Delay = 0.42>
ST_2 : Operation 2722 [1/1] (0.42ns)   --->   "%store_ln0 = store i32 %p_load1309, i32 %empty_228"   --->   Operation 2722 'store' 'store_ln0' <Predicate = (!tmp_last)> <Delay = 0.42>
ST_2 : Operation 2723 [1/1] (0.42ns)   --->   "%store_ln0 = store i32 %p_load1310, i32 %empty_227"   --->   Operation 2723 'store' 'store_ln0' <Predicate = (!tmp_last)> <Delay = 0.42>
ST_2 : Operation 2724 [1/1] (0.42ns)   --->   "%store_ln0 = store i32 %p_load1311, i32 %empty_226"   --->   Operation 2724 'store' 'store_ln0' <Predicate = (!tmp_last)> <Delay = 0.42>
ST_2 : Operation 2725 [1/1] (0.42ns)   --->   "%store_ln0 = store i32 %p_load1312, i32 %empty_225"   --->   Operation 2725 'store' 'store_ln0' <Predicate = (!tmp_last)> <Delay = 0.42>
ST_2 : Operation 2726 [1/1] (0.42ns)   --->   "%store_ln0 = store i32 %p_load1313, i32 %empty_224"   --->   Operation 2726 'store' 'store_ln0' <Predicate = (!tmp_last)> <Delay = 0.42>
ST_2 : Operation 2727 [1/1] (0.42ns)   --->   "%store_ln0 = store i32 %p_load1314, i32 %empty_223"   --->   Operation 2727 'store' 'store_ln0' <Predicate = (!tmp_last)> <Delay = 0.42>
ST_2 : Operation 2728 [1/1] (0.42ns)   --->   "%store_ln0 = store i32 %p_load1315, i32 %empty_222"   --->   Operation 2728 'store' 'store_ln0' <Predicate = (!tmp_last)> <Delay = 0.42>
ST_2 : Operation 2729 [1/1] (0.42ns)   --->   "%store_ln0 = store i32 %p_load1316, i32 %empty_221"   --->   Operation 2729 'store' 'store_ln0' <Predicate = (!tmp_last)> <Delay = 0.42>
ST_2 : Operation 2730 [1/1] (0.42ns)   --->   "%store_ln0 = store i32 %p_load1317, i32 %empty_220"   --->   Operation 2730 'store' 'store_ln0' <Predicate = (!tmp_last)> <Delay = 0.42>
ST_2 : Operation 2731 [1/1] (0.42ns)   --->   "%store_ln0 = store i32 %p_load1318, i32 %empty_219"   --->   Operation 2731 'store' 'store_ln0' <Predicate = (!tmp_last)> <Delay = 0.42>
ST_2 : Operation 2732 [1/1] (0.42ns)   --->   "%store_ln0 = store i32 %p_load1319, i32 %empty_218"   --->   Operation 2732 'store' 'store_ln0' <Predicate = (!tmp_last)> <Delay = 0.42>
ST_2 : Operation 2733 [1/1] (0.42ns)   --->   "%store_ln0 = store i32 %p_load1320, i32 %empty_217"   --->   Operation 2733 'store' 'store_ln0' <Predicate = (!tmp_last)> <Delay = 0.42>
ST_2 : Operation 2734 [1/1] (0.42ns)   --->   "%store_ln0 = store i32 %p_load1321, i32 %empty_216"   --->   Operation 2734 'store' 'store_ln0' <Predicate = (!tmp_last)> <Delay = 0.42>
ST_2 : Operation 2735 [1/1] (0.42ns)   --->   "%store_ln0 = store i32 %p_load1322, i32 %empty_215"   --->   Operation 2735 'store' 'store_ln0' <Predicate = (!tmp_last)> <Delay = 0.42>
ST_2 : Operation 2736 [1/1] (0.42ns)   --->   "%store_ln0 = store i32 %p_load1323, i32 %empty_214"   --->   Operation 2736 'store' 'store_ln0' <Predicate = (!tmp_last)> <Delay = 0.42>
ST_2 : Operation 2737 [1/1] (0.42ns)   --->   "%store_ln0 = store i32 %p_load1324, i32 %empty_213"   --->   Operation 2737 'store' 'store_ln0' <Predicate = (!tmp_last)> <Delay = 0.42>
ST_2 : Operation 2738 [1/1] (0.42ns)   --->   "%store_ln0 = store i32 %p_load1325, i32 %empty_212"   --->   Operation 2738 'store' 'store_ln0' <Predicate = (!tmp_last)> <Delay = 0.42>
ST_2 : Operation 2739 [1/1] (0.42ns)   --->   "%store_ln0 = store i32 %p_load1326, i32 %empty_211"   --->   Operation 2739 'store' 'store_ln0' <Predicate = (!tmp_last)> <Delay = 0.42>
ST_2 : Operation 2740 [1/1] (0.42ns)   --->   "%store_ln0 = store i32 %p_load1327, i32 %empty_210"   --->   Operation 2740 'store' 'store_ln0' <Predicate = (!tmp_last)> <Delay = 0.42>
ST_2 : Operation 2741 [1/1] (0.42ns)   --->   "%store_ln0 = store i32 %p_load1328, i32 %empty_209"   --->   Operation 2741 'store' 'store_ln0' <Predicate = (!tmp_last)> <Delay = 0.42>
ST_2 : Operation 2742 [1/1] (0.42ns)   --->   "%store_ln0 = store i32 %p_load1329, i32 %empty_208"   --->   Operation 2742 'store' 'store_ln0' <Predicate = (!tmp_last)> <Delay = 0.42>
ST_2 : Operation 2743 [1/1] (0.42ns)   --->   "%store_ln0 = store i32 %p_load1330, i32 %empty_207"   --->   Operation 2743 'store' 'store_ln0' <Predicate = (!tmp_last)> <Delay = 0.42>
ST_2 : Operation 2744 [1/1] (0.42ns)   --->   "%store_ln0 = store i32 %p_load1331, i32 %empty_206"   --->   Operation 2744 'store' 'store_ln0' <Predicate = (!tmp_last)> <Delay = 0.42>
ST_2 : Operation 2745 [1/1] (0.42ns)   --->   "%store_ln0 = store i32 %p_load1332, i32 %empty_205"   --->   Operation 2745 'store' 'store_ln0' <Predicate = (!tmp_last)> <Delay = 0.42>
ST_2 : Operation 2746 [1/1] (0.42ns)   --->   "%store_ln0 = store i32 %p_load1333, i32 %empty_204"   --->   Operation 2746 'store' 'store_ln0' <Predicate = (!tmp_last)> <Delay = 0.42>
ST_2 : Operation 2747 [1/1] (0.42ns)   --->   "%store_ln0 = store i32 %p_load1334, i32 %empty_203"   --->   Operation 2747 'store' 'store_ln0' <Predicate = (!tmp_last)> <Delay = 0.42>
ST_2 : Operation 2748 [1/1] (0.42ns)   --->   "%store_ln0 = store i32 %p_load1335, i32 %empty_202"   --->   Operation 2748 'store' 'store_ln0' <Predicate = (!tmp_last)> <Delay = 0.42>
ST_2 : Operation 2749 [1/1] (0.42ns)   --->   "%store_ln0 = store i32 %p_load1336, i32 %empty_201"   --->   Operation 2749 'store' 'store_ln0' <Predicate = (!tmp_last)> <Delay = 0.42>
ST_2 : Operation 2750 [1/1] (0.42ns)   --->   "%store_ln0 = store i32 %p_load1337, i32 %empty_200"   --->   Operation 2750 'store' 'store_ln0' <Predicate = (!tmp_last)> <Delay = 0.42>
ST_2 : Operation 2751 [1/1] (0.42ns)   --->   "%store_ln0 = store i32 %p_load1338, i32 %empty_199"   --->   Operation 2751 'store' 'store_ln0' <Predicate = (!tmp_last)> <Delay = 0.42>
ST_2 : Operation 2752 [1/1] (0.42ns)   --->   "%store_ln0 = store i32 %p_load1339, i32 %empty_198"   --->   Operation 2752 'store' 'store_ln0' <Predicate = (!tmp_last)> <Delay = 0.42>
ST_2 : Operation 2753 [1/1] (0.42ns)   --->   "%store_ln0 = store i32 %p_load1340, i32 %empty_197"   --->   Operation 2753 'store' 'store_ln0' <Predicate = (!tmp_last)> <Delay = 0.42>
ST_2 : Operation 2754 [1/1] (0.42ns)   --->   "%store_ln0 = store i32 %p_load1341, i32 %empty_196"   --->   Operation 2754 'store' 'store_ln0' <Predicate = (!tmp_last)> <Delay = 0.42>
ST_2 : Operation 2755 [1/1] (0.42ns)   --->   "%store_ln0 = store i32 %p_load1342, i32 %empty_195"   --->   Operation 2755 'store' 'store_ln0' <Predicate = (!tmp_last)> <Delay = 0.42>
ST_2 : Operation 2756 [1/1] (0.42ns)   --->   "%store_ln0 = store i32 %p_load1343, i32 %empty_194"   --->   Operation 2756 'store' 'store_ln0' <Predicate = (!tmp_last)> <Delay = 0.42>
ST_2 : Operation 2757 [1/1] (0.42ns)   --->   "%store_ln0 = store i32 %p_load1344, i32 %empty_193"   --->   Operation 2757 'store' 'store_ln0' <Predicate = (!tmp_last)> <Delay = 0.42>
ST_2 : Operation 2758 [1/1] (0.42ns)   --->   "%store_ln0 = store i32 %p_load1345, i32 %empty_192"   --->   Operation 2758 'store' 'store_ln0' <Predicate = (!tmp_last)> <Delay = 0.42>
ST_2 : Operation 2759 [1/1] (0.42ns)   --->   "%store_ln0 = store i32 %p_load1346, i32 %empty_191"   --->   Operation 2759 'store' 'store_ln0' <Predicate = (!tmp_last)> <Delay = 0.42>
ST_2 : Operation 2760 [1/1] (0.42ns)   --->   "%store_ln0 = store i32 %p_load1347, i32 %empty_190"   --->   Operation 2760 'store' 'store_ln0' <Predicate = (!tmp_last)> <Delay = 0.42>
ST_2 : Operation 2761 [1/1] (0.42ns)   --->   "%store_ln0 = store i32 %p_load1348, i32 %empty_189"   --->   Operation 2761 'store' 'store_ln0' <Predicate = (!tmp_last)> <Delay = 0.42>
ST_2 : Operation 2762 [1/1] (0.42ns)   --->   "%store_ln0 = store i32 %p_load1349, i32 %empty_188"   --->   Operation 2762 'store' 'store_ln0' <Predicate = (!tmp_last)> <Delay = 0.42>
ST_2 : Operation 2763 [1/1] (0.42ns)   --->   "%store_ln0 = store i32 %p_load1350, i32 %empty_187"   --->   Operation 2763 'store' 'store_ln0' <Predicate = (!tmp_last)> <Delay = 0.42>
ST_2 : Operation 2764 [1/1] (0.42ns)   --->   "%store_ln0 = store i32 %p_load1351, i32 %empty_186"   --->   Operation 2764 'store' 'store_ln0' <Predicate = (!tmp_last)> <Delay = 0.42>
ST_2 : Operation 2765 [1/1] (0.42ns)   --->   "%store_ln0 = store i32 %p_load1352, i32 %empty_185"   --->   Operation 2765 'store' 'store_ln0' <Predicate = (!tmp_last)> <Delay = 0.42>
ST_2 : Operation 2766 [1/1] (0.42ns)   --->   "%store_ln0 = store i32 %p_load1353, i32 %empty_184"   --->   Operation 2766 'store' 'store_ln0' <Predicate = (!tmp_last)> <Delay = 0.42>
ST_2 : Operation 2767 [1/1] (0.42ns)   --->   "%store_ln0 = store i32 %p_load1354, i32 %empty_183"   --->   Operation 2767 'store' 'store_ln0' <Predicate = (!tmp_last)> <Delay = 0.42>
ST_2 : Operation 2768 [1/1] (0.42ns)   --->   "%store_ln0 = store i32 %p_load1355, i32 %empty_182"   --->   Operation 2768 'store' 'store_ln0' <Predicate = (!tmp_last)> <Delay = 0.42>
ST_2 : Operation 2769 [1/1] (0.42ns)   --->   "%store_ln0 = store i32 %p_load1356, i32 %empty_181"   --->   Operation 2769 'store' 'store_ln0' <Predicate = (!tmp_last)> <Delay = 0.42>
ST_2 : Operation 2770 [1/1] (0.42ns)   --->   "%store_ln0 = store i32 %p_load1357, i32 %empty_180"   --->   Operation 2770 'store' 'store_ln0' <Predicate = (!tmp_last)> <Delay = 0.42>
ST_2 : Operation 2771 [1/1] (0.42ns)   --->   "%store_ln0 = store i32 %p_load1358, i32 %empty_179"   --->   Operation 2771 'store' 'store_ln0' <Predicate = (!tmp_last)> <Delay = 0.42>
ST_2 : Operation 2772 [1/1] (0.42ns)   --->   "%store_ln0 = store i32 %p_load1359, i32 %empty_178"   --->   Operation 2772 'store' 'store_ln0' <Predicate = (!tmp_last)> <Delay = 0.42>
ST_2 : Operation 2773 [1/1] (0.42ns)   --->   "%store_ln0 = store i32 %p_load1360, i32 %empty_177"   --->   Operation 2773 'store' 'store_ln0' <Predicate = (!tmp_last)> <Delay = 0.42>
ST_2 : Operation 2774 [1/1] (0.42ns)   --->   "%store_ln0 = store i32 %p_load1361, i32 %empty_176"   --->   Operation 2774 'store' 'store_ln0' <Predicate = (!tmp_last)> <Delay = 0.42>
ST_2 : Operation 2775 [1/1] (0.42ns)   --->   "%store_ln0 = store i32 %p_load1362, i32 %empty_175"   --->   Operation 2775 'store' 'store_ln0' <Predicate = (!tmp_last)> <Delay = 0.42>
ST_2 : Operation 2776 [1/1] (0.42ns)   --->   "%store_ln0 = store i32 %p_load1363, i32 %empty_174"   --->   Operation 2776 'store' 'store_ln0' <Predicate = (!tmp_last)> <Delay = 0.42>
ST_2 : Operation 2777 [1/1] (0.42ns)   --->   "%store_ln0 = store i32 %p_load1364, i32 %empty_173"   --->   Operation 2777 'store' 'store_ln0' <Predicate = (!tmp_last)> <Delay = 0.42>
ST_2 : Operation 2778 [1/1] (0.42ns)   --->   "%store_ln0 = store i32 %p_load1365, i32 %empty_172"   --->   Operation 2778 'store' 'store_ln0' <Predicate = (!tmp_last)> <Delay = 0.42>
ST_2 : Operation 2779 [1/1] (0.42ns)   --->   "%store_ln0 = store i32 %p_load1366, i32 %empty_171"   --->   Operation 2779 'store' 'store_ln0' <Predicate = (!tmp_last)> <Delay = 0.42>
ST_2 : Operation 2780 [1/1] (0.42ns)   --->   "%store_ln0 = store i32 %p_load1367, i32 %empty_170"   --->   Operation 2780 'store' 'store_ln0' <Predicate = (!tmp_last)> <Delay = 0.42>
ST_2 : Operation 2781 [1/1] (0.42ns)   --->   "%store_ln0 = store i32 %p_load1368, i32 %empty_169"   --->   Operation 2781 'store' 'store_ln0' <Predicate = (!tmp_last)> <Delay = 0.42>
ST_2 : Operation 2782 [1/1] (0.42ns)   --->   "%store_ln0 = store i32 %p_load1369, i32 %empty_168"   --->   Operation 2782 'store' 'store_ln0' <Predicate = (!tmp_last)> <Delay = 0.42>
ST_2 : Operation 2783 [1/1] (0.42ns)   --->   "%store_ln0 = store i32 %p_load1370, i32 %empty_167"   --->   Operation 2783 'store' 'store_ln0' <Predicate = (!tmp_last)> <Delay = 0.42>
ST_2 : Operation 2784 [1/1] (0.42ns)   --->   "%store_ln0 = store i32 %p_load1371, i32 %empty_166"   --->   Operation 2784 'store' 'store_ln0' <Predicate = (!tmp_last)> <Delay = 0.42>
ST_2 : Operation 2785 [1/1] (0.42ns)   --->   "%store_ln34 = store i32 %p_load1372, i32 %I_path" [hilbert.cpp:34->hilbert.cpp:77]   --->   Operation 2785 'store' 'store_ln34' <Predicate = (!tmp_last)> <Delay = 0.42>
ST_2 : Operation 2786 [1/1] (0.42ns)   --->   "%store_ln0 = store i32 %I_path_1, i32 %empty_165"   --->   Operation 2786 'store' 'store_ln0' <Predicate = (!tmp_last)> <Delay = 0.42>
ST_2 : Operation 2787 [1/1] (0.42ns)   --->   "%store_ln0 = store i32 %p_load1373, i32 %empty_164"   --->   Operation 2787 'store' 'store_ln0' <Predicate = (!tmp_last)> <Delay = 0.42>
ST_2 : Operation 2788 [1/1] (0.42ns)   --->   "%store_ln0 = store i32 %p_load1374, i32 %empty_163"   --->   Operation 2788 'store' 'store_ln0' <Predicate = (!tmp_last)> <Delay = 0.42>
ST_2 : Operation 2789 [1/1] (0.42ns)   --->   "%store_ln0 = store i32 %p_load1375, i32 %empty_162"   --->   Operation 2789 'store' 'store_ln0' <Predicate = (!tmp_last)> <Delay = 0.42>
ST_2 : Operation 2790 [1/1] (0.42ns)   --->   "%store_ln0 = store i32 %p_load1376, i32 %empty_161"   --->   Operation 2790 'store' 'store_ln0' <Predicate = (!tmp_last)> <Delay = 0.42>
ST_2 : Operation 2791 [1/1] (0.42ns)   --->   "%store_ln0 = store i32 %p_load1377, i32 %empty_160"   --->   Operation 2791 'store' 'store_ln0' <Predicate = (!tmp_last)> <Delay = 0.42>
ST_2 : Operation 2792 [1/1] (0.42ns)   --->   "%store_ln0 = store i32 %p_load1378, i32 %empty_159"   --->   Operation 2792 'store' 'store_ln0' <Predicate = (!tmp_last)> <Delay = 0.42>
ST_2 : Operation 2793 [1/1] (0.42ns)   --->   "%store_ln0 = store i32 %p_load1379, i32 %empty_158"   --->   Operation 2793 'store' 'store_ln0' <Predicate = (!tmp_last)> <Delay = 0.42>
ST_2 : Operation 2794 [1/1] (0.42ns)   --->   "%store_ln0 = store i32 %p_load1380, i32 %empty_157"   --->   Operation 2794 'store' 'store_ln0' <Predicate = (!tmp_last)> <Delay = 0.42>
ST_2 : Operation 2795 [1/1] (0.42ns)   --->   "%store_ln0 = store i32 %p_load1381, i32 %empty_156"   --->   Operation 2795 'store' 'store_ln0' <Predicate = (!tmp_last)> <Delay = 0.42>
ST_2 : Operation 2796 [1/1] (0.42ns)   --->   "%store_ln0 = store i32 %p_load1382, i32 %empty_155"   --->   Operation 2796 'store' 'store_ln0' <Predicate = (!tmp_last)> <Delay = 0.42>
ST_2 : Operation 2797 [1/1] (0.42ns)   --->   "%store_ln0 = store i32 %p_load1383, i32 %empty_154"   --->   Operation 2797 'store' 'store_ln0' <Predicate = (!tmp_last)> <Delay = 0.42>
ST_2 : Operation 2798 [1/1] (0.42ns)   --->   "%store_ln0 = store i32 %p_load1384, i32 %empty_153"   --->   Operation 2798 'store' 'store_ln0' <Predicate = (!tmp_last)> <Delay = 0.42>
ST_2 : Operation 2799 [1/1] (0.42ns)   --->   "%store_ln0 = store i32 %p_load1385, i32 %empty_152"   --->   Operation 2799 'store' 'store_ln0' <Predicate = (!tmp_last)> <Delay = 0.42>
ST_2 : Operation 2800 [1/1] (0.42ns)   --->   "%store_ln0 = store i32 %p_load1386, i32 %empty_151"   --->   Operation 2800 'store' 'store_ln0' <Predicate = (!tmp_last)> <Delay = 0.42>
ST_2 : Operation 2801 [1/1] (0.42ns)   --->   "%store_ln0 = store i32 %p_load1387, i32 %empty_150"   --->   Operation 2801 'store' 'store_ln0' <Predicate = (!tmp_last)> <Delay = 0.42>
ST_2 : Operation 2802 [1/1] (0.42ns)   --->   "%store_ln0 = store i32 %p_load1388, i32 %empty_149"   --->   Operation 2802 'store' 'store_ln0' <Predicate = (!tmp_last)> <Delay = 0.42>
ST_2 : Operation 2803 [1/1] (0.42ns)   --->   "%store_ln0 = store i32 %p_load1389, i32 %empty_148"   --->   Operation 2803 'store' 'store_ln0' <Predicate = (!tmp_last)> <Delay = 0.42>
ST_2 : Operation 2804 [1/1] (0.42ns)   --->   "%store_ln0 = store i32 %p_load1390, i32 %empty_147"   --->   Operation 2804 'store' 'store_ln0' <Predicate = (!tmp_last)> <Delay = 0.42>
ST_2 : Operation 2805 [1/1] (0.42ns)   --->   "%store_ln0 = store i32 %p_load1391, i32 %empty_146"   --->   Operation 2805 'store' 'store_ln0' <Predicate = (!tmp_last)> <Delay = 0.42>
ST_2 : Operation 2806 [1/1] (0.42ns)   --->   "%store_ln0 = store i32 %p_load1392, i32 %empty_145"   --->   Operation 2806 'store' 'store_ln0' <Predicate = (!tmp_last)> <Delay = 0.42>
ST_2 : Operation 2807 [1/1] (0.42ns)   --->   "%store_ln0 = store i32 %p_load1393, i32 %empty_144"   --->   Operation 2807 'store' 'store_ln0' <Predicate = (!tmp_last)> <Delay = 0.42>
ST_2 : Operation 2808 [1/1] (0.42ns)   --->   "%store_ln0 = store i32 %p_load1394, i32 %empty_143"   --->   Operation 2808 'store' 'store_ln0' <Predicate = (!tmp_last)> <Delay = 0.42>
ST_2 : Operation 2809 [1/1] (0.42ns)   --->   "%store_ln0 = store i32 %p_load1395, i32 %empty_142"   --->   Operation 2809 'store' 'store_ln0' <Predicate = (!tmp_last)> <Delay = 0.42>
ST_2 : Operation 2810 [1/1] (0.42ns)   --->   "%store_ln0 = store i32 %p_load1396, i32 %empty_141"   --->   Operation 2810 'store' 'store_ln0' <Predicate = (!tmp_last)> <Delay = 0.42>
ST_2 : Operation 2811 [1/1] (0.42ns)   --->   "%store_ln0 = store i32 %p_load1397, i32 %empty_140"   --->   Operation 2811 'store' 'store_ln0' <Predicate = (!tmp_last)> <Delay = 0.42>
ST_2 : Operation 2812 [1/1] (0.42ns)   --->   "%store_ln0 = store i32 %p_load1398, i32 %empty_139"   --->   Operation 2812 'store' 'store_ln0' <Predicate = (!tmp_last)> <Delay = 0.42>
ST_2 : Operation 2813 [1/1] (0.42ns)   --->   "%store_ln0 = store i32 %p_load1399, i32 %empty_138"   --->   Operation 2813 'store' 'store_ln0' <Predicate = (!tmp_last)> <Delay = 0.42>
ST_2 : Operation 2814 [1/1] (0.42ns)   --->   "%store_ln0 = store i32 %p_load1400, i32 %empty_137"   --->   Operation 2814 'store' 'store_ln0' <Predicate = (!tmp_last)> <Delay = 0.42>
ST_2 : Operation 2815 [1/1] (0.42ns)   --->   "%store_ln0 = store i32 %p_load1401, i32 %empty_136"   --->   Operation 2815 'store' 'store_ln0' <Predicate = (!tmp_last)> <Delay = 0.42>
ST_2 : Operation 2816 [1/1] (0.42ns)   --->   "%store_ln0 = store i32 %p_load1402, i32 %empty_135"   --->   Operation 2816 'store' 'store_ln0' <Predicate = (!tmp_last)> <Delay = 0.42>
ST_2 : Operation 2817 [1/1] (0.42ns)   --->   "%store_ln0 = store i32 %p_load1403, i32 %empty_134"   --->   Operation 2817 'store' 'store_ln0' <Predicate = (!tmp_last)> <Delay = 0.42>
ST_2 : Operation 2818 [1/1] (0.42ns)   --->   "%store_ln0 = store i32 %p_load1404, i32 %empty_133"   --->   Operation 2818 'store' 'store_ln0' <Predicate = (!tmp_last)> <Delay = 0.42>
ST_2 : Operation 2819 [1/1] (0.42ns)   --->   "%store_ln0 = store i32 %p_load1405, i32 %empty_132"   --->   Operation 2819 'store' 'store_ln0' <Predicate = (!tmp_last)> <Delay = 0.42>
ST_2 : Operation 2820 [1/1] (0.42ns)   --->   "%store_ln0 = store i32 %p_load1406, i32 %empty_131"   --->   Operation 2820 'store' 'store_ln0' <Predicate = (!tmp_last)> <Delay = 0.42>
ST_2 : Operation 2821 [1/1] (0.42ns)   --->   "%store_ln0 = store i32 %p_load1407, i32 %empty_130"   --->   Operation 2821 'store' 'store_ln0' <Predicate = (!tmp_last)> <Delay = 0.42>
ST_2 : Operation 2822 [1/1] (0.42ns)   --->   "%store_ln0 = store i32 %p_load1408, i32 %empty_129"   --->   Operation 2822 'store' 'store_ln0' <Predicate = (!tmp_last)> <Delay = 0.42>
ST_2 : Operation 2823 [1/1] (0.42ns)   --->   "%store_ln0 = store i32 %p_load1409, i32 %empty_128"   --->   Operation 2823 'store' 'store_ln0' <Predicate = (!tmp_last)> <Delay = 0.42>
ST_2 : Operation 2824 [1/1] (0.42ns)   --->   "%store_ln0 = store i32 %p_load1410, i32 %empty_127"   --->   Operation 2824 'store' 'store_ln0' <Predicate = (!tmp_last)> <Delay = 0.42>
ST_2 : Operation 2825 [1/1] (0.42ns)   --->   "%store_ln0 = store i32 %p_load1411, i32 %empty_126"   --->   Operation 2825 'store' 'store_ln0' <Predicate = (!tmp_last)> <Delay = 0.42>
ST_2 : Operation 2826 [1/1] (0.42ns)   --->   "%store_ln0 = store i32 %p_load1412, i32 %empty_125"   --->   Operation 2826 'store' 'store_ln0' <Predicate = (!tmp_last)> <Delay = 0.42>
ST_2 : Operation 2827 [1/1] (0.42ns)   --->   "%store_ln0 = store i32 %p_load1413, i32 %empty_124"   --->   Operation 2827 'store' 'store_ln0' <Predicate = (!tmp_last)> <Delay = 0.42>
ST_2 : Operation 2828 [1/1] (0.42ns)   --->   "%store_ln0 = store i32 %p_load1414, i32 %empty_123"   --->   Operation 2828 'store' 'store_ln0' <Predicate = (!tmp_last)> <Delay = 0.42>
ST_2 : Operation 2829 [1/1] (0.42ns)   --->   "%store_ln0 = store i32 %p_load1415, i32 %empty_122"   --->   Operation 2829 'store' 'store_ln0' <Predicate = (!tmp_last)> <Delay = 0.42>
ST_2 : Operation 2830 [1/1] (0.42ns)   --->   "%store_ln0 = store i32 %p_load1416, i32 %empty_121"   --->   Operation 2830 'store' 'store_ln0' <Predicate = (!tmp_last)> <Delay = 0.42>
ST_2 : Operation 2831 [1/1] (0.42ns)   --->   "%store_ln0 = store i32 %p_load1417, i32 %empty_120"   --->   Operation 2831 'store' 'store_ln0' <Predicate = (!tmp_last)> <Delay = 0.42>
ST_2 : Operation 2832 [1/1] (0.42ns)   --->   "%store_ln0 = store i32 %p_load1418, i32 %empty_119"   --->   Operation 2832 'store' 'store_ln0' <Predicate = (!tmp_last)> <Delay = 0.42>
ST_2 : Operation 2833 [1/1] (0.42ns)   --->   "%store_ln0 = store i32 %p_load1419, i32 %empty_118"   --->   Operation 2833 'store' 'store_ln0' <Predicate = (!tmp_last)> <Delay = 0.42>
ST_2 : Operation 2834 [1/1] (0.42ns)   --->   "%store_ln0 = store i32 %p_load1420, i32 %empty_117"   --->   Operation 2834 'store' 'store_ln0' <Predicate = (!tmp_last)> <Delay = 0.42>
ST_2 : Operation 2835 [1/1] (0.42ns)   --->   "%store_ln0 = store i32 %p_load1421, i32 %empty_116"   --->   Operation 2835 'store' 'store_ln0' <Predicate = (!tmp_last)> <Delay = 0.42>
ST_2 : Operation 2836 [1/1] (0.42ns)   --->   "%store_ln0 = store i32 %p_load1422, i32 %empty_115"   --->   Operation 2836 'store' 'store_ln0' <Predicate = (!tmp_last)> <Delay = 0.42>
ST_2 : Operation 2837 [1/1] (0.42ns)   --->   "%store_ln0 = store i32 %p_load1423, i32 %empty_114"   --->   Operation 2837 'store' 'store_ln0' <Predicate = (!tmp_last)> <Delay = 0.42>
ST_2 : Operation 2838 [1/1] (0.42ns)   --->   "%store_ln0 = store i32 %p_load1424, i32 %empty_113"   --->   Operation 2838 'store' 'store_ln0' <Predicate = (!tmp_last)> <Delay = 0.42>
ST_2 : Operation 2839 [1/1] (0.42ns)   --->   "%store_ln0 = store i32 %p_load1425, i32 %empty_112"   --->   Operation 2839 'store' 'store_ln0' <Predicate = (!tmp_last)> <Delay = 0.42>
ST_2 : Operation 2840 [1/1] (0.42ns)   --->   "%store_ln0 = store i32 %p_load1426, i32 %empty_111"   --->   Operation 2840 'store' 'store_ln0' <Predicate = (!tmp_last)> <Delay = 0.42>
ST_2 : Operation 2841 [1/1] (0.42ns)   --->   "%store_ln0 = store i32 %p_load1427, i32 %empty_110"   --->   Operation 2841 'store' 'store_ln0' <Predicate = (!tmp_last)> <Delay = 0.42>
ST_2 : Operation 2842 [1/1] (0.42ns)   --->   "%store_ln0 = store i32 %p_load1428, i32 %empty_109"   --->   Operation 2842 'store' 'store_ln0' <Predicate = (!tmp_last)> <Delay = 0.42>
ST_2 : Operation 2843 [1/1] (0.42ns)   --->   "%store_ln0 = store i32 %p_load1429, i32 %empty_108"   --->   Operation 2843 'store' 'store_ln0' <Predicate = (!tmp_last)> <Delay = 0.42>
ST_2 : Operation 2844 [1/1] (0.42ns)   --->   "%store_ln0 = store i32 %p_load1430, i32 %empty_107"   --->   Operation 2844 'store' 'store_ln0' <Predicate = (!tmp_last)> <Delay = 0.42>
ST_2 : Operation 2845 [1/1] (0.42ns)   --->   "%store_ln0 = store i32 %p_load1431, i32 %empty_106"   --->   Operation 2845 'store' 'store_ln0' <Predicate = (!tmp_last)> <Delay = 0.42>
ST_2 : Operation 2846 [1/1] (0.42ns)   --->   "%store_ln0 = store i32 %p_load1432, i32 %empty_105"   --->   Operation 2846 'store' 'store_ln0' <Predicate = (!tmp_last)> <Delay = 0.42>
ST_2 : Operation 2847 [1/1] (0.42ns)   --->   "%store_ln0 = store i32 %p_load1433, i32 %empty_104"   --->   Operation 2847 'store' 'store_ln0' <Predicate = (!tmp_last)> <Delay = 0.42>
ST_2 : Operation 2848 [1/1] (0.42ns)   --->   "%store_ln0 = store i32 %p_load1434, i32 %empty_103"   --->   Operation 2848 'store' 'store_ln0' <Predicate = (!tmp_last)> <Delay = 0.42>
ST_2 : Operation 2849 [1/1] (0.42ns)   --->   "%store_ln0 = store i32 %p_load1435, i32 %empty_102"   --->   Operation 2849 'store' 'store_ln0' <Predicate = (!tmp_last)> <Delay = 0.42>
ST_2 : Operation 2850 [1/1] (0.42ns)   --->   "%store_ln0 = store i32 %p_load1436, i32 %empty_101"   --->   Operation 2850 'store' 'store_ln0' <Predicate = (!tmp_last)> <Delay = 0.42>
ST_2 : Operation 2851 [1/1] (0.42ns)   --->   "%store_ln0 = store i32 %p_load1437, i32 %empty_100"   --->   Operation 2851 'store' 'store_ln0' <Predicate = (!tmp_last)> <Delay = 0.42>
ST_2 : Operation 2852 [1/1] (0.42ns)   --->   "%store_ln0 = store i32 %p_load1438, i32 %empty_99"   --->   Operation 2852 'store' 'store_ln0' <Predicate = (!tmp_last)> <Delay = 0.42>
ST_2 : Operation 2853 [1/1] (0.42ns)   --->   "%store_ln0 = store i32 %p_load1439, i32 %empty_98"   --->   Operation 2853 'store' 'store_ln0' <Predicate = (!tmp_last)> <Delay = 0.42>
ST_2 : Operation 2854 [1/1] (0.42ns)   --->   "%store_ln0 = store i32 %p_load1440, i32 %empty_97"   --->   Operation 2854 'store' 'store_ln0' <Predicate = (!tmp_last)> <Delay = 0.42>
ST_2 : Operation 2855 [1/1] (0.42ns)   --->   "%store_ln0 = store i32 %p_load1441, i32 %empty_96"   --->   Operation 2855 'store' 'store_ln0' <Predicate = (!tmp_last)> <Delay = 0.42>
ST_2 : Operation 2856 [1/1] (0.42ns)   --->   "%store_ln0 = store i32 %p_load1442, i32 %empty_95"   --->   Operation 2856 'store' 'store_ln0' <Predicate = (!tmp_last)> <Delay = 0.42>
ST_2 : Operation 2857 [1/1] (0.42ns)   --->   "%store_ln0 = store i32 %p_load1443, i32 %empty_94"   --->   Operation 2857 'store' 'store_ln0' <Predicate = (!tmp_last)> <Delay = 0.42>
ST_2 : Operation 2858 [1/1] (0.42ns)   --->   "%store_ln0 = store i32 %p_load1444, i32 %empty_93"   --->   Operation 2858 'store' 'store_ln0' <Predicate = (!tmp_last)> <Delay = 0.42>
ST_2 : Operation 2859 [1/1] (0.42ns)   --->   "%store_ln0 = store i32 %p_load1445, i32 %empty_92"   --->   Operation 2859 'store' 'store_ln0' <Predicate = (!tmp_last)> <Delay = 0.42>
ST_2 : Operation 2860 [1/1] (0.42ns)   --->   "%store_ln0 = store i32 %p_load1446, i32 %empty_91"   --->   Operation 2860 'store' 'store_ln0' <Predicate = (!tmp_last)> <Delay = 0.42>
ST_2 : Operation 2861 [1/1] (0.42ns)   --->   "%store_ln0 = store i32 %p_load1447, i32 %empty_90"   --->   Operation 2861 'store' 'store_ln0' <Predicate = (!tmp_last)> <Delay = 0.42>
ST_2 : Operation 2862 [1/1] (0.42ns)   --->   "%store_ln0 = store i32 %p_load1448, i32 %empty_89"   --->   Operation 2862 'store' 'store_ln0' <Predicate = (!tmp_last)> <Delay = 0.42>
ST_2 : Operation 2863 [1/1] (0.42ns)   --->   "%store_ln0 = store i32 %p_load1449, i32 %empty_88"   --->   Operation 2863 'store' 'store_ln0' <Predicate = (!tmp_last)> <Delay = 0.42>
ST_2 : Operation 2864 [1/1] (0.42ns)   --->   "%store_ln0 = store i32 %p_load1450, i32 %empty_87"   --->   Operation 2864 'store' 'store_ln0' <Predicate = (!tmp_last)> <Delay = 0.42>
ST_2 : Operation 2865 [1/1] (0.42ns)   --->   "%store_ln0 = store i32 %p_load1451, i32 %empty_86"   --->   Operation 2865 'store' 'store_ln0' <Predicate = (!tmp_last)> <Delay = 0.42>
ST_2 : Operation 2866 [1/1] (0.42ns)   --->   "%store_ln0 = store i32 %p_load1452, i32 %empty_85"   --->   Operation 2866 'store' 'store_ln0' <Predicate = (!tmp_last)> <Delay = 0.42>
ST_2 : Operation 2867 [1/1] (0.42ns)   --->   "%store_ln0 = store i32 %p_load1453, i32 %empty_84"   --->   Operation 2867 'store' 'store_ln0' <Predicate = (!tmp_last)> <Delay = 0.42>
ST_2 : Operation 2868 [1/1] (0.42ns)   --->   "%store_ln0 = store i32 %p_load1454, i32 %empty_83"   --->   Operation 2868 'store' 'store_ln0' <Predicate = (!tmp_last)> <Delay = 0.42>
ST_2 : Operation 2869 [1/1] (0.42ns)   --->   "%store_ln0 = store i32 %p_load1455, i32 %empty_82"   --->   Operation 2869 'store' 'store_ln0' <Predicate = (!tmp_last)> <Delay = 0.42>
ST_2 : Operation 2870 [1/1] (0.42ns)   --->   "%store_ln0 = store i32 %p_load1456, i32 %empty_81"   --->   Operation 2870 'store' 'store_ln0' <Predicate = (!tmp_last)> <Delay = 0.42>
ST_2 : Operation 2871 [1/1] (0.42ns)   --->   "%store_ln0 = store i32 %p_load1457, i32 %empty_80"   --->   Operation 2871 'store' 'store_ln0' <Predicate = (!tmp_last)> <Delay = 0.42>
ST_2 : Operation 2872 [1/1] (0.42ns)   --->   "%store_ln0 = store i32 %p_load1458, i32 %empty_79"   --->   Operation 2872 'store' 'store_ln0' <Predicate = (!tmp_last)> <Delay = 0.42>
ST_2 : Operation 2873 [1/1] (0.42ns)   --->   "%store_ln0 = store i32 %p_load1459, i32 %empty_78"   --->   Operation 2873 'store' 'store_ln0' <Predicate = (!tmp_last)> <Delay = 0.42>
ST_2 : Operation 2874 [1/1] (0.42ns)   --->   "%store_ln0 = store i32 %p_load1460, i32 %empty_77"   --->   Operation 2874 'store' 'store_ln0' <Predicate = (!tmp_last)> <Delay = 0.42>
ST_2 : Operation 2875 [1/1] (0.42ns)   --->   "%store_ln0 = store i32 %p_load1461, i32 %empty_76"   --->   Operation 2875 'store' 'store_ln0' <Predicate = (!tmp_last)> <Delay = 0.42>
ST_2 : Operation 2876 [1/1] (0.42ns)   --->   "%store_ln0 = store i32 %p_load1462, i32 %empty_75"   --->   Operation 2876 'store' 'store_ln0' <Predicate = (!tmp_last)> <Delay = 0.42>
ST_2 : Operation 2877 [1/1] (0.42ns)   --->   "%store_ln0 = store i32 %p_load1463, i32 %empty_74"   --->   Operation 2877 'store' 'store_ln0' <Predicate = (!tmp_last)> <Delay = 0.42>
ST_2 : Operation 2878 [1/1] (0.42ns)   --->   "%store_ln0 = store i32 %p_load1464, i32 %empty_73"   --->   Operation 2878 'store' 'store_ln0' <Predicate = (!tmp_last)> <Delay = 0.42>
ST_2 : Operation 2879 [1/1] (0.42ns)   --->   "%store_ln0 = store i32 %p_load1465, i32 %empty_72"   --->   Operation 2879 'store' 'store_ln0' <Predicate = (!tmp_last)> <Delay = 0.42>
ST_2 : Operation 2880 [1/1] (0.42ns)   --->   "%store_ln0 = store i32 %p_load1466, i32 %empty_71"   --->   Operation 2880 'store' 'store_ln0' <Predicate = (!tmp_last)> <Delay = 0.42>
ST_2 : Operation 2881 [1/1] (0.42ns)   --->   "%store_ln0 = store i32 %p_load1467, i32 %empty_70"   --->   Operation 2881 'store' 'store_ln0' <Predicate = (!tmp_last)> <Delay = 0.42>
ST_2 : Operation 2882 [1/1] (0.42ns)   --->   "%store_ln0 = store i32 %p_load1468, i32 %empty_69"   --->   Operation 2882 'store' 'store_ln0' <Predicate = (!tmp_last)> <Delay = 0.42>
ST_2 : Operation 2883 [1/1] (0.42ns)   --->   "%store_ln0 = store i32 %p_load1469, i32 %empty_68"   --->   Operation 2883 'store' 'store_ln0' <Predicate = (!tmp_last)> <Delay = 0.42>
ST_2 : Operation 2884 [1/1] (0.42ns)   --->   "%store_ln0 = store i32 %p_load1470, i32 %empty_67"   --->   Operation 2884 'store' 'store_ln0' <Predicate = (!tmp_last)> <Delay = 0.42>
ST_2 : Operation 2885 [1/1] (0.42ns)   --->   "%store_ln0 = store i32 %p_load1471, i32 %empty_66"   --->   Operation 2885 'store' 'store_ln0' <Predicate = (!tmp_last)> <Delay = 0.42>
ST_2 : Operation 2886 [1/1] (0.42ns)   --->   "%store_ln0 = store i32 %p_load1472, i32 %empty_65"   --->   Operation 2886 'store' 'store_ln0' <Predicate = (!tmp_last)> <Delay = 0.42>
ST_2 : Operation 2887 [1/1] (0.42ns)   --->   "%store_ln0 = store i32 %p_load1473, i32 %empty_64"   --->   Operation 2887 'store' 'store_ln0' <Predicate = (!tmp_last)> <Delay = 0.42>
ST_2 : Operation 2888 [1/1] (0.42ns)   --->   "%store_ln0 = store i32 %p_load1474, i32 %empty_63"   --->   Operation 2888 'store' 'store_ln0' <Predicate = (!tmp_last)> <Delay = 0.42>
ST_2 : Operation 2889 [1/1] (0.42ns)   --->   "%store_ln0 = store i32 %p_load1475, i32 %empty_62"   --->   Operation 2889 'store' 'store_ln0' <Predicate = (!tmp_last)> <Delay = 0.42>
ST_2 : Operation 2890 [1/1] (0.42ns)   --->   "%store_ln0 = store i32 %p_load1476, i32 %empty_61"   --->   Operation 2890 'store' 'store_ln0' <Predicate = (!tmp_last)> <Delay = 0.42>
ST_2 : Operation 2891 [1/1] (0.42ns)   --->   "%store_ln0 = store i32 %p_load1477, i32 %empty_60"   --->   Operation 2891 'store' 'store_ln0' <Predicate = (!tmp_last)> <Delay = 0.42>
ST_2 : Operation 2892 [1/1] (0.42ns)   --->   "%store_ln0 = store i32 %p_load1478, i32 %empty_59"   --->   Operation 2892 'store' 'store_ln0' <Predicate = (!tmp_last)> <Delay = 0.42>
ST_2 : Operation 2893 [1/1] (0.42ns)   --->   "%store_ln0 = store i32 %p_load1479, i32 %empty_58"   --->   Operation 2893 'store' 'store_ln0' <Predicate = (!tmp_last)> <Delay = 0.42>
ST_2 : Operation 2894 [1/1] (0.42ns)   --->   "%store_ln0 = store i32 %p_load1480, i32 %empty_57"   --->   Operation 2894 'store' 'store_ln0' <Predicate = (!tmp_last)> <Delay = 0.42>
ST_2 : Operation 2895 [1/1] (0.42ns)   --->   "%store_ln0 = store i32 %p_load1481, i32 %empty_56"   --->   Operation 2895 'store' 'store_ln0' <Predicate = (!tmp_last)> <Delay = 0.42>
ST_2 : Operation 2896 [1/1] (0.42ns)   --->   "%store_ln0 = store i32 %p_load1482, i32 %empty_55"   --->   Operation 2896 'store' 'store_ln0' <Predicate = (!tmp_last)> <Delay = 0.42>
ST_2 : Operation 2897 [1/1] (0.42ns)   --->   "%store_ln0 = store i32 %p_load1483, i32 %empty_54"   --->   Operation 2897 'store' 'store_ln0' <Predicate = (!tmp_last)> <Delay = 0.42>
ST_2 : Operation 2898 [1/1] (0.42ns)   --->   "%store_ln0 = store i32 %p_load1484, i32 %empty_53"   --->   Operation 2898 'store' 'store_ln0' <Predicate = (!tmp_last)> <Delay = 0.42>
ST_2 : Operation 2899 [1/1] (0.42ns)   --->   "%store_ln0 = store i32 %p_load1485, i32 %empty_52"   --->   Operation 2899 'store' 'store_ln0' <Predicate = (!tmp_last)> <Delay = 0.42>
ST_2 : Operation 2900 [1/1] (0.42ns)   --->   "%store_ln0 = store i32 %p_load1486, i32 %empty_51"   --->   Operation 2900 'store' 'store_ln0' <Predicate = (!tmp_last)> <Delay = 0.42>
ST_2 : Operation 2901 [1/1] (0.42ns)   --->   "%store_ln0 = store i32 %p_load1487, i32 %empty_50"   --->   Operation 2901 'store' 'store_ln0' <Predicate = (!tmp_last)> <Delay = 0.42>
ST_2 : Operation 2902 [1/1] (0.42ns)   --->   "%store_ln0 = store i32 %p_load1488, i32 %empty_49"   --->   Operation 2902 'store' 'store_ln0' <Predicate = (!tmp_last)> <Delay = 0.42>
ST_2 : Operation 2903 [1/1] (0.42ns)   --->   "%store_ln0 = store i32 %p_load1489, i32 %empty_48"   --->   Operation 2903 'store' 'store_ln0' <Predicate = (!tmp_last)> <Delay = 0.42>
ST_2 : Operation 2904 [1/1] (0.42ns)   --->   "%store_ln0 = store i32 %p_load1490, i32 %empty_47"   --->   Operation 2904 'store' 'store_ln0' <Predicate = (!tmp_last)> <Delay = 0.42>
ST_2 : Operation 2905 [1/1] (0.42ns)   --->   "%store_ln0 = store i32 %p_load1491, i32 %empty_46"   --->   Operation 2905 'store' 'store_ln0' <Predicate = (!tmp_last)> <Delay = 0.42>
ST_2 : Operation 2906 [1/1] (0.42ns)   --->   "%store_ln0 = store i32 %p_load1492, i32 %empty_45"   --->   Operation 2906 'store' 'store_ln0' <Predicate = (!tmp_last)> <Delay = 0.42>
ST_2 : Operation 2907 [1/1] (0.42ns)   --->   "%store_ln0 = store i32 %p_load1493, i32 %empty_44"   --->   Operation 2907 'store' 'store_ln0' <Predicate = (!tmp_last)> <Delay = 0.42>
ST_2 : Operation 2908 [1/1] (0.42ns)   --->   "%store_ln0 = store i32 %p_load1494, i32 %empty_43"   --->   Operation 2908 'store' 'store_ln0' <Predicate = (!tmp_last)> <Delay = 0.42>
ST_2 : Operation 2909 [1/1] (0.42ns)   --->   "%store_ln0 = store i32 %p_load1495, i32 %empty_42"   --->   Operation 2909 'store' 'store_ln0' <Predicate = (!tmp_last)> <Delay = 0.42>
ST_2 : Operation 2910 [1/1] (0.42ns)   --->   "%store_ln0 = store i32 %p_load1496, i32 %empty_41"   --->   Operation 2910 'store' 'store_ln0' <Predicate = (!tmp_last)> <Delay = 0.42>
ST_2 : Operation 2911 [1/1] (0.42ns)   --->   "%store_ln0 = store i32 %p_load1497, i32 %empty_40"   --->   Operation 2911 'store' 'store_ln0' <Predicate = (!tmp_last)> <Delay = 0.42>
ST_2 : Operation 2912 [1/1] (0.42ns)   --->   "%store_ln0 = store i32 %p_load1498, i32 %empty_39"   --->   Operation 2912 'store' 'store_ln0' <Predicate = (!tmp_last)> <Delay = 0.42>
ST_2 : Operation 2913 [1/1] (0.42ns)   --->   "%store_ln0 = store i32 %p_load1499, i32 %empty_38"   --->   Operation 2913 'store' 'store_ln0' <Predicate = (!tmp_last)> <Delay = 0.42>
ST_2 : Operation 2914 [1/1] (0.42ns)   --->   "%store_ln0 = store i32 %p_load1500, i32 %empty_37"   --->   Operation 2914 'store' 'store_ln0' <Predicate = (!tmp_last)> <Delay = 0.42>
ST_2 : Operation 2915 [1/1] (0.42ns)   --->   "%store_ln0 = store i32 %p_load1501, i32 %empty_36"   --->   Operation 2915 'store' 'store_ln0' <Predicate = (!tmp_last)> <Delay = 0.42>
ST_2 : Operation 2916 [1/1] (0.42ns)   --->   "%store_ln0 = store i32 %p_load1502, i32 %empty_35"   --->   Operation 2916 'store' 'store_ln0' <Predicate = (!tmp_last)> <Delay = 0.42>
ST_2 : Operation 2917 [1/1] (0.42ns)   --->   "%store_ln0 = store i32 %p_load1503, i32 %empty_34"   --->   Operation 2917 'store' 'store_ln0' <Predicate = (!tmp_last)> <Delay = 0.42>
ST_2 : Operation 2918 [1/1] (0.42ns)   --->   "%store_ln0 = store i32 %p_load1504, i32 %empty_33"   --->   Operation 2918 'store' 'store_ln0' <Predicate = (!tmp_last)> <Delay = 0.42>
ST_2 : Operation 2919 [1/1] (0.42ns)   --->   "%store_ln0 = store i32 %p_load1505, i32 %empty_32"   --->   Operation 2919 'store' 'store_ln0' <Predicate = (!tmp_last)> <Delay = 0.42>
ST_2 : Operation 2920 [1/1] (0.42ns)   --->   "%store_ln0 = store i32 %p_load1506, i32 %empty_31"   --->   Operation 2920 'store' 'store_ln0' <Predicate = (!tmp_last)> <Delay = 0.42>
ST_2 : Operation 2921 [1/1] (0.42ns)   --->   "%store_ln0 = store i32 %p_load1507, i32 %empty_30"   --->   Operation 2921 'store' 'store_ln0' <Predicate = (!tmp_last)> <Delay = 0.42>
ST_2 : Operation 2922 [1/1] (0.42ns)   --->   "%store_ln0 = store i32 %p_load1508, i32 %empty_29"   --->   Operation 2922 'store' 'store_ln0' <Predicate = (!tmp_last)> <Delay = 0.42>
ST_2 : Operation 2923 [1/1] (0.42ns)   --->   "%store_ln0 = store i32 %p_load1509, i32 %empty_28"   --->   Operation 2923 'store' 'store_ln0' <Predicate = (!tmp_last)> <Delay = 0.42>
ST_2 : Operation 2924 [1/1] (0.42ns)   --->   "%store_ln0 = store i32 %p_load1510, i32 %empty_27"   --->   Operation 2924 'store' 'store_ln0' <Predicate = (!tmp_last)> <Delay = 0.42>
ST_2 : Operation 2925 [1/1] (0.42ns)   --->   "%store_ln0 = store i32 %p_load1511, i32 %empty_26"   --->   Operation 2925 'store' 'store_ln0' <Predicate = (!tmp_last)> <Delay = 0.42>
ST_2 : Operation 2926 [1/1] (0.42ns)   --->   "%store_ln0 = store i32 %p_load1512, i32 %empty_25"   --->   Operation 2926 'store' 'store_ln0' <Predicate = (!tmp_last)> <Delay = 0.42>
ST_2 : Operation 2927 [1/1] (0.42ns)   --->   "%store_ln0 = store i32 %p_load1513, i32 %empty_24"   --->   Operation 2927 'store' 'store_ln0' <Predicate = (!tmp_last)> <Delay = 0.42>
ST_2 : Operation 2928 [1/1] (0.42ns)   --->   "%store_ln0 = store i32 %p_load1514, i32 %empty_23"   --->   Operation 2928 'store' 'store_ln0' <Predicate = (!tmp_last)> <Delay = 0.42>
ST_2 : Operation 2929 [1/1] (0.42ns)   --->   "%store_ln0 = store i32 %p_load1515, i32 %empty_22"   --->   Operation 2929 'store' 'store_ln0' <Predicate = (!tmp_last)> <Delay = 0.42>
ST_2 : Operation 2930 [1/1] (0.42ns)   --->   "%store_ln0 = store i32 %p_load1516, i32 %empty_21"   --->   Operation 2930 'store' 'store_ln0' <Predicate = (!tmp_last)> <Delay = 0.42>
ST_2 : Operation 2931 [1/1] (0.42ns)   --->   "%store_ln0 = store i32 %p_load1517, i32 %empty_20"   --->   Operation 2931 'store' 'store_ln0' <Predicate = (!tmp_last)> <Delay = 0.42>
ST_2 : Operation 2932 [1/1] (0.42ns)   --->   "%store_ln0 = store i32 %p_load1518, i32 %empty_19"   --->   Operation 2932 'store' 'store_ln0' <Predicate = (!tmp_last)> <Delay = 0.42>
ST_2 : Operation 2933 [1/1] (0.42ns)   --->   "%store_ln0 = store i32 %p_load1519, i32 %empty_18"   --->   Operation 2933 'store' 'store_ln0' <Predicate = (!tmp_last)> <Delay = 0.42>
ST_2 : Operation 2934 [1/1] (0.42ns)   --->   "%store_ln0 = store i32 %p_load1520, i32 %empty"   --->   Operation 2934 'store' 'store_ln0' <Predicate = (!tmp_last)> <Delay = 0.42>
ST_2 : Operation 2935 [1/1] (0.00ns)   --->   "%br_ln69 = br void %while.body" [hilbert.cpp:69]   --->   Operation 2935 'br' 'br_ln69' <Predicate = (!tmp_last)> <Delay = 0.00>

State 3 <SV = 2> <Delay = 4.38>
ST_3 : Operation 2936 [1/1] (0.00ns)   --->   "%sext_ln50_462 = sext i45 %add_ln50_16" [hilbert.cpp:50->hilbert.cpp:77]   --->   Operation 2936 'sext' 'sext_ln50_462' <Predicate = true> <Delay = 0.00>
ST_3 : Operation 2937 [1/1] (0.00ns)   --->   "%sext_ln50_469 = sext i45 %add_ln50_24" [hilbert.cpp:50->hilbert.cpp:77]   --->   Operation 2937 'sext' 'sext_ln50_469' <Predicate = true> <Delay = 0.00>
ST_3 : Operation 2938 [1/1] (0.00ns)   --->   "%sext_ln50_477 = sext i45 %add_ln50_33" [hilbert.cpp:50->hilbert.cpp:77]   --->   Operation 2938 'sext' 'sext_ln50_477' <Predicate = true> <Delay = 0.00>
ST_3 : Operation 2939 [1/1] (0.00ns) (grouped into TernaryAdder)   --->   "%add_ln50_34 = add i46 %sext_ln50_477, i46 %sext_ln50_469" [hilbert.cpp:50->hilbert.cpp:77]   --->   Operation 2939 'add' 'add_ln50_34' <Predicate = true> <Delay = 0.00> <CoreInst = "TAddSub">   --->   Core 10 'TAddSub' <Latency = 0> <II = 1> <Delay = 0.38> <IPBlock> <Opcode : '' 'add' 'sub'> <InPorts = 3> <OutPorts = 1> <Sync> <CReg>
ST_3 : Operation 2940 [1/1] (0.76ns) (root node of TernaryAdder)   --->   "%add_ln50_35 = add i46 %add_ln50_34, i46 %sext_ln50_462" [hilbert.cpp:50->hilbert.cpp:77]   --->   Operation 2940 'add' 'add_ln50_35' <Predicate = true> <Delay = 0.76> <CoreInst = "TAddSub">   --->   Core 10 'TAddSub' <Latency = 0> <II = 1> <Delay = 0.38> <IPBlock> <Opcode : '' 'add' 'sub'> <InPorts = 3> <OutPorts = 1> <Sync> <CReg>
ST_3 : Operation 2941 [1/1] (0.00ns)   --->   "%sext_ln50_478 = sext i46 %add_ln50_35" [hilbert.cpp:50->hilbert.cpp:77]   --->   Operation 2941 'sext' 'sext_ln50_478' <Predicate = true> <Delay = 0.00>
ST_3 : Operation 2942 [1/1] (0.00ns)   --->   "%sext_ln50_484 = sext i47 %add_ln50_42" [hilbert.cpp:50->hilbert.cpp:77]   --->   Operation 2942 'sext' 'sext_ln50_484' <Predicate = true> <Delay = 0.00>
ST_3 : Operation 2943 [1/1] (0.00ns) (grouped into TernaryAdder)   --->   "%add_ln50_43 = add i49 %sext_ln50_484, i49 %add_ln50_38" [hilbert.cpp:50->hilbert.cpp:77]   --->   Operation 2943 'add' 'add_ln50_43' <Predicate = true> <Delay = 0.00> <CoreInst = "TAddSub">   --->   Core 10 'TAddSub' <Latency = 0> <II = 1> <Delay = 0.38> <IPBlock> <Opcode : '' 'add' 'sub'> <InPorts = 3> <OutPorts = 1> <Sync> <CReg>
ST_3 : Operation 2944 [1/1] (0.00ns)   --->   "%sext_ln50_491 = sext i46 %add_ln50_52" [hilbert.cpp:50->hilbert.cpp:77]   --->   Operation 2944 'sext' 'sext_ln50_491' <Predicate = true> <Delay = 0.00>
ST_3 : Operation 2945 [1/1] (0.77ns) (root node of TernaryAdder)   --->   "%add_ln50_53 = add i49 %sext_ln50_491, i49 %add_ln50_43" [hilbert.cpp:50->hilbert.cpp:77]   --->   Operation 2945 'add' 'add_ln50_53' <Predicate = true> <Delay = 0.77> <CoreInst = "TAddSub">   --->   Core 10 'TAddSub' <Latency = 0> <II = 1> <Delay = 0.38> <IPBlock> <Opcode : '' 'add' 'sub'> <InPorts = 3> <OutPorts = 1> <Sync> <CReg>
ST_3 : Operation 2946 [1/1] (0.00ns)   --->   "%sext_ln50_497 = sext i45 %add_ln50_61" [hilbert.cpp:50->hilbert.cpp:77]   --->   Operation 2946 'sext' 'sext_ln50_497' <Predicate = true> <Delay = 0.00>
ST_3 : Operation 2947 [1/1] (0.00ns)   --->   "%sext_ln50_505 = sext i45 %add_ln50_70" [hilbert.cpp:50->hilbert.cpp:77]   --->   Operation 2947 'sext' 'sext_ln50_505' <Predicate = true> <Delay = 0.00>
ST_3 : Operation 2948 [1/1] (1.06ns)   --->   "%add_ln50_71 = add i46 %sext_ln50_505, i46 %sext_ln50_497" [hilbert.cpp:50->hilbert.cpp:77]   --->   Operation 2948 'add' 'add_ln50_71' <Predicate = true> <Delay = 1.06> <CoreInst = "Adder">   --->   Core 1 'Adder' <Latency = 0> <II = 1> <Delay = 1.06> <FuncUnit> <Opcode : 'add' 'sub'> <InPorts = 2> <OutPorts = 1>
ST_3 : Operation 2949 [1/1] (0.00ns)   --->   "%sext_ln50_506 = sext i46 %add_ln50_71" [hilbert.cpp:50->hilbert.cpp:77]   --->   Operation 2949 'sext' 'sext_ln50_506' <Predicate = true> <Delay = 0.00>
ST_3 : Operation 2950 [1/1] (0.00ns) (grouped into TernaryAdder)   --->   "%add_ln50_72 = add i49 %sext_ln50_506, i49 %add_ln50_53" [hilbert.cpp:50->hilbert.cpp:77]   --->   Operation 2950 'add' 'add_ln50_72' <Predicate = true> <Delay = 0.00> <CoreInst = "TAddSub">   --->   Core 10 'TAddSub' <Latency = 0> <II = 1> <Delay = 0.38> <IPBlock> <Opcode : '' 'add' 'sub'> <InPorts = 3> <OutPorts = 1> <Sync> <CReg>
ST_3 : Operation 2951 [1/1] (0.77ns) (root node of TernaryAdder)   --->   "%Q_acc = add i49 %add_ln50_72, i49 %sext_ln50_478" [hilbert.cpp:50->hilbert.cpp:77]   --->   Operation 2951 'add' 'Q_acc' <Predicate = true> <Delay = 0.77> <CoreInst = "TAddSub">   --->   Core 10 'TAddSub' <Latency = 0> <II = 1> <Delay = 0.38> <IPBlock> <Opcode : '' 'add' 'sub'> <InPorts = 3> <OutPorts = 1> <Sync> <CReg>
ST_3 : Operation 2952 [1/1] (0.00ns)   --->   "%sext_ln37 = sext i49 %Q_acc" [hilbert.cpp:37->hilbert.cpp:77]   --->   Operation 2952 'sext' 'sext_ln37' <Predicate = true> <Delay = 0.00>
ST_3 : Operation 2953 [1/1] (0.00ns)   --->   "%trunc_ln37 = trunc i49 %Q_acc" [hilbert.cpp:37->hilbert.cpp:77]   --->   Operation 2953 'trunc' 'trunc_ln37' <Predicate = true> <Delay = 0.00>
ST_3 : Operation 2954 [1/1] (0.00ns)   --->   "%tmp_254 = bitselect i1 @_ssdm_op_BitSelect.i1.i64.i32, i64 %sext_ln37, i32 63" [hilbert.cpp:53->hilbert.cpp:77]   --->   Operation 2954 'bitselect' 'tmp_254' <Predicate = true> <Delay = 0.00>
ST_3 : Operation 2955 [1/1] (1.08ns)   --->   "%sub_ln53 = sub i47 0, i47 %trunc_ln37" [hilbert.cpp:53->hilbert.cpp:77]   --->   Operation 2955 'sub' 'sub_ln53' <Predicate = true> <Delay = 1.08> <CoreInst = "Adder">   --->   Core 1 'Adder' <Latency = 0> <II = 1> <Delay = 1.08> <FuncUnit> <Opcode : 'add' 'sub'> <InPorts = 2> <OutPorts = 1>
ST_3 : Operation 2956 [1/1] (0.00ns)   --->   "%trunc_ln53_1 = partselect i32 @_ssdm_op_PartSelect.i32.i47.i32.i32, i47 %sub_ln53, i32 15, i32 46" [hilbert.cpp:53->hilbert.cpp:77]   --->   Operation 2956 'partselect' 'trunc_ln53_1' <Predicate = true> <Delay = 0.00>
ST_3 : Operation 2957 [1/1] (1.01ns)   --->   "%sub_ln53_1 = sub i32 0, i32 %trunc_ln53_1" [hilbert.cpp:53->hilbert.cpp:77]   --->   Operation 2957 'sub' 'sub_ln53_1' <Predicate = true> <Delay = 1.01> <CoreInst = "Adder">   --->   Core 1 'Adder' <Latency = 0> <II = 1> <Delay = 1.01> <FuncUnit> <Opcode : 'add' 'sub'> <InPorts = 2> <OutPorts = 1>
ST_3 : Operation 2958 [1/1] (0.00ns)   --->   "%trunc_ln53_2 = partselect i32 @_ssdm_op_PartSelect.i32.i49.i32.i32, i49 %Q_acc, i32 15, i32 46" [hilbert.cpp:53->hilbert.cpp:77]   --->   Operation 2958 'partselect' 'trunc_ln53_2' <Predicate = true> <Delay = 0.00>
ST_3 : Operation 2959 [1/1] (0.44ns)   --->   "%Q_path = select i1 %tmp_254, i32 %sub_ln53_1, i32 %trunc_ln53_2" [hilbert.cpp:53->hilbert.cpp:77]   --->   Operation 2959 'select' 'Q_path' <Predicate = true> <Delay = 0.44> <CoreInst = "Sel">   --->   Core 73 'Sel' <Latency = 0> <II = 1> <Delay = 0.44> <FuncUnit> <Opcode : 'select'> <InPorts = 3> <OutPorts = 1>

State 4 <SV = 3> <Delay = 3.42>
ST_4 : Operation 2960 [1/1] (0.00ns)   --->   "%sext_ln55 = sext i32 %I_path_1" [hilbert.cpp:55->hilbert.cpp:77]   --->   Operation 2960 'sext' 'sext_ln55' <Predicate = true> <Delay = 0.00>
ST_4 : Operation 2961 [1/1] (0.00ns)   --->   "%sext_ln56 = sext i32 %Q_path" [hilbert.cpp:56->hilbert.cpp:77]   --->   Operation 2961 'sext' 'sext_ln56' <Predicate = true> <Delay = 0.00>
ST_4 : Operation 2962 [1/1] (3.42ns)   --->   "%mul_ln56 = mul i64 %sext_ln55, i64 %sext_ln55" [hilbert.cpp:56->hilbert.cpp:77]   --->   Operation 2962 'mul' 'mul_ln56' <Predicate = true> <Delay = 3.42> <CoreInst = "Multiplier">   --->   Core 3 'Multiplier' <Latency = 0> <II = 1> <Delay = 3.42> <FuncUnit> <Opcode : 'mul'> <InPorts = 2> <OutPorts = 1>
ST_4 : Operation 2963 [1/1] (3.42ns)   --->   "%mul_ln56_1 = mul i64 %sext_ln56, i64 %sext_ln56" [hilbert.cpp:56->hilbert.cpp:77]   --->   Operation 2963 'mul' 'mul_ln56_1' <Predicate = true> <Delay = 3.42> <CoreInst = "Multiplier">   --->   Core 3 'Multiplier' <Latency = 0> <II = 1> <Delay = 3.42> <FuncUnit> <Opcode : 'mul'> <InPorts = 2> <OutPorts = 1>

State 5 <SV = 4> <Delay = 6.28>
ST_5 : Operation 2964 [1/1] (1.08ns)   --->   "%mag_sq = add i64 %mul_ln56_1, i64 %mul_ln56" [hilbert.cpp:56->hilbert.cpp:77]   --->   Operation 2964 'add' 'mag_sq' <Predicate = true> <Delay = 1.08> <CoreInst = "Adder">   --->   Core 1 'Adder' <Latency = 0> <II = 1> <Delay = 1.08> <FuncUnit> <Opcode : 'add' 'sub'> <InPorts = 2> <OutPorts = 1>
ST_5 : Operation 2965 [4/4] (5.19ns)   --->   "%x_assign = sitofp i64 %mag_sq" [hilbert.cpp:58->hilbert.cpp:77]   --->   Operation 2965 'sitofp' 'x_assign' <Predicate = true> <Delay = 5.19> <CoreInst = "Int2Float">   --->   Core 62 'Int2Float' <Latency = 3> <II = 1> <Delay = 5.19> <FuncUnit> <Opcode : 'uitofp' 'sitofp'> <InPorts = 1> <OutPorts = 1>

State 6 <SV = 5> <Delay = 5.19>
ST_6 : Operation 2966 [3/4] (5.19ns)   --->   "%x_assign = sitofp i64 %mag_sq" [hilbert.cpp:58->hilbert.cpp:77]   --->   Operation 2966 'sitofp' 'x_assign' <Predicate = true> <Delay = 5.19> <CoreInst = "Int2Float">   --->   Core 62 'Int2Float' <Latency = 3> <II = 1> <Delay = 5.19> <FuncUnit> <Opcode : 'uitofp' 'sitofp'> <InPorts = 1> <OutPorts = 1>

State 7 <SV = 6> <Delay = 5.19>
ST_7 : Operation 2967 [2/4] (5.19ns)   --->   "%x_assign = sitofp i64 %mag_sq" [hilbert.cpp:58->hilbert.cpp:77]   --->   Operation 2967 'sitofp' 'x_assign' <Predicate = true> <Delay = 5.19> <CoreInst = "Int2Float">   --->   Core 62 'Int2Float' <Latency = 3> <II = 1> <Delay = 5.19> <FuncUnit> <Opcode : 'uitofp' 'sitofp'> <InPorts = 1> <OutPorts = 1>

State 8 <SV = 7> <Delay = 5.19>
ST_8 : Operation 2968 [1/4] (5.19ns)   --->   "%x_assign = sitofp i64 %mag_sq" [hilbert.cpp:58->hilbert.cpp:77]   --->   Operation 2968 'sitofp' 'x_assign' <Predicate = true> <Delay = 5.19> <CoreInst = "Int2Float">   --->   Core 62 'Int2Float' <Latency = 3> <II = 1> <Delay = 5.19> <FuncUnit> <Opcode : 'uitofp' 'sitofp'> <InPorts = 1> <OutPorts = 1>

State 9 <SV = 8> <Delay = 6.57>
ST_9 : Operation 2969 [8/8] (6.57ns)   --->   "%tmp = fsqrt i32 @llvm.sqrt.f32, i32 %x_assign" [C:\scratch\2024.1\hls_product\545\2024.1\src\shared\hls\clib\hlsmath\src\c++\sqrtfloat.cpp:8->hilbert.cpp:58->hilbert.cpp:77]   --->   Operation 2969 'fsqrt' 'tmp' <Predicate = true> <Delay = 6.57> <CoreInst = "FSqrt">   --->   Core 35 'FSqrt' <Latency = 7> <II = 1> <Delay = 6.57> <FuncUnit> <Opcode : 'fsqrt'> <InPorts = 1> <OutPorts = 1>

State 10 <SV = 9> <Delay = 6.57>
ST_10 : Operation 2970 [7/8] (6.57ns)   --->   "%tmp = fsqrt i32 @llvm.sqrt.f32, i32 %x_assign" [C:\scratch\2024.1\hls_product\545\2024.1\src\shared\hls\clib\hlsmath\src\c++\sqrtfloat.cpp:8->hilbert.cpp:58->hilbert.cpp:77]   --->   Operation 2970 'fsqrt' 'tmp' <Predicate = true> <Delay = 6.57> <CoreInst = "FSqrt">   --->   Core 35 'FSqrt' <Latency = 7> <II = 1> <Delay = 6.57> <FuncUnit> <Opcode : 'fsqrt'> <InPorts = 1> <OutPorts = 1>

State 11 <SV = 10> <Delay = 6.57>
ST_11 : Operation 2971 [6/8] (6.57ns)   --->   "%tmp = fsqrt i32 @llvm.sqrt.f32, i32 %x_assign" [C:\scratch\2024.1\hls_product\545\2024.1\src\shared\hls\clib\hlsmath\src\c++\sqrtfloat.cpp:8->hilbert.cpp:58->hilbert.cpp:77]   --->   Operation 2971 'fsqrt' 'tmp' <Predicate = true> <Delay = 6.57> <CoreInst = "FSqrt">   --->   Core 35 'FSqrt' <Latency = 7> <II = 1> <Delay = 6.57> <FuncUnit> <Opcode : 'fsqrt'> <InPorts = 1> <OutPorts = 1>

State 12 <SV = 11> <Delay = 6.57>
ST_12 : Operation 2972 [5/8] (6.57ns)   --->   "%tmp = fsqrt i32 @llvm.sqrt.f32, i32 %x_assign" [C:\scratch\2024.1\hls_product\545\2024.1\src\shared\hls\clib\hlsmath\src\c++\sqrtfloat.cpp:8->hilbert.cpp:58->hilbert.cpp:77]   --->   Operation 2972 'fsqrt' 'tmp' <Predicate = true> <Delay = 6.57> <CoreInst = "FSqrt">   --->   Core 35 'FSqrt' <Latency = 7> <II = 1> <Delay = 6.57> <FuncUnit> <Opcode : 'fsqrt'> <InPorts = 1> <OutPorts = 1>

State 13 <SV = 12> <Delay = 6.57>
ST_13 : Operation 2973 [4/8] (6.57ns)   --->   "%tmp = fsqrt i32 @llvm.sqrt.f32, i32 %x_assign" [C:\scratch\2024.1\hls_product\545\2024.1\src\shared\hls\clib\hlsmath\src\c++\sqrtfloat.cpp:8->hilbert.cpp:58->hilbert.cpp:77]   --->   Operation 2973 'fsqrt' 'tmp' <Predicate = true> <Delay = 6.57> <CoreInst = "FSqrt">   --->   Core 35 'FSqrt' <Latency = 7> <II = 1> <Delay = 6.57> <FuncUnit> <Opcode : 'fsqrt'> <InPorts = 1> <OutPorts = 1>

State 14 <SV = 13> <Delay = 6.57>
ST_14 : Operation 2974 [3/8] (6.57ns)   --->   "%tmp = fsqrt i32 @llvm.sqrt.f32, i32 %x_assign" [C:\scratch\2024.1\hls_product\545\2024.1\src\shared\hls\clib\hlsmath\src\c++\sqrtfloat.cpp:8->hilbert.cpp:58->hilbert.cpp:77]   --->   Operation 2974 'fsqrt' 'tmp' <Predicate = true> <Delay = 6.57> <CoreInst = "FSqrt">   --->   Core 35 'FSqrt' <Latency = 7> <II = 1> <Delay = 6.57> <FuncUnit> <Opcode : 'fsqrt'> <InPorts = 1> <OutPorts = 1>

State 15 <SV = 14> <Delay = 6.57>
ST_15 : Operation 2975 [2/8] (6.57ns)   --->   "%tmp = fsqrt i32 @llvm.sqrt.f32, i32 %x_assign" [C:\scratch\2024.1\hls_product\545\2024.1\src\shared\hls\clib\hlsmath\src\c++\sqrtfloat.cpp:8->hilbert.cpp:58->hilbert.cpp:77]   --->   Operation 2975 'fsqrt' 'tmp' <Predicate = true> <Delay = 6.57> <CoreInst = "FSqrt">   --->   Core 35 'FSqrt' <Latency = 7> <II = 1> <Delay = 6.57> <FuncUnit> <Opcode : 'fsqrt'> <InPorts = 1> <OutPorts = 1>

State 16 <SV = 15> <Delay = 6.57>
ST_16 : Operation 2976 [1/8] (6.57ns)   --->   "%tmp = fsqrt i32 @llvm.sqrt.f32, i32 %x_assign" [C:\scratch\2024.1\hls_product\545\2024.1\src\shared\hls\clib\hlsmath\src\c++\sqrtfloat.cpp:8->hilbert.cpp:58->hilbert.cpp:77]   --->   Operation 2976 'fsqrt' 'tmp' <Predicate = true> <Delay = 6.57> <CoreInst = "FSqrt">   --->   Core 35 'FSqrt' <Latency = 7> <II = 1> <Delay = 6.57> <FuncUnit> <Opcode : 'fsqrt'> <InPorts = 1> <OutPorts = 1>

State 17 <SV = 16> <Delay = 4.96>
ST_17 : Operation 2977 [1/1] (4.46ns)   --->   "%env_sample = call i32 @__hls_fptosi_float_i32, i32 %tmp" [hilbert.cpp:58->hilbert.cpp:77]   --->   Operation 2977 'call' 'env_sample' <Predicate = true> <Delay = 4.46> <CoreType = "Generic">   --->   Core 0 '' <Latency = 0> <II = 1> <Delay = 1.00> <Generic> <Opcode : >
ST_17 : Operation 2978 [1/1] (0.49ns)   --->   "%write_ln80 = write void @_ssdm_op_Write.axis.volatile.i32P0A.i4P0A.i4P0A.i2P0A.i1P0A.i5P0A.i6P0A, i32 %out_stream_V_data_V, i4 %out_stream_V_keep_V, i4 %out_stream_V_strb_V, i2 %out_stream_V_user_V, i1 %out_stream_V_last_V, i5 %out_stream_V_id_V, i6 %out_stream_V_dest_V, i32 %env_sample, i4 %tmp_keep, i4 %tmp_strb, i2 %tmp_user, i1 %tmp_last, i5 %tmp_id, i6 %tmp_dest" [hilbert.cpp:80]   --->   Operation 2978 'write' 'write_ln80' <Predicate = true> <Delay = 0.49> <CoreInst = "regslice">   --->   Core 148 'regslice' <Latency = 0> <II = 1> <Delay = 0.65> <Adapter> <Opcode : 'read' 'write'>
ST_17 : Operation 2979 [1/1] (0.42ns)   --->   "%ret_ln0 = ret"   --->   Operation 2979 'ret' 'ret_ln0' <Predicate = (tmp_last)> <Delay = 0.42>


============================================================
+ Verbose Summary: Timing violations
============================================================
Target clock period: 10.000ns, clock uncertainty: 2.700ns.

 <State 1>: 0.427ns
The critical path consists of the following:
	'alloca' operation 32 bit ('empty_314') [612]  (0.000 ns)
	'store' operation 0 bit ('store_ln0') of variable 'x_load_298_cast' on local variable 'empty_314' [1215]  (0.427 ns)

 <State 2>: 6.737ns
The critical path consists of the following:
	'load' operation 32 bit ('p_load1493') on local variable 'empty_45' [1544]  (0.000 ns)
	'sub' operation 33 bit ('sub_ln50_60', hilbert.cpp:50->hilbert.cpp:77) [2036]  (1.016 ns)
	'sub' operation 42 bit ('sub_ln50_183', hilbert.cpp:50->hilbert.cpp:77) [2799]  (1.041 ns)
	'sub' operation 42 bit ('sub_ln50_184', hilbert.cpp:50->hilbert.cpp:77) [2802]  (0.000 ns)
	'sub' operation 42 bit ('sub_ln50_185', hilbert.cpp:50->hilbert.cpp:77) [2805]  (0.757 ns)
	'add' operation 42 bit ('add_ln50_11', hilbert.cpp:50->hilbert.cpp:77) [2833]  (0.757 ns)
	'add' operation 43 bit ('add_ln50_14', hilbert.cpp:50->hilbert.cpp:77) [2838]  (1.048 ns)
	'add' operation 44 bit ('add_ln50_15', hilbert.cpp:50->hilbert.cpp:77) [2840]  (1.055 ns)
	'add' operation 45 bit ('add_ln50_16', hilbert.cpp:50->hilbert.cpp:77) [2842]  (1.062 ns)

 <State 3>: 4.390ns
The critical path consists of the following:
	'add' operation 46 bit ('add_ln50_71', hilbert.cpp:50->hilbert.cpp:77) [2941]  (1.069 ns)
	'add' operation 49 bit ('add_ln50_72', hilbert.cpp:50->hilbert.cpp:77) [2943]  (0.000 ns)
	'add' operation 49 bit ('Q_acc', hilbert.cpp:50->hilbert.cpp:77) [2944]  (0.773 ns)
	'sub' operation 47 bit ('sub_ln53', hilbert.cpp:53->hilbert.cpp:77) [2948]  (1.083 ns)
	'sub' operation 32 bit ('sub_ln53_1', hilbert.cpp:53->hilbert.cpp:77) [2950]  (1.016 ns)
	'select' operation 32 bit ('Q_path', hilbert.cpp:53->hilbert.cpp:77) [2952]  (0.449 ns)

 <State 4>: 3.420ns
The critical path consists of the following:
	'mul' operation 64 bit ('mul_ln56', hilbert.cpp:56->hilbert.cpp:77) [2955]  (3.420 ns)

 <State 5>: 6.282ns
The critical path consists of the following:
	'add' operation 64 bit ('mag_sq', hilbert.cpp:56->hilbert.cpp:77) [2957]  (1.085 ns)
	'sitofp' operation 32 bit ('x', hilbert.cpp:58->hilbert.cpp:77) [2958]  (5.197 ns)

 <State 6>: 5.197ns
The critical path consists of the following:
	'sitofp' operation 32 bit ('x', hilbert.cpp:58->hilbert.cpp:77) [2958]  (5.197 ns)

 <State 7>: 5.197ns
The critical path consists of the following:
	'sitofp' operation 32 bit ('x', hilbert.cpp:58->hilbert.cpp:77) [2958]  (5.197 ns)

 <State 8>: 5.197ns
The critical path consists of the following:
	'sitofp' operation 32 bit ('x', hilbert.cpp:58->hilbert.cpp:77) [2958]  (5.197 ns)

 <State 9>: 6.577ns
The critical path consists of the following:
	'fsqrt' operation 32 bit ('tmp', C:\scratch\2024.1\hls_product\545\2024.1\src\shared\hls\clib\hlsmath\src\c++\sqrtfloat.cpp:8->hilbert.cpp:58->hilbert.cpp:77) [2959]  (6.577 ns)

 <State 10>: 6.577ns
The critical path consists of the following:
	'fsqrt' operation 32 bit ('tmp', C:\scratch\2024.1\hls_product\545\2024.1\src\shared\hls\clib\hlsmath\src\c++\sqrtfloat.cpp:8->hilbert.cpp:58->hilbert.cpp:77) [2959]  (6.577 ns)

 <State 11>: 6.577ns
The critical path consists of the following:
	'fsqrt' operation 32 bit ('tmp', C:\scratch\2024.1\hls_product\545\2024.1\src\shared\hls\clib\hlsmath\src\c++\sqrtfloat.cpp:8->hilbert.cpp:58->hilbert.cpp:77) [2959]  (6.577 ns)

 <State 12>: 6.577ns
The critical path consists of the following:
	'fsqrt' operation 32 bit ('tmp', C:\scratch\2024.1\hls_product\545\2024.1\src\shared\hls\clib\hlsmath\src\c++\sqrtfloat.cpp:8->hilbert.cpp:58->hilbert.cpp:77) [2959]  (6.577 ns)

 <State 13>: 6.577ns
The critical path consists of the following:
	'fsqrt' operation 32 bit ('tmp', C:\scratch\2024.1\hls_product\545\2024.1\src\shared\hls\clib\hlsmath\src\c++\sqrtfloat.cpp:8->hilbert.cpp:58->hilbert.cpp:77) [2959]  (6.577 ns)

 <State 14>: 6.577ns
The critical path consists of the following:
	'fsqrt' operation 32 bit ('tmp', C:\scratch\2024.1\hls_product\545\2024.1\src\shared\hls\clib\hlsmath\src\c++\sqrtfloat.cpp:8->hilbert.cpp:58->hilbert.cpp:77) [2959]  (6.577 ns)

 <State 15>: 6.577ns
The critical path consists of the following:
	'fsqrt' operation 32 bit ('tmp', C:\scratch\2024.1\hls_product\545\2024.1\src\shared\hls\clib\hlsmath\src\c++\sqrtfloat.cpp:8->hilbert.cpp:58->hilbert.cpp:77) [2959]  (6.577 ns)

 <State 16>: 6.577ns
The critical path consists of the following:
	'fsqrt' operation 32 bit ('tmp', C:\scratch\2024.1\hls_product\545\2024.1\src\shared\hls\clib\hlsmath\src\c++\sqrtfloat.cpp:8->hilbert.cpp:58->hilbert.cpp:77) [2959]  (6.577 ns)

 <State 17>: 4.962ns
The critical path consists of the following:
	'call' operation 32 bit ('env_sample', hilbert.cpp:58->hilbert.cpp:77) to '__hls_fptosi_float_i32' [2960]  (4.465 ns)
	axis write operation ('write_ln80', hilbert.cpp:80) on port 'out_stream_V_data_V' (hilbert.cpp:80) [2961]  (0.497 ns)


============================================================
+ Verbose Summary: Binding
============================================================
N/A
* FSMD analyzer results:
  - Output states:
 - Input state : 
  - Chain level:
	State 1
	State 2
	State 3
	State 4
	State 5
	State 6
	State 7
	State 8
	State 9
	State 10
	State 11
	State 12
	State 13
	State 14
	State 15
	State 16
	State 17


============================================================
+ Verbose Summary: Datapath Resource usage 
============================================================
N/A
