INFO-FLOW: Workspace C:/Motor-Simulator-main/Coefficients/FirFilter/calculateCoefficients/hls opened at Mon Apr 13 17:35:59 -0400 2026
Execute     send_msg_by_id INFO @200-1505@%s%s default  vivado 
INFO: [HLS 200-1505] Using default flow_target 'vivado'
Execute   apply_ini C:/Motor-Simulator-main/Coefficients/FirFilter/hls_config.cfg 
Execute     send_msg_by_id INFO @200-1465@%s 'syn.file=Coefficients.cpp' from C:/Motor-Simulator-main/Coefficients/FirFilter/hls_config.cfg(8) 
INFO: [HLS 200-1465] Applying ini 'syn.file=Coefficients.cpp' from C:/Motor-Simulator-main/Coefficients/FirFilter/hls_config.cfg(8)
Execute     add_files C:/Motor-Simulator-main/Coefficients/FirFilter/Coefficients.cpp 
INFO: [HLS 200-10] Adding design file 'C:/Motor-Simulator-main/Coefficients/FirFilter/Coefficients.cpp' to the project
Execute     send_msg_by_id INFO @200-1465@%s 'syn.file=Coefficients.h' from C:/Motor-Simulator-main/Coefficients/FirFilter/hls_config.cfg(9) 
INFO: [HLS 200-1465] Applying ini 'syn.file=Coefficients.h' from C:/Motor-Simulator-main/Coefficients/FirFilter/hls_config.cfg(9)
Execute     add_files C:/Motor-Simulator-main/Coefficients/FirFilter/Coefficients.h 
INFO: [HLS 200-10] Adding design file 'C:/Motor-Simulator-main/Coefficients/FirFilter/Coefficients.h' to the project
Execute     send_msg_by_id INFO @200-1465@%s 'tb.file=tb_coefficients.cpp' from C:/Motor-Simulator-main/Coefficients/FirFilter/hls_config.cfg(10) 
INFO: [HLS 200-1465] Applying ini 'tb.file=tb_coefficients.cpp' from C:/Motor-Simulator-main/Coefficients/FirFilter/hls_config.cfg(10)
Execute     add_files -tb C:/Motor-Simulator-main/Coefficients/FirFilter/tb_coefficients.cpp 
INFO: [HLS 200-10] Adding test bench file 'C:/Motor-Simulator-main/Coefficients/FirFilter/tb_coefficients.cpp' to the project
Execute     send_msg_by_id INFO @200-1465@%s 'syn.top=firTop' from C:/Motor-Simulator-main/Coefficients/FirFilter/hls_config.cfg(7) 
INFO: [HLS 200-1465] Applying ini 'syn.top=firTop' from C:/Motor-Simulator-main/Coefficients/FirFilter/hls_config.cfg(7)
Execute     set_top firTop 
Execute     send_msg_by_id INFO @200-1465@%s 'flow_target=vivado' from C:/Motor-Simulator-main/Coefficients/FirFilter/hls_config.cfg(4) 
INFO: [HLS 200-1465] Applying ini 'flow_target=vivado' from C:/Motor-Simulator-main/Coefficients/FirFilter/hls_config.cfg(4)
Execute     send_msg_by_id INFO @200-1505@%s%s  vivado 
INFO: [HLS 200-1505] Using flow_target 'vivado'
Execute     send_msg_by_id INFO @200-1465@%s 'part=xczu3eg-sfvc784-2-e' from C:/Motor-Simulator-main/Coefficients/FirFilter/hls_config.cfg(1) 
INFO: [HLS 200-1465] Applying ini 'part=xczu3eg-sfvc784-2-e' from C:/Motor-Simulator-main/Coefficients/FirFilter/hls_config.cfg(1)
Execute     set_part xczu3eg-sfvc784-2-e 
Execute       create_platform xczu3eg-sfvc784-2-e -board  
DBG:HLSDevice: Trying to load device library: C:/Xilinx\Vitis_HLS\2024.1\lib\win64.o\xv_hlsvwrap.dll
DBG:HLSDevice: first parts/arch.xml in RDI_DATADIR: C:/Xilinx/Vivado/2024.1/data/parts/arch.xml
DBG:HLSDevice: init success
INFO: [HLS 200-1611] Setting target device to 'xczu3eg-sfvc784-2-e'
Command       create_platform done; 1.909 sec.
Execute       source C:/Xilinx/Vitis_HLS/2024.1/common/technology/xilinx/common/xilinx.gen 
Execute         source C:/Xilinx/Vitis_HLS/2024.1/common/technology/xilinx/interface/plb46.gen 
Execute         source C:/Xilinx/Vitis_HLS/2024.1/common/technology/xilinx/interface/axi4.gen 
Execute         source C:/Xilinx/Vitis_HLS/2024.1/common/technology/xilinx/interface/nativeAXI4.gen 
Execute           source C:/Xilinx/Vitis_HLS/2024.1/common/technology/xilinx/interface/saxilite.gen 
Execute         source C:/Xilinx/Vitis_HLS/2024.1/common/technology/xilinx/scripts/xilinxcoregen.gen 
Execute         source C:/Xilinx/Vitis_HLS/2024.1/common/technology/xilinx/interface/XilEDKCoreGen.gen 
Execute         source C:/Xilinx/Vitis_HLS/2024.1/common/technology/xilinx/ip/dds_compiler.gen 
Execute         source C:/Xilinx/Vitis_HLS/2024.1/common/technology/xilinx/ip/util.gen 
Execute         source C:/Xilinx/Vitis_HLS/2024.1/common/technology/xilinx/ip/xfft.gen 
Execute         source C:/Xilinx/Vitis_HLS/2024.1/common/technology/xilinx/ip/xfir.gen 
Execute         source C:/Xilinx/Vitis_HLS/2024.1/common/technology/xilinx/DSP48/dsp48.gen 
Execute       ap_part_info -name xczu3eg-sfvc784-2-e -data info 
Execute       config_compile -quiet -complex-mul-dsp=0 
Command     set_part done; 2.024 sec.
Execute     send_msg_by_id INFO @200-1465@%s 'package.output.format=ip_catalog' from C:/Motor-Simulator-main/Coefficients/FirFilter/hls_config.cfg(5) 
INFO: [HLS 200-1465] Applying ini 'package.output.format=ip_catalog' from C:/Motor-Simulator-main/Coefficients/FirFilter/hls_config.cfg(5)
Execute     config_export -format=ip_catalog 
Command   apply_ini done; 2.048 sec.
Execute   apply_ini C:/Motor-Simulator-main/Coefficients/FirFilter/calculateCoefficients/hls/config.cmdline 
Execute   csynth_design 
Execute     AP::app_get_file_relativeroot [AP::app_get_root] {}
Execute     AP::app_get_file_relativeroot [AP::app_get_root] {}
Execute     AP::app_get_file_relativeroot [AP::app_get_root] {}
INFO-FLOW: Running SLX 'csynth' proc: ::SLX::run_csynth
Execute     elaborate -effort=medium -skip_syncheck=0 -keep_printf=0 -skip_cdt=0 -skip_transform=0 -ng=0 -g=0 -opt_fp=0 -from_csynth_design=1 
INFO: [HLS 200-111] Finished File checks and directory preparation: CPU user time: 2 seconds. CPU system time: 1 seconds. Elapsed time: 3.32 seconds; current allocated memory: 245.855 MB.
Execute       set_directive_top firTop -name=firTop 
Execute       source C:/Xilinx/Vitis_HLS/2024.1/tps/tcl/tcllib1.11.1/yaml/huddle.tcl 
Execute       source C:/Xilinx/Vitis_HLS/2024.1/tps/tcl/tcllib1.11.1/yaml/json2huddle.tcl 
INFO: [HLS 200-10] Analyzing design file 'Coefficients.cpp' ... 
INFO-FLOW: Compiling one TU...
INFO-FLOW: Handling Coefficients.cpp as C++
Execute       ap_part_info -name xczu3eg-sfvc784-2-e -data info 
INFO-FLOW: Running: GCC PP 39
INFO-FLOW: Source preprocessing
INFO-FLOW: run_clang exec: C:/Xilinx/Vitis_HLS/2024.1/win64/tools/clang-3.9-csynth/bin/clang Coefficients.cpp -foptimization-record-file=C:/Motor-Simulator-main/Coefficients/FirFilter/calculateCoefficients/hls/.autopilot/db/Coefficients.cpp.clang.diag.yml -mllvm -pass-remarks-missed=reflow|pasta|unroll -mllvm -pass-remarks=reflow|pasta|unroll|inline -fno-limit-debug-info --sysroot C:/Xilinx/Vitis_HLS/2024.1/tps/mingw/8.3.0/win64.o/nt -fhls -fno-exceptions -insert-hls-directive=C:/Motor-Simulator-main/Coefficients/FirFilter/calculateCoefficients/hls/.autopilot/db/all.directive.json -E -fno-math-errno -c -emit-llvm -mllvm -disable-llvm-optzns -Werror=implicit-function-declaration -Werror=implicit-hls-streams -Werror=return-type -Wpragmas -Wunused-parameter -Wdump-hls-pragmas -Wno-error=dump-hls-pragmas -hls-clock-period=10 -fno-threadsafe-statics -fno-use-cxa-atexit -std=gnu++14 -target fpga64-xilinx-mingw32 -fno-threadsafe-statics -fno-use-cxa-atexit -D__VITIS_HLS__ -DAESL_SYN -D__SYNTHESIS__ -D__HLS_SYN__ -I C:/Xilinx/Vitis_HLS/2024.1/common/technology/autopilot -I C:/Xilinx/Vitis_HLS/2024.1/common/technology/autopilot/ap_sysc -include etc/autopilot_ssdm_op.h -D__DSP48E2__ -I /usr/include/x86_64-linux-gnu -o C:/Motor-Simulator-main/Coefficients/FirFilter/calculateCoefficients/hls/.autopilot/db/Coefficients.pp.0.cpp {-hls-platform-db-name=C:/Xilinx\Vitis_HLS\2024.1\common/technology\xilinx/common/platform.db} -hls-platform-name=zynquplus_medium -device-resource-info=BRAM_432.000000_DSP_360.000000_FF_141120.000000_LUT_70560.000000_SLICE_8820.000000_URAM_0.000000 -device-name-info=xczu3eg-sfvc784-2-e > C:/Motor-Simulator-main/Coefficients/FirFilter/calculateCoefficients/hls/.autopilot/db/Coefficients.cpp.clang.out.log 2> C:/Motor-Simulator-main/Coefficients/FirFilter/calculateCoefficients/hls/.autopilot/db/Coefficients.cpp.clang.err.log
INFO-FLOW: Done: GCC PP 39 time: 0.4 seconds per iteration
INFO-FLOW: Source syntax check for synthesis
INFO-FLOW: run_clang exec: C:/Xilinx/Vitis_HLS/2024.1/win64/tools/clang-3.9-csynth/bin/clang -foptimization-record-file=C:/Motor-Simulator-main/Coefficients/FirFilter/calculateCoefficients/hls/.autopilot/db/clang.diag.yml -mllvm -pass-remarks-missed=reflow|pasta|unroll -mllvm -pass-remarks=reflow|pasta|unroll|inline -fsyntax-only -fhls -target fpga64-xilinx-linux-gnu C:/Motor-Simulator-main/Coefficients/FirFilter/calculateCoefficients/hls/.autopilot/db/Coefficients.pp.0.cpp {-hls-platform-db-name=C:/Xilinx\Vitis_HLS\2024.1\common/technology\xilinx/common/platform.db} -hls-platform-name=zynquplus_medium -device-resource-info=BRAM_432.000000_DSP_360.000000_FF_141120.000000_LUT_70560.000000_SLICE_8820.000000_URAM_0.000000 -device-name-info=xczu3eg-sfvc784-2-e > C:/Motor-Simulator-main/Coefficients/FirFilter/calculateCoefficients/hls/.autopilot/db/clang.out.log 2> C:/Motor-Simulator-main/Coefficients/FirFilter/calculateCoefficients/hls/.autopilot/db/clang.err.log
Execute       clang_tidy xilinx-systemc-detector -desc systemc-detector C:/Motor-Simulator-main/Coefficients/FirFilter/calculateCoefficients/hls/.autopilot/db/Coefficients.pp.0.cpp std=gnu++14 -target fpga  -directive=C:/Motor-Simulator-main/Coefficients/FirFilter/calculateCoefficients/hls/.autopilot/db/.systemc_flag 
INFO-FLOW: exec C:/Xilinx/Vitis_HLS/2024.1/win64/tools/clang-3.9-csynth/bin/clang-tidy -header-filter=.* --checks=-*,xilinx-systemc-detector -import-directive=C:/Motor-Simulator-main/Coefficients/FirFilter/calculateCoefficients/hls/.autopilot/db/.systemc_flag -fix-errors C:/Motor-Simulator-main/Coefficients/FirFilter/calculateCoefficients/hls/.autopilot/db/Coefficients.pp.0.cpp -- -std=gnu++14 -target fpga -fhls -ferror-limit=0
Command       clang_tidy done; 2.981 sec.
INFO-FLOW: Running: clang-tidy CDT preprocess 39
Execute       clang_tidy xilinx-directive2pragma -desc directive2pragma C:/Motor-Simulator-main/Coefficients/FirFilter/calculateCoefficients/hls/.autopilot/db/Coefficients.pp.0.cpp std=gnu++14 -target fpga  -directive=C:/Motor-Simulator-main/Coefficients/FirFilter/calculateCoefficients/hls/.autopilot/db/all.directive.json 
INFO-FLOW: exec C:/Xilinx/Vitis_HLS/2024.1/win64/tools/clang-3.9-csynth/bin/clang-tidy -header-filter=.* --checks=-*,xilinx-directive2pragma -import-directive=C:/Motor-Simulator-main/Coefficients/FirFilter/calculateCoefficients/hls/.autopilot/db/all.directive.json -fix-errors C:/Motor-Simulator-main/Coefficients/FirFilter/calculateCoefficients/hls/.autopilot/db/Coefficients.pp.0.cpp -- -std=gnu++14 -target fpga -fhls -ferror-limit=0
Command       clang_tidy done; 3.477 sec.
INFO-FLOW: Done: clang-tidy CDT preprocess 39 time: 3.5 seconds per iteration
INFO-FLOW: Calling xilinx-label-all-loops ... 
INFO-FLOW: Calling xilinx-aggregate-on-hls-vector ... 
Execute       clang_tidy -errorcheck -desc loop-label xilinx-label-all-loops,xilinx-aggregate-on-hls-vector,,xilinx-warn-mayneed-no-ctor-attribute C:/Motor-Simulator-main/Coefficients/FirFilter/calculateCoefficients/hls/.autopilot/db/Coefficients.pp.0.cpp std=gnu++14 -target fpga  
INFO-FLOW: run_clang exec: C:/Xilinx/Vitis_HLS/2024.1/win64/tools/clang-3.9-csynth/bin/clang-tidy -export-fixes=C:/Motor-Simulator-main/Coefficients/FirFilter/calculateCoefficients/hls/.autopilot/db/Coefficients.pp.0.cpp.clang-tidy.loop-label.diag.yml -header-filter=.* --checks=-*,xilinx-label-all-loops,xilinx-aggregate-on-hls-vector,,xilinx-warn-mayneed-no-ctor-attribute -fix-errors C:/Motor-Simulator-main/Coefficients/FirFilter/calculateCoefficients/hls/.autopilot/db/Coefficients.pp.0.cpp -- -std=gnu++14 -target fpga -fhls -ferror-limit=0 > C:/Motor-Simulator-main/Coefficients/FirFilter/calculateCoefficients/hls/.autopilot/db/Coefficients.pp.0.cpp.clang-tidy.loop-label.out.log 2> C:/Motor-Simulator-main/Coefficients/FirFilter/calculateCoefficients/hls/.autopilot/db/Coefficients.pp.0.cpp.clang-tidy.loop-label.err.log
Execute         source C:/Xilinx/Vitis_HLS/2024.1/tps/tcl/tcllib1.11.1/yaml/yaml.tcl 
Command       clang_tidy done; 6.248 sec.
INFO-FLOW: run_clang exec: C:/Xilinx/Vitis_HLS/2024.1/win64/tools/clang-3.9-csynth/bin/xilinx-dataflow-lawyer -export-fixes=C:/Motor-Simulator-main/Coefficients/FirFilter/calculateCoefficients/hls/.autopilot/db/Coefficients.pp.0.cpp.xilinx-dataflow-lawyer.diag.yml C:/Motor-Simulator-main/Coefficients/FirFilter/calculateCoefficients/hls/.autopilot/db/Coefficients.pp.0.cpp -- -std=gnu++14 -target fpga -fhls -ferror-limit=0 -fstrict-dataflow > C:/Motor-Simulator-main/Coefficients/FirFilter/calculateCoefficients/hls/.autopilot/db/Coefficients.pp.0.cpp.xilinx-dataflow-lawyer.out.log 2> C:/Motor-Simulator-main/Coefficients/FirFilter/calculateCoefficients/hls/.autopilot/db/Coefficients.pp.0.cpp.xilinx-dataflow-lawyer.err.log
Execute       ap_part_info -name xczu3eg-sfvc784-2-e -data info 
INFO-FLOW: compiling source code to llvm bc
INFO-FLOW: run_clang exec: C:/Xilinx/Vitis_HLS/2024.1/win64/tools/clang-3.9-csynth/bin/clang -foptimization-record-file=C:/Motor-Simulator-main/Coefficients/FirFilter/calculateCoefficients/hls/.autopilot/db/Coefficients.pp.0.cpp.clang.diag.yml -mllvm -pass-remarks-missed=reflow|pasta|unroll -mllvm -pass-remarks=reflow|pasta|unroll|inline -fno-limit-debug-info -fhls -flto -fno-exceptions -Wno-error=c++11-narrowing -hls-emit-hint-scope C:/Motor-Simulator-main/Coefficients/FirFilter/calculateCoefficients/hls/.autopilot/db/Coefficients.pp.0.cpp -fno-math-errno -c -emit-llvm -mllvm -disable-llvm-optzns -Werror=implicit-function-declaration -Werror=implicit-hls-streams -Werror=return-type -Wpragmas -Wunused-parameter -Wdump-hls-pragmas -Wno-error=dump-hls-pragmas -hls-clock-period=10 -fno-threadsafe-statics -fno-use-cxa-atexit -std=gnu++14 -target fpga64-xilinx-linux-gnu -D__VITIS_HLS__ -DAESL_SYN -D__SYNTHESIS__ -D__HLS_SYN__ -I C:/Xilinx/Vitis_HLS/2024.1/common/technology/autopilot -I C:/Xilinx/Vitis_HLS/2024.1/common/technology/autopilot/ap_sysc -include etc/autopilot_ssdm_op.h -D__DSP48E2__ -g -o C:/Motor-Simulator-main/Coefficients/FirFilter/calculateCoefficients/hls/.autopilot/db/Coefficients.bc {-hls-platform-db-name=C:/Xilinx\Vitis_HLS\2024.1\common/technology\xilinx/common/platform.db} -hls-platform-name=zynquplus_medium -device-resource-info=BRAM_432.000000_DSP_360.000000_FF_141120.000000_LUT_70560.000000_SLICE_8820.000000_URAM_0.000000 -device-name-info=xczu3eg-sfvc784-2-e > C:/Motor-Simulator-main/Coefficients/FirFilter/calculateCoefficients/hls/.autopilot/db/Coefficients.pp.0.cpp.clang.out.log 2> C:/Motor-Simulator-main/Coefficients/FirFilter/calculateCoefficients/hls/.autopilot/db/Coefficients.pp.0.cpp.clang.err.log
INFO: [HLS 200-111] Finished Source Code Analysis and Preprocessing: CPU user time: 1 seconds. CPU system time: 0 seconds. Elapsed time: 22.306 seconds; current allocated memory: 252.578 MB.
INFO-FLOW: Linking Debug ...
INFO-FLOW: Linking dut bc code.
Execute       run_link_or_opt -out C:/Motor-Simulator-main/Coefficients/FirFilter/calculateCoefficients/hls/.autopilot/db/a.g.ld.0.bc -args  "C:/Motor-Simulator-main/Coefficients/FirFilter/calculateCoefficients/hls/.autopilot/db/Coefficients.g.bc"  
INFO-FLOW: run_clang exec: C:/Xilinx/Vitis_HLS/2024.1/win64/tools/clang-3.9-csynth/bin/llvm-link C:/Motor-Simulator-main/Coefficients/FirFilter/calculateCoefficients/hls/.autopilot/db/Coefficients.g.bc -o C:/Motor-Simulator-main/Coefficients/FirFilter/calculateCoefficients/hls/.autopilot/db/a.g.ld.0.bc > C:/Motor-Simulator-main/Coefficients/FirFilter/calculateCoefficients/hls/.autopilot/db/a.g.ld.0.bc.llvm-link.out.log 2> C:/Motor-Simulator-main/Coefficients/FirFilter/calculateCoefficients/hls/.autopilot/db/a.g.ld.0.bc.llvm-link.err.log
INFO-FLOW: 
Execute       run_link_or_opt -opt -out C:/Motor-Simulator-main/Coefficients/FirFilter/calculateCoefficients/hls/.autopilot/db/a.g.ld.1.lower.bc -args C:/Motor-Simulator-main/Coefficients/FirFilter/calculateCoefficients/hls/.autopilot/db/a.g.ld.0.bc -reflow-lower-math-intrinsics 
INFO-FLOW: run_clang exec: C:/Xilinx/Vitis_HLS/2024.1/win64/tools/clang-3.9-csynth/bin/opt -pass-remarks-missed=reflow|pasta|unroll -pass-remarks=reflow|pasta|unroll|inline -pass-remarks-output=C:/Motor-Simulator-main/Coefficients/FirFilter/calculateCoefficients/hls/.autopilot/db/a.g.ld.1.lower.bc.opt.diag.yml C:/Motor-Simulator-main/Coefficients/FirFilter/calculateCoefficients/hls/.autopilot/db/a.g.ld.0.bc -reflow-lower-math-intrinsics -o C:/Motor-Simulator-main/Coefficients/FirFilter/calculateCoefficients/hls/.autopilot/db/a.g.ld.1.lower.bc > C:/Motor-Simulator-main/Coefficients/FirFilter/calculateCoefficients/hls/.autopilot/db/a.g.ld.1.lower.bc.opt.out.log 2> C:/Motor-Simulator-main/Coefficients/FirFilter/calculateCoefficients/hls/.autopilot/db/a.g.ld.1.lower.bc.opt.err.log
INFO-FLOW: 
INFO-FLOW: Running: gen_design_size_report post-opt
INFO-FLOW: Done: gen_design_size_report post-opt time: 0 seconds per iteration
INFO-FLOW: Linking math bc lib
Execute       run_link_or_opt -out C:/Motor-Simulator-main/Coefficients/FirFilter/calculateCoefficients/hls/.autopilot/db/a.g.ld.2.m1.bc -args C:/Motor-Simulator-main/Coefficients/FirFilter/calculateCoefficients/hls/.autopilot/db/a.g.ld.1.lower.bc -only-needed C:/Xilinx/Vitis_HLS/2024.1/win64/lib/libhlsm_39.bc C:/Xilinx/Vitis_HLS/2024.1/win64/lib/libhlsmc++_39.bc 
INFO-FLOW: run_clang exec: C:/Xilinx/Vitis_HLS/2024.1/win64/tools/clang-3.9-csynth/bin/llvm-link C:/Motor-Simulator-main/Coefficients/FirFilter/calculateCoefficients/hls/.autopilot/db/a.g.ld.1.lower.bc -only-needed C:/Xilinx/Vitis_HLS/2024.1/win64/lib/libhlsm_39.bc C:/Xilinx/Vitis_HLS/2024.1/win64/lib/libhlsmc++_39.bc -o C:/Motor-Simulator-main/Coefficients/FirFilter/calculateCoefficients/hls/.autopilot/db/a.g.ld.2.m1.bc > C:/Motor-Simulator-main/Coefficients/FirFilter/calculateCoefficients/hls/.autopilot/db/a.g.ld.2.m1.bc.llvm-link.out.log 2> C:/Motor-Simulator-main/Coefficients/FirFilter/calculateCoefficients/hls/.autopilot/db/a.g.ld.2.m1.bc.llvm-link.err.log
INFO-FLOW: 
Command       run_link_or_opt done; 1.408 sec.
Execute       run_link_or_opt -opt -out C:/Motor-Simulator-main/Coefficients/FirFilter/calculateCoefficients/hls/.autopilot/db/a.g.ld.3.fpc.bc -args C:/Motor-Simulator-main/Coefficients/FirFilter/calculateCoefficients/hls/.autopilot/db/a.g.ld.2.m1.bc -reflow-globaldce -hls-top-function-name=firTop -reflow-float-conversion 
INFO-FLOW: run_clang exec: C:/Xilinx/Vitis_HLS/2024.1/win64/tools/clang-3.9-csynth/bin/opt -pass-remarks-missed=reflow|pasta|unroll -pass-remarks=reflow|pasta|unroll|inline -pass-remarks-output=C:/Motor-Simulator-main/Coefficients/FirFilter/calculateCoefficients/hls/.autopilot/db/a.g.ld.3.fpc.bc.opt.diag.yml C:/Motor-Simulator-main/Coefficients/FirFilter/calculateCoefficients/hls/.autopilot/db/a.g.ld.2.m1.bc -reflow-globaldce -hls-top-function-name=firTop -reflow-float-conversion -o C:/Motor-Simulator-main/Coefficients/FirFilter/calculateCoefficients/hls/.autopilot/db/a.g.ld.3.fpc.bc > C:/Motor-Simulator-main/Coefficients/FirFilter/calculateCoefficients/hls/.autopilot/db/a.g.ld.3.fpc.bc.opt.out.log 2> C:/Motor-Simulator-main/Coefficients/FirFilter/calculateCoefficients/hls/.autopilot/db/a.g.ld.3.fpc.bc.opt.err.log
INFO-FLOW: 
INFO-FLOW: Running: gen_design_size_report post-opt
INFO-FLOW: Done: gen_design_size_report post-opt time: 0 seconds per iteration
Command       run_link_or_opt done; 0.686 sec.
Execute       run_link_or_opt -out C:/Motor-Simulator-main/Coefficients/FirFilter/calculateCoefficients/hls/.autopilot/db/a.g.ld.4.m2.bc -args C:/Motor-Simulator-main/Coefficients/FirFilter/calculateCoefficients/hls/.autopilot/db/a.g.ld.3.fpc.bc -only-needed C:/Xilinx/Vitis_HLS/2024.1/win64/lib/libfloatconversion_39.bc 
INFO-FLOW: run_clang exec: C:/Xilinx/Vitis_HLS/2024.1/win64/tools/clang-3.9-csynth/bin/llvm-link C:/Motor-Simulator-main/Coefficients/FirFilter/calculateCoefficients/hls/.autopilot/db/a.g.ld.3.fpc.bc -only-needed C:/Xilinx/Vitis_HLS/2024.1/win64/lib/libfloatconversion_39.bc -o C:/Motor-Simulator-main/Coefficients/FirFilter/calculateCoefficients/hls/.autopilot/db/a.g.ld.4.m2.bc > C:/Motor-Simulator-main/Coefficients/FirFilter/calculateCoefficients/hls/.autopilot/db/a.g.ld.4.m2.bc.llvm-link.out.log 2> C:/Motor-Simulator-main/Coefficients/FirFilter/calculateCoefficients/hls/.autopilot/db/a.g.ld.4.m2.bc.llvm-link.err.log
INFO-FLOW: 
Execute       run_link_or_opt -opt -out C:/Motor-Simulator-main/Coefficients/FirFilter/calculateCoefficients/hls/.autopilot/db/a.g.ld.5.gdce.bc -args C:/Motor-Simulator-main/Coefficients/FirFilter/calculateCoefficients/hls/.autopilot/db/a.g.ld.4.m2.bc -reflow-globaldce -hls-top-function-name=firTop 
INFO-FLOW: run_clang exec: C:/Xilinx/Vitis_HLS/2024.1/win64/tools/clang-3.9-csynth/bin/opt -pass-remarks-missed=reflow|pasta|unroll -pass-remarks=reflow|pasta|unroll|inline -pass-remarks-output=C:/Motor-Simulator-main/Coefficients/FirFilter/calculateCoefficients/hls/.autopilot/db/a.g.ld.5.gdce.bc.opt.diag.yml C:/Motor-Simulator-main/Coefficients/FirFilter/calculateCoefficients/hls/.autopilot/db/a.g.ld.4.m2.bc -reflow-globaldce -hls-top-function-name=firTop -o C:/Motor-Simulator-main/Coefficients/FirFilter/calculateCoefficients/hls/.autopilot/db/a.g.ld.5.gdce.bc > C:/Motor-Simulator-main/Coefficients/FirFilter/calculateCoefficients/hls/.autopilot/db/a.g.ld.5.gdce.bc.opt.out.log 2> C:/Motor-Simulator-main/Coefficients/FirFilter/calculateCoefficients/hls/.autopilot/db/a.g.ld.5.gdce.bc.opt.err.log
INFO-FLOW: 
INFO-FLOW: Running: gen_design_size_report post-opt
INFO-FLOW: Done: gen_design_size_report post-opt time: 0 seconds per iteration
Execute       send_msg_by_id INFO @200-777@%s Vivado 
INFO: [HLS 200-777] Using interface defaults for 'Vivado' flow target.
Execute       is_m_axi_addr64 
INFO-FLOW: Doing LTO.
INFO-FLOW: run_clang (background poll_ms 5000) exec: C:/Xilinx/Vitis_HLS/2024.1/win64/tools/clang-3.9-csynth/bin/clang -foptimization-record-file=C:/Motor-Simulator-main/Coefficients/FirFilter/calculateCoefficients/hls/.autopilot/db/a.g.ld.0.bc.clang.reflow.diag.yml -mllvm -pass-remarks-missed=reflow|pasta|unroll -mllvm -pass-remarks=reflow|pasta|unroll|inline -fhls -mllvm -hls-top-function-name=firTop -mllvm -hls-db-dir -mllvm C:/Motor-Simulator-main/Coefficients/FirFilter/calculateCoefficients/hls/.autopilot/db -emit-llvm -c -target fpga64-xilinx-none -mllvm -xcl-xmlinfo=C:/Motor-Simulator-main/Coefficients/FirFilter/calculateCoefficients/hls/.autopilot/db/kernel.internal.xml -mllvm -top-io-mapping-info=C:/Motor-Simulator-main/Coefficients/FirFilter/calculateCoefficients/hls/.autopilot/db/top-io-fe.xml -mllvm -hls-bitcode-version=3.1 -mllvm -reflow-enable-slave-interface-default-setting=true -mllvm -gen-kernel-xml=false -mllvm -default-maxi-offset=slave -mllvm -maxi-latency=0 -mllvm -hls-maxi-data-size-in-bits=8 -mllvm -hls-maxi-max-data-size-in-bits=1024 -mllvm -hls-max-widen-size-in-bits=0 -mllvm -xcl-kernel-max-mem-ports=0 -mllvm -maxi-read-trans=16 -mllvm -maxi-write-trans=16 -mllvm -maxi-read-burst-len=16 -mllvm -maxi-write-burst-len=16 -mllvm -reflow-enable-saxi-64bits=0 -mllvm -reflow-basic-block-instr-threshold=200000 -mllvm -reflow-auto-pipeline-threshold=64 -mllvm -reflow-enable-maxi-auto-id-channel=0 -mllvm -enable-fp-thr=0 -mllvm -reflow-bdd-simplify-threshold=1048576 -mllvm -reflow-fanout-threshold=16 -mllvm -reflow-complete-threshold=4 -mllvm -reflow-array-promotion-threshold=64 -mllvm -assume-maxi-align=1 -mllvm -reflow-enable-dataflow-strict-mode-checking=1 -ftime-report -mllvm -time-passes -mllvm -reflow-auto-array-partition-mode=default -mllvm -reflow-enable-auto-small-array-partition=true -mllvm -reflow-enable-auto-array-partition-for-flatten=true -mllvm -reflow-enable-auto-parallel-performance-driven=true -mllvm -reflow-enable-partition-for-automation=true -mllvm -reflow-aggregate-bitwidth-threshold=4096 -mllvm -reflow-reserved-saxilite-registers=0 -mllvm -enable-reflow-auto-loop-pipeline -mllvm -reflow-max-unroll-threshold=409600 -mllvm -auto-unroll-tripcount-threshold=0 -mllvm -reflow-assume-no-address-wrap=true -mllvm -reflow-enable-occurrence-inference=true -mllvm -reflow-emit-hint-scope=true -mllvm -reflow-enable-codegen-with-if=true -mllvm -hls -mllvm -disable-inlined-alloca-merging=true -mllvm -default-clock-period=10 -mllvm -use_read_first_ram_in_loop=1 -mllvm -default-clock-uncertainty=2.7 -x ir C:/Motor-Simulator-main/Coefficients/FirFilter/calculateCoefficients/hls/.autopilot/db/a.g.ld.5.gdce.bc -o C:/Motor-Simulator-main/Coefficients/FirFilter/calculateCoefficients/hls/.autopilot/db/a.g.lto.bc {-hls-platform-db-name=C:/Xilinx\Vitis_HLS\2024.1\common/technology\xilinx/common/platform.db} -hls-platform-name=zynquplus_medium -device-resource-info=BRAM_432.000000_DSP_360.000000_FF_141120.000000_LUT_70560.000000_SLICE_8820.000000_URAM_0.000000 -device-name-info=xczu3eg-sfvc784-2-e 2> C:/Motor-Simulator-main/Coefficients/FirFilter/calculateCoefficients/hls/.autopilot/db/a.g.ld.0.bc.clang.reflow.err.log bg_poll_cmd: ::AP::poll_clang_39_closed_source
Execute       send_msg_by_id INFO @200-1995@%s%s%s 30,046 Compile/Link C:/Motor-Simulator-main/Coefficients/FirFilter/calculateCoefficients/hls/syn/report/csynth_design_size.rpt 
INFO: [HLS 200-1995] There were 30,046 instructions in the design after the 'Compile/Link' phase of compilation. See the Design Size Report for more details: C:/Motor-Simulator-main/Coefficients/FirFilter/calculateCoefficients/hls/syn/report/csynth_design_size.rpt
Execute       send_msg_by_id INFO @200-1995@%s%s%s 2,521 Unroll/Inline (step 1) C:/Motor-Simulator-main/Coefficients/FirFilter/calculateCoefficients/hls/syn/report/csynth_design_size.rpt 
INFO: [HLS 200-1995] There were 2,521 instructions in the design after the 'Unroll/Inline (step 1)' phase of compilation. See the Design Size Report for more details: C:/Motor-Simulator-main/Coefficients/FirFilter/calculateCoefficients/hls/syn/report/csynth_design_size.rpt
Execute       send_msg_by_id INFO @200-1995@%s%s%s 1,520 Unroll/Inline (step 2) C:/Motor-Simulator-main/Coefficients/FirFilter/calculateCoefficients/hls/syn/report/csynth_design_size.rpt 
INFO: [HLS 200-1995] There were 1,520 instructions in the design after the 'Unroll/Inline (step 2)' phase of compilation. See the Design Size Report for more details: C:/Motor-Simulator-main/Coefficients/FirFilter/calculateCoefficients/hls/syn/report/csynth_design_size.rpt
Execute       send_msg_by_id INFO @200-1995@%s%s%s 1,431 Unroll/Inline (step 3) C:/Motor-Simulator-main/Coefficients/FirFilter/calculateCoefficients/hls/syn/report/csynth_design_size.rpt 
INFO: [HLS 200-1995] There were 1,431 instructions in the design after the 'Unroll/Inline (step 3)' phase of compilation. See the Design Size Report for more details: C:/Motor-Simulator-main/Coefficients/FirFilter/calculateCoefficients/hls/syn/report/csynth_design_size.rpt
Execute       send_msg_by_id INFO @200-1995@%s%s%s 935 Unroll/Inline (step 4) C:/Motor-Simulator-main/Coefficients/FirFilter/calculateCoefficients/hls/syn/report/csynth_design_size.rpt 
INFO: [HLS 200-1995] There were 935 instructions in the design after the 'Unroll/Inline (step 4)' phase of compilation. See the Design Size Report for more details: C:/Motor-Simulator-main/Coefficients/FirFilter/calculateCoefficients/hls/syn/report/csynth_design_size.rpt
Execute       send_msg_by_id INFO @200-1995@%s%s%s 1,061 Array/Struct (step 1) C:/Motor-Simulator-main/Coefficients/FirFilter/calculateCoefficients/hls/syn/report/csynth_design_size.rpt 
INFO: [HLS 200-1995] There were 1,061 instructions in the design after the 'Array/Struct (step 1)' phase of compilation. See the Design Size Report for more details: C:/Motor-Simulator-main/Coefficients/FirFilter/calculateCoefficients/hls/syn/report/csynth_design_size.rpt
Execute       send_msg_by_id INFO @200-1995@%s%s%s 896 Array/Struct (step 2) C:/Motor-Simulator-main/Coefficients/FirFilter/calculateCoefficients/hls/syn/report/csynth_design_size.rpt 
INFO: [HLS 200-1995] There were 896 instructions in the design after the 'Array/Struct (step 2)' phase of compilation. See the Design Size Report for more details: C:/Motor-Simulator-main/Coefficients/FirFilter/calculateCoefficients/hls/syn/report/csynth_design_size.rpt
Execute       send_msg_by_id INFO @200-1995@%s%s%s 896 Array/Struct (step 3) C:/Motor-Simulator-main/Coefficients/FirFilter/calculateCoefficients/hls/syn/report/csynth_design_size.rpt 
INFO: [HLS 200-1995] There were 896 instructions in the design after the 'Array/Struct (step 3)' phase of compilation. See the Design Size Report for more details: C:/Motor-Simulator-main/Coefficients/FirFilter/calculateCoefficients/hls/syn/report/csynth_design_size.rpt
Execute       send_msg_by_id INFO @200-1995@%s%s%s 896 Array/Struct (step 4) C:/Motor-Simulator-main/Coefficients/FirFilter/calculateCoefficients/hls/syn/report/csynth_design_size.rpt 
INFO: [HLS 200-1995] There were 896 instructions in the design after the 'Array/Struct (step 4)' phase of compilation. See the Design Size Report for more details: C:/Motor-Simulator-main/Coefficients/FirFilter/calculateCoefficients/hls/syn/report/csynth_design_size.rpt
Execute       send_msg_by_id INFO @200-1995@%s%s%s 1,014 Array/Struct (step 5) C:/Motor-Simulator-main/Coefficients/FirFilter/calculateCoefficients/hls/syn/report/csynth_design_size.rpt 
INFO: [HLS 200-1995] There were 1,014 instructions in the design after the 'Array/Struct (step 5)' phase of compilation. See the Design Size Report for more details: C:/Motor-Simulator-main/Coefficients/FirFilter/calculateCoefficients/hls/syn/report/csynth_design_size.rpt
Execute       send_msg_by_id INFO @200-1995@%s%s%s 1,028 Performance (step 1) C:/Motor-Simulator-main/Coefficients/FirFilter/calculateCoefficients/hls/syn/report/csynth_design_size.rpt 
INFO: [HLS 200-1995] There were 1,028 instructions in the design after the 'Performance (step 1)' phase of compilation. See the Design Size Report for more details: C:/Motor-Simulator-main/Coefficients/FirFilter/calculateCoefficients/hls/syn/report/csynth_design_size.rpt
Execute       send_msg_by_id INFO @200-1995@%s%s%s 1,012 Performance (step 2) C:/Motor-Simulator-main/Coefficients/FirFilter/calculateCoefficients/hls/syn/report/csynth_design_size.rpt 
INFO: [HLS 200-1995] There were 1,012 instructions in the design after the 'Performance (step 2)' phase of compilation. See the Design Size Report for more details: C:/Motor-Simulator-main/Coefficients/FirFilter/calculateCoefficients/hls/syn/report/csynth_design_size.rpt
Execute       send_msg_by_id INFO @200-1995@%s%s%s 919 Performance (step 3) C:/Motor-Simulator-main/Coefficients/FirFilter/calculateCoefficients/hls/syn/report/csynth_design_size.rpt 
INFO: [HLS 200-1995] There were 919 instructions in the design after the 'Performance (step 3)' phase of compilation. See the Design Size Report for more details: C:/Motor-Simulator-main/Coefficients/FirFilter/calculateCoefficients/hls/syn/report/csynth_design_size.rpt
Execute       send_msg_by_id INFO @200-1995@%s%s%s 914 Performance (step 4) C:/Motor-Simulator-main/Coefficients/FirFilter/calculateCoefficients/hls/syn/report/csynth_design_size.rpt 
INFO: [HLS 200-1995] There were 914 instructions in the design after the 'Performance (step 4)' phase of compilation. See the Design Size Report for more details: C:/Motor-Simulator-main/Coefficients/FirFilter/calculateCoefficients/hls/syn/report/csynth_design_size.rpt
Execute       send_msg_by_id INFO @200-1995@%s%s%s 866 HW Transforms (step 1) C:/Motor-Simulator-main/Coefficients/FirFilter/calculateCoefficients/hls/syn/report/csynth_design_size.rpt 
INFO: [HLS 200-1995] There were 866 instructions in the design after the 'HW Transforms (step 1)' phase of compilation. See the Design Size Report for more details: C:/Motor-Simulator-main/Coefficients/FirFilter/calculateCoefficients/hls/syn/report/csynth_design_size.rpt
Execute       send_msg_by_id INFO @200-1995@%s%s%s 858 HW Transforms (step 2) C:/Motor-Simulator-main/Coefficients/FirFilter/calculateCoefficients/hls/syn/report/csynth_design_size.rpt 
INFO: [HLS 200-1995] There were 858 instructions in the design after the 'HW Transforms (step 2)' phase of compilation. See the Design Size Report for more details: C:/Motor-Simulator-main/Coefficients/FirFilter/calculateCoefficients/hls/syn/report/csynth_design_size.rpt
Command       send_msg_by_id done; 0.234 sec.
WARNING: [HLS 214-386] A depth specification is required for MAXI interface port 'bram' for cosimulation. (Coefficients.cpp:4:0)
INFO: [HLS 214-291] Loop 'Shift_Accum_Loop' is marked as complete unroll implied by the pipeline pragma (Coefficients.cpp:56:3)
INFO: [HLS 214-291] Loop 'anonymous' is marked as complete unroll implied by the pipeline pragma (C:\scratch\2024.1\hls_product\545\2024.1\src\shared\hls\clib/src/hls\utils/x_hls_float_utils.h:289:5)
INFO: [HLS 214-291] Loop 'anonymous' is marked as complete unroll implied by the pipeline pragma (C:\scratch\2024.1\hls_product\545\2024.1\src\shared\hls\clib/src/hls\utils/x_hls_float_utils.h:282:5)
INFO: [HLS 214-291] Loop 'anonymous' is marked as complete unroll implied by the pipeline pragma (C:\scratch\2024.1\hls_product\545\2024.1\src\shared\hls\clib/src/hls\utils/x_hls_float_utils.h:269:5)
INFO: [HLS 214-291] Loop 'anonymous' is marked as complete unroll implied by the pipeline pragma (C:\scratch\2024.1\hls_product\545\2024.1\src\shared\hls\clib/src/hls\utils/x_hls_float_utils.h:268:41)
INFO: [HLS 214-291] Loop 'anonymous' is marked as complete unroll implied by the pipeline pragma
INFO: [HLS 214-186] Unrolling loop 'anonymous' (C:\scratch\2024.1\hls_product\545\2024.1\src\shared\hls\clib/src/hls\utils/x_hls_float_utils.h:289:5) in function 'scaled_fixed2ieee<29, 1>' completely with a factor of 2 (C:\scratch\2024.1\hls_product\545\2024.1\src\shared\hls\clib/src/hls\utils/x_hls_float_utils.h:257:0)
INFO: [HLS 214-186] Unrolling loop 'anonymous' (C:\scratch\2024.1\hls_product\545\2024.1\src\shared\hls\clib/src/hls\utils/x_hls_float_utils.h:282:5) in function 'scaled_fixed2ieee<29, 1>' completely with a factor of 2 (C:\scratch\2024.1\hls_product\545\2024.1\src\shared\hls\clib/src/hls\utils/x_hls_float_utils.h:257:0)
INFO: [HLS 214-186] Unrolling loop 'anonymous' (C:\scratch\2024.1\hls_product\545\2024.1\src\shared\hls\clib/src/hls\utils/x_hls_float_utils.h:269:5) in function 'scaled_fixed2ieee<29, 1>' completely with a factor of 1 (C:\scratch\2024.1\hls_product\545\2024.1\src\shared\hls\clib/src/hls\utils/x_hls_float_utils.h:257:0)
INFO: [HLS 214-186] Unrolling loop 'anonymous' (C:\scratch\2024.1\hls_product\545\2024.1\src\shared\hls\clib/src/hls\utils/x_hls_float_utils.h:268:41) in function 'scaled_fixed2ieee<29, 1>' completely with a factor of 2 (C:\scratch\2024.1\hls_product\545\2024.1\src\shared\hls\clib/src/hls\utils/x_hls_float_utils.h:257:0)
INFO: [HLS 214-186] Unrolling loop 'anonymous' () in function 'scaled_fixed2ieee<29, 1>' completely with a factor of 1 (C:\scratch\2024.1\hls_product\545\2024.1\src\shared\hls\clib/src/hls\utils/x_hls_float_utils.h:257:0)
INFO: [HLS 214-178] Inlining function 'fp_struct<float>::fp_struct(float)' into 'void range_redux_payne_hanek_hotbm<29, float, 29, 29>(float, ap_uint<3>&, ap_ufixed<29, 0, (ap_q_mode)5, (ap_o_mode)3, 0>&, ap_ufixed<29, 0, (ap_q_mode)5, (ap_o_mode)3, 0>&, ap_int<fp_struct<float>::EXP_BITS>&)' (C:\scratch\2024.1\hls_product\545\2024.1\src\shared\hls\clib/hlsmath/include/FloatingPoint/hls_range_redux.h:437:0)
INFO: [HLS 214-178] Inlining function 'fp_struct<float>::expv() const' into 'void range_redux_payne_hanek_hotbm<29, float, 29, 29>(float, ap_uint<3>&, ap_ufixed<29, 0, (ap_q_mode)5, (ap_o_mode)3, 0>&, ap_ufixed<29, 0, (ap_q_mode)5, (ap_o_mode)3, 0>&, ap_int<fp_struct<float>::EXP_BITS>&)' (C:\scratch\2024.1\hls_product\545\2024.1\src\shared\hls\clib/hlsmath/include/FloatingPoint/hls_range_redux.h:437:0)
INFO: [HLS 214-178] Inlining function 'ap_uint<(((2) * ((23) + (1))) + (29)) + (3)> table_lookup_4oPi_hotbm<23, 29>(int, float)' into 'void range_redux_payne_hanek_hotbm<29, float, 29, 29>(float, ap_uint<3>&, ap_ufixed<29, 0, (ap_q_mode)5, (ap_o_mode)3, 0>&, ap_ufixed<29, 0, (ap_q_mode)5, (ap_o_mode)3, 0>&, ap_int<fp_struct<float>::EXP_BITS>&)' (C:\scratch\2024.1\hls_product\545\2024.1\src\shared\hls\clib/hlsmath/include/FloatingPoint/hls_range_redux.h:437:0)
INFO: [HLS 214-178] Inlining function 'unsigned int clz<29, 58, 0>(ap_ufixed<58, 0, (ap_q_mode)5, (ap_o_mode)3, 0>)' into 'void range_redux_payne_hanek_hotbm<29, float, 29, 29>(float, ap_uint<3>&, ap_ufixed<29, 0, (ap_q_mode)5, (ap_o_mode)3, 0>&, ap_ufixed<29, 0, (ap_q_mode)5, (ap_o_mode)3, 0>&, ap_int<fp_struct<float>::EXP_BITS>&)' (C:\scratch\2024.1\hls_product\545\2024.1\src\shared\hls\clib/hlsmath/include/FloatingPoint/hls_range_redux.h:437:0)
INFO: [HLS 214-178] Inlining function 'fp_struct<float>::data() const (.47.56.67.76)' into 'fp_struct<float>::to_float() const (.44.53.64.73)' (C:\scratch\2024.1\hls_product\545\2024.1\src\shared\hls\clib/src/hls\utils/x_hls_utils.h:322:0)
INFO: [HLS 214-178] Inlining function 'fp_struct<float>::to_float() const (.44.53.64.73)' into 'fp_struct<float>::to_ieee() const' (C:\scratch\2024.1\hls_product\545\2024.1\src\shared\hls\clib/src/hls\utils/x_hls_utils.h:346:0)
INFO: [HLS 214-178] Inlining function 'clz(int)' into 'void scaled_fixed2ieee<29, 1>(ap_ufixed<29, 1, (ap_q_mode)5, (ap_o_mode)3, 0>, float&, int)' (C:\scratch\2024.1\hls_product\545\2024.1\src\shared\hls\clib/src/hls\utils/x_hls_float_utils.h:257:0)
INFO: [HLS 214-178] Inlining function 'fp_struct<float>::set_mantissa(ap_ufixed<24, 1, (ap_q_mode)5, (ap_o_mode)3, 0>)' into 'void scaled_fixed2ieee<29, 1>(ap_ufixed<29, 1, (ap_q_mode)5, (ap_o_mode)3, 0>, float&, int)' (C:\scratch\2024.1\hls_product\545\2024.1\src\shared\hls\clib/src/hls\utils/x_hls_float_utils.h:257:0)
INFO: [HLS 214-178] Inlining function 'fp_struct<float>::to_ieee() const' into 'void scaled_fixed2ieee<29, 1>(ap_ufixed<29, 1, (ap_q_mode)5, (ap_o_mode)3, 0>, float&, int)' (C:\scratch\2024.1\hls_product\545\2024.1\src\shared\hls\clib/src/hls\utils/x_hls_float_utils.h:257:0)
INFO: [HLS 214-178] Inlining function 'fp_struct<float>::fp_struct(float)' into 'float hotbm_::sin_or_cos<float>(float, bool, bool)' (C:\scratch\2024.1\hls_product\545\2024.1\src\shared\hls\clib/hlsmath/include/FloatingPoint\hls_hotbm.h:210:0)
INFO: [HLS 214-178] Inlining function 'void range_redux_payne_hanek_hotbm<29, float, 29, 29>(float, ap_uint<3>&, ap_ufixed<29, 0, (ap_q_mode)5, (ap_o_mode)3, 0>&, ap_ufixed<29, 0, (ap_q_mode)5, (ap_o_mode)3, 0>&, ap_int<fp_struct<float>::EXP_BITS>&)' into 'float hotbm_::sin_or_cos<float>(float, bool, bool)' (C:\scratch\2024.1\hls_product\545\2024.1\src\shared\hls\clib/hlsmath/include/FloatingPoint\hls_hotbm.h:210:0)
INFO: [HLS 214-178] Inlining function 'ap_ufixed<29, 1, (ap_q_mode)5, (ap_o_mode)3, 0> hotbm_::value_list<float>::sin_or_cos_approximation<29, 29>(bool, ap_uint<3>&, ap_ufixed<29, 0, (ap_q_mode)5, (ap_o_mode)3, 0>&, ap_ufixed<29, 0, (ap_q_mode)5, (ap_o_mode)3, 0>&, ap_int<8>&)' into 'float hotbm_::sin_or_cos<float>(float, bool, bool)' (C:\scratch\2024.1\hls_product\545\2024.1\src\shared\hls\clib/hlsmath/include/FloatingPoint\hls_hotbm.h:210:0)
INFO: [HLS 214-178] Inlining function 'void scaled_fixed2ieee<29, 1>(ap_ufixed<29, 1, (ap_q_mode)5, (ap_o_mode)3, 0>, float&, int)' into 'float hotbm_::sin_or_cos<float>(float, bool, bool)' (C:\scratch\2024.1\hls_product\545\2024.1\src\shared\hls\clib/hlsmath/include/FloatingPoint\hls_hotbm.h:210:0)
INFO: [HLS 214-178] Inlining function 'fp_struct<float>::to_ieee() const' into 'float hotbm_::sin_or_cos<float>(float, bool, bool)' (C:\scratch\2024.1\hls_product\545\2024.1\src\shared\hls\clib/hlsmath/include/FloatingPoint\hls_hotbm.h:210:0)
INFO: [HLS 214-178] Inlining function 'hotbm_::sin(float)' into 'hls::hotbm::sin(float)' (C:\scratch\2024.1\hls_product\545\2024.1\src\shared\hls\clib\hlsmath\src\c++\sincoshotbmfloat.cpp:9:0)
INFO: [HLS 214-178] Inlining function 'hls::hotbm::sin(float)' into 'hls::sinf(float)' (C:\scratch\2024.1\hls_product\545\2024.1\src\shared\hls\clib\hlsmath\src\c++\sincoshotbmfloat.cpp:41:0)
INFO: [HLS 214-178] Inlining function 'hotbm_::cos(float)' into 'hls::hotbm::cos(float)' (C:\scratch\2024.1\hls_product\545\2024.1\src\shared\hls\clib\hlsmath\src\c++\sincoshotbmfloat.cpp:12:0)
INFO: [HLS 214-178] Inlining function 'hls::hotbm::cos(float)' into 'hls::cosf(float)' (C:\scratch\2024.1\hls_product\545\2024.1\src\shared\hls\clib\hlsmath\src\c++\sincoshotbmfloat.cpp:44:0)
INFO: [HLS 214-178] Inlining function 'hls::sinf(float)' into 'calculateCoefficients(int, int, int, int, double*)' (Coefficients.cpp:71:0)
INFO: [HLS 214-178] Inlining function 'hls::cosf(float)' into 'calculateCoefficients(int, int, int, int, double*)' (Coefficients.cpp:71:0)
INFO: [HLS 214-178] Inlining function 'calculateCoefficients(int, int, int, int, double*)' into 'firTop(hls::stream<hls::axis<ap_int<32>, 2ul, 5ul, 6ul, (unsigned char)56, false>, 0>&, hls::stream<hls::axis<ap_int<32>, 2ul, 5ul, 6ul, (unsigned char)56, false>, 0>&, unsigned int*)' (Coefficients.cpp:4:0)
INFO: [HLS 214-178] Inlining function 'fir(double*, double*, double, int)' into 'firTop(hls::stream<hls::axis<ap_int<32>, 2ul, 5ul, 6ul, (unsigned char)56, false>, 0>&, hls::stream<hls::axis<ap_int<32>, 2ul, 5ul, 6ul, (unsigned char)56, false>, 0>&, unsigned int*)' (Coefficients.cpp:4:0)
INFO: [HLS 214-248] Applying array_partition to '_ZZN6hotbm_10value_listIfE24sin_or_cos_approximationILi29ELi29EEE9ap_ufixedIXT_ELi1EL9ap_q_mode5EL9ap_o_mode3ELi0EEbR7ap_uintILi3EERS3_IXT_ELi0ELS4_5ELS5_3ELi0EERS3_IXT0_ELi0ELS4_5ELS5_3ELi0EER6ap_intILi8EEE10swap_table': Complete partitioning on dimension 1. (C:\scratch\2024.1\hls_product\545\2024.1\src\shared\hls\clib\hlsmath\src\common\hls_hotbm_float.cpp:14:0)
INFO: [HLS 214-248] Applying array_partition to '_ZZN6hotbm_10sin_or_cosIfEET_S1_bbE13neg_cos_table': Complete partitioning on dimension 1. (C:\scratch\2024.1\hls_product\545\2024.1\src\shared\hls\clib/hlsmath/include/FloatingPoint\hls_hotbm.h:217:0)
INFO: [HLS 214-248] Applying array_partition to '_ZZN6hotbm_10sin_or_cosIfEET_S1_bbE13neg_sin_table': Complete partitioning on dimension 1. (C:\scratch\2024.1\hls_product\545\2024.1\src\shared\hls\clib/hlsmath/include/FloatingPoint\hls_hotbm.h:216:0)
INFO: [HLS 214-248] Applying array_partition to '_ZZN6hotbm_10sin_or_cosIfEET_S1_bbE10swap_table': Complete partitioning on dimension 1. (C:\scratch\2024.1\hls_product\545\2024.1\src\shared\hls\clib/hlsmath/include/FloatingPoint\hls_hotbm.h:215:0)
WARNING: [HLS 214-358] Array transformation on index using bit extension logic may lead to poor performance. Please use int or long for array index computation to benefit from optimizations. (C:\scratch\2024.1\hls_product\545\2024.1\src\shared\hls\clib/hlsmath/include/FloatingPoint\hls_hotbm.h:242:30)
WARNING: [HLS 214-358] Array transformation on index using bit extension logic may lead to poor performance. Please use int or long for array index computation to benefit from optimizations. (C:\scratch\2024.1\hls_product\545\2024.1\src\shared\hls\clib\hlsmath\src\common\hls_hotbm_float.cpp:25:67)
WARNING: [HLS 214-358] Array transformation on index using bit extension logic may lead to poor performance. Please use int or long for array index computation to benefit from optimizations. (C:\scratch\2024.1\hls_product\545\2024.1\src\shared\hls\clib/hlsmath/include/FloatingPoint\hls_hotbm.h:267:8)
INFO: [HLS 214-376] automatically set the pipeline for Loop< VITIS_LOOP_13_1> at Coefficients.cpp:13:20 
INFO: [HLS 214-421] Automatically partitioning small array 'bramVal' completely based on array size. (Coefficients.cpp:12:12)
INFO: [HLS 214-270] Inferring pragma 'array_partition type=complete dim=1' for array 'bramVal' due to pipeline pragma (Coefficients.cpp:12:12)
INFO: [HLS 214-248] Applying array_partition to 'bramVal': Complete partitioning on dimension 1. (Coefficients.cpp:12:12)
INFO: [HLS 214-115] Multiple burst reads of length 4 and bit width 32 in loop 'VITIS_LOOP_13_1'(Coefficients.cpp:13:20) has been inferred on bundle 'gmem'. These burst requests might be further partitioned into multiple requests during RTL generation, based on max_read_burst_length or max_write_burst_length settings. (Coefficients.cpp:13:20)
WARNING: [HLS 214-187] Cannot unroll loop 'Shift_Accum_Loop' (Coefficients.cpp:56:3) in function 'firTop' as it has a variable trip count (Coefficients.cpp:56:3)
INFO-FLOW: DBG:PUTS: copy_raw_kernel_xml ap_link_39: kernel.xml not generated: C:/Motor-Simulator-main/Coefficients/FirFilter/calculateCoefficients/hls/.autopilot/db/kernel.internal.xml
INFO: [HLS 200-111] Finished Compiling Optimization and Transform: CPU user time: 1 seconds. CPU system time: 0 seconds. Elapsed time: 11.999 seconds; current allocated memory: 254.445 MB.
INFO: [HLS 200-111] Finished Checking Pragmas: CPU user time: 0 seconds. CPU system time: 0 seconds. Elapsed time: 0.002 seconds; current allocated memory: 254.473 MB.
Execute       opt_and_import_c a -opt_level=2 -skip_syncheck=0 -ng=0 -keep_printf=0 
Execute         cleanup_all_models 
INFO: [HLS 200-10] Starting code transformations ...
INFO-FLOW: Running Standard Transforms...
Execute         transform -hls -share-std-xform -demangle-name -inline-byval-memcpy -always-inline -promote-dbg-pointer -interface-preproc -mem2reg -scalarrepl -mem2reg -keep-read-access -instcombine -dce -promote-dbg-pointer -bitop-raise -loop-simplify -indvarspre -indvars -loop-simplify -constprop -instcombine -simplifycfg -indvars -simplifycfg -dce -globaldce -basicaa -simplifycfg -mem2reg -globalopt -global-constprop -deadargelim -instcombine -simplifycfg -scalarrepl -instcombine -reassociate -licm -simplifycfg -loop-simplify -indvars -instcombine -simplifycfg -mem2reg -loop-simplify -indvars -instcombine -gvn -gvn -instcombine -adce -break-crit-edges -simplifycfg -loop-delete -global-array-opt -dce -dse -adce -find-syn-modules -top firTop -deadargelim -mem2reg -instcombine -dce -presyn-prepare -interface-preproc -syn-check -check-rec-only -find-region -simplifycfg -func-extr -function-inline -globaldce -mem2reg -instcombine -dce -gvn -globaldce -adce -adse -constprop -instcombine -bit-constprop -instcombine -dce -simplifycfg -bitop-raise -simplifycfg -dce -loop-delete -reassociate -globalopt -global-privatize -mem2reg -dce -global-constprop -pointer-simplify -constprop -dce -promote-dbg-pointer -norm-name C:/Motor-Simulator-main/Coefficients/FirFilter/calculateCoefficients/hls/.autopilot/db/a.g.0.bc -o C:/Motor-Simulator-main/Coefficients/FirFilter/calculateCoefficients/hls/.autopilot/db/a.g.1.bc -f -phase std-opt 
INFO: [HLS 200-111] Finished Standard Transforms: CPU user time: 0 seconds. CPU system time: 0 seconds. Elapsed time: 0.058 seconds; current allocated memory: 264.027 MB.
INFO: [HLS 200-10] Checking synthesizability ...
INFO-FLOW: Checking Synthesizability 1/2..
Execute         transform -hls -syn-check -check-rec-only -scalarrepl -norm-name -dce -mem2reg -instcombine -directive-preproc -mem2reg -dse -dce -dce -pag -array-normalize -instcombine -dce -array-seg-normalize -instcombine -dce -data-pack -instcombine -dce -inst-simplify -array-flatten -instcombine -dce -array-burst -dce -deadargelim -promote-global-argument -simplifycfg -mem2reg -globaldce -dce -deadargelim -dce -instcombine -function-inline -globaldce -dce -doublePtrSimplify -doublePtrElim -dce -doublePtrSimplify -promote-dbg-pointer -dce -scalarrepl -dse -adse -instcombine -ptrLegalization -simplifycfg -dce -instcombine -pointer-simplify -ptrArgReplace -dce -instcombine -resolve-double-ptr -scalarrepl -norm-name -dce -mem2reg -instcombine -ptrLegalization -simplifycfg -deadargelim -instcombine -dce -inst-simplify -directive-preproc -mem2reg -dse -dce -globaldce C:/Motor-Simulator-main/Coefficients/FirFilter/calculateCoefficients/hls/.autopilot/db/a.g.1.bc -o C:/Motor-Simulator-main/Coefficients/FirFilter/calculateCoefficients/hls/.autopilot/db/a.g.2.prechk.bc -f 
INFO-FLOW: Checking Synthesizability 2/2..
Execute         transform -syn-check C:/Motor-Simulator-main/Coefficients/FirFilter/calculateCoefficients/hls/.autopilot/db/a.g.2.prechk.bc -o C:/Motor-Simulator-main/Coefficients/FirFilter/calculateCoefficients/hls/.autopilot/db/a.g.2.bc -f -phase syn-check 
INFO: [HLS 200-111] Finished Checking Synthesizability: CPU user time: 0 seconds. CPU system time: 0 seconds. Elapsed time: 0.067 seconds; current allocated memory: 270.641 MB.
INFO-FLOW: Compiler optimizing ...
INFO-FLOW: Share syncheck's 1.bc for syn flow: copy C:/Motor-Simulator-main/Coefficients/FirFilter/calculateCoefficients/hls/.autopilot/db/a.g.1.bc to C:/Motor-Simulator-main/Coefficients/FirFilter/calculateCoefficients/hls/.autopilot/db/a.o.1.bc
INFO-FLOW: Presyn 1...
Execute         transform -hls -tmp C:/Motor-Simulator-main/Coefficients/FirFilter/calculateCoefficients/hls/.autopilot/db -interface-port-rename -directive-preproc -mem2reg -dse -dce -scalarrepl -norm-name -deadargelim -mem2reg -instcombine -dce -simplifycfg -dce -resource-proc -clib-intrinsic-prepare -dce -func-buffer -dce -pag -array-normalize -func-legal -instcombine -gvn -constprop -dce -simplifycfg -mem2reg -globaldce -resolve-double-ptr -dce -deadargelim -dce -instcombine -ptrArgReplace -mem2reg -dce -array-seg-normalize -deadargelim -instcombine -dce -directive-preproc -mem2reg -dse -dce -pointer-simplify -dce -port-alignment -dce -interface-preproc -data-pack -instcombine -dce -basicaa -aggr-aa -aggrmodref-aa -aggr-aa -gvn -gvn -basicaa -aggr-aa -aggrmodref-aa -aggr-aa -dse -adse -adce -loop-simplify -indvars -instcombine -gvn -loop-simplify -mem2reg -dce -find-region -instcombine -inst-simplify -interface-preproc -cfgopt -instcombine -indvars -loop-simplify -loop-bound -constprop -instcombine -simplifycfg -indvars -simplifycfg -dce -globaldce -clean-region -attach-range -gvn -inst-simplify -constprop -simplifycfg -dce -pointer-simplify -dce -globalopt -constprop -dce -array-promote -constprop -dce -ptrArgReplace -mem2reg -simplifycfg -dce -instcombine -dce -array-transform-check -array-reshape -instcombine -simplifycfg -dce -ptrArgReplace -deadargelim -mem2reg -instcombine -simplifycfg -dce -indvars -loop-simplify -loop-bound -constprop -instcombine -simplifycfg -indvars -simplifycfg -dce -globaldce -basicaa -aggr-aa -aggrmodref-aa -aggr-aa -dse -duplicate-dataflow-processes -globaldce -instcombine -array-partition -prepare-dynamic-array-partition -instcombine -simplifycfg -dce -ptrArgReplace -global-constprop -deadargelim -mem2reg -func-legal -dce -global-constprop -deadargelim -mem2reg -simplifycfg -dce -merge-param -deadargelim -globalopt -constprop -dce -array-promote -constprop -dce -ptrArgReplace -mem2reg -simplifycfg -dce -mem-intrinsic-preproc -dce -global-internalize -global-privatize -mem2reg -globaldce -lcssa -loop-simplify -phi-select-elim -promote-global-argument -ptrArgReplace -mem2reg -dce -globalopt -mergereturn -simplify-global-access -mem2reg -dce -pointer-simplify -dce -basicaa -aggr-aa -aggrmodref-aa -aggr-aa -functionattrs -basicaa -aggr-aa -aggrmodref-aa -aggr-aa -gvn -gvn -basicaa -aggr-aa -aggrmodref-aa -aggr-aa -dse -adse -adce -dce -norm-name -basicaa -aggr-aa -aggrmodref-aa -aggr-aa -accesses-merge -function-inline -complex-op-raise -inst-simplify -globaldce -func-legal -dce -loop-bound -arraycheck -bitwidthmin2 -bitwidthmin2 -on-by-dataflow -loop-delete -instcombine -simplifycfg -globaldce -dce -gvn -deadargelim -dce -loop-simplify -clean-region -simplifycfg -propagate-stable-arguments -loop-stream -instcombine -simplifycfg -dce -globaldce -duplicate-dataflow-processes -stream-intrinsic-preproc -dce -check-ap-stream -loop-simplify -eliminate-keepreads -extract-dataflow-in-loop -loop-simplify -dce -gvn -deadargelim -dse -duplicate-dataflow-processes -check-dataflow-syntax -legalize-stream-variable -globaldce -legalize-global -extract-subproc -dce -dead-channel-elimination -canonicalize-gep -globaldce -dce -gvn -hls-dead-arg-elim -deadargelim -directive-preproc -canonicalize-dataflow -dce -globaldce -scalar-preprocessing -scalar-propagation2 -scalar-stream -deadargelim -globaldce -mem2reg -check-dataflow-channels -function-stream -dce -globaldce -prop-fifo-spec -internal-stream-gen -canonicalize-gep -globaldce -dce -gvn -deadargelim -mergereturn -indvars -loop-simplify -instcombine -array-stream -array-seg-normalize -array-partition -clean-array-spec -func-legal -instcombine -simplifycfg -dce -bundle-memfifo-ops -deadargelim -directive-preproc -mem2reg -dse -dce -group-axi-access -licm -simplifycfg -dce -loop-delete -hls-display -norm-name C:/Motor-Simulator-main/Coefficients/FirFilter/calculateCoefficients/hls/.autopilot/db/a.o.1.bc -o C:/Motor-Simulator-main/Coefficients/FirFilter/calculateCoefficients/hls/.autopilot/db/a.o.1.tmp.bc -f 
Command         transform done; 0.129 sec.
INFO-FLOW: Presyn 2...
Execute         transform -hls -keep-callgraph -scalarrepl -mem2reg -port-alignment -attach-range -dce -pipe-mux-gen -indvars -loop-bound -inst-simplify -instcombine -dce -merge-array-access -mem2reg -dce -clean-region -mergereturn -if-conv -instcombine -dce -constprop -basicaa -aggr-aa -aggrmodref-aa -aggr-aa -gvn -gvn -basicaa -aggr-aa -aggrmodref-aa -aggr-aa -dse -adse -adce -scalarrepl -mem2reg -global-constprop -deadargelim -deadargelim -instcombine -dce -simplifycfg -ptrArgReplace -mem2reg -function-inline -globaldce -mem2reg -instcombine -dce -expr-balance -instcombine -dce -bitwidthmin2 -bitwidthmin2 -interface-preproc -directive-preproc -inst-rectify -instcombine -dce -basicaa -aggr-aa -aggrmodref-aa -aggr-aa -functionattrs -constprop -instcombine -bit-constprop -simplify-global-access -globalopt -globaldce -inst-simplify -instcombine -elimdeaddata -dce -loop-delete -simplifycfg -loop-simplify -barrier -norm-name C:/Motor-Simulator-main/Coefficients/FirFilter/calculateCoefficients/hls/.autopilot/db/a.o.1.tmp.bc -o C:/Motor-Simulator-main/Coefficients/FirFilter/calculateCoefficients/hls/.autopilot/db/a.o.2.bc -f -phase presyn 
INFO: [XFORM 203-401] Performing if-conversion on hyperblock from (C:\scratch\2024.1\hls_product\545\2024.1\src\shared\hls\clib/src/hls\utils/x_hls_utils.h:288:31) to (C:\scratch\2024.1\hls_product\545\2024.1\src\shared\hls\clib/hlsmath/include/FloatingPoint\hls_hotbm.h:287:5) in function 'hotbm_::sin_or_cos<float>'... converting 13 basic blocks.
INFO: [HLS 200-111] Finished Loop, function and other optimizations: CPU user time: 0 seconds. CPU system time: 0 seconds. Elapsed time: 0.194 seconds; current allocated memory: 296.047 MB.
Execute         transform -hls -auto-function-inline -globaldce -ptrArgReplace -mem2reg -dce -reset-lda -loop-simplify -indvars -aggr-aa -licm -loop-dep -loop-bound -licm -loop-simplify -loop-sink-hoist -flattenloopnest -array-flatten -gvn -instcombine -dce -array-map -dce -func-legal -gvn -adce -instcombine -cfgopt -simplifycfg-lite -loop-simplify -array-burst -promote-global-argument -dce -array-seg-normalize -basicaa -aggrmodref-aa -globalsmodref-aa -aggr-aa -gvn -gvn -basicaa -aggrmodref-aa -globalsmodref-aa -aggr-aa -dse -adse -adce -licm -inst-simplify -dce -globaldce -instcombine -array-stream -eliminate-keepreads -instcombine -dce -deadargelim -doublePtrSimplify -doublePtrElim -dce -doublePtrSimplify -promote-dbg-pointer -dce -scalarrepl -mem2reg -norm-name -mem2reg -instcombine -dse -adse -adce -ptrLegalization -dce -array-flatten -dce -instcombine -check-doubleptr -loop-rot -constprop -inst-simplify -cfgopt -simplifycfg-lite -loop-simplify -indvars -pointer-simplify -dce -loop-bound -loop-simplify -loop-preproc -constprop -global-constprop -gvn -mem2reg -instcombine -dce -loop-bound -loop-merge -dce -deadargelim -dce -canonicalize-dataflow -dce -deadargelim -globaldce -mem2reg -bram-byte-enable -inst-simplify -inst-rectify -instcombine -adce -deadargelim -load-elim -read-loop-dep -loop-simplify -loop-extract-inner -directive-preproc -bitwidthmin2 -bitwidthmin2 -read-loop-dep -interface-preproc -directive-preproc -interface-gen -bram-byte-enable-spec-prop -mul2addshift -deadargelim -inst-simplify -dce -mem2reg -instcombine -gvn -dce -adse -loop-bound -instcombine -cfgopt -simplifycfg-lite -loop-simplify -clean-region -io-protocol -find-region -mem2reg -bitop-raise -complex-op-raise -inst-simplify -inst-rectify -instcombine -adce -deadargelim -float-op-raise -loop-simplify -phi-opt -bitop-raise -cfgopt -simplifycfg-lite -strip-dead-prototypes -interface-lower -bitop-lower -intrinsic-lower -auto-function-inline -basicaa -aggrmodref-aa -globalsmodref-aa -aggr-aa -inst-simplify -simplifycfg-lite -loop-simplify -mergereturn -inst-simplify -inst-rectify -globaldce -dce -load-elim -bitop-lower -float-op-raise -fma-raise -loop-rewind -pointer-simplify -dce -cfgopt -dce -loop-bound -loop-dep -read-loop-dep -dce -dyn-mem-reuse -dce -recurrence-min -dce -share-scalar-alloca -deadargelim -dce -check-stream -norm-name -legalize -inst-clarity -bitwidth -dce -validate-dataflow -dump-loop-dep-to-ir -check-all-ssdm -dump-complexity-metric C:/Motor-Simulator-main/Coefficients/FirFilter/calculateCoefficients/hls/.autopilot/db/a.o.2.bc -o C:/Motor-Simulator-main/Coefficients/FirFilter/calculateCoefficients/hls/.autopilot/db/a.o.3.bc -f -phase build-ssdm 
Execute           auto_get_db
Command         transform done; 0.104 sec.
INFO-FLOW: Building ssdm...
Execute         transform -hls -cdfg-build C:/Motor-Simulator-main/Coefficients/FirFilter/calculateCoefficients/hls/.autopilot/db/a.o.3.bc -o C:/Motor-Simulator-main/Coefficients/FirFilter/calculateCoefficients/hls/.autopilot/db/a.o.3.bc -f -phase build-ssdm 
INFO: [HLS 200-111] Finished Architecture Synthesis: CPU user time: 0 seconds. CPU system time: 0 seconds. Elapsed time: 0.154 seconds; current allocated memory: 327.680 MB.
INFO-FLOW: Finish building internal data model.
Command       opt_and_import_c done; 2.233 sec.
Command     elaborate done; 36.559 sec.
Execute     ap_eval exec zip -j C:/Motor-Simulator-main/Coefficients/FirFilter/calculateCoefficients/hls/.autopilot/db/dut.hcp $dbDir/a.o.3.bc $dbDir/${topname}.rtl_wrap.cfg.tcl $dbDir/apatb_${topname}.cpp $dbDir/apatb_${topname}_util.cpp $dbDir/apatb_${topname}_ir.ll $dbDir/mapper_${topname}.cpp $dbDir/top-io-fe.xml $dbDir/kernel.internal.xml $workdir/../hls.app 
Command     ap_eval done; 0.146 sec.
Execute     autosyn -from_csynth_design=1 
INFO: [HLS 200-10] Starting hardware synthesis ...
INFO-FLOW: Synthesizing C/C++ design ...
INFO: [HLS 200-10] Synthesizing 'firTop' ...
Execute       ap_set_top_model firTop 
WARNING: [SYN 201-103] Legalizing function name 'sin_or_cos<float>' to 'sin_or_cos_float_s'.
Execute       get_model_list firTop -filter all-wo-channel -topdown 
Execute       preproc_iomode -model firTop 
Execute       preproc_iomode -model firTop_Pipeline_VITIS_LOOP_102_2 
Execute       preproc_iomode -model firTop_Pipeline_VITIS_LOOP_82_1 
Execute       preproc_iomode -model sin_or_cos<float> 
Execute       preproc_iomode -model firTop_Pipeline_VITIS_LOOP_13_1 
Execute       create_clock 
Execute         ap_set_clock -name default -period 10 -unit ns -default=false 
INFO: [SYN 201-201] Setting up clock 'default' with a period of 10ns.
Execute       get_model_list firTop -filter all-wo-channel 
INFO-FLOW: Model list for configure: firTop_Pipeline_VITIS_LOOP_13_1 sin_or_cos<float> firTop_Pipeline_VITIS_LOOP_82_1 firTop_Pipeline_VITIS_LOOP_102_2 firTop
INFO-FLOW: Configuring Module : firTop_Pipeline_VITIS_LOOP_13_1 ...
Execute       set_default_model firTop_Pipeline_VITIS_LOOP_13_1 
Execute       apply_spec_resource_limit firTop_Pipeline_VITIS_LOOP_13_1 
INFO-FLOW: Configuring Module : sin_or_cos<float> ...
Execute       set_default_model sin_or_cos<float> 
Execute       apply_spec_resource_limit sin_or_cos<float> 
INFO-FLOW: Configuring Module : firTop_Pipeline_VITIS_LOOP_82_1 ...
Execute       set_default_model firTop_Pipeline_VITIS_LOOP_82_1 
Execute       apply_spec_resource_limit firTop_Pipeline_VITIS_LOOP_82_1 
INFO-FLOW: Configuring Module : firTop_Pipeline_VITIS_LOOP_102_2 ...
Execute       set_default_model firTop_Pipeline_VITIS_LOOP_102_2 
Execute       apply_spec_resource_limit firTop_Pipeline_VITIS_LOOP_102_2 
INFO-FLOW: Configuring Module : firTop ...
Execute       set_default_model firTop 
Execute       apply_spec_resource_limit firTop 
INFO-FLOW: Model list for preprocess: firTop_Pipeline_VITIS_LOOP_13_1 sin_or_cos<float> firTop_Pipeline_VITIS_LOOP_82_1 firTop_Pipeline_VITIS_LOOP_102_2 firTop
INFO-FLOW: Preprocessing Module: firTop_Pipeline_VITIS_LOOP_13_1 ...
Execute       set_default_model firTop_Pipeline_VITIS_LOOP_13_1 
Execute       cdfg_preprocess -model firTop_Pipeline_VITIS_LOOP_13_1 
Execute       rtl_gen_preprocess firTop_Pipeline_VITIS_LOOP_13_1 
INFO-FLOW: Preprocessing Module: sin_or_cos<float> ...
Execute       set_default_model sin_or_cos<float> 
Execute       cdfg_preprocess -model sin_or_cos<float> 
Execute       rtl_gen_preprocess sin_or_cos<float> 
INFO-FLOW: Preprocessing Module: firTop_Pipeline_VITIS_LOOP_82_1 ...
Execute       set_default_model firTop_Pipeline_VITIS_LOOP_82_1 
Execute       cdfg_preprocess -model firTop_Pipeline_VITIS_LOOP_82_1 
Execute       rtl_gen_preprocess firTop_Pipeline_VITIS_LOOP_82_1 
INFO-FLOW: Preprocessing Module: firTop_Pipeline_VITIS_LOOP_102_2 ...
Execute       set_default_model firTop_Pipeline_VITIS_LOOP_102_2 
Execute       cdfg_preprocess -model firTop_Pipeline_VITIS_LOOP_102_2 
Execute       rtl_gen_preprocess firTop_Pipeline_VITIS_LOOP_102_2 
INFO-FLOW: Preprocessing Module: firTop ...
Execute       set_default_model firTop 
Execute       cdfg_preprocess -model firTop 
Execute       rtl_gen_preprocess firTop 
INFO-FLOW: Model list for synthesis: firTop_Pipeline_VITIS_LOOP_13_1 sin_or_cos<float> firTop_Pipeline_VITIS_LOOP_82_1 firTop_Pipeline_VITIS_LOOP_102_2 firTop
INFO: [HLS 200-10] ----------------------------------------------------------------
INFO: [HLS 200-42] -- Implementing module 'firTop_Pipeline_VITIS_LOOP_13_1' 
INFO: [HLS 200-10] ----------------------------------------------------------------
Execute       set_default_model firTop_Pipeline_VITIS_LOOP_13_1 
Execute       schedule -model firTop_Pipeline_VITIS_LOOP_13_1 
INFO: [SCHED 204-11] Starting scheduling ...
INFO: [SCHED 204-61] Pipelining loop 'VITIS_LOOP_13_1'.
INFO: [HLS 200-1470] Pipelining result : Target II = NA, Final II = 1, Depth = 2, loop 'VITIS_LOOP_13_1'
INFO: [SCHED 204-11] Finished scheduling.
INFO: [HLS 200-111] Finished Scheduling: CPU user time: 0 seconds. CPU system time: 0 seconds. Elapsed time: 0.243 seconds; current allocated memory: 331.656 MB.
Execute       syn_report -verbosereport -o C:/Motor-Simulator-main/Coefficients/FirFilter/calculateCoefficients/hls/.autopilot/db/firTop_Pipeline_VITIS_LOOP_13_1.verbose.sched.rpt 
Execute         list_part -family xczu3eg-sfvc784-2-e 
Execute           ap_family_info -name xczu3eg-sfvc784-2-e -data names 
Execute           ap_part_info -quiet -name xczu3eg-sfvc784-2-e -data family 
Execute       db_write -o C:/Motor-Simulator-main/Coefficients/FirFilter/calculateCoefficients/hls/.autopilot/db/firTop_Pipeline_VITIS_LOOP_13_1.sched.adb -f 
INFO-FLOW: Finish scheduling firTop_Pipeline_VITIS_LOOP_13_1.
Execute       set_default_model firTop_Pipeline_VITIS_LOOP_13_1 
Execute       bind -model firTop_Pipeline_VITIS_LOOP_13_1 
INFO: [BIND 205-100] Starting micro-architecture generation ...
INFO: [BIND 205-101] Performing variable lifetime analysis.
INFO: [BIND 205-101] Exploring resource sharing.
INFO: [BIND 205-101] Binding ...
INFO: [BIND 205-100] Finished micro-architecture generation.
INFO: [HLS 200-111] Finished Binding: CPU user time: 0 seconds. CPU system time: 0 seconds. Elapsed time: 0.053 seconds; current allocated memory: 332.789 MB.
Execute       syn_report -verbosereport -o C:/Motor-Simulator-main/Coefficients/FirFilter/calculateCoefficients/hls/.autopilot/db/firTop_Pipeline_VITIS_LOOP_13_1.verbose.bind.rpt 
Execute         list_part -family xczu3eg-sfvc784-2-e 
Execute           ap_family_info -name xczu3eg-sfvc784-2-e -data names 
Execute           ap_part_info -quiet -name xczu3eg-sfvc784-2-e -data family 
Execute       db_write -o C:/Motor-Simulator-main/Coefficients/FirFilter/calculateCoefficients/hls/.autopilot/db/firTop_Pipeline_VITIS_LOOP_13_1.bind.adb -f 
INFO-FLOW: Finish binding firTop_Pipeline_VITIS_LOOP_13_1.
INFO: [HLS 200-10] ----------------------------------------------------------------
INFO: [HLS 200-42] -- Implementing module 'sin_or_cos_float_s' 
INFO: [HLS 200-10] ----------------------------------------------------------------
Execute       set_default_model sin_or_cos<float> 
Execute       schedule -model sin_or_cos<float> 
INFO: [SCHED 204-11] Starting scheduling ...
INFO: [SCHED 204-61] Pipelining function 'sin_or_cos<float>'.
INFO: [HLS 200-1470] Pipelining result : Target II = NA, Final II = 1, Depth = 6, function 'sin_or_cos<float>'
INFO: [SCHED 204-11] Finished scheduling.
Command       schedule done; 0.138 sec.
INFO: [HLS 200-111] Finished Scheduling: CPU user time: 0 seconds. CPU system time: 0 seconds. Elapsed time: 0.176 seconds; current allocated memory: 333.531 MB.
Execute       syn_report -verbosereport -o C:/Motor-Simulator-main/Coefficients/FirFilter/calculateCoefficients/hls/.autopilot/db/sin_or_cos_float_s.verbose.sched.rpt 
Execute         list_part -family xczu3eg-sfvc784-2-e 
Execute           ap_family_info -name xczu3eg-sfvc784-2-e -data names 
Execute           ap_part_info -quiet -name xczu3eg-sfvc784-2-e -data family 
Execute       db_write -o C:/Motor-Simulator-main/Coefficients/FirFilter/calculateCoefficients/hls/.autopilot/db/sin_or_cos_float_s.sched.adb -f 
INFO-FLOW: Finish scheduling sin_or_cos<float>.
Execute       set_default_model sin_or_cos<float> 
Execute       bind -model sin_or_cos<float> 
INFO: [BIND 205-100] Starting micro-architecture generation ...
INFO: [BIND 205-101] Performing variable lifetime analysis.
INFO: [BIND 205-101] Exploring resource sharing.
INFO: [BIND 205-101] Binding ...
INFO: [BIND 205-100] Finished micro-architecture generation.
INFO: [HLS 200-111] Finished Binding: CPU user time: 0 seconds. CPU system time: 0 seconds. Elapsed time: 0.072 seconds; current allocated memory: 334.125 MB.
Execute       syn_report -verbosereport -o C:/Motor-Simulator-main/Coefficients/FirFilter/calculateCoefficients/hls/.autopilot/db/sin_or_cos_float_s.verbose.bind.rpt 
Execute         list_part -family xczu3eg-sfvc784-2-e 
Execute           ap_family_info -name xczu3eg-sfvc784-2-e -data names 
Execute           ap_part_info -quiet -name xczu3eg-sfvc784-2-e -data family 
Execute       db_write -o C:/Motor-Simulator-main/Coefficients/FirFilter/calculateCoefficients/hls/.autopilot/db/sin_or_cos_float_s.bind.adb -f 
INFO-FLOW: Finish binding sin_or_cos<float>.
INFO: [HLS 200-10] ----------------------------------------------------------------
INFO: [HLS 200-42] -- Implementing module 'firTop_Pipeline_VITIS_LOOP_82_1' 
INFO: [HLS 200-10] ----------------------------------------------------------------
Execute       set_default_model firTop_Pipeline_VITIS_LOOP_82_1 
Execute       schedule -model firTop_Pipeline_VITIS_LOOP_82_1 
INFO: [SCHED 204-11] Starting scheduling ...
INFO: [SCHED 204-61] Pipelining loop 'VITIS_LOOP_82_1'.
WARNING: [HLS 200-880] The II Violation in module 'firTop_Pipeline_VITIS_LOOP_82_1' (loop 'VITIS_LOOP_82_1'): Unable to enforce a carried dependence constraint (II = 1, distance = 1, offset = 0) between 'store' operation 0 bit ('sum_write_ln80', Coefficients.cpp:80->Coefficients.cpp:29) of variable 'sum', Coefficients.cpp:97->Coefficients.cpp:29 on local variable 'sum', Coefficients.cpp:80->Coefficients.cpp:29 and 'load' operation 64 bit ('sum_load', Coefficients.cpp:97->Coefficients.cpp:29) on local variable 'sum', Coefficients.cpp:80->Coefficients.cpp:29.
WARNING: [HLS 200-880] The II Violation in module 'firTop_Pipeline_VITIS_LOOP_82_1' (loop 'VITIS_LOOP_82_1'): Unable to enforce a carried dependence constraint (II = 2, distance = 1, offset = 0) between 'store' operation 0 bit ('sum_write_ln80', Coefficients.cpp:80->Coefficients.cpp:29) of variable 'sum', Coefficients.cpp:97->Coefficients.cpp:29 on local variable 'sum', Coefficients.cpp:80->Coefficients.cpp:29 and 'load' operation 64 bit ('sum_load', Coefficients.cpp:97->Coefficients.cpp:29) on local variable 'sum', Coefficients.cpp:80->Coefficients.cpp:29.
WARNING: [HLS 200-880] The II Violation in module 'firTop_Pipeline_VITIS_LOOP_82_1' (loop 'VITIS_LOOP_82_1'): Unable to enforce a carried dependence constraint (II = 3, distance = 1, offset = 0) between 'store' operation 0 bit ('sum_write_ln80', Coefficients.cpp:80->Coefficients.cpp:29) of variable 'sum', Coefficients.cpp:97->Coefficients.cpp:29 on local variable 'sum', Coefficients.cpp:80->Coefficients.cpp:29 and 'load' operation 64 bit ('sum_load', Coefficients.cpp:97->Coefficients.cpp:29) on local variable 'sum', Coefficients.cpp:80->Coefficients.cpp:29.
INFO: [HLS 200-1470] Pipelining result : Target II = NA, Final II = 4, Depth = 60, loop 'VITIS_LOOP_82_1'
INFO: [SCHED 204-11] Finished scheduling.
Command       schedule done; 1.059 sec.
INFO: [HLS 200-111] Finished Scheduling: CPU user time: 0 seconds. CPU system time: 0 seconds. Elapsed time: 1.122 seconds; current allocated memory: 334.801 MB.
Execute       syn_report -verbosereport -o C:/Motor-Simulator-main/Coefficients/FirFilter/calculateCoefficients/hls/.autopilot/db/firTop_Pipeline_VITIS_LOOP_82_1.verbose.sched.rpt 
Execute         list_part -family xczu3eg-sfvc784-2-e 
Execute           ap_family_info -name xczu3eg-sfvc784-2-e -data names 
Execute           ap_part_info -quiet -name xczu3eg-sfvc784-2-e -data family 
Execute       db_write -o C:/Motor-Simulator-main/Coefficients/FirFilter/calculateCoefficients/hls/.autopilot/db/firTop_Pipeline_VITIS_LOOP_82_1.sched.adb -f 
INFO-FLOW: Finish scheduling firTop_Pipeline_VITIS_LOOP_82_1.
Execute       set_default_model firTop_Pipeline_VITIS_LOOP_82_1 
Execute       bind -model firTop_Pipeline_VITIS_LOOP_82_1 
INFO: [BIND 205-100] Starting micro-architecture generation ...
INFO: [BIND 205-101] Performing variable lifetime analysis.
INFO: [BIND 205-101] Exploring resource sharing.
INFO: [BIND 205-101] Binding ...
INFO: [BIND 205-100] Finished micro-architecture generation.
INFO: [HLS 200-111] Finished Binding: CPU user time: 0 seconds. CPU system time: 0 seconds. Elapsed time: 0.071 seconds; current allocated memory: 334.875 MB.
Execute       syn_report -verbosereport -o C:/Motor-Simulator-main/Coefficients/FirFilter/calculateCoefficients/hls/.autopilot/db/firTop_Pipeline_VITIS_LOOP_82_1.verbose.bind.rpt 
Execute         list_part -family xczu3eg-sfvc784-2-e 
Execute           ap_family_info -name xczu3eg-sfvc784-2-e -data names 
Execute           ap_part_info -quiet -name xczu3eg-sfvc784-2-e -data family 
Execute       db_write -o C:/Motor-Simulator-main/Coefficients/FirFilter/calculateCoefficients/hls/.autopilot/db/firTop_Pipeline_VITIS_LOOP_82_1.bind.adb -f 
INFO-FLOW: Finish binding firTop_Pipeline_VITIS_LOOP_82_1.
INFO: [HLS 200-10] ----------------------------------------------------------------
INFO: [HLS 200-42] -- Implementing module 'firTop_Pipeline_VITIS_LOOP_102_2' 
INFO: [HLS 200-10] ----------------------------------------------------------------
Execute       set_default_model firTop_Pipeline_VITIS_LOOP_102_2 
Execute       schedule -model firTop_Pipeline_VITIS_LOOP_102_2 
INFO: [SCHED 204-11] Starting scheduling ...
INFO: [SCHED 204-61] Pipelining loop 'VITIS_LOOP_102_2'.
INFO: [HLS 200-1470] Pipelining result : Target II = NA, Final II = 1, Depth = 6, loop 'VITIS_LOOP_102_2'
INFO: [SCHED 204-11] Finished scheduling.
INFO: [HLS 200-111] Finished Scheduling: CPU user time: 0 seconds. CPU system time: 0 seconds. Elapsed time: 0.087 seconds; current allocated memory: 335.234 MB.
Execute       syn_report -verbosereport -o C:/Motor-Simulator-main/Coefficients/FirFilter/calculateCoefficients/hls/.autopilot/db/firTop_Pipeline_VITIS_LOOP_102_2.verbose.sched.rpt 
Execute         list_part -family xczu3eg-sfvc784-2-e 
Execute           ap_family_info -name xczu3eg-sfvc784-2-e -data names 
Execute           ap_part_info -quiet -name xczu3eg-sfvc784-2-e -data family 
Execute       db_write -o C:/Motor-Simulator-main/Coefficients/FirFilter/calculateCoefficients/hls/.autopilot/db/firTop_Pipeline_VITIS_LOOP_102_2.sched.adb -f 
INFO-FLOW: Finish scheduling firTop_Pipeline_VITIS_LOOP_102_2.
Execute       set_default_model firTop_Pipeline_VITIS_LOOP_102_2 
Execute       bind -model firTop_Pipeline_VITIS_LOOP_102_2 
INFO: [BIND 205-100] Starting micro-architecture generation ...
INFO: [BIND 205-101] Performing variable lifetime analysis.
INFO: [BIND 205-101] Exploring resource sharing.
INFO: [BIND 205-101] Binding ...
INFO: [BIND 205-100] Finished micro-architecture generation.
INFO: [HLS 200-111] Finished Binding: CPU user time: 0 seconds. CPU system time: 0 seconds. Elapsed time: 0.054 seconds; current allocated memory: 335.234 MB.
Execute       syn_report -verbosereport -o C:/Motor-Simulator-main/Coefficients/FirFilter/calculateCoefficients/hls/.autopilot/db/firTop_Pipeline_VITIS_LOOP_102_2.verbose.bind.rpt 
Execute         list_part -family xczu3eg-sfvc784-2-e 
Execute           ap_family_info -name xczu3eg-sfvc784-2-e -data names 
Execute           ap_part_info -quiet -name xczu3eg-sfvc784-2-e -data family 
Execute       db_write -o C:/Motor-Simulator-main/Coefficients/FirFilter/calculateCoefficients/hls/.autopilot/db/firTop_Pipeline_VITIS_LOOP_102_2.bind.adb -f 
INFO-FLOW: Finish binding firTop_Pipeline_VITIS_LOOP_102_2.
INFO: [HLS 200-10] ----------------------------------------------------------------
INFO: [HLS 200-42] -- Implementing module 'firTop' 
INFO: [HLS 200-10] ----------------------------------------------------------------
Execute       set_default_model firTop 
Execute       schedule -model firTop 
INFO: [SCHED 204-11] Starting scheduling ...
WARNING: [SCHED 204-65] Unable to satisfy pipeline directive for loop 'VITIS_LOOP_31_2': contains subloop(s) that are not unrolled or flattened.
INFO: [SCHED 204-11] Finished scheduling.
INFO: [HLS 200-111] Finished Scheduling: CPU user time: 0 seconds. CPU system time: 0 seconds. Elapsed time: 0.124 seconds; current allocated memory: 336.332 MB.
Execute       syn_report -verbosereport -o C:/Motor-Simulator-main/Coefficients/FirFilter/calculateCoefficients/hls/.autopilot/db/firTop.verbose.sched.rpt 
Execute         list_part -family xczu3eg-sfvc784-2-e 
Execute           ap_family_info -name xczu3eg-sfvc784-2-e -data names 
Execute           ap_part_info -quiet -name xczu3eg-sfvc784-2-e -data family 
Execute       db_write -o C:/Motor-Simulator-main/Coefficients/FirFilter/calculateCoefficients/hls/.autopilot/db/firTop.sched.adb -f 
INFO-FLOW: Finish scheduling firTop.
Execute       set_default_model firTop 
Execute       bind -model firTop 
INFO: [BIND 205-100] Starting micro-architecture generation ...
INFO: [BIND 205-101] Performing variable lifetime analysis.
INFO: [BIND 205-101] Exploring resource sharing.
INFO: [BIND 205-101] Binding ...
INFO: [BIND 205-100] Finished micro-architecture generation.
Command       bind done; 1.561 sec.
INFO: [HLS 200-111] Finished Binding: CPU user time: 1 seconds. CPU system time: 0 seconds. Elapsed time: 1.602 seconds; current allocated memory: 336.918 MB.
Execute       syn_report -verbosereport -o C:/Motor-Simulator-main/Coefficients/FirFilter/calculateCoefficients/hls/.autopilot/db/firTop.verbose.bind.rpt 
Execute         list_part -family xczu3eg-sfvc784-2-e 
Execute           ap_family_info -name xczu3eg-sfvc784-2-e -data names 
Execute           ap_part_info -quiet -name xczu3eg-sfvc784-2-e -data family 
Execute       db_write -o C:/Motor-Simulator-main/Coefficients/FirFilter/calculateCoefficients/hls/.autopilot/db/firTop.bind.adb -f 
INFO-FLOW: Finish binding firTop.
Execute       get_model_list firTop -filter all-wo-channel 
INFO-FLOW: Preprocessing for RTLGen ...
Execute       rtl_gen_preprocess firTop_Pipeline_VITIS_LOOP_13_1 
Execute       rtl_gen_preprocess sin_or_cos<float> 
Execute       rtl_gen_preprocess firTop_Pipeline_VITIS_LOOP_82_1 
Execute       rtl_gen_preprocess firTop_Pipeline_VITIS_LOOP_102_2 
Execute       rtl_gen_preprocess firTop 
INFO-FLOW: Model list for RTL generation: firTop_Pipeline_VITIS_LOOP_13_1 sin_or_cos<float> firTop_Pipeline_VITIS_LOOP_82_1 firTop_Pipeline_VITIS_LOOP_102_2 firTop
INFO: [HLS 200-10] ----------------------------------------------------------------
INFO: [HLS 200-10] -- Generating RTL for module 'firTop_Pipeline_VITIS_LOOP_13_1' 
INFO: [HLS 200-10] ----------------------------------------------------------------
Execute       create_rtl_model firTop_Pipeline_VITIS_LOOP_13_1 -top_prefix firTop_ -sub_prefix firTop_ -mg_file C:/Motor-Simulator-main/Coefficients/FirFilter/calculateCoefficients/hls/.autopilot/db/firTop_Pipeline_VITIS_LOOP_13_1.compgen.tcl 
INFO: [HLS 200-1030] Apply Unified Pipeline Control on module 'firTop_Pipeline_VITIS_LOOP_13_1' pipeline 'VITIS_LOOP_13_1' pipeline type 'loop pipeline'
WARNING: [RTGEN 206-101] Setting dangling out port 'firTop_Pipeline_VITIS_LOOP_13_1/m_axi_gmem_ARVALID' to 0.
WARNING: [RTGEN 206-101] Setting dangling out port 'firTop_Pipeline_VITIS_LOOP_13_1/m_axi_gmem_ARADDR' to 0.
WARNING: [RTGEN 206-101] Setting dangling out port 'firTop_Pipeline_VITIS_LOOP_13_1/m_axi_gmem_ARID' to 0.
WARNING: [RTGEN 206-101] Setting dangling out port 'firTop_Pipeline_VITIS_LOOP_13_1/m_axi_gmem_ARLEN' to 0.
WARNING: [RTGEN 206-101] Setting dangling out port 'firTop_Pipeline_VITIS_LOOP_13_1/m_axi_gmem_ARSIZE' to 0.
WARNING: [RTGEN 206-101] Setting dangling out port 'firTop_Pipeline_VITIS_LOOP_13_1/m_axi_gmem_ARBURST' to 0.
WARNING: [RTGEN 206-101] Setting dangling out port 'firTop_Pipeline_VITIS_LOOP_13_1/m_axi_gmem_ARLOCK' to 0.
WARNING: [RTGEN 206-101] Setting dangling out port 'firTop_Pipeline_VITIS_LOOP_13_1/m_axi_gmem_ARCACHE' to 0.
WARNING: [RTGEN 206-101] Setting dangling out port 'firTop_Pipeline_VITIS_LOOP_13_1/m_axi_gmem_ARPROT' to 0.
WARNING: [RTGEN 206-101] Setting dangling out port 'firTop_Pipeline_VITIS_LOOP_13_1/m_axi_gmem_ARQOS' to 0.
WARNING: [RTGEN 206-101] Setting dangling out port 'firTop_Pipeline_VITIS_LOOP_13_1/m_axi_gmem_ARREGION' to 0.
WARNING: [RTGEN 206-101] Setting dangling out port 'firTop_Pipeline_VITIS_LOOP_13_1/m_axi_gmem_ARUSER' to 0.
INFO: [RTGEN 206-100] Finished creating RTL model for 'firTop_Pipeline_VITIS_LOOP_13_1'.
Command       create_rtl_model done; 0.111 sec.
INFO: [HLS 200-111] Finished Creating RTL model: CPU user time: 0 seconds. CPU system time: 0 seconds. Elapsed time: 0.222 seconds; current allocated memory: 339.059 MB.
Execute       source C:/Motor-Simulator-main/Coefficients/FirFilter/calculateCoefficients/hls/.autopilot/db/firTop.rtl_wrap.cfg.tcl 
Execute       gen_rtl firTop_Pipeline_VITIS_LOOP_13_1 -style xilinx -f -lang vhdl -o C:/Motor-Simulator-main/Coefficients/FirFilter/calculateCoefficients/hls/syn/vhdl/firTop_firTop_Pipeline_VITIS_LOOP_13_1 
Execute       gen_rtl firTop_Pipeline_VITIS_LOOP_13_1 -style xilinx -f -lang vlog -o C:/Motor-Simulator-main/Coefficients/FirFilter/calculateCoefficients/hls/syn/verilog/firTop_firTop_Pipeline_VITIS_LOOP_13_1 
Execute       syn_report -csynth -model firTop_Pipeline_VITIS_LOOP_13_1 -o C:/Motor-Simulator-main/Coefficients/FirFilter/calculateCoefficients/hls/syn/report/firTop_Pipeline_VITIS_LOOP_13_1_csynth.rpt 
Execute         list_part -family xczu3eg-sfvc784-2-e 
Execute           ap_family_info -name xczu3eg-sfvc784-2-e -data names 
Execute           ap_part_info -quiet -name xczu3eg-sfvc784-2-e -data family 
Execute       syn_report -rtlxml -model firTop_Pipeline_VITIS_LOOP_13_1 -o C:/Motor-Simulator-main/Coefficients/FirFilter/calculateCoefficients/hls/syn/report/firTop_Pipeline_VITIS_LOOP_13_1_csynth.xml 
Execute         list_part -family xczu3eg-sfvc784-2-e 
Execute           ap_family_info -name xczu3eg-sfvc784-2-e -data names 
Execute           ap_part_info -quiet -name xczu3eg-sfvc784-2-e -data family 
Execute       syn_report -verbosereport -model firTop_Pipeline_VITIS_LOOP_13_1 -o C:/Motor-Simulator-main/Coefficients/FirFilter/calculateCoefficients/hls/.autopilot/db/firTop_Pipeline_VITIS_LOOP_13_1.verbose.rpt 
Execute         list_part -family xczu3eg-sfvc784-2-e 
Execute           ap_family_info -name xczu3eg-sfvc784-2-e -data names 
Execute           ap_part_info -quiet -name xczu3eg-sfvc784-2-e -data family 
Execute       db_write -model firTop_Pipeline_VITIS_LOOP_13_1 -f -o C:/Motor-Simulator-main/Coefficients/FirFilter/calculateCoefficients/hls/.autopilot/db/firTop_Pipeline_VITIS_LOOP_13_1.adb 
Execute       db_write -model firTop_Pipeline_VITIS_LOOP_13_1 -bindview -o C:/Motor-Simulator-main/Coefficients/FirFilter/calculateCoefficients/hls/.autopilot/db/design.bindinfo.xml 
Execute       gen_tb_info firTop_Pipeline_VITIS_LOOP_13_1 -p C:/Motor-Simulator-main/Coefficients/FirFilter/calculateCoefficients/hls/.autopilot/db -o C:/Motor-Simulator-main/Coefficients/FirFilter/calculateCoefficients/hls/.autopilot/db/firTop_Pipeline_VITIS_LOOP_13_1 
INFO: [HLS 200-10] ----------------------------------------------------------------
INFO: [HLS 200-10] -- Generating RTL for module 'sin_or_cos_float_s' 
INFO: [HLS 200-10] ----------------------------------------------------------------
Execute       create_rtl_model sin_or_cos<float> -top_prefix firTop_ -sub_prefix firTop_ -mg_file C:/Motor-Simulator-main/Coefficients/FirFilter/calculateCoefficients/hls/.autopilot/db/sin_or_cos_float_s.compgen.tcl 
INFO: [RTGEN 206-100] Generating core module 'mul_15ns_15ns_30_1_0': 1 instance(s).
INFO: [RTGEN 206-100] Generating core module 'mul_15ns_15s_30_1_0': 1 instance(s).
INFO: [RTGEN 206-100] Generating core module 'mul_23s_22ns_45_1_0': 1 instance(s).
INFO: [RTGEN 206-100] Generating core module 'mul_30s_29ns_58_1_0': 1 instance(s).
INFO: [RTGEN 206-100] Generating core module 'mul_80s_24ns_80_1_0': 1 instance(s).
INFO: [RTGEN 206-100] Generating core module 'sparsemux_17_3_1_1_0': 1 instance(s).
INFO: [RTGEN 206-100] Generating core module 'sparsemux_33_4_1_1_0': 2 instance(s).
INFO: [RTGEN 206-100] Finished creating RTL model for 'sin_or_cos_float_s'.
INFO: [RTMG 210-279] Implementing memory 'firTop_sin_or_cos_float_s_ref_4oPi_table_100_ROM_1P_LUTRAM_1R' using distributed ROMs.
INFO: [RTMG 210-279] Implementing memory 'firTop_sin_or_cos_float_s_second_order_float_sin_cos_K0_ROM_1P_LUTRAM_1R' using distributed ROMs.
INFO: [RTMG 210-279] Implementing memory 'firTop_sin_or_cos_float_s_second_order_float_sin_cos_K1_ROM_1P_LUTRAM_1R' using distributed ROMs.
INFO: [RTMG 210-279] Implementing memory 'firTop_sin_or_cos_float_s_second_order_float_sin_cos_K2_ROM_1P_LUTRAM_1R' using distributed ROMs.
Command       create_rtl_model done; 0.134 sec.
INFO: [HLS 200-111] Finished Creating RTL model: CPU user time: 0 seconds. CPU system time: 0 seconds. Elapsed time: 0.245 seconds; current allocated memory: 342.797 MB.
Execute       source C:/Motor-Simulator-main/Coefficients/FirFilter/calculateCoefficients/hls/.autopilot/db/firTop.rtl_wrap.cfg.tcl 
Execute       gen_rtl sin_or_cos<float> -style xilinx -f -lang vhdl -o C:/Motor-Simulator-main/Coefficients/FirFilter/calculateCoefficients/hls/syn/vhdl/firTop_sin_or_cos_float_s 
Execute       gen_rtl sin_or_cos<float> -style xilinx -f -lang vlog -o C:/Motor-Simulator-main/Coefficients/FirFilter/calculateCoefficients/hls/syn/verilog/firTop_sin_or_cos_float_s 
Execute       syn_report -csynth -model sin_or_cos<float> -o C:/Motor-Simulator-main/Coefficients/FirFilter/calculateCoefficients/hls/syn/report/sin_or_cos_float_s_csynth.rpt 
Execute         list_part -family xczu3eg-sfvc784-2-e 
Execute           ap_family_info -name xczu3eg-sfvc784-2-e -data names 
Execute           ap_part_info -quiet -name xczu3eg-sfvc784-2-e -data family 
Execute       syn_report -rtlxml -model sin_or_cos<float> -o C:/Motor-Simulator-main/Coefficients/FirFilter/calculateCoefficients/hls/syn/report/sin_or_cos_float_s_csynth.xml 
Execute         list_part -family xczu3eg-sfvc784-2-e 
Execute           ap_family_info -name xczu3eg-sfvc784-2-e -data names 
Execute           ap_part_info -quiet -name xczu3eg-sfvc784-2-e -data family 
Execute       syn_report -verbosereport -model sin_or_cos<float> -o C:/Motor-Simulator-main/Coefficients/FirFilter/calculateCoefficients/hls/.autopilot/db/sin_or_cos_float_s.verbose.rpt 
Execute         list_part -family xczu3eg-sfvc784-2-e 
Execute           ap_family_info -name xczu3eg-sfvc784-2-e -data names 
Execute           ap_part_info -quiet -name xczu3eg-sfvc784-2-e -data family 
Execute       db_write -model sin_or_cos<float> -f -o C:/Motor-Simulator-main/Coefficients/FirFilter/calculateCoefficients/hls/.autopilot/db/sin_or_cos_float_s.adb 
Execute       db_write -model sin_or_cos<float> -bindview -o C:/Motor-Simulator-main/Coefficients/FirFilter/calculateCoefficients/hls/.autopilot/db/design.bindinfo.xml 
Execute       gen_tb_info sin_or_cos<float> -p C:/Motor-Simulator-main/Coefficients/FirFilter/calculateCoefficients/hls/.autopilot/db -o C:/Motor-Simulator-main/Coefficients/FirFilter/calculateCoefficients/hls/.autopilot/db/sin_or_cos_float_s 
INFO: [HLS 200-10] ----------------------------------------------------------------
INFO: [HLS 200-10] -- Generating RTL for module 'firTop_Pipeline_VITIS_LOOP_82_1' 
INFO: [HLS 200-10] ----------------------------------------------------------------
Execute       create_rtl_model firTop_Pipeline_VITIS_LOOP_82_1 -top_prefix firTop_ -sub_prefix firTop_ -mg_file C:/Motor-Simulator-main/Coefficients/FirFilter/calculateCoefficients/hls/.autopilot/db/firTop_Pipeline_VITIS_LOOP_82_1.compgen.tcl 
INFO: [HLS 200-1030] Apply Unified Pipeline Control on module 'firTop_Pipeline_VITIS_LOOP_82_1' pipeline 'VITIS_LOOP_82_1' pipeline type 'loop pipeline'
INFO: [RTGEN 206-100] Generating core module 'dadddsub_64ns_64ns_64_5_full_dsp_1': 1 instance(s).
INFO: [RTGEN 206-100] Generating core module 'ddiv_64ns_64ns_64_22_no_dsp_1': 1 instance(s).
INFO: [RTGEN 206-100] Generating core module 'dmul_64ns_64ns_64_5_max_dsp_1': 2 instance(s).
INFO: [RTGEN 206-100] Generating core module 'fmul_32ns_32ns_32_3_max_dsp_1': 1 instance(s).
INFO: [RTGEN 206-100] Generating core module 'fpext_32ns_64_2_no_dsp_1': 1 instance(s).
INFO: [RTGEN 206-100] Generating core module 'fptrunc_64ns_32_2_no_dsp_1': 1 instance(s).
INFO: [RTGEN 206-100] Generating core module 'fsub_32ns_32ns_32_4_full_dsp_1': 1 instance(s).
INFO: [RTGEN 206-100] Generating core module 'sitodp_32ns_64_4_no_dsp_1': 1 instance(s).
INFO: [RTGEN 206-100] Finished creating RTL model for 'firTop_Pipeline_VITIS_LOOP_82_1'.
Command       create_rtl_model done; 1.386 sec.
INFO: [HLS 200-111] Finished Creating RTL model: CPU user time: 0 seconds. CPU system time: 0 seconds. Elapsed time: 1.66 seconds; current allocated memory: 345.941 MB.
Execute       source C:/Motor-Simulator-main/Coefficients/FirFilter/calculateCoefficients/hls/.autopilot/db/firTop.rtl_wrap.cfg.tcl 
Execute       gen_rtl firTop_Pipeline_VITIS_LOOP_82_1 -style xilinx -f -lang vhdl -o C:/Motor-Simulator-main/Coefficients/FirFilter/calculateCoefficients/hls/syn/vhdl/firTop_firTop_Pipeline_VITIS_LOOP_82_1 
Execute       gen_rtl firTop_Pipeline_VITIS_LOOP_82_1 -style xilinx -f -lang vlog -o C:/Motor-Simulator-main/Coefficients/FirFilter/calculateCoefficients/hls/syn/verilog/firTop_firTop_Pipeline_VITIS_LOOP_82_1 
Execute       syn_report -csynth -model firTop_Pipeline_VITIS_LOOP_82_1 -o C:/Motor-Simulator-main/Coefficients/FirFilter/calculateCoefficients/hls/syn/report/firTop_Pipeline_VITIS_LOOP_82_1_csynth.rpt 
Execute         list_part -family xczu3eg-sfvc784-2-e 
Execute           ap_family_info -name xczu3eg-sfvc784-2-e -data names 
Execute           ap_part_info -quiet -name xczu3eg-sfvc784-2-e -data family 
Execute       syn_report -rtlxml -model firTop_Pipeline_VITIS_LOOP_82_1 -o C:/Motor-Simulator-main/Coefficients/FirFilter/calculateCoefficients/hls/syn/report/firTop_Pipeline_VITIS_LOOP_82_1_csynth.xml 
Execute         list_part -family xczu3eg-sfvc784-2-e 
Execute           ap_family_info -name xczu3eg-sfvc784-2-e -data names 
Execute           ap_part_info -quiet -name xczu3eg-sfvc784-2-e -data family 
Execute       syn_report -verbosereport -model firTop_Pipeline_VITIS_LOOP_82_1 -o C:/Motor-Simulator-main/Coefficients/FirFilter/calculateCoefficients/hls/.autopilot/db/firTop_Pipeline_VITIS_LOOP_82_1.verbose.rpt 
Execute         list_part -family xczu3eg-sfvc784-2-e 
Execute           ap_family_info -name xczu3eg-sfvc784-2-e -data names 
Execute           ap_part_info -quiet -name xczu3eg-sfvc784-2-e -data family 
Execute       db_write -model firTop_Pipeline_VITIS_LOOP_82_1 -f -o C:/Motor-Simulator-main/Coefficients/FirFilter/calculateCoefficients/hls/.autopilot/db/firTop_Pipeline_VITIS_LOOP_82_1.adb 
Execute       db_write -model firTop_Pipeline_VITIS_LOOP_82_1 -bindview -o C:/Motor-Simulator-main/Coefficients/FirFilter/calculateCoefficients/hls/.autopilot/db/design.bindinfo.xml 
Execute       gen_tb_info firTop_Pipeline_VITIS_LOOP_82_1 -p C:/Motor-Simulator-main/Coefficients/FirFilter/calculateCoefficients/hls/.autopilot/db -o C:/Motor-Simulator-main/Coefficients/FirFilter/calculateCoefficients/hls/.autopilot/db/firTop_Pipeline_VITIS_LOOP_82_1 
INFO: [HLS 200-10] ----------------------------------------------------------------
INFO: [HLS 200-10] -- Generating RTL for module 'firTop_Pipeline_VITIS_LOOP_102_2' 
INFO: [HLS 200-10] ----------------------------------------------------------------
Execute       create_rtl_model firTop_Pipeline_VITIS_LOOP_102_2 -top_prefix firTop_ -sub_prefix firTop_ -mg_file C:/Motor-Simulator-main/Coefficients/FirFilter/calculateCoefficients/hls/.autopilot/db/firTop_Pipeline_VITIS_LOOP_102_2.compgen.tcl 
INFO: [HLS 200-1030] Apply Unified Pipeline Control on module 'firTop_Pipeline_VITIS_LOOP_102_2' pipeline 'VITIS_LOOP_102_2' pipeline type 'loop pipeline'
INFO: [RTGEN 206-100] Generating core module 'dadddsub_64ns_64ns_64_5_full_dsp_1': 1 instance(s).
INFO: [RTGEN 206-100] Finished creating RTL model for 'firTop_Pipeline_VITIS_LOOP_102_2'.
INFO: [HLS 200-111] Finished Creating RTL model: CPU user time: 0 seconds. CPU system time: 0 seconds. Elapsed time: 0.178 seconds; current allocated memory: 347.844 MB.
Execute       source C:/Motor-Simulator-main/Coefficients/FirFilter/calculateCoefficients/hls/.autopilot/db/firTop.rtl_wrap.cfg.tcl 
Execute       gen_rtl firTop_Pipeline_VITIS_LOOP_102_2 -style xilinx -f -lang vhdl -o C:/Motor-Simulator-main/Coefficients/FirFilter/calculateCoefficients/hls/syn/vhdl/firTop_firTop_Pipeline_VITIS_LOOP_102_2 
Execute       gen_rtl firTop_Pipeline_VITIS_LOOP_102_2 -style xilinx -f -lang vlog -o C:/Motor-Simulator-main/Coefficients/FirFilter/calculateCoefficients/hls/syn/verilog/firTop_firTop_Pipeline_VITIS_LOOP_102_2 
Execute       syn_report -csynth -model firTop_Pipeline_VITIS_LOOP_102_2 -o C:/Motor-Simulator-main/Coefficients/FirFilter/calculateCoefficients/hls/syn/report/firTop_Pipeline_VITIS_LOOP_102_2_csynth.rpt 
Execute         list_part -family xczu3eg-sfvc784-2-e 
Execute           ap_family_info -name xczu3eg-sfvc784-2-e -data names 
Execute           ap_part_info -quiet -name xczu3eg-sfvc784-2-e -data family 
Execute       syn_report -rtlxml -model firTop_Pipeline_VITIS_LOOP_102_2 -o C:/Motor-Simulator-main/Coefficients/FirFilter/calculateCoefficients/hls/syn/report/firTop_Pipeline_VITIS_LOOP_102_2_csynth.xml 
Execute         list_part -family xczu3eg-sfvc784-2-e 
Execute           ap_family_info -name xczu3eg-sfvc784-2-e -data names 
Execute           ap_part_info -quiet -name xczu3eg-sfvc784-2-e -data family 
Execute       syn_report -verbosereport -model firTop_Pipeline_VITIS_LOOP_102_2 -o C:/Motor-Simulator-main/Coefficients/FirFilter/calculateCoefficients/hls/.autopilot/db/firTop_Pipeline_VITIS_LOOP_102_2.verbose.rpt 
Execute         list_part -family xczu3eg-sfvc784-2-e 
Execute           ap_family_info -name xczu3eg-sfvc784-2-e -data names 
Execute           ap_part_info -quiet -name xczu3eg-sfvc784-2-e -data family 
Execute       db_write -model firTop_Pipeline_VITIS_LOOP_102_2 -f -o C:/Motor-Simulator-main/Coefficients/FirFilter/calculateCoefficients/hls/.autopilot/db/firTop_Pipeline_VITIS_LOOP_102_2.adb 
Execute       db_write -model firTop_Pipeline_VITIS_LOOP_102_2 -bindview -o C:/Motor-Simulator-main/Coefficients/FirFilter/calculateCoefficients/hls/.autopilot/db/design.bindinfo.xml 
Execute       gen_tb_info firTop_Pipeline_VITIS_LOOP_102_2 -p C:/Motor-Simulator-main/Coefficients/FirFilter/calculateCoefficients/hls/.autopilot/db -o C:/Motor-Simulator-main/Coefficients/FirFilter/calculateCoefficients/hls/.autopilot/db/firTop_Pipeline_VITIS_LOOP_102_2 
INFO: [HLS 200-10] ----------------------------------------------------------------
INFO: [HLS 200-10] -- Generating RTL for module 'firTop' 
INFO: [HLS 200-10] ----------------------------------------------------------------
Execute       create_rtl_model firTop -top_prefix  -sub_prefix firTop_ -mg_file C:/Motor-Simulator-main/Coefficients/FirFilter/calculateCoefficients/hls/.autopilot/db/firTop.compgen.tcl 
WARNING: [RTGEN 206-101] Design contains AXI ports. Reset is fixed to synchronous and active low.
INFO: [RTGEN 206-500] Setting interface mode on port 'firTop/gmem' to 'm_axi'.
INFO: [RTGEN 206-500] Setting interface mode on port 'firTop/in_stream_V_data_V' to 'axis' (register, both mode).
INFO: [RTGEN 206-500] Setting interface mode on port 'firTop/in_stream_V_keep_V' to 'axis' (register, both mode).
INFO: [RTGEN 206-500] Setting interface mode on port 'firTop/in_stream_V_strb_V' to 'axis' (register, both mode).
INFO: [RTGEN 206-500] Setting interface mode on port 'firTop/in_stream_V_user_V' to 'axis' (register, both mode).
INFO: [RTGEN 206-500] Setting interface mode on port 'firTop/in_stream_V_last_V' to 'axis' (register, both mode).
INFO: [RTGEN 206-500] Setting interface mode on port 'firTop/in_stream_V_id_V' to 'axis' (register, both mode).
INFO: [RTGEN 206-500] Setting interface mode on port 'firTop/in_stream_V_dest_V' to 'axis' (register, both mode).
INFO: [RTGEN 206-500] Setting interface mode on port 'firTop/out_stream_V_data_V' to 'axis' (register, both mode).
INFO: [RTGEN 206-500] Setting interface mode on port 'firTop/out_stream_V_keep_V' to 'axis' (register, both mode).
INFO: [RTGEN 206-500] Setting interface mode on port 'firTop/out_stream_V_strb_V' to 'axis' (register, both mode).
INFO: [RTGEN 206-500] Setting interface mode on port 'firTop/out_stream_V_user_V' to 'axis' (register, both mode).
INFO: [RTGEN 206-500] Setting interface mode on port 'firTop/out_stream_V_last_V' to 'axis' (register, both mode).
INFO: [RTGEN 206-500] Setting interface mode on port 'firTop/out_stream_V_id_V' to 'axis' (register, both mode).
INFO: [RTGEN 206-500] Setting interface mode on port 'firTop/out_stream_V_dest_V' to 'axis' (register, both mode).
INFO: [RTGEN 206-500] Setting interface mode on port 'firTop/bram' to 's_axilite & ap_none'.
INFO: [RTGEN 206-500] Setting interface mode on function 'firTop' to 's_axilite & ap_ctrl_none'.
INFO: [RTGEN 206-100] Bundling port 'bram' and 'return' to AXI-Lite port control.
INFO: [RTGEN 206-100] Generating core module 'dadddsub_64ns_64ns_64_5_full_dsp_1': 1 instance(s).
INFO: [RTGEN 206-100] Generating core module 'ddiv_64ns_64ns_64_22_no_dsp_1': 2 instance(s).
INFO: [RTGEN 206-100] Generating core module 'dmul_64ns_64ns_64_5_max_dsp_1': 2 instance(s).
INFO: [RTGEN 206-100] Generating core module 'sitodp_32ns_64_4_no_dsp_1': 2 instance(s).
INFO: [RTGEN 206-100] Finished creating RTL model for 'firTop'.
INFO: [RTMG 210-278] Implementing memory 'firTop_shift_reg_RAM_AUTO_1R1W' using auto RAMs.
INFO: [RTMG 210-278] Implementing memory 'firTop_taps_RAM_AUTO_1R1W' using auto RAMs.
Command       create_rtl_model done; 1.706 sec.
INFO: [HLS 200-111] Finished Creating RTL model: CPU user time: 0 seconds. CPU system time: 1 seconds. Elapsed time: 1.799 seconds; current allocated memory: 352.105 MB.
Execute       source C:/Motor-Simulator-main/Coefficients/FirFilter/calculateCoefficients/hls/.autopilot/db/firTop.rtl_wrap.cfg.tcl 
Execute       gen_rtl firTop -istop -style xilinx -f -lang vhdl -o C:/Motor-Simulator-main/Coefficients/FirFilter/calculateCoefficients/hls/syn/vhdl/firTop 
Execute       gen_rtl firTop -istop -style xilinx -f -lang vlog -o C:/Motor-Simulator-main/Coefficients/FirFilter/calculateCoefficients/hls/syn/verilog/firTop 
Execute       syn_report -csynth -model firTop -o C:/Motor-Simulator-main/Coefficients/FirFilter/calculateCoefficients/hls/syn/report/firTop_csynth.rpt 
Execute         list_part -family xczu3eg-sfvc784-2-e 
Execute           ap_family_info -name xczu3eg-sfvc784-2-e -data names 
Execute           ap_part_info -quiet -name xczu3eg-sfvc784-2-e -data family 
Execute       syn_report -rtlxml -model firTop -o C:/Motor-Simulator-main/Coefficients/FirFilter/calculateCoefficients/hls/syn/report/firTop_csynth.xml 
Execute         list_part -family xczu3eg-sfvc784-2-e 
Execute           ap_family_info -name xczu3eg-sfvc784-2-e -data names 
Execute           ap_part_info -quiet -name xczu3eg-sfvc784-2-e -data family 
Execute       syn_report -verbosereport -model firTop -o C:/Motor-Simulator-main/Coefficients/FirFilter/calculateCoefficients/hls/.autopilot/db/firTop.verbose.rpt 
Execute         list_part -family xczu3eg-sfvc784-2-e 
Execute           ap_family_info -name xczu3eg-sfvc784-2-e -data names 
Execute           ap_part_info -quiet -name xczu3eg-sfvc784-2-e -data family 
Execute       db_write -model firTop -f -o C:/Motor-Simulator-main/Coefficients/FirFilter/calculateCoefficients/hls/.autopilot/db/firTop.adb 
Execute       db_write -model firTop -bindview -o C:/Motor-Simulator-main/Coefficients/FirFilter/calculateCoefficients/hls/.autopilot/db/design.bindinfo.xml 
Execute       gen_tb_info firTop -p C:/Motor-Simulator-main/Coefficients/FirFilter/calculateCoefficients/hls/.autopilot/db -o C:/Motor-Simulator-main/Coefficients/FirFilter/calculateCoefficients/hls/.autopilot/db/firTop 
Execute       export_constraint_db -f -tool general -o C:/Motor-Simulator-main/Coefficients/FirFilter/calculateCoefficients/hls/.autopilot/db/firTop.constraint.tcl 
Execute       syn_report -designview -model firTop -o C:/Motor-Simulator-main/Coefficients/FirFilter/calculateCoefficients/hls/.autopilot/db/firTop.design.xml 
Execute       syn_report -csynthDesign -model firTop -o C:/Motor-Simulator-main/Coefficients/FirFilter/calculateCoefficients/hls/syn/report/csynth.rpt -MHOut C:/Motor-Simulator-main/Coefficients/FirFilter/calculateCoefficients/hls/.autopilot/db/kernel_module_hierarchy.tcl 
Execute         list_part -family xczu3eg-sfvc784-2-e 
Execute           ap_family_info -name xczu3eg-sfvc784-2-e -data names 
Execute           ap_part_info -quiet -name xczu3eg-sfvc784-2-e -data family 
Execute       syn_report -wcfg -model firTop -o C:/Motor-Simulator-main/Coefficients/FirFilter/calculateCoefficients/hls/.autopilot/db/firTop_dataflow_ana.wcfg 
Execute       syn_report -protoinst -model firTop -o C:/Motor-Simulator-main/Coefficients/FirFilter/calculateCoefficients/hls/.autopilot/db/firTop.protoinst 
Execute       sc_get_clocks firTop 
Execute       sc_get_portdomain firTop 
INFO-FLOW: Model list for RTL component generation: firTop_Pipeline_VITIS_LOOP_13_1 sin_or_cos<float> firTop_Pipeline_VITIS_LOOP_82_1 firTop_Pipeline_VITIS_LOOP_102_2 firTop
INFO-FLOW: Handling components in module [firTop_Pipeline_VITIS_LOOP_13_1] ... 
Execute       source C:/Motor-Simulator-main/Coefficients/FirFilter/calculateCoefficients/hls/.autopilot/db/firTop_Pipeline_VITIS_LOOP_13_1.compgen.tcl 
INFO-FLOW: Found component firTop_flow_control_loop_pipe_sequential_init.
INFO-FLOW: Append model firTop_flow_control_loop_pipe_sequential_init
INFO-FLOW: Handling components in module [sin_or_cos_float_s] ... 
Execute       source C:/Motor-Simulator-main/Coefficients/FirFilter/calculateCoefficients/hls/.autopilot/db/sin_or_cos_float_s.compgen.tcl 
INFO-FLOW: Found component firTop_mul_23s_22ns_45_1_0.
INFO-FLOW: Append model firTop_mul_23s_22ns_45_1_0
INFO-FLOW: Found component firTop_mul_30s_29ns_58_1_0.
INFO-FLOW: Append model firTop_mul_30s_29ns_58_1_0
INFO-FLOW: Found component firTop_mul_80s_24ns_80_1_0.
INFO-FLOW: Append model firTop_mul_80s_24ns_80_1_0
INFO-FLOW: Found component firTop_sparsemux_17_3_1_1_0.
INFO-FLOW: Append model firTop_sparsemux_17_3_1_1_0
INFO-FLOW: Found component firTop_sparsemux_33_4_1_1_0.
INFO-FLOW: Append model firTop_sparsemux_33_4_1_1_0
INFO-FLOW: Found component firTop_sparsemux_33_4_1_1_0.
INFO-FLOW: Append model firTop_sparsemux_33_4_1_1_0
INFO-FLOW: Found component firTop_mul_15ns_15ns_30_1_0.
INFO-FLOW: Append model firTop_mul_15ns_15ns_30_1_0
INFO-FLOW: Found component firTop_mul_15ns_15s_30_1_0.
INFO-FLOW: Append model firTop_mul_15ns_15s_30_1_0
INFO-FLOW: Found component firTop_sin_or_cos_float_s_ref_4oPi_table_100_ROM_1P_LUTRAM_1R.
INFO-FLOW: Append model firTop_sin_or_cos_float_s_ref_4oPi_table_100_ROM_1P_LUTRAM_1R
INFO-FLOW: Found component firTop_sin_or_cos_float_s_second_order_float_sin_cos_K0_ROM_1P_LUTRAM_1R.
INFO-FLOW: Append model firTop_sin_or_cos_float_s_second_order_float_sin_cos_K0_ROM_1P_LUTRAM_1R
INFO-FLOW: Found component firTop_sin_or_cos_float_s_second_order_float_sin_cos_K1_ROM_1P_LUTRAM_1R.
INFO-FLOW: Append model firTop_sin_or_cos_float_s_second_order_float_sin_cos_K1_ROM_1P_LUTRAM_1R
INFO-FLOW: Found component firTop_sin_or_cos_float_s_second_order_float_sin_cos_K2_ROM_1P_LUTRAM_1R.
INFO-FLOW: Append model firTop_sin_or_cos_float_s_second_order_float_sin_cos_K2_ROM_1P_LUTRAM_1R
INFO-FLOW: Handling components in module [firTop_Pipeline_VITIS_LOOP_82_1] ... 
Execute       source C:/Motor-Simulator-main/Coefficients/FirFilter/calculateCoefficients/hls/.autopilot/db/firTop_Pipeline_VITIS_LOOP_82_1.compgen.tcl 
INFO-FLOW: Found component firTop_fsub_32ns_32ns_32_4_full_dsp_1.
INFO-FLOW: Append model firTop_fsub_32ns_32ns_32_4_full_dsp_1
INFO-FLOW: Found component firTop_fmul_32ns_32ns_32_3_max_dsp_1.
INFO-FLOW: Append model firTop_fmul_32ns_32ns_32_3_max_dsp_1
INFO-FLOW: Found component firTop_fptrunc_64ns_32_2_no_dsp_1.
INFO-FLOW: Append model firTop_fptrunc_64ns_32_2_no_dsp_1
INFO-FLOW: Found component firTop_fpext_32ns_64_2_no_dsp_1.
INFO-FLOW: Append model firTop_fpext_32ns_64_2_no_dsp_1
INFO-FLOW: Found component firTop_flow_control_loop_pipe_sequential_init.
INFO-FLOW: Append model firTop_flow_control_loop_pipe_sequential_init
INFO-FLOW: Handling components in module [firTop_Pipeline_VITIS_LOOP_102_2] ... 
Execute       source C:/Motor-Simulator-main/Coefficients/FirFilter/calculateCoefficients/hls/.autopilot/db/firTop_Pipeline_VITIS_LOOP_102_2.compgen.tcl 
INFO-FLOW: Found component firTop_flow_control_loop_pipe_sequential_init.
INFO-FLOW: Append model firTop_flow_control_loop_pipe_sequential_init
INFO-FLOW: Handling components in module [firTop] ... 
Execute       source C:/Motor-Simulator-main/Coefficients/FirFilter/calculateCoefficients/hls/.autopilot/db/firTop.compgen.tcl 
INFO-FLOW: Found component firTop_dadddsub_64ns_64ns_64_5_full_dsp_1.
INFO-FLOW: Append model firTop_dadddsub_64ns_64ns_64_5_full_dsp_1
INFO-FLOW: Found component firTop_dmul_64ns_64ns_64_5_max_dsp_1.
INFO-FLOW: Append model firTop_dmul_64ns_64ns_64_5_max_dsp_1
INFO-FLOW: Found component firTop_dmul_64ns_64ns_64_5_max_dsp_1.
INFO-FLOW: Append model firTop_dmul_64ns_64ns_64_5_max_dsp_1
INFO-FLOW: Found component firTop_ddiv_64ns_64ns_64_22_no_dsp_1.
INFO-FLOW: Append model firTop_ddiv_64ns_64ns_64_22_no_dsp_1
INFO-FLOW: Found component firTop_sitodp_32ns_64_4_no_dsp_1.
INFO-FLOW: Append model firTop_sitodp_32ns_64_4_no_dsp_1
INFO-FLOW: Found component firTop_shift_reg_RAM_AUTO_1R1W.
INFO-FLOW: Append model firTop_shift_reg_RAM_AUTO_1R1W
INFO-FLOW: Found component firTop_taps_RAM_AUTO_1R1W.
INFO-FLOW: Append model firTop_taps_RAM_AUTO_1R1W
INFO-FLOW: Found component firTop_gmem_m_axi.
INFO-FLOW: Append model firTop_gmem_m_axi
INFO-FLOW: Found component firTop_control_s_axi.
INFO-FLOW: Append model firTop_control_s_axi
INFO-FLOW: Found component firTop_regslice_both.
INFO-FLOW: Append model firTop_regslice_both
INFO-FLOW: Found component firTop_regslice_both.
INFO-FLOW: Append model firTop_regslice_both
INFO-FLOW: Found component firTop_regslice_both.
INFO-FLOW: Append model firTop_regslice_both
INFO-FLOW: Found component firTop_regslice_both.
INFO-FLOW: Append model firTop_regslice_both
INFO-FLOW: Found component firTop_regslice_both.
INFO-FLOW: Append model firTop_regslice_both
INFO-FLOW: Found component firTop_regslice_both.
INFO-FLOW: Append model firTop_regslice_both
INFO-FLOW: Found component firTop_regslice_both.
INFO-FLOW: Append model firTop_regslice_both
INFO-FLOW: Found component firTop_regslice_both.
INFO-FLOW: Append model firTop_regslice_both
INFO-FLOW: Found component firTop_regslice_both.
INFO-FLOW: Append model firTop_regslice_both
INFO-FLOW: Found component firTop_regslice_both.
INFO-FLOW: Append model firTop_regslice_both
INFO-FLOW: Found component firTop_regslice_both.
INFO-FLOW: Append model firTop_regslice_both
INFO-FLOW: Found component firTop_regslice_both.
INFO-FLOW: Append model firTop_regslice_both
INFO-FLOW: Found component firTop_regslice_both.
INFO-FLOW: Append model firTop_regslice_both
INFO-FLOW: Found component firTop_regslice_both.
INFO-FLOW: Append model firTop_regslice_both
INFO-FLOW: Append model firTop_Pipeline_VITIS_LOOP_13_1
INFO-FLOW: Append model sin_or_cos_float_s
INFO-FLOW: Append model firTop_Pipeline_VITIS_LOOP_82_1
INFO-FLOW: Append model firTop_Pipeline_VITIS_LOOP_102_2
INFO-FLOW: Append model firTop
INFO-FLOW: Generating RTL model list ...
INFO-FLOW: All models in this session: firTop_flow_control_loop_pipe_sequential_init firTop_mul_23s_22ns_45_1_0 firTop_mul_30s_29ns_58_1_0 firTop_mul_80s_24ns_80_1_0 firTop_sparsemux_17_3_1_1_0 firTop_sparsemux_33_4_1_1_0 firTop_sparsemux_33_4_1_1_0 firTop_mul_15ns_15ns_30_1_0 firTop_mul_15ns_15s_30_1_0 firTop_sin_or_cos_float_s_ref_4oPi_table_100_ROM_1P_LUTRAM_1R firTop_sin_or_cos_float_s_second_order_float_sin_cos_K0_ROM_1P_LUTRAM_1R firTop_sin_or_cos_float_s_second_order_float_sin_cos_K1_ROM_1P_LUTRAM_1R firTop_sin_or_cos_float_s_second_order_float_sin_cos_K2_ROM_1P_LUTRAM_1R firTop_fsub_32ns_32ns_32_4_full_dsp_1 firTop_fmul_32ns_32ns_32_3_max_dsp_1 firTop_fptrunc_64ns_32_2_no_dsp_1 firTop_fpext_32ns_64_2_no_dsp_1 firTop_flow_control_loop_pipe_sequential_init firTop_flow_control_loop_pipe_sequential_init firTop_dadddsub_64ns_64ns_64_5_full_dsp_1 firTop_dmul_64ns_64ns_64_5_max_dsp_1 firTop_dmul_64ns_64ns_64_5_max_dsp_1 firTop_ddiv_64ns_64ns_64_22_no_dsp_1 firTop_sitodp_32ns_64_4_no_dsp_1 firTop_shift_reg_RAM_AUTO_1R1W firTop_taps_RAM_AUTO_1R1W firTop_gmem_m_axi firTop_control_s_axi firTop_regslice_both firTop_regslice_both firTop_regslice_both firTop_regslice_both firTop_regslice_both firTop_regslice_both firTop_regslice_both firTop_regslice_both firTop_regslice_both firTop_regslice_both firTop_regslice_both firTop_regslice_both firTop_regslice_both firTop_regslice_both firTop_Pipeline_VITIS_LOOP_13_1 sin_or_cos_float_s firTop_Pipeline_VITIS_LOOP_82_1 firTop_Pipeline_VITIS_LOOP_102_2 firTop
INFO-FLOW: Generating C:/Motor-Simulator-main/Coefficients/FirFilter/calculateCoefficients/hls/.autopilot/db/autopilot.rtl.models.txt file...
INFO-FLOW: To file: write model firTop_flow_control_loop_pipe_sequential_init
INFO-FLOW: To file: write model firTop_mul_23s_22ns_45_1_0
INFO-FLOW: To file: write model firTop_mul_30s_29ns_58_1_0
INFO-FLOW: To file: write model firTop_mul_80s_24ns_80_1_0
INFO-FLOW: To file: write model firTop_sparsemux_17_3_1_1_0
INFO-FLOW: To file: write model firTop_sparsemux_33_4_1_1_0
INFO-FLOW: To file: write model firTop_sparsemux_33_4_1_1_0
INFO-FLOW: To file: write model firTop_mul_15ns_15ns_30_1_0
INFO-FLOW: To file: write model firTop_mul_15ns_15s_30_1_0
INFO-FLOW: To file: write model firTop_sin_or_cos_float_s_ref_4oPi_table_100_ROM_1P_LUTRAM_1R
INFO-FLOW: To file: write model firTop_sin_or_cos_float_s_second_order_float_sin_cos_K0_ROM_1P_LUTRAM_1R
INFO-FLOW: To file: write model firTop_sin_or_cos_float_s_second_order_float_sin_cos_K1_ROM_1P_LUTRAM_1R
INFO-FLOW: To file: write model firTop_sin_or_cos_float_s_second_order_float_sin_cos_K2_ROM_1P_LUTRAM_1R
INFO-FLOW: To file: write model firTop_fsub_32ns_32ns_32_4_full_dsp_1
INFO-FLOW: To file: write model firTop_fmul_32ns_32ns_32_3_max_dsp_1
INFO-FLOW: To file: write model firTop_fptrunc_64ns_32_2_no_dsp_1
INFO-FLOW: To file: write model firTop_fpext_32ns_64_2_no_dsp_1
INFO-FLOW: To file: write model firTop_flow_control_loop_pipe_sequential_init
INFO-FLOW: To file: write model firTop_flow_control_loop_pipe_sequential_init
INFO-FLOW: To file: write model firTop_dadddsub_64ns_64ns_64_5_full_dsp_1
INFO-FLOW: To file: write model firTop_dmul_64ns_64ns_64_5_max_dsp_1
INFO-FLOW: To file: write model firTop_dmul_64ns_64ns_64_5_max_dsp_1
INFO-FLOW: To file: write model firTop_ddiv_64ns_64ns_64_22_no_dsp_1
INFO-FLOW: To file: write model firTop_sitodp_32ns_64_4_no_dsp_1
INFO-FLOW: To file: write model firTop_shift_reg_RAM_AUTO_1R1W
INFO-FLOW: To file: write model firTop_taps_RAM_AUTO_1R1W
INFO-FLOW: To file: write model firTop_gmem_m_axi
INFO-FLOW: To file: write model firTop_control_s_axi
INFO-FLOW: To file: write model firTop_regslice_both
INFO-FLOW: To file: write model firTop_regslice_both
INFO-FLOW: To file: write model firTop_regslice_both
INFO-FLOW: To file: write model firTop_regslice_both
INFO-FLOW: To file: write model firTop_regslice_both
INFO-FLOW: To file: write model firTop_regslice_both
INFO-FLOW: To file: write model firTop_regslice_both
INFO-FLOW: To file: write model firTop_regslice_both
INFO-FLOW: To file: write model firTop_regslice_both
INFO-FLOW: To file: write model firTop_regslice_both
INFO-FLOW: To file: write model firTop_regslice_both
INFO-FLOW: To file: write model firTop_regslice_both
INFO-FLOW: To file: write model firTop_regslice_both
INFO-FLOW: To file: write model firTop_regslice_both
INFO-FLOW: To file: write model firTop_Pipeline_VITIS_LOOP_13_1
INFO-FLOW: To file: write model sin_or_cos_float_s
INFO-FLOW: To file: write model firTop_Pipeline_VITIS_LOOP_82_1
INFO-FLOW: To file: write model firTop_Pipeline_VITIS_LOOP_102_2
INFO-FLOW: To file: write model firTop
INFO-FLOW: Generating C:/Motor-Simulator-main/Coefficients/FirFilter/calculateCoefficients/hls/.autopilot/db/autopilot.rtl.models.tcl file...
INFO-FLOW: Finished generating RTL model list.


INFO-FLOW: RTL Generation done.
INFO-FLOW: CAS Generation done.
INFO-FLOW: CBC Generation done.
INFO-FLOW: DBG:PROC: ::AESL_AUTOMG::auto_generate_csynth_design
INFO-FLOW: DBG:PUTS: read_platform_lib C:/Motor-Simulator-main/Coefficients/FirFilter/calculateCoefficients/hls/.autopilot/db/global.setting.tcl
Execute       source C:/Xilinx/Vitis_HLS/2024.1/common/technology/generic/autopilot/common.gen 
Execute         source C:/Xilinx/Vitis_HLS/2024.1/common/technology/generic/autopilot/APCoreGen.gen 
Execute       source C:/Xilinx/Vitis_HLS/2024.1/common/technology/generic/autopilot/op.gen 
Execute       source C:/Xilinx/Vitis_HLS/2024.1/common/technology/generic/autopilot/op_simcore.gen 
Execute       source C:/Xilinx/Vitis_HLS/2024.1/common/technology/generic/autopilot/interface.gen 
Execute       source C:/Motor-Simulator-main/Coefficients/FirFilter/calculateCoefficients/hls/.autopilot/db/global.setting.tcl 
Execute       source C:/Xilinx/Vitis_HLS/2024.1/common/technology/xilinx/common/xilinx.gen 
Execute         source C:/Xilinx/Vitis_HLS/2024.1/common/technology/xilinx/interface/plb46.gen 
Execute         source C:/Xilinx/Vitis_HLS/2024.1/common/technology/xilinx/interface/axi4.gen 
Execute         source C:/Xilinx/Vitis_HLS/2024.1/common/technology/xilinx/interface/nativeAXI4.gen 
Execute           source C:/Xilinx/Vitis_HLS/2024.1/common/technology/xilinx/interface/saxilite.gen 
Execute         source C:/Xilinx/Vitis_HLS/2024.1/common/technology/xilinx/scripts/xilinxcoregen.gen 
Execute         source C:/Xilinx/Vitis_HLS/2024.1/common/technology/xilinx/interface/XilEDKCoreGen.gen 
Execute         source C:/Xilinx/Vitis_HLS/2024.1/common/technology/xilinx/ip/dds_compiler.gen 
Execute         source C:/Xilinx/Vitis_HLS/2024.1/common/technology/xilinx/ip/util.gen 
Execute         source C:/Xilinx/Vitis_HLS/2024.1/common/technology/xilinx/ip/xfft.gen 
Execute         source C:/Xilinx/Vitis_HLS/2024.1/common/technology/xilinx/ip/xfir.gen 
Execute         source C:/Xilinx/Vitis_HLS/2024.1/common/technology/xilinx/DSP48/dsp48.gen 
INFO-FLOW: DBG:PUTS:   using AESL_AUTOCG::g_clock_period=10.000 (was NA)
INFO-FLOW: DBG:PROC: ::AESL_AUTOMG::generate_ip_cores gen_sim_model='1' gen_fp_models='0' gen_for_export='0' dstSCDir='' dstVhdlDir='C:/Motor-Simulator-main/Coefficients/FirFilter/calculateCoefficients/hls/.autopilot/db/vhdl' dstVlogDir='C:/Motor-Simulator-main/Coefficients/FirFilter/calculateCoefficients/hls/.autopilot/db/vlog' tclDir='C:/Motor-Simulator-main/Coefficients/FirFilter/calculateCoefficients/hls/.autopilot/db' modelList='firTop_flow_control_loop_pipe_sequential_init
firTop_mul_23s_22ns_45_1_0
firTop_mul_30s_29ns_58_1_0
firTop_mul_80s_24ns_80_1_0
firTop_sparsemux_17_3_1_1_0
firTop_sparsemux_33_4_1_1_0
firTop_sparsemux_33_4_1_1_0
firTop_mul_15ns_15ns_30_1_0
firTop_mul_15ns_15s_30_1_0
firTop_sin_or_cos_float_s_ref_4oPi_table_100_ROM_1P_LUTRAM_1R
firTop_sin_or_cos_float_s_second_order_float_sin_cos_K0_ROM_1P_LUTRAM_1R
firTop_sin_or_cos_float_s_second_order_float_sin_cos_K1_ROM_1P_LUTRAM_1R
firTop_sin_or_cos_float_s_second_order_float_sin_cos_K2_ROM_1P_LUTRAM_1R
firTop_fsub_32ns_32ns_32_4_full_dsp_1
firTop_fmul_32ns_32ns_32_3_max_dsp_1
firTop_fptrunc_64ns_32_2_no_dsp_1
firTop_fpext_32ns_64_2_no_dsp_1
firTop_flow_control_loop_pipe_sequential_init
firTop_flow_control_loop_pipe_sequential_init
firTop_dadddsub_64ns_64ns_64_5_full_dsp_1
firTop_dmul_64ns_64ns_64_5_max_dsp_1
firTop_dmul_64ns_64ns_64_5_max_dsp_1
firTop_ddiv_64ns_64ns_64_22_no_dsp_1
firTop_sitodp_32ns_64_4_no_dsp_1
firTop_shift_reg_RAM_AUTO_1R1W
firTop_taps_RAM_AUTO_1R1W
firTop_gmem_m_axi
firTop_control_s_axi
firTop_regslice_both
firTop_regslice_both
firTop_regslice_both
firTop_regslice_both
firTop_regslice_both
firTop_regslice_both
firTop_regslice_both
firTop_regslice_both
firTop_regslice_both
firTop_regslice_both
firTop_regslice_both
firTop_regslice_both
firTop_regslice_both
firTop_regslice_both
firTop_Pipeline_VITIS_LOOP_13_1
sin_or_cos_float_s
firTop_Pipeline_VITIS_LOOP_82_1
firTop_Pipeline_VITIS_LOOP_102_2
firTop
' expOnly='0'
Execute       source C:/Motor-Simulator-main/Coefficients/FirFilter/calculateCoefficients/hls/.autopilot/db/global.setting.tcl 
Execute       ap_part_info -name xczu3eg-sfvc784-2-e -data names -quiet 
Execute       ap_part_info -name xczu3eg-sfvc784-2-e -data info -quiet 
Execute       source C:/Motor-Simulator-main/Coefficients/FirFilter/calculateCoefficients/hls/.autopilot/db/global.setting.tcl 
Execute       source C:/Motor-Simulator-main/Coefficients/FirFilter/calculateCoefficients/hls/.autopilot/db/global.setting.tcl 
Execute       source C:/Motor-Simulator-main/Coefficients/FirFilter/calculateCoefficients/hls/.autopilot/db/firTop_Pipeline_VITIS_LOOP_13_1.compgen.tcl 
Execute       source C:/Motor-Simulator-main/Coefficients/FirFilter/calculateCoefficients/hls/.autopilot/db/sin_or_cos_float_s.compgen.tcl 
Execute       source C:/Motor-Simulator-main/Coefficients/FirFilter/calculateCoefficients/hls/.autopilot/db/firTop_Pipeline_VITIS_LOOP_82_1.compgen.tcl 
Execute       source C:/Motor-Simulator-main/Coefficients/FirFilter/calculateCoefficients/hls/.autopilot/db/firTop_Pipeline_VITIS_LOOP_102_2.compgen.tcl 
Execute       source C:/Motor-Simulator-main/Coefficients/FirFilter/calculateCoefficients/hls/.autopilot/db/firTop.compgen.tcl 
Execute         source ./control.slave.tcl 
INFO: [HLS 200-111] Finished Generating all RTL models: CPU user time: 1 seconds. CPU system time: 0 seconds. Elapsed time: 0.829 seconds; current allocated memory: 356.949 MB.
INFO-FLOW: DBG:PROC: ::HLSREPORTS::create_csynth_xml bind_info_var='bind_info' RtlSubPrefix='firTop_' outfile=''
INFO-FLOW: Running: create_csynth_xml read xml data
INFO-FLOW: Done: create_csynth_xml read xml data time: 0 seconds per iteration
INFO-FLOW: Running: create_csynth_xml bind info
INFO-FLOW: Done: create_csynth_xml bind info time: 0 seconds per iteration
INFO-FLOW: Running: create_csynth_xml config info
INFO-FLOW: Done: create_csynth_xml config info time: 0.3 seconds per iteration
INFO-FLOW: Running: create_csynth_xml write xml
INFO-FLOW: Done: create_csynth_xml write xml time: 0 seconds per iteration
INFO-FLOW: DBG:PUTS:      create_csynth_xml wrote csynth_xml=C:/Motor-Simulator-main/Coefficients/FirFilter/calculateCoefficients/hls/syn/report/csynth.xml
INFO-FLOW: DBG:PROC: ::AP::DESIGN_DATA::generate_json generate_bd_files='0' generate_xo_files='0' modelList='firTop_flow_control_loop_pipe_sequential_init
firTop_mul_23s_22ns_45_1_0
firTop_mul_30s_29ns_58_1_0
firTop_mul_80s_24ns_80_1_0
firTop_sparsemux_17_3_1_1_0
firTop_sparsemux_33_4_1_1_0
firTop_sparsemux_33_4_1_1_0
firTop_mul_15ns_15ns_30_1_0
firTop_mul_15ns_15s_30_1_0
firTop_sin_or_cos_float_s_ref_4oPi_table_100_ROM_1P_LUTRAM_1R
firTop_sin_or_cos_float_s_second_order_float_sin_cos_K0_ROM_1P_LUTRAM_1R
firTop_sin_or_cos_float_s_second_order_float_sin_cos_K1_ROM_1P_LUTRAM_1R
firTop_sin_or_cos_float_s_second_order_float_sin_cos_K2_ROM_1P_LUTRAM_1R
firTop_fsub_32ns_32ns_32_4_full_dsp_1
firTop_fmul_32ns_32ns_32_3_max_dsp_1
firTop_fptrunc_64ns_32_2_no_dsp_1
firTop_fpext_32ns_64_2_no_dsp_1
firTop_flow_control_loop_pipe_sequential_init
firTop_flow_control_loop_pipe_sequential_init
firTop_dadddsub_64ns_64ns_64_5_full_dsp_1
firTop_dmul_64ns_64ns_64_5_max_dsp_1
firTop_dmul_64ns_64ns_64_5_max_dsp_1
firTop_ddiv_64ns_64ns_64_22_no_dsp_1
firTop_sitodp_32ns_64_4_no_dsp_1
firTop_shift_reg_RAM_AUTO_1R1W
firTop_taps_RAM_AUTO_1R1W
firTop_gmem_m_axi
firTop_control_s_axi
firTop_regslice_both
firTop_regslice_both
firTop_regslice_both
firTop_regslice_both
firTop_regslice_both
firTop_regslice_both
firTop_regslice_both
firTop_regslice_both
firTop_regslice_both
firTop_regslice_both
firTop_regslice_both
firTop_regslice_both
firTop_regslice_both
firTop_regslice_both
firTop_Pipeline_VITIS_LOOP_13_1
sin_or_cos_float_s
firTop_Pipeline_VITIS_LOOP_82_1
firTop_Pipeline_VITIS_LOOP_102_2
firTop
' rtl_lang='both' bootstrap_tcl='false' outdir='' outfilename=''
Execute       source C:/Motor-Simulator-main/Coefficients/FirFilter/calculateCoefficients/hls/.autopilot/db/global.setting.tcl 
Execute       source C:/Motor-Simulator-main/Coefficients/FirFilter/calculateCoefficients/hls/.autopilot/db/global.setting.tcl 
Execute       source C:/Motor-Simulator-main/Coefficients/FirFilter/calculateCoefficients/hls/.autopilot/db/top-io-be.tcl 
Execute       source C:/Motor-Simulator-main/Coefficients/FirFilter/calculateCoefficients/hls/.autopilot/db/firTop.tbgen.tcl 
Execute       source C:/Motor-Simulator-main/Coefficients/FirFilter/calculateCoefficients/hls/.autopilot/db/firTop.compgen.dataonly.tcl 
Execute       source C:/Motor-Simulator-main/Coefficients/FirFilter/calculateCoefficients/hls/.autopilot/db/firTop.compgen.dataonly.tcl 
Execute       source C:/Motor-Simulator-main/Coefficients/FirFilter/calculateCoefficients/hls/.autopilot/db/firTop.rtl_wrap.cfg.tcl 
Execute       source C:/Motor-Simulator-main/Coefficients/FirFilter/calculateCoefficients/hls/.autopilot/db/firTop.compgen.dataonly.tcl 
Execute       source C:/Motor-Simulator-main/Coefficients/FirFilter/calculateCoefficients/hls/.autopilot/db/firTop_Pipeline_VITIS_LOOP_13_1.tbgen.tcl 
Execute       source C:/Motor-Simulator-main/Coefficients/FirFilter/calculateCoefficients/hls/.autopilot/db/sin_or_cos_float_s.tbgen.tcl 
Execute       source C:/Motor-Simulator-main/Coefficients/FirFilter/calculateCoefficients/hls/.autopilot/db/firTop_Pipeline_VITIS_LOOP_82_1.tbgen.tcl 
Execute       source C:/Motor-Simulator-main/Coefficients/FirFilter/calculateCoefficients/hls/.autopilot/db/firTop_Pipeline_VITIS_LOOP_102_2.tbgen.tcl 
Execute       source C:/Motor-Simulator-main/Coefficients/FirFilter/calculateCoefficients/hls/.autopilot/db/firTop.tbgen.tcl 
Execute       source C:/Motor-Simulator-main/Coefficients/FirFilter/calculateCoefficients/hls/.autopilot/db/global.setting.tcl 
Execute       ap_part_info -name xczu3eg-sfvc784-2-e -data names -quiet 
Execute       ap_part_info -name xczu3eg-sfvc784-2-e -data info -quiet 
Execute       source C:/Motor-Simulator-main/Coefficients/FirFilter/calculateCoefficients/hls/.autopilot/db/firTop.constraint.tcl 
Execute       sc_get_clocks firTop 
Execute       source C:/Motor-Simulator-main/Coefficients/FirFilter/calculateCoefficients/hls/.autopilot/db/global.setting.tcl 
Execute       source C:/Motor-Simulator-main/Coefficients/FirFilter/calculateCoefficients/hls/impl/misc/firTop_dadddsub_64ns_64ns_64_5_full_dsp_1_ip.tcl 
Execute       source C:/Motor-Simulator-main/Coefficients/FirFilter/calculateCoefficients/hls/impl/misc/firTop_ddiv_64ns_64ns_64_22_no_dsp_1_ip.tcl 
Execute       source C:/Motor-Simulator-main/Coefficients/FirFilter/calculateCoefficients/hls/impl/misc/firTop_dmul_64ns_64ns_64_5_max_dsp_1_ip.tcl 
Execute       source C:/Motor-Simulator-main/Coefficients/FirFilter/calculateCoefficients/hls/impl/misc/firTop_fmul_32ns_32ns_32_3_max_dsp_1_ip.tcl 
Execute       source C:/Motor-Simulator-main/Coefficients/FirFilter/calculateCoefficients/hls/impl/misc/firTop_fpext_32ns_64_2_no_dsp_1_ip.tcl 
Execute       source C:/Motor-Simulator-main/Coefficients/FirFilter/calculateCoefficients/hls/impl/misc/firTop_fptrunc_64ns_32_2_no_dsp_1_ip.tcl 
Execute       source C:/Motor-Simulator-main/Coefficients/FirFilter/calculateCoefficients/hls/impl/misc/firTop_fsub_32ns_32ns_32_4_full_dsp_1_ip.tcl 
Execute       source C:/Motor-Simulator-main/Coefficients/FirFilter/calculateCoefficients/hls/impl/misc/firTop_sitodp_32ns_64_4_no_dsp_1_ip.tcl 
INFO-FLOW: DBG:PROC: ::HLSREPORTS::add_csynth_report_sections bind_info_dict='adapter_nodes {{BINDTYPE adapter ID {} IMPL {} LATENCY {} OPTYPE {} PRAGMA {} RTLNAME control_s_axi_U SOURCE {} VARIABLE {} LOOP {} BUNDLEDNAME control DSP 0 BRAM 0 URAM 0 STORAGESUBTYPE s_axilite STORAGESIZE {} STORAGEUSAGE interface DISPNAME {bind_adapter }} {BINDTYPE adapter ID {} IMPL {} LATENCY {} OPTYPE {} PRAGMA {} RTLNAME gmem_m_axi_U SOURCE {} VARIABLE {} LOOP {} BUNDLEDNAME gmem DSP 0 BRAM 4 URAM 0 STORAGESUBTYPE m_axi STORAGESIZE {} STORAGEUSAGE interface DISPNAME {bind_adapter }}} cache_nodes {} report_dict {TOPINST firTop MODULE2INSTS {firTop firTop firTop_Pipeline_VITIS_LOOP_13_1 grp_firTop_Pipeline_VITIS_LOOP_13_1_fu_366 firTop_Pipeline_VITIS_LOOP_82_1 grp_firTop_Pipeline_VITIS_LOOP_82_1_fu_377 sin_or_cos_float_s grp_sin_or_cos_float_s_fu_140 firTop_Pipeline_VITIS_LOOP_102_2 grp_firTop_Pipeline_VITIS_LOOP_102_2_fu_397} INST2MODULE {firTop firTop grp_firTop_Pipeline_VITIS_LOOP_13_1_fu_366 firTop_Pipeline_VITIS_LOOP_13_1 grp_firTop_Pipeline_VITIS_LOOP_82_1_fu_377 firTop_Pipeline_VITIS_LOOP_82_1 grp_sin_or_cos_float_s_fu_140 sin_or_cos_float_s grp_firTop_Pipeline_VITIS_LOOP_102_2_fu_397 firTop_Pipeline_VITIS_LOOP_102_2} INSTDATA {firTop {DEPTH 1 CHILDREN {grp_firTop_Pipeline_VITIS_LOOP_13_1_fu_366 grp_firTop_Pipeline_VITIS_LOOP_82_1_fu_377 grp_firTop_Pipeline_VITIS_LOOP_102_2_fu_397}} grp_firTop_Pipeline_VITIS_LOOP_13_1_fu_366 {DEPTH 2 CHILDREN {}} grp_firTop_Pipeline_VITIS_LOOP_82_1_fu_377 {DEPTH 2 CHILDREN grp_sin_or_cos_float_s_fu_140} grp_sin_or_cos_float_s_fu_140 {DEPTH 3 CHILDREN {}} grp_firTop_Pipeline_VITIS_LOOP_102_2_fu_397 {DEPTH 2 CHILDREN {}}} MODULEDATA {firTop_Pipeline_VITIS_LOOP_13_1 {BINDINFO {{BINDTYPE op ID {} IMPL auto LATENCY 0 OPTYPE seteq PRAGMA {} RTLNAME icmp_ln13_fu_131_p2 SOURCE Coefficients.cpp:13 VARIABLE icmp_ln13 LOOP VITIS_LOOP_13_1 BUNDLEDNAME {} DSP 0 BRAM 0 URAM 0 STORAGESUBTYPE {} DISPNAME {bind_op seteq} VISIBLE false} {BINDTYPE op ID {} IMPL fabric LATENCY 0 OPTYPE add PRAGMA {} RTLNAME add_ln13_fu_137_p2 SOURCE Coefficients.cpp:13 VARIABLE add_ln13 LOOP VITIS_LOOP_13_1 BUNDLEDNAME {} DSP 0 BRAM 0 URAM 0 STORAGESUBTYPE {} DISPNAME {bind_op add} VISIBLE true}} AREA {DSP 0 BRAM 0 URAM 0}} sin_or_cos_float_s {BINDINFO {{BINDTYPE op ID {} IMPL auto LATENCY 0 OPTYPE setlt PRAGMA {} RTLNAME closepath_fu_322_p2 SOURCE {C:\scratch\2024.1\hls_product\545\2024.1\src\shared\hls\clib/hlsmath/include/FloatingPoint/hls_range_redux.h:451} VARIABLE closepath LOOP {} BUNDLEDNAME {} DSP 0 BRAM 0 URAM 0 STORAGESUBTYPE {} DISPNAME {bind_op setlt} VISIBLE false} {BINDTYPE op ID {} IMPL fabric LATENCY 0 OPTYPE add PRAGMA {} RTLNAME Ex_fu_417_p2 SOURCE {C:\scratch\2024.1\hls_product\545\2024.1\src\shared\hls\clib/hlsmath/include/FloatingPoint/hls_range_redux.h:454} VARIABLE Ex LOOP {} BUNDLEDNAME {} DSP 0 BRAM 0 URAM 0 STORAGESUBTYPE {} DISPNAME {bind_op add} VISIBLE true} {BINDTYPE op ID {} IMPL auto_sel LATENCY 0 OPTYPE select PRAGMA {} RTLNAME select_ln453_fu_422_p3 SOURCE {C:\scratch\2024.1\hls_product\545\2024.1\src\shared\hls\clib/hlsmath/include/FloatingPoint/hls_range_redux.h:453} VARIABLE select_ln453 LOOP {} BUNDLEDNAME {} DSP 0 BRAM 0 URAM 0 STORAGESUBTYPE {} DISPNAME {bind_op select} VISIBLE false} {BINDTYPE op ID {} IMPL fabric LATENCY 0 OPTYPE add PRAGMA {} RTLNAME add_ln376_fu_328_p2 SOURCE {C:\scratch\2024.1\hls_product\545\2024.1\src\shared\hls\clib/hlsmath/include/FloatingPoint/hls_range_redux.h:376} VARIABLE add_ln376 LOOP {} BUNDLEDNAME {} DSP 0 BRAM 0 URAM 0 STORAGESUBTYPE {} DISPNAME {bind_op add} VISIBLE true} {BINDTYPE op ID {} IMPL auto_sel LATENCY 0 OPTYPE select PRAGMA {} RTLNAME addr_fu_334_p3 SOURCE {C:\scratch\2024.1\hls_product\545\2024.1\src\shared\hls\clib/hlsmath/include/FloatingPoint/hls_range_redux.h:376} VARIABLE addr LOOP {} BUNDLEDNAME {} DSP 0 BRAM 0 URAM 0 STORAGESUBTYPE {} DISPNAME {bind_op select} VISIBLE false} {BINDTYPE op ID {} IMPL auto_pipe LATENCY 0 OPTYPE shl PRAGMA {} RTLNAME shl_ln379_fu_364_p2 SOURCE {C:\scratch\2024.1\hls_product\545\2024.1\src\shared\hls\clib/hlsmath/include/FloatingPoint/hls_range_redux.h:379} VARIABLE shl_ln379 LOOP {} BUNDLEDNAME {} DSP 0 BRAM 0 URAM 0 STORAGESUBTYPE {} DISPNAME {bind_op shl} VISIBLE false} {BINDTYPE op ID {} IMPL auto LATENCY 0 OPTYPE mul PRAGMA {} RTLNAME mul_80s_24ns_80_1_0_U9 SOURCE {C:\scratch\2024.1\hls_product\545\2024.1\src\shared\hls\clib/hlsmath/include/FloatingPoint/hls_range_redux.h:468} VARIABLE h LOOP {} BUNDLEDNAME {} DSP 5 BRAM 0 URAM 0 STORAGESUBTYPE {} DISPNAME {bind_op mul} VISIBLE true} {BINDTYPE op ID {} IMPL auto_sel LATENCY 0 OPTYPE select PRAGMA {} RTLNAME k_1_fu_429_p3 SOURCE {C:\scratch\2024.1\hls_product\545\2024.1\src\shared\hls\clib/hlsmath/include/FloatingPoint/hls_range_redux.h:451} VARIABLE k_1 LOOP {} BUNDLEDNAME {} DSP 0 BRAM 0 URAM 0 STORAGESUBTYPE {} DISPNAME {bind_op select} VISIBLE false} {BINDTYPE op ID {} IMPL fabric LATENCY 0 OPTYPE sub PRAGMA {} RTLNAME Mx_bits_1_fu_439_p2 SOURCE {C:\scratch\2024.1\hls_product\545\2024.1\src\shared\hls\clib/hlsmath/include/FloatingPoint/hls_range_redux.h:492} VARIABLE Mx_bits_1 LOOP {} BUNDLEDNAME {} DSP 0 BRAM 0 URAM 0 STORAGESUBTYPE {} DISPNAME {bind_op sub} VISIBLE true} {BINDTYPE op ID {} IMPL auto_sel LATENCY 0 OPTYPE select PRAGMA {} RTLNAME Mx_bits_2_fu_444_p3 SOURCE {C:\scratch\2024.1\hls_product\545\2024.1\src\shared\hls\clib/hlsmath/include/FloatingPoint/hls_range_redux.h:491} VARIABLE Mx_bits_2 LOOP {} BUNDLEDNAME {} DSP 0 BRAM 0 URAM 0 STORAGESUBTYPE {} DISPNAME {bind_op select} VISIBLE false} {BINDTYPE op ID {} IMPL auto LATENCY 0 OPTYPE cttz PRAGMA {} RTLNAME tmp_1_fu_491_p3 SOURCE {C:\scratch\2024.1\hls_product\545\2024.1\src\shared\hls\clib/hlsmath/include/FloatingPoint/hls_normalize.h:75} VARIABLE tmp_1 LOOP {} BUNDLEDNAME {} DSP 0 BRAM 0 URAM 0 STORAGESUBTYPE {} DISPNAME {bind_op cttz} VISIBLE false} {BINDTYPE op ID {} IMPL auto_pipe LATENCY 0 OPTYPE shl PRAGMA {} RTLNAME shl_ln504_fu_507_p2 SOURCE {C:\scratch\2024.1\hls_product\545\2024.1\src\shared\hls\clib/hlsmath/include/FloatingPoint/hls_range_redux.h:504} VARIABLE shl_ln504 LOOP {} BUNDLEDNAME {} DSP 0 BRAM 0 URAM 0 STORAGESUBTYPE {} DISPNAME {bind_op shl} VISIBLE false} {BINDTYPE op ID {} IMPL fabric LATENCY 0 OPTYPE sub PRAGMA {} RTLNAME Ex_1_fu_527_p2 SOURCE {C:\scratch\2024.1\hls_product\545\2024.1\src\shared\hls\clib/hlsmath/include/FloatingPoint/hls_range_redux.h:505} VARIABLE Ex_1 LOOP {} BUNDLEDNAME {} DSP 0 BRAM 0 URAM 0 STORAGESUBTYPE {} DISPNAME {bind_op sub} VISIBLE true} {BINDTYPE op ID {} IMPL fabric LATENCY 0 OPTYPE sub PRAGMA {} RTLNAME sub_ln506_fu_541_p2 SOURCE {C:\scratch\2024.1\hls_product\545\2024.1\src\shared\hls\clib/hlsmath/include/FloatingPoint/hls_range_redux.h:506} VARIABLE sub_ln506 LOOP {} BUNDLEDNAME {} DSP 0 BRAM 0 URAM 0 STORAGESUBTYPE {} DISPNAME {bind_op sub} VISIBLE true} {BINDTYPE op ID {} IMPL auto_sel LATENCY 0 OPTYPE select PRAGMA {} RTLNAME select_ln506_fu_547_p3 SOURCE {C:\scratch\2024.1\hls_product\545\2024.1\src\shared\hls\clib/hlsmath/include/FloatingPoint/hls_range_redux.h:506} VARIABLE select_ln506 LOOP {} BUNDLEDNAME {} DSP 0 BRAM 0 URAM 0 STORAGESUBTYPE {} DISPNAME {bind_op select} VISIBLE false} {BINDTYPE op ID {} IMPL auto_pipe LATENCY 0 OPTYPE lshr PRAGMA {} RTLNAME lshr_ln506_fu_563_p2 SOURCE {C:\scratch\2024.1\hls_product\545\2024.1\src\shared\hls\clib/hlsmath/include/FloatingPoint/hls_range_redux.h:506} VARIABLE lshr_ln506 LOOP {} BUNDLEDNAME {} DSP 0 BRAM 0 URAM 0 STORAGESUBTYPE {} DISPNAME {bind_op lshr} VISIBLE false} {BINDTYPE op ID {} IMPL auto_pipe LATENCY 0 OPTYPE shl PRAGMA {} RTLNAME shl_ln506_fu_569_p2 SOURCE {C:\scratch\2024.1\hls_product\545\2024.1\src\shared\hls\clib/hlsmath/include/FloatingPoint/hls_range_redux.h:506} VARIABLE shl_ln506 LOOP {} BUNDLEDNAME {} DSP 0 BRAM 0 URAM 0 STORAGESUBTYPE {} DISPNAME {bind_op shl} VISIBLE false} {BINDTYPE op ID {} IMPL auto_sel LATENCY 0 OPTYPE select PRAGMA {} RTLNAME select_ln506_1_fu_575_p3 SOURCE {C:\scratch\2024.1\hls_product\545\2024.1\src\shared\hls\clib/hlsmath/include/FloatingPoint/hls_range_redux.h:506} VARIABLE select_ln506_1 LOOP {} BUNDLEDNAME {} DSP 0 BRAM 0 URAM 0 STORAGESUBTYPE {} DISPNAME {bind_op select} VISIBLE false} {BINDTYPE op ID {} IMPL auto LATENCY 0 OPTYPE sparsemux PRAGMA {} RTLNAME sparsemux_17_3_1_1_0_U10 SOURCE {C:\scratch\2024.1\hls_product\545\2024.1\src\shared\hls\clib/hlsmath/include/FloatingPoint\hls_hotbm.h:242} VARIABLE tmp_3 LOOP {} BUNDLEDNAME {} DSP 0 BRAM 0 URAM 0 STORAGESUBTYPE {} DISPNAME {bind_op sparsemux} VISIBLE false} {BINDTYPE op ID {} IMPL auto LATENCY 0 OPTYPE xor PRAGMA {} RTLNAME xor_ln242_fu_627_p2 SOURCE {C:\scratch\2024.1\hls_product\545\2024.1\src\shared\hls\clib/hlsmath/include/FloatingPoint\hls_hotbm.h:242} VARIABLE xor_ln242 LOOP {} BUNDLEDNAME {} DSP 0 BRAM 0 URAM 0 STORAGESUBTYPE {} DISPNAME {bind_op xor} VISIBLE false} {BINDTYPE op ID {} IMPL auto_sel LATENCY 0 OPTYPE select PRAGMA {} RTLNAME cos_basis_fu_633_p3 SOURCE {C:\scratch\2024.1\hls_product\545\2024.1\src\shared\hls\clib/hlsmath/include/FloatingPoint\hls_hotbm.h:242} VARIABLE cos_basis LOOP {} BUNDLEDNAME {} DSP 0 BRAM 0 URAM 0 STORAGESUBTYPE {} DISPNAME {bind_op select} VISIBLE false} {BINDTYPE op ID {} IMPL auto_sel LATENCY 0 OPTYPE select PRAGMA {} RTLNAME Mx_1_fu_886_p3 SOURCE {C:\scratch\2024.1\hls_product\545\2024.1\src\shared\hls\clib/hlsmath/include/FloatingPoint\hls_hotbm.h:243} VARIABLE Mx_1 LOOP {} BUNDLEDNAME {} DSP 0 BRAM 0 URAM 0 STORAGESUBTYPE {} DISPNAME {bind_op select} VISIBLE false} {BINDTYPE op ID {} IMPL auto_sel LATENCY 0 OPTYPE select PRAGMA {} RTLNAME Ex_2_fu_988_p3 SOURCE {C:\scratch\2024.1\hls_product\545\2024.1\src\shared\hls\clib/hlsmath/include/FloatingPoint\hls_hotbm.h:243} VARIABLE Ex_2 LOOP {} BUNDLEDNAME {} DSP 0 BRAM 0 URAM 0 STORAGESUBTYPE {} DISPNAME {bind_op select} VISIBLE false} {BINDTYPE op ID {} IMPL auto LATENCY 0 OPTYPE mul PRAGMA {} RTLNAME mul_15ns_15ns_30_1_0_U13 SOURCE {C:\scratch\2024.1\hls_product\545\2024.1\src\shared\hls\clib\hlsmath\src\common\hls_hotbm_float.cpp:23} VARIABLE mul_ln23 LOOP {} BUNDLEDNAME {} DSP 1 BRAM 0 URAM 0 STORAGESUBTYPE {} DISPNAME {bind_op mul} VISIBLE true} {BINDTYPE op ID {} IMPL auto_sel LATENCY 0 OPTYPE select PRAGMA {} RTLNAME sin_basis_fu_660_p3 SOURCE {C:\scratch\2024.1\hls_product\545\2024.1\src\shared\hls\clib\hlsmath\src\common\hls_hotbm_float.cpp:25} VARIABLE sin_basis LOOP {} BUNDLEDNAME {} DSP 0 BRAM 0 URAM 0 STORAGESUBTYPE {} DISPNAME {bind_op select} VISIBLE false} {BINDTYPE op ID {} IMPL auto LATENCY 0 OPTYPE mul PRAGMA {} RTLNAME mul_23s_22ns_45_1_0_U7 SOURCE {C:\scratch\2024.1\hls_product\545\2024.1\src\shared\hls\clib\hlsmath\src\common\hls_hotbm_float.cpp:29} VARIABLE mul_ln29 LOOP {} BUNDLEDNAME {} DSP 2 BRAM 0 URAM 0 STORAGESUBTYPE {} DISPNAME {bind_op mul} VISIBLE true} {BINDTYPE op ID {} IMPL auto LATENCY 0 OPTYPE mul PRAGMA {} RTLNAME mul_15ns_15s_30_1_0_U14 SOURCE {C:\scratch\2024.1\hls_product\545\2024.1\src\shared\hls\clib\hlsmath\src\common\hls_hotbm_float.cpp:30} VARIABLE mul_ln30 LOOP {} BUNDLEDNAME {} DSP 1 BRAM 0 URAM 0 STORAGESUBTYPE {} DISPNAME {bind_op mul} VISIBLE true} {BINDTYPE op ID {} IMPL auto LATENCY 0 OPTYPE mul PRAGMA {} RTLNAME mul_30s_29ns_58_1_0_U8 SOURCE {C:\scratch\2024.1\hls_product\545\2024.1\src\shared\hls\clib\hlsmath\src\common\hls_hotbm_float.cpp:32} VARIABLE mul_ln32 LOOP {} BUNDLEDNAME {} DSP 4 BRAM 0 URAM 0 STORAGESUBTYPE {} DISPNAME {bind_op mul} VISIBLE true} {BINDTYPE op ID {} IMPL auto LATENCY 0 OPTYPE cttz PRAGMA {} RTLNAME c_fu_1062_p3 SOURCE {C:\scratch\2024.1\hls_product\545\2024.1\src\shared\hls\clib/hlsmath/include/FloatingPoint/hls_normalize.h:81} VARIABLE c LOOP {} BUNDLEDNAME {} DSP 0 BRAM 0 URAM 0 STORAGESUBTYPE {} DISPNAME {bind_op cttz} VISIBLE false} {BINDTYPE op ID {} IMPL auto LATENCY 0 OPTYPE cttz PRAGMA {} RTLNAME c_1_fu_1080_p3 SOURCE {C:\scratch\2024.1\hls_product\545\2024.1\src\shared\hls\clib/hlsmath/include/FloatingPoint/hls_normalize.h:81} VARIABLE c_1 LOOP {} BUNDLEDNAME {} DSP 0 BRAM 0 URAM 0 STORAGESUBTYPE {} DISPNAME {bind_op cttz} VISIBLE false} {BINDTYPE op ID {} IMPL auto_pipe LATENCY 0 OPTYPE shl PRAGMA {} RTLNAME shl_ln291_fu_1092_p2 SOURCE {C:\scratch\2024.1\hls_product\545\2024.1\src\shared\hls\clib/src/hls\utils/x_hls_float_utils.h:291} VARIABLE shl_ln291 LOOP {} BUNDLEDNAME {} DSP 0 BRAM 0 URAM 0 STORAGESUBTYPE {} DISPNAME {bind_op shl} VISIBLE false} {BINDTYPE op ID {} IMPL auto LATENCY 0 OPTYPE seteq PRAGMA {} RTLNAME icmp_ln292_fu_1102_p2 SOURCE {C:\scratch\2024.1\hls_product\545\2024.1\src\shared\hls\clib/src/hls\utils/x_hls_float_utils.h:292} VARIABLE icmp_ln292 LOOP {} BUNDLEDNAME {} DSP 0 BRAM 0 URAM 0 STORAGESUBTYPE {} DISPNAME {bind_op seteq} VISIBLE false} {BINDTYPE op ID {} IMPL fabric LATENCY 0 OPTYPE add PRAGMA {} RTLNAME shift_1_fu_1108_p2 SOURCE {C:\scratch\2024.1\hls_product\545\2024.1\src\shared\hls\clib/src/hls\utils/x_hls_float_utils.h:290} VARIABLE shift_1 LOOP {} BUNDLEDNAME {} DSP 0 BRAM 0 URAM 0 STORAGESUBTYPE {} DISPNAME {bind_op add} VISIBLE true} {BINDTYPE op ID {} IMPL auto_pipe LATENCY 0 OPTYPE shl PRAGMA {} RTLNAME shl_ln291_1_fu_1118_p2 SOURCE {C:\scratch\2024.1\hls_product\545\2024.1\src\shared\hls\clib/src/hls\utils/x_hls_float_utils.h:291} VARIABLE shl_ln291_1 LOOP {} BUNDLEDNAME {} DSP 0 BRAM 0 URAM 0 STORAGESUBTYPE {} DISPNAME {bind_op shl} VISIBLE false} {BINDTYPE op ID {} IMPL auto_sel LATENCY 0 OPTYPE select PRAGMA {} RTLNAME shift_2_fu_1124_p3 SOURCE {C:\scratch\2024.1\hls_product\545\2024.1\src\shared\hls\clib/src/hls\utils/x_hls_float_utils.h:292} VARIABLE shift_2 LOOP {} BUNDLEDNAME {} DSP 0 BRAM 0 URAM 0 STORAGESUBTYPE {} DISPNAME {bind_op select} VISIBLE false} {BINDTYPE op ID {} IMPL fabric LATENCY 0 OPTYPE add PRAGMA {} RTLNAME add_ln300_fu_1132_p2 SOURCE {C:\scratch\2024.1\hls_product\545\2024.1\src\shared\hls\clib/src/hls\utils/x_hls_float_utils.h:300} VARIABLE add_ln300 LOOP {} BUNDLEDNAME {} DSP 0 BRAM 0 URAM 0 STORAGESUBTYPE {} DISPNAME {bind_op add} VISIBLE true} {BINDTYPE op ID {} IMPL fabric LATENCY 0 OPTYPE sub PRAGMA {} RTLNAME newexp_fu_1142_p2 SOURCE {C:\scratch\2024.1\hls_product\545\2024.1\src\shared\hls\clib/src/hls\utils/x_hls_float_utils.h:300} VARIABLE newexp LOOP {} BUNDLEDNAME {} DSP 0 BRAM 0 URAM 0 STORAGESUBTYPE {} DISPNAME {bind_op sub} VISIBLE true} {BINDTYPE op ID {} IMPL auto LATENCY 0 OPTYPE seteq PRAGMA {} RTLNAME icmp_ln306_fu_1156_p2 SOURCE {C:\scratch\2024.1\hls_product\545\2024.1\src\shared\hls\clib/src/hls\utils/x_hls_float_utils.h:306} VARIABLE icmp_ln306 LOOP {} BUNDLEDNAME {} DSP 0 BRAM 0 URAM 0 STORAGESUBTYPE {} DISPNAME {bind_op seteq} VISIBLE false} {BINDTYPE op ID {} IMPL auto LATENCY 0 OPTYPE or PRAGMA {} RTLNAME or_ln306_fu_1162_p2 SOURCE {C:\scratch\2024.1\hls_product\545\2024.1\src\shared\hls\clib/src/hls\utils/x_hls_float_utils.h:306} VARIABLE or_ln306 LOOP {} BUNDLEDNAME {} DSP 0 BRAM 0 URAM 0 STORAGESUBTYPE {} DISPNAME {bind_op or} VISIBLE false} {BINDTYPE op ID {} IMPL auto_sel LATENCY 0 OPTYPE select PRAGMA {} RTLNAME empty_43_fu_1192_p3 SOURCE {C:\scratch\2024.1\hls_product\545\2024.1\src\shared\hls\clib/src/hls\utils/x_hls_float_utils.h:292} VARIABLE empty_43 LOOP {} BUNDLEDNAME {} DSP 0 BRAM 0 URAM 0 STORAGESUBTYPE {} DISPNAME {bind_op select} VISIBLE false} {BINDTYPE op ID {} IMPL auto LATENCY 0 OPTYPE sparsemux PRAGMA {} RTLNAME sparsemux_33_4_1_1_0_U11 SOURCE {C:\scratch\2024.1\hls_product\545\2024.1\src\shared\hls\clib/hlsmath/include/FloatingPoint\hls_hotbm.h:267} VARIABLE tmp_12 LOOP {} BUNDLEDNAME {} DSP 0 BRAM 0 URAM 0 STORAGESUBTYPE {} DISPNAME {bind_op sparsemux} VISIBLE false} {BINDTYPE op ID {} IMPL auto LATENCY 0 OPTYPE sparsemux PRAGMA {} RTLNAME sparsemux_33_4_1_1_0_U12 SOURCE {C:\scratch\2024.1\hls_product\545\2024.1\src\shared\hls\clib/hlsmath/include/FloatingPoint\hls_hotbm.h:267} VARIABLE tmp_13 LOOP {} BUNDLEDNAME {} DSP 0 BRAM 0 URAM 0 STORAGESUBTYPE {} DISPNAME {bind_op sparsemux} VISIBLE false} {BINDTYPE op ID {} IMPL auto_sel LATENCY 0 OPTYPE select PRAGMA {} RTLNAME results_sign_fu_833_p3 SOURCE {C:\scratch\2024.1\hls_product\545\2024.1\src\shared\hls\clib/hlsmath/include/FloatingPoint\hls_hotbm.h:242} VARIABLE results_sign LOOP {} BUNDLEDNAME {} DSP 0 BRAM 0 URAM 0 STORAGESUBTYPE {} DISPNAME {bind_op select} VISIBLE false} {BINDTYPE op ID {} IMPL auto LATENCY 0 OPTYPE seteq PRAGMA {} RTLNAME icmp_ln271_fu_841_p2 SOURCE {C:\scratch\2024.1\hls_product\545\2024.1\src\shared\hls\clib/hlsmath/include/FloatingPoint\hls_hotbm.h:271} VARIABLE icmp_ln271 LOOP {} BUNDLEDNAME {} DSP 0 BRAM 0 URAM 0 STORAGESUBTYPE {} DISPNAME {bind_op seteq} VISIBLE false} {BINDTYPE op ID {} IMPL auto LATENCY 0 OPTYPE seteq PRAGMA {} RTLNAME icmp_ln271_1_fu_412_p2 SOURCE {C:\scratch\2024.1\hls_product\545\2024.1\src\shared\hls\clib/hlsmath/include/FloatingPoint\hls_hotbm.h:271} VARIABLE icmp_ln271_1 LOOP {} BUNDLEDNAME {} DSP 0 BRAM 0 URAM 0 STORAGESUBTYPE {} DISPNAME {bind_op seteq} VISIBLE false} {BINDTYPE op ID {} IMPL auto LATENCY 0 OPTYPE and PRAGMA {} RTLNAME and_ln271_fu_846_p2 SOURCE {C:\scratch\2024.1\hls_product\545\2024.1\src\shared\hls\clib/hlsmath/include/FloatingPoint\hls_hotbm.h:271} VARIABLE and_ln271 LOOP {} BUNDLEDNAME {} DSP 0 BRAM 0 URAM 0 STORAGESUBTYPE {} DISPNAME {bind_op and} VISIBLE false} {BINDTYPE op ID {} IMPL auto LATENCY 0 OPTYPE xor PRAGMA {} RTLNAME xor_ln278_fu_851_p2 SOURCE {C:\scratch\2024.1\hls_product\545\2024.1\src\shared\hls\clib/hlsmath/include/FloatingPoint\hls_hotbm.h:278} VARIABLE xor_ln278 LOOP {} BUNDLEDNAME {} DSP 0 BRAM 0 URAM 0 STORAGESUBTYPE {} DISPNAME {bind_op xor} VISIBLE false} {BINDTYPE op ID {} IMPL auto LATENCY 0 OPTYPE and PRAGMA {} RTLNAME results_sign_2_fu_856_p2 SOURCE {C:\scratch\2024.1\hls_product\545\2024.1\src\shared\hls\clib/hlsmath/include/FloatingPoint\hls_hotbm.h:278} VARIABLE results_sign_2 LOOP {} BUNDLEDNAME {} DSP 0 BRAM 0 URAM 0 STORAGESUBTYPE {} DISPNAME {bind_op and} VISIBLE false} {BINDTYPE op ID {} IMPL auto_sel LATENCY 0 OPTYPE select PRAGMA {} RTLNAME select_ln259_fu_1200_p3 SOURCE {C:\scratch\2024.1\hls_product\545\2024.1\src\shared\hls\clib/hlsmath/include/FloatingPoint\hls_hotbm.h:259} VARIABLE select_ln259 LOOP {} BUNDLEDNAME {} DSP 0 BRAM 0 URAM 0 STORAGESUBTYPE {} DISPNAME {bind_op select} VISIBLE false} {BINDTYPE op ID {} IMPL auto LATENCY 0 OPTYPE seteq PRAGMA {} RTLNAME icmp_ln282_fu_861_p2 SOURCE {C:\scratch\2024.1\hls_product\545\2024.1\src\shared\hls\clib/hlsmath/include/FloatingPoint\hls_hotbm.h:282} VARIABLE icmp_ln282 LOOP {} BUNDLEDNAME {} DSP 0 BRAM 0 URAM 0 STORAGESUBTYPE {} DISPNAME {bind_op seteq} VISIBLE false} {BINDTYPE op ID {} IMPL auto LATENCY 0 OPTYPE xor PRAGMA {} RTLNAME xor_ln282_fu_866_p2 SOURCE {C:\scratch\2024.1\hls_product\545\2024.1\src\shared\hls\clib/hlsmath/include/FloatingPoint\hls_hotbm.h:282} VARIABLE xor_ln282 LOOP {} BUNDLEDNAME {} DSP 0 BRAM 0 URAM 0 STORAGESUBTYPE {} DISPNAME {bind_op xor} VISIBLE false} {BINDTYPE op ID {} IMPL auto LATENCY 0 OPTYPE and PRAGMA {} RTLNAME results_sign_4_fu_872_p2 SOURCE {C:\scratch\2024.1\hls_product\545\2024.1\src\shared\hls\clib/hlsmath/include/FloatingPoint\hls_hotbm.h:282} VARIABLE results_sign_4 LOOP {} BUNDLEDNAME {} DSP 0 BRAM 0 URAM 0 STORAGESUBTYPE {} DISPNAME {bind_op and} VISIBLE false} {BINDTYPE op ID {} IMPL auto_sel LATENCY 0 OPTYPE select PRAGMA {} RTLNAME select_ln282_fu_1207_p3 SOURCE {C:\scratch\2024.1\hls_product\545\2024.1\src\shared\hls\clib/hlsmath/include/FloatingPoint\hls_hotbm.h:282} VARIABLE select_ln282 LOOP {} BUNDLEDNAME {} DSP 0 BRAM 0 URAM 0 STORAGESUBTYPE {} DISPNAME {bind_op select} VISIBLE false} {BINDTYPE op ID {} IMPL auto LATENCY 0 OPTYPE or PRAGMA {} RTLNAME or_ln282_fu_1214_p2 SOURCE {C:\scratch\2024.1\hls_product\545\2024.1\src\shared\hls\clib/hlsmath/include/FloatingPoint\hls_hotbm.h:282} VARIABLE or_ln282 LOOP {} BUNDLEDNAME {} DSP 0 BRAM 0 URAM 0 STORAGESUBTYPE {} DISPNAME {bind_op or} VISIBLE false} {BINDTYPE op ID {} IMPL auto_sel LATENCY 0 OPTYPE select PRAGMA {} RTLNAME results_exp_fu_1219_p3 SOURCE {C:\scratch\2024.1\hls_product\545\2024.1\src\shared\hls\clib/hlsmath/include/FloatingPoint\hls_hotbm.h:282} VARIABLE results_exp LOOP {} BUNDLEDNAME {} DSP 0 BRAM 0 URAM 0 STORAGESUBTYPE {} DISPNAME {bind_op select} VISIBLE false} {BINDTYPE op ID {} IMPL auto_sel LATENCY 0 OPTYPE select PRAGMA {} RTLNAME select_ln282_2_fu_1227_p3 SOURCE {C:\scratch\2024.1\hls_product\545\2024.1\src\shared\hls\clib/hlsmath/include/FloatingPoint\hls_hotbm.h:282} VARIABLE select_ln282_2 LOOP {} BUNDLEDNAME {} DSP 0 BRAM 0 URAM 0 STORAGESUBTYPE {} DISPNAME {bind_op select} VISIBLE false} {BINDTYPE op ID {} IMPL auto_sel LATENCY 0 OPTYPE select PRAGMA {} RTLNAME results_sig_fu_1234_p3 SOURCE {C:\scratch\2024.1\hls_product\545\2024.1\src\shared\hls\clib/hlsmath/include/FloatingPoint\hls_hotbm.h:282} VARIABLE results_sig LOOP {} BUNDLEDNAME {} DSP 0 BRAM 0 URAM 0 STORAGESUBTYPE {} DISPNAME {bind_op select} VISIBLE false} {BINDTYPE op ID {} IMPL auto_sel LATENCY 0 OPTYPE select PRAGMA {} RTLNAME results_sign_3_fu_878_p3 SOURCE {C:\scratch\2024.1\hls_product\545\2024.1\src\shared\hls\clib/hlsmath/include/FloatingPoint\hls_hotbm.h:271} VARIABLE results_sign_3 LOOP {} BUNDLEDNAME {} DSP 0 BRAM 0 URAM 0 STORAGESUBTYPE {} DISPNAME {bind_op select} VISIBLE false} {BINDTYPE op ID {} IMPL auto_sel LATENCY 0 OPTYPE select PRAGMA {} RTLNAME results_exp_1_fu_1242_p3 SOURCE {C:\scratch\2024.1\hls_product\545\2024.1\src\shared\hls\clib/hlsmath/include/FloatingPoint\hls_hotbm.h:271} VARIABLE results_exp_1 LOOP {} BUNDLEDNAME {} DSP 0 BRAM 0 URAM 0 STORAGESUBTYPE {} DISPNAME {bind_op select} VISIBLE false} {BINDTYPE op ID {} IMPL auto_sel LATENCY 0 OPTYPE select PRAGMA {} RTLNAME results_sig_1_fu_1249_p3 SOURCE {C:\scratch\2024.1\hls_product\545\2024.1\src\shared\hls\clib/hlsmath/include/FloatingPoint\hls_hotbm.h:271} VARIABLE results_sig_1 LOOP {} BUNDLEDNAME {} DSP 0 BRAM 0 URAM 0 STORAGESUBTYPE {} DISPNAME {bind_op select} VISIBLE false} {BINDTYPE storage ID {} IMPL lutram LATENCY 1 OPTYPE rom_1p PRAGMA pragma RTLNAME ref_4oPi_table_100_U SOURCE {} VARIABLE ref_4oPi_table_100 LOOP {} BUNDLEDNAME {} DSP 0 BRAM 0 URAM 0 STORAGESUBTYPE {} STORAGESIZE {100 13 1} STORAGEUSAGE rom_1p DISPNAME {bind_storage rom_1p} VISIBLE true} {BINDTYPE storage ID {} IMPL lutram LATENCY 1 OPTYPE rom_1p PRAGMA pragma RTLNAME second_order_float_sin_cos_K0_U SOURCE {} VARIABLE second_order_float_sin_cos_K0 LOOP {} BUNDLEDNAME {} DSP 0 BRAM 0 URAM 0 STORAGESUBTYPE {} STORAGESIZE {30 256 1} STORAGEUSAGE rom_1p DISPNAME {bind_storage rom_1p} VISIBLE true} {BINDTYPE storage ID {} IMPL lutram LATENCY 1 OPTYPE rom_1p PRAGMA pragma RTLNAME second_order_float_sin_cos_K1_U SOURCE {} VARIABLE second_order_float_sin_cos_K1 LOOP {} BUNDLEDNAME {} DSP 0 BRAM 0 URAM 0 STORAGESUBTYPE {} STORAGESIZE {23 256 1} STORAGEUSAGE rom_1p DISPNAME {bind_storage rom_1p} VISIBLE true} {BINDTYPE storage ID {} IMPL lutram LATENCY 1 OPTYPE rom_1p PRAGMA pragma RTLNAME second_order_float_sin_cos_K2_U SOURCE {} VARIABLE second_order_float_sin_cos_K2 LOOP {} BUNDLEDNAME {} DSP 0 BRAM 0 URAM 0 STORAGESUBTYPE {} STORAGESIZE {15 256 1} STORAGEUSAGE rom_1p DISPNAME {bind_storage rom_1p} VISIBLE true}} AREA {DSP 13 BRAM 0 URAM 0}} firTop_Pipeline_VITIS_LOOP_82_1 {BINDINFO {{BINDTYPE op ID {} IMPL auto LATENCY 0 OPTYPE setlt PRAGMA {} RTLNAME icmp_ln82_fu_213_p2 SOURCE Coefficients.cpp:82 VARIABLE icmp_ln82 LOOP VITIS_LOOP_82_1 BUNDLEDNAME {} DSP 0 BRAM 0 URAM 0 STORAGESUBTYPE {} DISPNAME {bind_op setlt} VISIBLE false} {BINDTYPE op ID {} IMPL fabric LATENCY 0 OPTYPE add PRAGMA {} RTLNAME add_ln82_fu_231_p2 SOURCE Coefficients.cpp:82 VARIABLE add_ln82 LOOP VITIS_LOOP_82_1 BUNDLEDNAME {} DSP 0 BRAM 0 URAM 0 STORAGESUBTYPE {} DISPNAME {bind_op add} VISIBLE true} {BINDTYPE op ID {} IMPL fabric LATENCY 0 OPTYPE sub PRAGMA {} RTLNAME sub_ln88_fu_219_p2 SOURCE Coefficients.cpp:88 VARIABLE sub_ln88 LOOP VITIS_LOOP_82_1 BUNDLEDNAME {} DSP 0 BRAM 0 URAM 0 STORAGESUBTYPE {} DISPNAME {bind_op sub} VISIBLE true} {BINDTYPE op ID {} IMPL auto LATENCY 0 OPTYPE seteq PRAGMA {} RTLNAME icmp_ln88_fu_225_p2 SOURCE Coefficients.cpp:88 VARIABLE icmp_ln88 LOOP VITIS_LOOP_82_1 BUNDLEDNAME {} DSP 0 BRAM 0 URAM 0 STORAGESUBTYPE {} DISPNAME {bind_op seteq} VISIBLE false} {BINDTYPE op ID {} IMPL auto LATENCY 1 OPTYPE fptrunc PRAGMA {} RTLNAME fptrunc_64ns_32_2_no_dsp_1_U31 SOURCE Coefficients.cpp:91 VARIABLE x_assign LOOP VITIS_LOOP_82_1 BUNDLEDNAME {} DSP 0 BRAM 0 URAM 0 STORAGESUBTYPE {} DISPNAME {bind_op fptrunc} VISIBLE false} {BINDTYPE op ID {} IMPL auto LATENCY 1 OPTYPE fptrunc PRAGMA {} RTLNAME fptrunc_64ns_32_2_no_dsp_1_U31 SOURCE Coefficients.cpp:91 VARIABLE x_assign_1 LOOP VITIS_LOOP_82_1 BUNDLEDNAME {} DSP 0 BRAM 0 URAM 0 STORAGESUBTYPE {} DISPNAME {bind_op fptrunc} VISIBLE false} {BINDTYPE op ID {} IMPL fulldsp LATENCY 3 OPTYPE fsub PRAGMA {} RTLNAME fsub_32ns_32ns_32_4_full_dsp_1_U29 SOURCE Coefficients.cpp:91 VARIABLE sub18_i LOOP VITIS_LOOP_82_1 BUNDLEDNAME {} DSP 2 BRAM 0 URAM 0 STORAGESUBTYPE {} DISPNAME {bind_op fsub} VISIBLE true} {BINDTYPE op ID {} IMPL auto LATENCY 1 OPTYPE fpext PRAGMA {} RTLNAME fpext_32ns_64_2_no_dsp_1_U32 SOURCE Coefficients.cpp:91 VARIABLE conv19_i LOOP VITIS_LOOP_82_1 BUNDLEDNAME {} DSP 0 BRAM 0 URAM 0 STORAGESUBTYPE {} DISPNAME {bind_op fpext} VISIBLE false} {BINDTYPE op ID {} IMPL auto LATENCY 1 OPTYPE fptrunc PRAGMA {} RTLNAME fptrunc_64ns_32_2_no_dsp_1_U31 SOURCE Coefficients.cpp:94 VARIABLE x_assign_2 LOOP VITIS_LOOP_82_1 BUNDLEDNAME {} DSP 0 BRAM 0 URAM 0 STORAGESUBTYPE {} DISPNAME {bind_op fptrunc} VISIBLE false} {BINDTYPE op ID {} IMPL maxdsp LATENCY 2 OPTYPE fmul PRAGMA {} RTLNAME fmul_32ns_32ns_32_3_max_dsp_1_U30 SOURCE Coefficients.cpp:94 VARIABLE mul30_i LOOP VITIS_LOOP_82_1 BUNDLEDNAME {} DSP 3 BRAM 0 URAM 0 STORAGESUBTYPE {} DISPNAME {bind_op fmul} VISIBLE true} {BINDTYPE op ID {} IMPL fulldsp LATENCY 3 OPTYPE fsub PRAGMA {} RTLNAME fsub_32ns_32ns_32_4_full_dsp_1_U29 SOURCE Coefficients.cpp:94 VARIABLE sub31_i LOOP VITIS_LOOP_82_1 BUNDLEDNAME {} DSP 2 BRAM 0 URAM 0 STORAGESUBTYPE {} DISPNAME {bind_op fsub} VISIBLE true} {BINDTYPE op ID {} IMPL auto LATENCY 1 OPTYPE fpext PRAGMA {} RTLNAME fpext_32ns_64_2_no_dsp_1_U32 SOURCE Coefficients.cpp:94 VARIABLE w LOOP VITIS_LOOP_82_1 BUNDLEDNAME {} DSP 0 BRAM 0 URAM 0 STORAGESUBTYPE {} DISPNAME {bind_op fpext} VISIBLE false}} AREA {DSP 18 BRAM 0 URAM 0}} firTop_Pipeline_VITIS_LOOP_102_2 {BINDINFO {{BINDTYPE op ID {} IMPL auto LATENCY 0 OPTYPE setlt PRAGMA {} RTLNAME icmp_ln102_fu_85_p2 SOURCE Coefficients.cpp:102 VARIABLE icmp_ln102 LOOP VITIS_LOOP_102_2 BUNDLEDNAME {} DSP 0 BRAM 0 URAM 0 STORAGESUBTYPE {} DISPNAME {bind_op setlt} VISIBLE false} {BINDTYPE op ID {} IMPL fabric LATENCY 0 OPTYPE add PRAGMA {} RTLNAME add_ln102_fu_91_p2 SOURCE Coefficients.cpp:102 VARIABLE add_ln102 LOOP VITIS_LOOP_102_2 BUNDLEDNAME {} DSP 0 BRAM 0 URAM 0 STORAGESUBTYPE {} DISPNAME {bind_op add} VISIBLE true}} AREA {DSP 0 BRAM 0 URAM 0}} firTop {BINDINFO {{BINDTYPE op ID {} IMPL s_axilite LATENCY 0 OPTYPE adapter PRAGMA {} RTLNAME dadddsub_64ns_64ns_64_5_full_dsp_1_U54 SOURCE {} VARIABLE bram_read LOOP {} BUNDLEDNAME {} DSP 0 BRAM 0 URAM 0 STORAGESUBTYPE {} DISPNAME {bind_op adapter} VISIBLE false} {BINDTYPE storage ID {} IMPL auto LATENCY 1 OPTYPE ram_s2p PRAGMA {} RTLNAME taps_U SOURCE Coefficients.cpp:11 VARIABLE taps LOOP {} BUNDLEDNAME {} DSP 0 BRAM 4 URAM 0 STORAGESUBTYPE {} STORAGESIZE {64 100 1} STORAGEUSAGE {ram_s2p array} DISPNAME {bind_storage ram_s2p} VISIBLE true} {BINDTYPE op ID {} IMPL fabric LATENCY 0 OPTYPE add PRAGMA {} RTLNAME add_ln15_fu_474_p2 SOURCE Coefficients.cpp:15 VARIABLE add_ln15 LOOP {} BUNDLEDNAME {} DSP 0 BRAM 0 URAM 0 STORAGESUBTYPE {} DISPNAME {bind_op add} VISIBLE true} {BINDTYPE op ID {} IMPL fabric LATENCY 0 OPTYPE add PRAGMA {} RTLNAME i_fu_525_p2 SOURCE Coefficients.cpp:73 VARIABLE i LOOP {} BUNDLEDNAME {} DSP 0 BRAM 0 URAM 0 STORAGESUBTYPE {} DISPNAME {bind_op add} VISIBLE true} {BINDTYPE op ID {} IMPL fabric LATENCY 0 OPTYPE sub PRAGMA {} RTLNAME sub_ln73_fu_550_p2 SOURCE Coefficients.cpp:73 VARIABLE sub_ln73 LOOP {} BUNDLEDNAME {} DSP 0 BRAM 0 URAM 0 STORAGESUBTYPE {} DISPNAME {bind_op sub} VISIBLE true} {BINDTYPE op ID {} IMPL fabric LATENCY 0 OPTYPE sub PRAGMA {} RTLNAME sub_ln73_1_fu_569_p2 SOURCE Coefficients.cpp:73 VARIABLE sub_ln73_1 LOOP {} BUNDLEDNAME {} DSP 0 BRAM 0 URAM 0 STORAGESUBTYPE {} DISPNAME {bind_op sub} VISIBLE true} {BINDTYPE op ID {} IMPL auto_sel LATENCY 0 OPTYPE select PRAGMA {} RTLNAME M_fu_578_p3 SOURCE Coefficients.cpp:73 VARIABLE M LOOP {} BUNDLEDNAME {} DSP 0 BRAM 0 URAM 0 STORAGESUBTYPE {} DISPNAME {bind_op select} VISIBLE false} {BINDTYPE op ID {} IMPL auto LATENCY 3 OPTYPE sitodp PRAGMA {} RTLNAME sitodp_32ns_64_4_no_dsp_1_U59 SOURCE Coefficients.cpp:76 VARIABLE conv_i LOOP {} BUNDLEDNAME {} DSP 0 BRAM 0 URAM 0 STORAGESUBTYPE {} DISPNAME {bind_op sitodp} VISIBLE false} {BINDTYPE op ID {} IMPL maxdsp LATENCY 4 OPTYPE dmul PRAGMA {} RTLNAME dmul_64ns_64ns_64_5_max_dsp_1_U55 SOURCE Coefficients.cpp:76 VARIABLE mul_i LOOP {} BUNDLEDNAME {} DSP 11 BRAM 0 URAM 0 STORAGESUBTYPE {} DISPNAME {bind_op dmul} VISIBLE true} {BINDTYPE op ID {} IMPL auto LATENCY 3 OPTYPE sitodp PRAGMA {} RTLNAME sitodp_32ns_64_4_no_dsp_1_U59 SOURCE Coefficients.cpp:76 VARIABLE conv1_i LOOP {} BUNDLEDNAME {} DSP 0 BRAM 0 URAM 0 STORAGESUBTYPE {} DISPNAME {bind_op sitodp} VISIBLE false} {BINDTYPE op ID {} IMPL fabric LATENCY 21 OPTYPE ddiv PRAGMA {} RTLNAME ddiv_64ns_64ns_64_22_no_dsp_1_U57 SOURCE Coefficients.cpp:76 VARIABLE omegaLower LOOP {} BUNDLEDNAME {} DSP 0 BRAM 0 URAM 0 STORAGESUBTYPE {} DISPNAME {bind_op ddiv} VISIBLE true} {BINDTYPE op ID {} IMPL auto LATENCY 3 OPTYPE sitodp PRAGMA {} RTLNAME sitodp_32ns_64_4_no_dsp_1_U60 SOURCE Coefficients.cpp:77 VARIABLE conv3_i LOOP {} BUNDLEDNAME {} DSP 0 BRAM 0 URAM 0 STORAGESUBTYPE {} DISPNAME {bind_op sitodp} VISIBLE false} {BINDTYPE op ID {} IMPL maxdsp LATENCY 4 OPTYPE dmul PRAGMA {} RTLNAME dmul_64ns_64ns_64_5_max_dsp_1_U56 SOURCE Coefficients.cpp:77 VARIABLE mul4_i LOOP {} BUNDLEDNAME {} DSP 11 BRAM 0 URAM 0 STORAGESUBTYPE {} DISPNAME {bind_op dmul} VISIBLE true} {BINDTYPE op ID {} IMPL fabric LATENCY 21 OPTYPE ddiv PRAGMA {} RTLNAME ddiv_64ns_64ns_64_22_no_dsp_1_U58 SOURCE Coefficients.cpp:77 VARIABLE omegaUpper LOOP {} BUNDLEDNAME {} DSP 0 BRAM 0 URAM 0 STORAGESUBTYPE {} DISPNAME {bind_op ddiv} VISIBLE true} {BINDTYPE op ID {} IMPL fulldsp LATENCY 4 OPTYPE dsub PRAGMA {} RTLNAME dadddsub_64ns_64ns_64_5_full_dsp_1_U54 SOURCE Coefficients.cpp:77 VARIABLE sub9_i LOOP {} BUNDLEDNAME {} DSP 3 BRAM 0 URAM 0 STORAGESUBTYPE {} DISPNAME {bind_op dsub} VISIBLE true} {BINDTYPE op ID {} IMPL fabric LATENCY 21 OPTYPE ddiv PRAGMA {} RTLNAME ddiv_64ns_64ns_64_22_no_dsp_1_U57 SOURCE Coefficients.cpp:77 VARIABLE div10_i LOOP {} BUNDLEDNAME {} DSP 0 BRAM 0 URAM 0 STORAGESUBTYPE {} DISPNAME {bind_op ddiv} VISIBLE true} {BINDTYPE op ID {} IMPL auto LATENCY 3 OPTYPE sitodp PRAGMA {} RTLNAME sitodp_32ns_64_4_no_dsp_1_U59 SOURCE Coefficients.cpp:73 VARIABLE conv26_i LOOP {} BUNDLEDNAME {} DSP 0 BRAM 0 URAM 0 STORAGESUBTYPE {} DISPNAME {bind_op sitodp} VISIBLE false} {BINDTYPE op ID {} IMPL auto LATENCY 3 OPTYPE sitodp PRAGMA {} RTLNAME sitodp_32ns_64_4_no_dsp_1_U59 SOURCE Coefficients.cpp:100 VARIABLE conv36_i LOOP {} BUNDLEDNAME {} DSP 0 BRAM 0 URAM 0 STORAGESUBTYPE {} DISPNAME {bind_op sitodp} VISIBLE false} {BINDTYPE op ID {} IMPL fabric LATENCY 21 OPTYPE ddiv PRAGMA {} RTLNAME ddiv_64ns_64ns_64_22_no_dsp_1_U57 SOURCE Coefficients.cpp:100 VARIABLE mean LOOP {} BUNDLEDNAME {} DSP 0 BRAM 0 URAM 0 STORAGESUBTYPE {} DISPNAME {bind_op ddiv} VISIBLE true} {BINDTYPE op ID {} IMPL auto LATENCY 3 OPTYPE sitodp PRAGMA {} RTLNAME sitodp_32ns_64_4_no_dsp_1_U59 SOURCE Coefficients.cpp:39 VARIABLE data LOOP VITIS_LOOP_31_2 BUNDLEDNAME {} DSP 0 BRAM 0 URAM 0 STORAGESUBTYPE {} DISPNAME {bind_op sitodp} VISIBLE false} {BINDTYPE op ID {} IMPL auto LATENCY 0 OPTYPE seteq PRAGMA {} RTLNAME icmp_ln57_fu_634_p2 SOURCE Coefficients.cpp:57 VARIABLE icmp_ln57 LOOP Shift_Accum_Loop BUNDLEDNAME {} DSP 0 BRAM 0 URAM 0 STORAGESUBTYPE {} DISPNAME {bind_op seteq} VISIBLE false} {BINDTYPE op ID {} IMPL fabric LATENCY 0 OPTYPE add PRAGMA {} RTLNAME add_ln61_fu_640_p2 SOURCE Coefficients.cpp:61 VARIABLE add_ln61 LOOP Shift_Accum_Loop BUNDLEDNAME {} DSP 0 BRAM 0 URAM 0 STORAGESUBTYPE {} DISPNAME {bind_op add} VISIBLE true} {BINDTYPE op ID {} IMPL maxdsp LATENCY 4 OPTYPE dmul PRAGMA {} RTLNAME dmul_64ns_64ns_64_5_max_dsp_1_U55 SOURCE Coefficients.cpp:64 VARIABLE mul_i1 LOOP Shift_Accum_Loop BUNDLEDNAME {} DSP 11 BRAM 0 URAM 0 STORAGESUBTYPE {} DISPNAME {bind_op dmul} VISIBLE true} {BINDTYPE op ID {} IMPL fulldsp LATENCY 4 OPTYPE dsub PRAGMA {} RTLNAME dadddsub_64ns_64ns_64_5_full_dsp_1_U54 SOURCE Coefficients.cpp:64 VARIABLE acc LOOP Shift_Accum_Loop BUNDLEDNAME {} DSP 3 BRAM 0 URAM 0 STORAGESUBTYPE {} DISPNAME {bind_op dsub} VISIBLE true} {BINDTYPE op ID {} IMPL fabric LATENCY 0 OPTYPE add PRAGMA {} RTLNAME add_ln56_fu_797_p2 SOURCE Coefficients.cpp:56 VARIABLE add_ln56 LOOP Shift_Accum_Loop BUNDLEDNAME {} DSP 0 BRAM 0 URAM 0 STORAGESUBTYPE {} DISPNAME {bind_op add} VISIBLE true} {BINDTYPE op ID {} IMPL auto LATENCY 0 OPTYPE seteq PRAGMA {} RTLNAME icmp_ln140_fu_701_p2 SOURCE Coefficients.cpp:40 VARIABLE icmp_ln140 LOOP VITIS_LOOP_31_2 BUNDLEDNAME {} DSP 0 BRAM 0 URAM 0 STORAGESUBTYPE {} DISPNAME {bind_op seteq} VISIBLE false} {BINDTYPE op ID {} IMPL fabric LATENCY 0 OPTYPE sub PRAGMA {} RTLNAME sub_ln140_fu_707_p2 SOURCE Coefficients.cpp:40 VARIABLE sub_ln140 LOOP VITIS_LOOP_31_2 BUNDLEDNAME {} DSP 0 BRAM 0 URAM 0 STORAGESUBTYPE {} DISPNAME {bind_op sub} VISIBLE true} {BINDTYPE op ID {} IMPL auto LATENCY 0 OPTYPE seteq PRAGMA {} RTLNAME icmp_ln140_1_fu_717_p2 SOURCE Coefficients.cpp:40 VARIABLE icmp_ln140_1 LOOP VITIS_LOOP_31_2 BUNDLEDNAME {} DSP 0 BRAM 0 URAM 0 STORAGESUBTYPE {} DISPNAME {bind_op seteq} VISIBLE false} {BINDTYPE op ID {} IMPL auto LATENCY 0 OPTYPE setgt PRAGMA {} RTLNAME icmp_ln140_2_fu_723_p2 SOURCE Coefficients.cpp:40 VARIABLE icmp_ln140_2 LOOP VITIS_LOOP_31_2 BUNDLEDNAME {} DSP 0 BRAM 0 URAM 0 STORAGESUBTYPE {} DISPNAME {bind_op setgt} VISIBLE false} {BINDTYPE op ID {} IMPL fabric LATENCY 0 OPTYPE sub PRAGMA {} RTLNAME sub_ln140_1_fu_729_p2 SOURCE Coefficients.cpp:40 VARIABLE sub_ln140_1 LOOP VITIS_LOOP_31_2 BUNDLEDNAME {} DSP 0 BRAM 0 URAM 0 STORAGESUBTYPE {} DISPNAME {bind_op sub} VISIBLE true} {BINDTYPE op ID {} IMPL auto LATENCY 0 OPTYPE seteq PRAGMA {} RTLNAME icmp_ln140_4_fu_749_p2 SOURCE Coefficients.cpp:40 VARIABLE icmp_ln140_4 LOOP VITIS_LOOP_31_2 BUNDLEDNAME {} DSP 0 BRAM 0 URAM 0 STORAGESUBTYPE {} DISPNAME {bind_op seteq} VISIBLE false} {BINDTYPE op ID {} IMPL auto_pipe LATENCY 0 OPTYPE shl PRAGMA {} RTLNAME shl_ln140_fu_755_p2 SOURCE Coefficients.cpp:40 VARIABLE shl_ln140 LOOP VITIS_LOOP_31_2 BUNDLEDNAME {} DSP 0 BRAM 0 URAM 0 STORAGESUBTYPE {} DISPNAME {bind_op shl} VISIBLE false} {BINDTYPE op ID {} IMPL auto_sel LATENCY 0 OPTYPE select PRAGMA {} RTLNAME select_ln140_fu_761_p3 SOURCE Coefficients.cpp:40 VARIABLE select_ln140 LOOP VITIS_LOOP_31_2 BUNDLEDNAME {} DSP 0 BRAM 0 URAM 0 STORAGESUBTYPE {} DISPNAME {bind_op select} VISIBLE false} {BINDTYPE op ID {} IMPL auto LATENCY 0 OPTYPE setlt PRAGMA {} RTLNAME icmp_ln140_3_fu_769_p2 SOURCE Coefficients.cpp:40 VARIABLE icmp_ln140_3 LOOP VITIS_LOOP_31_2 BUNDLEDNAME {} DSP 0 BRAM 0 URAM 0 STORAGESUBTYPE {} DISPNAME {bind_op setlt} VISIBLE false} {BINDTYPE op ID {} IMPL auto_pipe LATENCY 0 OPTYPE lshr PRAGMA {} RTLNAME lshr_ln140_fu_783_p2 SOURCE Coefficients.cpp:40 VARIABLE lshr_ln140 LOOP VITIS_LOOP_31_2 BUNDLEDNAME {} DSP 0 BRAM 0 URAM 0 STORAGESUBTYPE {} DISPNAME {bind_op lshr} VISIBLE false} {BINDTYPE op ID {} IMPL fabric LATENCY 0 OPTYPE sub PRAGMA {} RTLNAME sub_ln140_2_fu_803_p2 SOURCE Coefficients.cpp:40 VARIABLE sub_ln140_2 LOOP VITIS_LOOP_31_2 BUNDLEDNAME {} DSP 0 BRAM 0 URAM 0 STORAGESUBTYPE {} DISPNAME {bind_op sub} VISIBLE true} {BINDTYPE op ID {} IMPL auto_sel LATENCY 0 OPTYPE select PRAGMA {} RTLNAME out_stream_TDATA_int_regslice SOURCE Coefficients.cpp:40 VARIABLE tmp_data_1 LOOP VITIS_LOOP_31_2 BUNDLEDNAME {} DSP 0 BRAM 0 URAM 0 STORAGESUBTYPE {} DISPNAME {bind_op select} VISIBLE false} {BINDTYPE storage ID {} IMPL auto LATENCY 1 OPTYPE ram_1p PRAGMA {} RTLNAME shift_reg_U SOURCE {} VARIABLE shift_reg LOOP {} BUNDLEDNAME {} DSP 0 BRAM 2 URAM 0 STORAGESUBTYPE {} STORAGESIZE {64 100 1} STORAGEUSAGE ram_1p DISPNAME {bind_storage ram_1p} VISIBLE true}} AREA {DSP 43 BRAM 10 URAM 0}}}}'
INFO-FLOW: DBG:PUTS:      update_csynth_reports json2rpt_hw_sw_interfaces
Execute       send_msg_by_id INFO @200-1603@%s  and missed bursts 
INFO: [HLS 200-1603] Design has inferred MAXI bursts and missed bursts, see Vitis HLS GUI synthesis summary report for detailed information.
INFO-FLOW: Running: gen_csynth_sec_pragma
INFO-FLOW: Done: gen_csynth_sec_pragma time: 0.1 seconds per iteration
INFO-FLOW: DBG:PUTS:      update_csynth_reports wrote xml
INFO-FLOW: DBG:PUTS:      update_csynth_reports appended to csynth rpt file
INFO: [HLS 200-111] Finished Updating report files: CPU user time: 0 seconds. CPU system time: 0 seconds. Elapsed time: 1.328 seconds; current allocated memory: 364.816 MB.
INFO: [VHDL 208-304] Generating VHDL RTL for firTop.
INFO: [VLOG 209-307] Generating Verilog RTL for firTop.
Execute       syn_report -model firTop -printsummary 
INFO: [HLS 200-790] **** Loop Constraint Status: All loop constraints were NOT satisfied.
INFO: [HLS 200-789] **** Estimated Fmax: 136.99 MHz
Command     autosyn done; 9.862 sec.
Command   csynth_design done; 46.672 sec.
Execute   close_project 
Execute     close_solution 
Execute       cleanup_all 
Execute       cleanup_all 
INFO-FLOW: Workspace C:/Motor-Simulator-main/Coefficients/FirFilter/calculateCoefficients/hls opened at Mon Apr 13 17:38:03 -0400 2026
Execute     source C:/Motor-Simulator-main/Coefficients/FirFilter/calculateCoefficients/hls/.autopilot/db/global.setting.tcl 
Execute     set_part xczu3eg-sfvc784-2-e 
Execute       create_platform xczu3eg-sfvc784-2-e -board  
DBG:HLSDevice: Trying to load device library: C:/Xilinx\Vitis_HLS\2024.1\lib\win64.o\xv_hlsvwrap.dll
DBG:HLSDevice: first parts/arch.xml in RDI_DATADIR: C:/Xilinx/Vivado/2024.1/data/parts/arch.xml
DBG:HLSDevice: init success
INFO: [HLS 200-1611] Setting target device to 'xczu3eg-sfvc784-2-e'
Command       create_platform done; 1.93 sec.
Execute       source C:/Xilinx/Vitis_HLS/2024.1/common/technology/xilinx/common/xilinx.gen 
Execute         source C:/Xilinx/Vitis_HLS/2024.1/common/technology/xilinx/interface/plb46.gen 
Execute         source C:/Xilinx/Vitis_HLS/2024.1/common/technology/xilinx/interface/axi4.gen 
Execute         source C:/Xilinx/Vitis_HLS/2024.1/common/technology/xilinx/interface/nativeAXI4.gen 
Execute           source C:/Xilinx/Vitis_HLS/2024.1/common/technology/xilinx/interface/saxilite.gen 
Execute         source C:/Xilinx/Vitis_HLS/2024.1/common/technology/xilinx/scripts/xilinxcoregen.gen 
Execute         source C:/Xilinx/Vitis_HLS/2024.1/common/technology/xilinx/interface/XilEDKCoreGen.gen 
Execute         source C:/Xilinx/Vitis_HLS/2024.1/common/technology/xilinx/ip/dds_compiler.gen 
Execute         source C:/Xilinx/Vitis_HLS/2024.1/common/technology/xilinx/ip/util.gen 
Execute         source C:/Xilinx/Vitis_HLS/2024.1/common/technology/xilinx/ip/xfft.gen 
Execute         source C:/Xilinx/Vitis_HLS/2024.1/common/technology/xilinx/ip/xfir.gen 
Execute         source C:/Xilinx/Vitis_HLS/2024.1/common/technology/xilinx/DSP48/dsp48.gen 
Execute       ap_part_info -name xczu3eg-sfvc784-2-e -data info 
Execute       config_compile -quiet -complex-mul-dsp=0 
Command     set_part done; 2.045 sec.
Execute     send_msg_by_id INFO @200-1505@%s%s default  vivado 
INFO: [HLS 200-1505] Using default flow_target 'vivado'
Command   open_solution done; 2.06 sec.
Execute   apply_ini C:/Motor-Simulator-main/Coefficients/FirFilter/hls_config.cfg 
Execute     send_msg_by_id INFO @200-1465@%s 'syn.file=Coefficients.cpp' from C:/Motor-Simulator-main/Coefficients/FirFilter/hls_config.cfg(8) 
INFO: [HLS 200-1465] Applying ini 'syn.file=Coefficients.cpp' from C:/Motor-Simulator-main/Coefficients/FirFilter/hls_config.cfg(8)
Execute     add_files C:/Motor-Simulator-main/Coefficients/FirFilter/Coefficients.cpp 
INFO: [HLS 200-10] Adding design file 'C:/Motor-Simulator-main/Coefficients/FirFilter/Coefficients.cpp' to the project
Execute     send_msg_by_id INFO @200-1465@%s 'syn.file=Coefficients.h' from C:/Motor-Simulator-main/Coefficients/FirFilter/hls_config.cfg(9) 
INFO: [HLS 200-1465] Applying ini 'syn.file=Coefficients.h' from C:/Motor-Simulator-main/Coefficients/FirFilter/hls_config.cfg(9)
Execute     add_files C:/Motor-Simulator-main/Coefficients/FirFilter/Coefficients.h 
INFO: [HLS 200-10] Adding design file 'C:/Motor-Simulator-main/Coefficients/FirFilter/Coefficients.h' to the project
Execute     send_msg_by_id INFO @200-1465@%s 'tb.file=tb_coefficients.cpp' from C:/Motor-Simulator-main/Coefficients/FirFilter/hls_config.cfg(10) 
INFO: [HLS 200-1465] Applying ini 'tb.file=tb_coefficients.cpp' from C:/Motor-Simulator-main/Coefficients/FirFilter/hls_config.cfg(10)
Execute     add_files -tb C:/Motor-Simulator-main/Coefficients/FirFilter/tb_coefficients.cpp 
INFO: [HLS 200-10] Adding test bench file 'C:/Motor-Simulator-main/Coefficients/FirFilter/tb_coefficients.cpp' to the project
Execute     send_msg_by_id INFO @200-1465@%s 'syn.top=firTop' from C:/Motor-Simulator-main/Coefficients/FirFilter/hls_config.cfg(7) 
INFO: [HLS 200-1465] Applying ini 'syn.top=firTop' from C:/Motor-Simulator-main/Coefficients/FirFilter/hls_config.cfg(7)
Execute     set_top firTop 
Execute     send_msg_by_id INFO @200-1465@%s 'flow_target=vivado' from C:/Motor-Simulator-main/Coefficients/FirFilter/hls_config.cfg(4) 
INFO: [HLS 200-1465] Applying ini 'flow_target=vivado' from C:/Motor-Simulator-main/Coefficients/FirFilter/hls_config.cfg(4)
Execute     send_msg_by_id INFO @200-1505@%s%s  vivado 
INFO: [HLS 200-1505] Using flow_target 'vivado'
Execute     send_msg_by_id INFO @200-1465@%s 'part=xczu3eg-sfvc784-2-e' from C:/Motor-Simulator-main/Coefficients/FirFilter/hls_config.cfg(1) 
INFO: [HLS 200-1465] Applying ini 'part=xczu3eg-sfvc784-2-e' from C:/Motor-Simulator-main/Coefficients/FirFilter/hls_config.cfg(1)
Execute     set_part xczu3eg-sfvc784-2-e 
Execute       create_platform xczu3eg-sfvc784-2-e -board  
Command       create_platform done; 0.155 sec.
Execute       source C:/Xilinx/Vitis_HLS/2024.1/common/technology/xilinx/common/xilinx.gen 
Execute         source C:/Xilinx/Vitis_HLS/2024.1/common/technology/xilinx/interface/plb46.gen 
Execute         source C:/Xilinx/Vitis_HLS/2024.1/common/technology/xilinx/interface/axi4.gen 
Execute         source C:/Xilinx/Vitis_HLS/2024.1/common/technology/xilinx/interface/nativeAXI4.gen 
Execute           source C:/Xilinx/Vitis_HLS/2024.1/common/technology/xilinx/interface/saxilite.gen 
Execute         source C:/Xilinx/Vitis_HLS/2024.1/common/technology/xilinx/scripts/xilinxcoregen.gen 
Execute         source C:/Xilinx/Vitis_HLS/2024.1/common/technology/xilinx/interface/XilEDKCoreGen.gen 
Execute         source C:/Xilinx/Vitis_HLS/2024.1/common/technology/xilinx/ip/dds_compiler.gen 
Execute         source C:/Xilinx/Vitis_HLS/2024.1/common/technology/xilinx/ip/util.gen 
Execute         source C:/Xilinx/Vitis_HLS/2024.1/common/technology/xilinx/ip/xfft.gen 
Execute         source C:/Xilinx/Vitis_HLS/2024.1/common/technology/xilinx/ip/xfir.gen 
Execute         source C:/Xilinx/Vitis_HLS/2024.1/common/technology/xilinx/DSP48/dsp48.gen 
Execute       ap_part_info -name xczu3eg-sfvc784-2-e -data info 
Execute       config_compile -quiet -complex-mul-dsp=0 
Command     set_part done; 0.264 sec.
Execute     send_msg_by_id INFO @200-1465@%s 'package.output.format=ip_catalog' from C:/Motor-Simulator-main/Coefficients/FirFilter/hls_config.cfg(5) 
INFO: [HLS 200-1465] Applying ini 'package.output.format=ip_catalog' from C:/Motor-Simulator-main/Coefficients/FirFilter/hls_config.cfg(5)
Execute     config_export -format=ip_catalog 
Command   apply_ini done; 0.288 sec.
Execute   apply_ini C:/Motor-Simulator-main/Coefficients/FirFilter/calculateCoefficients/hls/config.cmdline 
Execute   export_design -flow none 
Execute     AP::app_get_file_relativeroot [AP::app_get_root] {}
Execute     AP::app_get_file_relativeroot [AP::app_get_root] {}
Execute     AP::app_get_file_relativeroot [AP::app_get_root] {}
Execute     AP::get_vpp_package_output_file
Execute     config_export -flow=none 
INFO-FLOW: DBG:PUTS: export_design_wrap: -format ip_catalog -rtl verilog
Execute     source C:/Motor-Simulator-main/Coefficients/FirFilter/calculateCoefficients/hls/.autopilot/db/global.setting.tcl 
INFO-FLOW: DBG:PUTS:   auto_impl: pack: -export -rtl verilog
INFO-FLOW: DBG:PROC: ::AESL_AUTOIMPL::auto_impl args='-export -rtl verilog'
Execute     source C:/Motor-Simulator-main/Coefficients/FirFilter/calculateCoefficients/hls/.autopilot/db/global.setting.tcl 
INFO: [IMPL 213-8] Exporting RTL as a Vivado IP.
INFO-FLOW: DBG:PUTS: automg_wrap -export -pcore_version 1.00.a -rtl vlog -tool Vivado -impltomg_flag
INFO-FLOW: DBG:PROC: ::AESL_AUTOMG::auto_generate args='-export -pcore_version 1.00.a -rtl vlog -tool Vivado -impltomg_flag'
INFO-FLOW: DBG:PUTS:     auto_generate -export -pcore_version 1.00.a -rtl vlog -tool Vivado -impltomg_flag
Execute     source C:/Motor-Simulator-main/Coefficients/FirFilter/calculateCoefficients/hls/.autopilot/db/global.setting.tcl 
INFO-FLOW: DBG:PUTS: read_platform_lib C:/Motor-Simulator-main/Coefficients/FirFilter/calculateCoefficients/hls/.autopilot/db/global.setting.tcl
Execute     source C:/Xilinx/Vitis_HLS/2024.1/common/technology/generic/autopilot/common.gen 
Execute       source C:/Xilinx/Vitis_HLS/2024.1/common/technology/generic/autopilot/APCoreGen.gen 
Execute     source C:/Xilinx/Vitis_HLS/2024.1/common/technology/generic/autopilot/op.gen 
Execute     source C:/Xilinx/Vitis_HLS/2024.1/common/technology/generic/autopilot/op_simcore.gen 
Execute     source C:/Xilinx/Vitis_HLS/2024.1/common/technology/generic/autopilot/interface.gen 
Execute     source C:/Motor-Simulator-main/Coefficients/FirFilter/calculateCoefficients/hls/.autopilot/db/global.setting.tcl 
Execute     source C:/Xilinx/Vitis_HLS/2024.1/common/technology/xilinx/common/xilinx.gen 
Execute       source C:/Xilinx/Vitis_HLS/2024.1/common/technology/xilinx/interface/plb46.gen 
Execute       source C:/Xilinx/Vitis_HLS/2024.1/common/technology/xilinx/interface/axi4.gen 
Execute       source C:/Xilinx/Vitis_HLS/2024.1/common/technology/xilinx/interface/nativeAXI4.gen 
Execute         source C:/Xilinx/Vitis_HLS/2024.1/common/technology/xilinx/interface/saxilite.gen 
Execute       source C:/Xilinx/Vitis_HLS/2024.1/common/technology/xilinx/scripts/xilinxcoregen.gen 
Execute       source C:/Xilinx/Vitis_HLS/2024.1/common/technology/xilinx/interface/XilEDKCoreGen.gen 
Execute       source C:/Xilinx/Vitis_HLS/2024.1/common/technology/xilinx/ip/dds_compiler.gen 
Execute       source C:/Xilinx/Vitis_HLS/2024.1/common/technology/xilinx/ip/util.gen 
Execute       source C:/Xilinx/Vitis_HLS/2024.1/common/technology/xilinx/ip/xfft.gen 
Execute       source C:/Xilinx/Vitis_HLS/2024.1/common/technology/xilinx/ip/xfir.gen 
Execute       source C:/Xilinx/Vitis_HLS/2024.1/common/technology/xilinx/DSP48/dsp48.gen 
INFO-FLOW: DBG:PUTS:   using AESL_AUTOCG::g_clock_period=10.000 (was NA)
INFO-FLOW: DBG:PUTS:       initCTypeInfo top_module=firTop xml_exists=0
Execute     source C:/Motor-Simulator-main/Coefficients/FirFilter/calculateCoefficients/hls/.autopilot/db/firTop.rtl_wrap.cfg.tcl 
Execute     source C:/Motor-Simulator-main/Coefficients/FirFilter/calculateCoefficients/hls/.autopilot/db/firTop.rtl_wrap.cfg.tcl 
Execute     source C:/Motor-Simulator-main/Coefficients/FirFilter/calculateCoefficients/hls/.autopilot/db/firTop.rtl_wrap.cfg.tcl 
Execute     source C:/Motor-Simulator-main/Coefficients/FirFilter/calculateCoefficients/hls/.autopilot/db/firTop.tbgen.tcl 
Execute     source C:/Motor-Simulator-main/Coefficients/FirFilter/calculateCoefficients/hls/.autopilot/db/firTop.tbgen.tcl 
Execute     source C:/Motor-Simulator-main/Coefficients/FirFilter/calculateCoefficients/hls/.autopilot/db/firTop.tbgen.tcl 
Execute     source C:/Motor-Simulator-main/Coefficients/FirFilter/calculateCoefficients/hls/.autopilot/db/global.setting.tcl 
Execute     source C:/Motor-Simulator-main/Coefficients/FirFilter/calculateCoefficients/hls/.autopilot/db/firTop.tbgen.tcl 
INFO-FLOW: DBG:PUTS:       cosim_export_main adding deadlock detection to firTop
INFO-FLOW: DBG:PUTS:       generate_datafile_ip_script ip_types={vitis sysgen} #gSsdmPorts=0
INFO-FLOW: DBG:PUTS: Skipping loadAnalyze_DB, #g_database=16
INFO-FLOW: DBG:PUTS:       generate_json generate_bd_files=0 generate_xo_files=false #modelList=47 #gSsdmPorts=0
INFO-FLOW: DBG:PROC: ::AP::DESIGN_DATA::generate_json generate_bd_files='0' generate_xo_files='false' modelList='firTop_flow_control_loop_pipe_sequential_init
firTop_mul_23s_22ns_45_1_0
firTop_mul_30s_29ns_58_1_0
firTop_mul_80s_24ns_80_1_0
firTop_sparsemux_17_3_1_1_0
firTop_sparsemux_33_4_1_1_0
firTop_sparsemux_33_4_1_1_0
firTop_mul_15ns_15ns_30_1_0
firTop_mul_15ns_15s_30_1_0
firTop_sin_or_cos_float_s_ref_4oPi_table_100_ROM_1P_LUTRAM_1R
firTop_sin_or_cos_float_s_second_order_float_sin_cos_K0_ROM_1P_LUTRAM_1R
firTop_sin_or_cos_float_s_second_order_float_sin_cos_K1_ROM_1P_LUTRAM_1R
firTop_sin_or_cos_float_s_second_order_float_sin_cos_K2_ROM_1P_LUTRAM_1R
firTop_fsub_32ns_32ns_32_4_full_dsp_1
firTop_fmul_32ns_32ns_32_3_max_dsp_1
firTop_fptrunc_64ns_32_2_no_dsp_1
firTop_fpext_32ns_64_2_no_dsp_1
firTop_flow_control_loop_pipe_sequential_init
firTop_flow_control_loop_pipe_sequential_init
firTop_dadddsub_64ns_64ns_64_5_full_dsp_1
firTop_dmul_64ns_64ns_64_5_max_dsp_1
firTop_dmul_64ns_64ns_64_5_max_dsp_1
firTop_ddiv_64ns_64ns_64_22_no_dsp_1
firTop_sitodp_32ns_64_4_no_dsp_1
firTop_shift_reg_RAM_AUTO_1R1W
firTop_taps_RAM_AUTO_1R1W
firTop_gmem_m_axi
firTop_control_s_axi
firTop_regslice_both
firTop_regslice_both
firTop_regslice_both
firTop_regslice_both
firTop_regslice_both
firTop_regslice_both
firTop_regslice_both
firTop_regslice_both
firTop_regslice_both
firTop_regslice_both
firTop_regslice_both
firTop_regslice_both
firTop_regslice_both
firTop_regslice_both
firTop_Pipeline_VITIS_LOOP_13_1
sin_or_cos_float_s
firTop_Pipeline_VITIS_LOOP_82_1
firTop_Pipeline_VITIS_LOOP_102_2
firTop
' rtl_lang='vlog' bootstrap_tcl='false' outdir='' outfilename=''
Execute     source C:/Xilinx/Vitis_HLS/2024.1/tps/tcl/tcllib1.11.1/yaml/huddle.tcl 
Execute     source C:/Xilinx/Vitis_HLS/2024.1/tps/tcl/tcllib1.11.1/yaml/json2huddle.tcl 
Execute     source C:/Motor-Simulator-main/Coefficients/FirFilter/calculateCoefficients/hls/.autopilot/db/global.setting.tcl 
Execute     source C:/Motor-Simulator-main/Coefficients/FirFilter/calculateCoefficients/hls/.autopilot/db/global.setting.tcl 
Execute     source C:/Motor-Simulator-main/Coefficients/FirFilter/calculateCoefficients/hls/.autopilot/db/top-io-be.tcl 
Execute     source C:/Motor-Simulator-main/Coefficients/FirFilter/calculateCoefficients/hls/.autopilot/db/firTop.tbgen.tcl 
Execute     source C:/Motor-Simulator-main/Coefficients/FirFilter/calculateCoefficients/hls/.autopilot/db/firTop.compgen.dataonly.tcl 
Execute     source C:/Motor-Simulator-main/Coefficients/FirFilter/calculateCoefficients/hls/.autopilot/db/firTop.compgen.dataonly.tcl 
Execute     source C:/Motor-Simulator-main/Coefficients/FirFilter/calculateCoefficients/hls/.autopilot/db/firTop.rtl_wrap.cfg.tcl 
Execute     source C:/Motor-Simulator-main/Coefficients/FirFilter/calculateCoefficients/hls/.autopilot/db/firTop.compgen.dataonly.tcl 
Execute     source C:/Motor-Simulator-main/Coefficients/FirFilter/calculateCoefficients/hls/.autopilot/db/firTop_Pipeline_VITIS_LOOP_13_1.tbgen.tcl 
Execute     source C:/Motor-Simulator-main/Coefficients/FirFilter/calculateCoefficients/hls/.autopilot/db/sin_or_cos_float_s.tbgen.tcl 
Execute     source C:/Motor-Simulator-main/Coefficients/FirFilter/calculateCoefficients/hls/.autopilot/db/firTop_Pipeline_VITIS_LOOP_82_1.tbgen.tcl 
Execute     source C:/Motor-Simulator-main/Coefficients/FirFilter/calculateCoefficients/hls/.autopilot/db/firTop_Pipeline_VITIS_LOOP_102_2.tbgen.tcl 
Execute     source C:/Motor-Simulator-main/Coefficients/FirFilter/calculateCoefficients/hls/.autopilot/db/firTop.tbgen.tcl 
Execute     source C:/Motor-Simulator-main/Coefficients/FirFilter/calculateCoefficients/hls/.autopilot/db/global.setting.tcl 
Execute     ap_part_info -name xczu3eg-sfvc784-2-e -data names -quiet 
Execute     ap_part_info -name xczu3eg-sfvc784-2-e -data info -quiet 
Execute     source C:/Motor-Simulator-main/Coefficients/FirFilter/calculateCoefficients/hls/.autopilot/db/firTop.constraint.tcl 
Execute     sc_get_clocks firTop 
Execute     source C:/Motor-Simulator-main/Coefficients/FirFilter/calculateCoefficients/hls/.autopilot/db/global.setting.tcl 
Execute     source C:/Motor-Simulator-main/Coefficients/FirFilter/calculateCoefficients/hls/impl/misc/firTop_dadddsub_64ns_64ns_64_5_full_dsp_1_ip.tcl 
Execute     source C:/Motor-Simulator-main/Coefficients/FirFilter/calculateCoefficients/hls/impl/misc/firTop_ddiv_64ns_64ns_64_22_no_dsp_1_ip.tcl 
Execute     source C:/Motor-Simulator-main/Coefficients/FirFilter/calculateCoefficients/hls/impl/misc/firTop_dmul_64ns_64ns_64_5_max_dsp_1_ip.tcl 
Execute     source C:/Motor-Simulator-main/Coefficients/FirFilter/calculateCoefficients/hls/impl/misc/firTop_fmul_32ns_32ns_32_3_max_dsp_1_ip.tcl 
Execute     source C:/Motor-Simulator-main/Coefficients/FirFilter/calculateCoefficients/hls/impl/misc/firTop_fpext_32ns_64_2_no_dsp_1_ip.tcl 
Execute     source C:/Motor-Simulator-main/Coefficients/FirFilter/calculateCoefficients/hls/impl/misc/firTop_fptrunc_64ns_32_2_no_dsp_1_ip.tcl 
Execute     source C:/Motor-Simulator-main/Coefficients/FirFilter/calculateCoefficients/hls/impl/misc/firTop_fsub_32ns_32ns_32_4_full_dsp_1_ip.tcl 
Execute     source C:/Motor-Simulator-main/Coefficients/FirFilter/calculateCoefficients/hls/impl/misc/firTop_sitodp_32ns_64_4_no_dsp_1_ip.tcl 
INFO-FLOW: DBG:PUTS:       generate_syn_sh
Execute     ap_part_info -name xczu3eg-sfvc784-2-e -data names -quiet 
Execute     ap_part_info -name xczu3eg-sfvc784-2-e -data info -quiet 
Execute     source C:/Motor-Simulator-main/Coefficients/FirFilter/calculateCoefficients/hls/.autopilot/db/global.setting.tcl 
INFO-FLOW: DBG:PUTS:       generate_imp_constraints
Execute     ap_part_info -name xczu3eg-sfvc784-2-e -data names -quiet 
Execute     ap_part_info -name xczu3eg-sfvc784-2-e -data info -quiet 
Execute     source C:/Motor-Simulator-main/Coefficients/FirFilter/calculateCoefficients/hls/.autopilot/db/firTop.constraint.tcl 
Execute     source C:/Motor-Simulator-main/Coefficients/FirFilter/calculateCoefficients/hls/.autopilot/db/firTop.tbgen.tcl 
INFO-FLOW: DBG:PUTS:       delete-temp-dirs (skipped for debug)
Execute     ap_part_info -name xczu3eg-sfvc784-2-e -data names -quiet 
Execute     ap_part_info -name xczu3eg-sfvc784-2-e -data info -quiet 
INFO-FLOW: DBG:PUTS: read_platform_lib C:/Motor-Simulator-main/Coefficients/FirFilter/calculateCoefficients/hls/.autopilot/db/global.setting.tcl
Execute     source C:/Xilinx/Vitis_HLS/2024.1/common/technology/generic/autopilot/common.gen 
Execute       source C:/Xilinx/Vitis_HLS/2024.1/common/technology/generic/autopilot/APCoreGen.gen 
Execute     source C:/Xilinx/Vitis_HLS/2024.1/common/technology/generic/autopilot/op.gen 
Execute     source C:/Xilinx/Vitis_HLS/2024.1/common/technology/generic/autopilot/op_simcore.gen 
Execute     source C:/Xilinx/Vitis_HLS/2024.1/common/technology/generic/autopilot/interface.gen 
Execute     source C:/Motor-Simulator-main/Coefficients/FirFilter/calculateCoefficients/hls/.autopilot/db/global.setting.tcl 
Execute     source C:/Xilinx/Vitis_HLS/2024.1/common/technology/xilinx/common/xilinx.gen 
Execute       source C:/Xilinx/Vitis_HLS/2024.1/common/technology/xilinx/interface/plb46.gen 
Execute       source C:/Xilinx/Vitis_HLS/2024.1/common/technology/xilinx/interface/axi4.gen 
Execute       source C:/Xilinx/Vitis_HLS/2024.1/common/technology/xilinx/interface/nativeAXI4.gen 
Execute         source C:/Xilinx/Vitis_HLS/2024.1/common/technology/xilinx/interface/saxilite.gen 
Execute       source C:/Xilinx/Vitis_HLS/2024.1/common/technology/xilinx/scripts/xilinxcoregen.gen 
Execute       source C:/Xilinx/Vitis_HLS/2024.1/common/technology/xilinx/interface/XilEDKCoreGen.gen 
Execute       source C:/Xilinx/Vitis_HLS/2024.1/common/technology/xilinx/ip/dds_compiler.gen 
Execute       source C:/Xilinx/Vitis_HLS/2024.1/common/technology/xilinx/ip/util.gen 
Execute       source C:/Xilinx/Vitis_HLS/2024.1/common/technology/xilinx/ip/xfft.gen 
Execute       source C:/Xilinx/Vitis_HLS/2024.1/common/technology/xilinx/ip/xfir.gen 
Execute       source C:/Xilinx/Vitis_HLS/2024.1/common/technology/xilinx/DSP48/dsp48.gen 
INFO-FLOW: DBG:PUTS:     IP package: exec C:/Motor-Simulator-main/Coefficients/FirFilter/calculateCoefficients/hls/impl/ip/pack.bat
INFO-FLOW: DBG:PUTS:     IP package: success C:/Motor-Simulator-main/Coefficients/FirFilter/calculateCoefficients/hls/impl/ip/pack.bat
Execute     send_msg_by_id INFO @200-802@%s calculateCoefficients/firTop.zip 
INFO: [HLS 200-802] Generated output file calculateCoefficients/firTop.zip
Command   export_design done; 22.311 sec.
Execute   close_project 
Execute     close_solution 
Execute       cleanup_all 
Execute       cleanup_all 
