

================================================================
== Vitis HLS Report for 'calculateCoefficients_Pipeline_VITIS_LOOP_22_1'
================================================================
* Date:           Fri Mar 27 14:36:04 2026

* Version:        2024.1 (Build 5069499 on May 21 2024)
* Project:        calculateCoefficients
* Solution:       hls (Vivado IP Flow Target)
* Product family: zynquplus
* Target device:  xczu3eg-sfvc784-2-e


================================================================
== Performance Estimates
================================================================
+ Timing: 
    * Summary: 
    +--------+----------+----------+------------+
    |  Clock |  Target  | Estimated| Uncertainty|
    +--------+----------+----------+------------+
    |ap_clk  |  10.00 ns|  7.300 ns|     2.70 ns|
    +--------+----------+----------+------------+

+ Latency: 
    * Summary: 
    +---------+---------+----------+----------+-----+-----+-----------------------------------------------+
    |  Latency (cycles) |  Latency (absolute) |  Interval |                    Pipeline                   |
    |   min   |   max   |    min   |    max   | min | max |                      Type                     |
    +---------+---------+----------+----------+-----+-----+-----------------------------------------------+
    |       58|       58|  0.580 us|  0.580 us|   25|   25|  loop auto-rewind stp(delay=0 clock cycles(s))|
    +---------+---------+----------+----------+-----+-----+-----------------------------------------------+

    + Detail: 
        * Instance: 
        +-------------------------------+--------------------+---------+---------+-----------+-----------+-----+-----+---------+
        |                               |                    |  Latency (cycles) |   Latency (absolute)  |  Interval | Pipeline|
        |            Instance           |       Module       |   min   |   max   |    min    |    max    | min | max |   Type  |
        +-------------------------------+--------------------+---------+---------+-----------+-----------+-----+-----+---------+
        |grp_sin_or_cos_float_s_fu_150  |sin_or_cos_float_s  |        5|        5|  50.000 ns|  50.000 ns|    1|    1|      yes|
        |grp_sin_or_cos_float_s_fu_163  |sin_or_cos_float_s  |        5|        5|  50.000 ns|  50.000 ns|    1|    1|      yes|
        +-------------------------------+--------------------+---------+---------+-----------+-----------+-----+-----+---------+

        * Loop: 
        +-------------------+---------+---------+----------+-----------+-----------+------+----------+
        |                   |  Latency (cycles) | Iteration|  Initiation Interval  | Trip |          |
        |     Loop Name     |   min   |   max   |  Latency |  achieved |   target  | Count| Pipelined|
        +-------------------+---------+---------+----------+-----------+-----------+------+----------+
        |- VITIS_LOOP_22_1  |       56|       56|        33|          1|          1|    25|       yes|
        +-------------------+---------+---------+----------+-----------+-----------+------+----------+



================================================================
== Utilization Estimates
================================================================
* Summary: 
+-----------------+---------+-----+--------+-------+-----+
|       Name      | BRAM_18K| DSP |   FF   |  LUT  | URAM|
+-----------------+---------+-----+--------+-------+-----+
|DSP              |        -|    -|       -|      -|    -|
|Expression       |        -|    -|       0|   1019|    -|
|FIFO             |        -|    -|       -|      -|    -|
|Instance         |        -|   32|    2180|   5384|    -|
|Memory           |        -|    -|       -|      -|    -|
|Multiplexer      |        -|    -|       0|     63|    -|
|Register         |        -|    -|    1448|     64|    -|
+-----------------+---------+-----+--------+-------+-----+
|Total            |        0|   32|    3628|   6530|    0|
+-----------------+---------+-----+--------+-------+-----+
|Available        |      432|  360|  141120|  70560|    0|
+-----------------+---------+-----+--------+-------+-----+
|Utilization (%)  |        0|    8|       2|      9|    0|
+-----------------+---------+-----+--------+-------+-----+

+ Detail: 
    * Instance: 
    +-----------------------------------+-------------------------------+---------+----+-----+------+-----+
    |              Instance             |             Module            | BRAM_18K| DSP|  FF |  LUT | URAM|
    +-----------------------------------+-------------------------------+---------+----+-----+------+-----+
    |fmul_32ns_32ns_32_3_max_dsp_1_U25  |fmul_32ns_32ns_32_3_max_dsp_1  |        0|   3|  128|   135|    0|
    |fmul_32ns_32ns_32_3_max_dsp_1_U26  |fmul_32ns_32ns_32_3_max_dsp_1  |        0|   3|  128|   135|    0|
    |grp_sin_or_cos_float_s_fu_150      |sin_or_cos_float_s             |        0|  13|  962|  2557|    0|
    |grp_sin_or_cos_float_s_fu_163      |sin_or_cos_float_s             |        0|  13|  962|  2557|    0|
    |sitofp_32s_32_4_no_dsp_1_U28       |sitofp_32s_32_4_no_dsp_1       |        0|   0|    0|     0|    0|
    +-----------------------------------+-------------------------------+---------+----+-----+------+-----+
    |Total                              |                               |        0|  32| 2180|  5384|    0|
    +-----------------------------------+-------------------------------+---------+----+-----+------+-----+

    * DSP: 
    N/A

    * Memory: 
    N/A

    * FIFO: 
    N/A

    * Expression: 
    +---------------------------+----------+----+---+-----+------------+------------+
    |       Variable Name       | Operation| DSP| FF| LUT | Bitwidth P0| Bitwidth P1|
    +---------------------------+----------+----+---+-----+------------+------------+
    |add_ln28_fu_218_p2         |         +|   0|  0|   12|           5|           5|
    |add_ln317_fu_295_p2        |         +|   0|  0|   16|           9|           8|
    |i_fu_230_p2                |         +|   0|  0|   12|           5|           1|
    |result_1_fu_375_p2         |         -|   0|  0|   71|           1|          64|
    |sub_ln18_fu_309_p2         |         -|   0|  0|   15|           7|           8|
    |ap_block_pp0_stage0_11001  |       and|   0|  0|    2|           1|           1|
    |ap_condition_442           |       and|   0|  0|    2|           1|           1|
    |icmp_ln22_fu_241_p2        |      icmp|   0|  0|   12|           5|           5|
    |icmp_ln28_fu_224_p2        |      icmp|   0|  0|   12|           5|           1|
    |lshr_ln18_fu_335_p2        |      lshr|   0|  0|  363|         111|         111|
    |result_2_fu_381_p3         |    select|   0|  0|   64|           1|          64|
    |select_ln18_fu_319_p3      |    select|   0|  0|    9|           1|           9|
    |val_3_fu_367_p3            |    select|   0|  0|   64|           1|          64|
    |shl_ln18_fu_341_p2         |       shl|   0|  0|  363|         111|         111|
    |ap_enable_pp0              |       xor|   0|  0|    2|           1|           2|
    +---------------------------+----------+----+---+-----+------------+------------+
    |Total                      |          |   0|  0| 1019|         265|         455|
    +---------------------------+----------+----+---+-----+------------+------------+

    * Multiplexer: 
    +-------------------------------------+----+-----------+-----+-----------+
    |                 Name                | LUT| Input Size| Bits| Total Bits|
    +-------------------------------------+----+-----------+-----+-----------+
    |ap_done_int                          |   9|          2|    1|          2|
    |ap_loop_exit_ready_pp0_iter32_reg    |   9|          2|    1|          2|
    |ap_phi_reg_pp0_iter1_val_1_reg_140   |   9|          2|   32|         64|
    |ap_phi_reg_pp0_iter28_val_1_reg_140  |   9|          2|   32|         64|
    |ap_sig_allocacmp_i1_load             |   9|          2|    5|         10|
    |gmem_blk_n_W                         |   9|          2|    1|          2|
    |i1_fu_104                            |   9|          2|    5|         10|
    +-------------------------------------+----+-----------+-----+-----------+
    |Total                                |  63|         14|   77|        154|
    +-------------------------------------+----+-----------+-----+-----------+

    * Register: 
    +-------------------------------------+----+----+-----+-----------+
    |                 Name                | FF | LUT| Bits| Const Bits|
    +-------------------------------------+----+----+-----+-----------+
    |ap_CS_fsm                            |   1|   0|    1|          0|
    |ap_done_reg                          |   1|   0|    1|          0|
    |ap_enable_reg_pp0_iter1              |   1|   0|    1|          0|
    |ap_enable_reg_pp0_iter10             |   1|   0|    1|          0|
    |ap_enable_reg_pp0_iter11             |   1|   0|    1|          0|
    |ap_enable_reg_pp0_iter12             |   1|   0|    1|          0|
    |ap_enable_reg_pp0_iter13             |   1|   0|    1|          0|
    |ap_enable_reg_pp0_iter14             |   1|   0|    1|          0|
    |ap_enable_reg_pp0_iter15             |   1|   0|    1|          0|
    |ap_enable_reg_pp0_iter16             |   1|   0|    1|          0|
    |ap_enable_reg_pp0_iter17             |   1|   0|    1|          0|
    |ap_enable_reg_pp0_iter18             |   1|   0|    1|          0|
    |ap_enable_reg_pp0_iter19             |   1|   0|    1|          0|
    |ap_enable_reg_pp0_iter2              |   1|   0|    1|          0|
    |ap_enable_reg_pp0_iter20             |   1|   0|    1|          0|
    |ap_enable_reg_pp0_iter21             |   1|   0|    1|          0|
    |ap_enable_reg_pp0_iter22             |   1|   0|    1|          0|
    |ap_enable_reg_pp0_iter23             |   1|   0|    1|          0|
    |ap_enable_reg_pp0_iter24             |   1|   0|    1|          0|
    |ap_enable_reg_pp0_iter25             |   1|   0|    1|          0|
    |ap_enable_reg_pp0_iter26             |   1|   0|    1|          0|
    |ap_enable_reg_pp0_iter27             |   1|   0|    1|          0|
    |ap_enable_reg_pp0_iter28             |   1|   0|    1|          0|
    |ap_enable_reg_pp0_iter29             |   1|   0|    1|          0|
    |ap_enable_reg_pp0_iter3              |   1|   0|    1|          0|
    |ap_enable_reg_pp0_iter30             |   1|   0|    1|          0|
    |ap_enable_reg_pp0_iter31             |   1|   0|    1|          0|
    |ap_enable_reg_pp0_iter32             |   1|   0|    1|          0|
    |ap_enable_reg_pp0_iter4              |   1|   0|    1|          0|
    |ap_enable_reg_pp0_iter5              |   1|   0|    1|          0|
    |ap_enable_reg_pp0_iter6              |   1|   0|    1|          0|
    |ap_enable_reg_pp0_iter7              |   1|   0|    1|          0|
    |ap_enable_reg_pp0_iter8              |   1|   0|    1|          0|
    |ap_enable_reg_pp0_iter9              |   1|   0|    1|          0|
    |ap_loop_exit_ready_pp0_iter10_reg    |   1|   0|    1|          0|
    |ap_loop_exit_ready_pp0_iter11_reg    |   1|   0|    1|          0|
    |ap_loop_exit_ready_pp0_iter12_reg    |   1|   0|    1|          0|
    |ap_loop_exit_ready_pp0_iter13_reg    |   1|   0|    1|          0|
    |ap_loop_exit_ready_pp0_iter14_reg    |   1|   0|    1|          0|
    |ap_loop_exit_ready_pp0_iter15_reg    |   1|   0|    1|          0|
    |ap_loop_exit_ready_pp0_iter16_reg    |   1|   0|    1|          0|
    |ap_loop_exit_ready_pp0_iter17_reg    |   1|   0|    1|          0|
    |ap_loop_exit_ready_pp0_iter18_reg    |   1|   0|    1|          0|
    |ap_loop_exit_ready_pp0_iter19_reg    |   1|   0|    1|          0|
    |ap_loop_exit_ready_pp0_iter1_reg     |   1|   0|    1|          0|
    |ap_loop_exit_ready_pp0_iter20_reg    |   1|   0|    1|          0|
    |ap_loop_exit_ready_pp0_iter21_reg    |   1|   0|    1|          0|
    |ap_loop_exit_ready_pp0_iter22_reg    |   1|   0|    1|          0|
    |ap_loop_exit_ready_pp0_iter23_reg    |   1|   0|    1|          0|
    |ap_loop_exit_ready_pp0_iter24_reg    |   1|   0|    1|          0|
    |ap_loop_exit_ready_pp0_iter25_reg    |   1|   0|    1|          0|
    |ap_loop_exit_ready_pp0_iter26_reg    |   1|   0|    1|          0|
    |ap_loop_exit_ready_pp0_iter27_reg    |   1|   0|    1|          0|
    |ap_loop_exit_ready_pp0_iter28_reg    |   1|   0|    1|          0|
    |ap_loop_exit_ready_pp0_iter29_reg    |   1|   0|    1|          0|
    |ap_loop_exit_ready_pp0_iter2_reg     |   1|   0|    1|          0|
    |ap_loop_exit_ready_pp0_iter30_reg    |   1|   0|    1|          0|
    |ap_loop_exit_ready_pp0_iter31_reg    |   1|   0|    1|          0|
    |ap_loop_exit_ready_pp0_iter32_reg    |   1|   0|    1|          0|
    |ap_loop_exit_ready_pp0_iter3_reg     |   1|   0|    1|          0|
    |ap_loop_exit_ready_pp0_iter4_reg     |   1|   0|    1|          0|
    |ap_loop_exit_ready_pp0_iter5_reg     |   1|   0|    1|          0|
    |ap_loop_exit_ready_pp0_iter6_reg     |   1|   0|    1|          0|
    |ap_loop_exit_ready_pp0_iter7_reg     |   1|   0|    1|          0|
    |ap_loop_exit_ready_pp0_iter8_reg     |   1|   0|    1|          0|
    |ap_loop_exit_ready_pp0_iter9_reg     |   1|   0|    1|          0|
    |ap_phi_reg_pp0_iter10_val_1_reg_140  |  32|   0|   32|          0|
    |ap_phi_reg_pp0_iter11_val_1_reg_140  |  32|   0|   32|          0|
    |ap_phi_reg_pp0_iter12_val_1_reg_140  |  32|   0|   32|          0|
    |ap_phi_reg_pp0_iter13_val_1_reg_140  |  32|   0|   32|          0|
    |ap_phi_reg_pp0_iter14_val_1_reg_140  |  32|   0|   32|          0|
    |ap_phi_reg_pp0_iter15_val_1_reg_140  |  32|   0|   32|          0|
    |ap_phi_reg_pp0_iter16_val_1_reg_140  |  32|   0|   32|          0|
    |ap_phi_reg_pp0_iter17_val_1_reg_140  |  32|   0|   32|          0|
    |ap_phi_reg_pp0_iter18_val_1_reg_140  |  32|   0|   32|          0|
    |ap_phi_reg_pp0_iter19_val_1_reg_140  |  32|   0|   32|          0|
    |ap_phi_reg_pp0_iter1_val_1_reg_140   |  32|   0|   32|          0|
    |ap_phi_reg_pp0_iter20_val_1_reg_140  |  32|   0|   32|          0|
    |ap_phi_reg_pp0_iter21_val_1_reg_140  |  32|   0|   32|          0|
    |ap_phi_reg_pp0_iter22_val_1_reg_140  |  32|   0|   32|          0|
    |ap_phi_reg_pp0_iter23_val_1_reg_140  |  32|   0|   32|          0|
    |ap_phi_reg_pp0_iter24_val_1_reg_140  |  32|   0|   32|          0|
    |ap_phi_reg_pp0_iter25_val_1_reg_140  |  32|   0|   32|          0|
    |ap_phi_reg_pp0_iter26_val_1_reg_140  |  32|   0|   32|          0|
    |ap_phi_reg_pp0_iter27_val_1_reg_140  |  32|   0|   32|          0|
    |ap_phi_reg_pp0_iter28_val_1_reg_140  |  32|   0|   32|          0|
    |ap_phi_reg_pp0_iter2_val_1_reg_140   |  32|   0|   32|          0|
    |ap_phi_reg_pp0_iter3_val_1_reg_140   |  32|   0|   32|          0|
    |ap_phi_reg_pp0_iter4_val_1_reg_140   |  32|   0|   32|          0|
    |ap_phi_reg_pp0_iter5_val_1_reg_140   |  32|   0|   32|          0|
    |ap_phi_reg_pp0_iter6_val_1_reg_140   |  32|   0|   32|          0|
    |ap_phi_reg_pp0_iter7_val_1_reg_140   |  32|   0|   32|          0|
    |ap_phi_reg_pp0_iter8_val_1_reg_140   |  32|   0|   32|          0|
    |ap_phi_reg_pp0_iter9_val_1_reg_140   |  32|   0|   32|          0|
    |conv9_reg_435                        |  32|   0|   32|          0|
    |dc_reg_477                           |  32|   0|   32|          0|
    |i1_fu_104                            |   5|   0|    5|          0|
    |icmp_ln28_reg_422                    |   1|   0|    1|          0|
    |mul4_reg_467                         |  32|   0|   32|          0|
    |result_2_reg_482                     |  64|   0|   64|          0|
    |sub_reg_462                          |  32|   0|   32|          0|
    |tmp_reg_452                          |  32|   0|   32|          0|
    |tmp_s_reg_457                        |  32|   0|   32|          0|
    |val_reg_472                          |  32|   0|   32|          0|
    |x_assign_1_reg_447                   |  32|   0|   32|          0|
    |x_assign_reg_442                     |  32|   0|   32|          0|
    |conv9_reg_435                        |  64|  32|   32|          0|
    |icmp_ln28_reg_422                    |  64|  32|    1|          0|
    +-------------------------------------+----+----+-----+-----------+
    |Total                                |1448|  64| 1353|          0|
    +-------------------------------------+----+----+-----+-----------+



================================================================
== Interface
================================================================
* Summary: 
+---------------------+-----+-----+------------+------------------------------------------------+--------------+
|      RTL Ports      | Dir | Bits|  Protocol  |                  Source Object                 |    C Type    |
+---------------------+-----+-----+------------+------------------------------------------------+--------------+
|ap_clk               |   in|    1|  ap_ctrl_hs|  calculateCoefficients_Pipeline_VITIS_LOOP_22_1|  return value|
|ap_rst               |   in|    1|  ap_ctrl_hs|  calculateCoefficients_Pipeline_VITIS_LOOP_22_1|  return value|
|ap_start             |   in|    1|  ap_ctrl_hs|  calculateCoefficients_Pipeline_VITIS_LOOP_22_1|  return value|
|ap_done              |  out|    1|  ap_ctrl_hs|  calculateCoefficients_Pipeline_VITIS_LOOP_22_1|  return value|
|ap_idle              |  out|    1|  ap_ctrl_hs|  calculateCoefficients_Pipeline_VITIS_LOOP_22_1|  return value|
|ap_ready             |  out|    1|  ap_ctrl_hs|  calculateCoefficients_Pipeline_VITIS_LOOP_22_1|  return value|
|grp_fu_132_p_din0    |  out|   32|  ap_ctrl_hs|  calculateCoefficients_Pipeline_VITIS_LOOP_22_1|  return value|
|grp_fu_132_p_din1    |  out|   32|  ap_ctrl_hs|  calculateCoefficients_Pipeline_VITIS_LOOP_22_1|  return value|
|grp_fu_132_p_opcode  |  out|    2|  ap_ctrl_hs|  calculateCoefficients_Pipeline_VITIS_LOOP_22_1|  return value|
|grp_fu_132_p_dout0   |   in|   32|  ap_ctrl_hs|  calculateCoefficients_Pipeline_VITIS_LOOP_22_1|  return value|
|grp_fu_132_p_ce      |  out|    1|  ap_ctrl_hs|  calculateCoefficients_Pipeline_VITIS_LOOP_22_1|  return value|
|grp_fu_136_p_din0    |  out|   32|  ap_ctrl_hs|  calculateCoefficients_Pipeline_VITIS_LOOP_22_1|  return value|
|grp_fu_136_p_din1    |  out|   32|  ap_ctrl_hs|  calculateCoefficients_Pipeline_VITIS_LOOP_22_1|  return value|
|grp_fu_136_p_dout0   |   in|   32|  ap_ctrl_hs|  calculateCoefficients_Pipeline_VITIS_LOOP_22_1|  return value|
|grp_fu_136_p_ce      |  out|    1|  ap_ctrl_hs|  calculateCoefficients_Pipeline_VITIS_LOOP_22_1|  return value|
|grp_fu_141_p_din0    |  out|   32|  ap_ctrl_hs|  calculateCoefficients_Pipeline_VITIS_LOOP_22_1|  return value|
|grp_fu_141_p_din1    |  out|   32|  ap_ctrl_hs|  calculateCoefficients_Pipeline_VITIS_LOOP_22_1|  return value|
|grp_fu_141_p_dout0   |   in|   32|  ap_ctrl_hs|  calculateCoefficients_Pipeline_VITIS_LOOP_22_1|  return value|
|grp_fu_141_p_ce      |  out|    1|  ap_ctrl_hs|  calculateCoefficients_Pipeline_VITIS_LOOP_22_1|  return value|
|grp_fu_146_p_din0    |  out|   32|  ap_ctrl_hs|  calculateCoefficients_Pipeline_VITIS_LOOP_22_1|  return value|
|grp_fu_146_p_din1    |  out|   32|  ap_ctrl_hs|  calculateCoefficients_Pipeline_VITIS_LOOP_22_1|  return value|
|grp_fu_146_p_dout0   |   in|   32|  ap_ctrl_hs|  calculateCoefficients_Pipeline_VITIS_LOOP_22_1|  return value|
|grp_fu_146_p_ce      |  out|    1|  ap_ctrl_hs|  calculateCoefficients_Pipeline_VITIS_LOOP_22_1|  return value|
|m_axi_gmem_AWVALID   |  out|    1|       m_axi|                                            gmem|       pointer|
|m_axi_gmem_AWREADY   |   in|    1|       m_axi|                                            gmem|       pointer|
|m_axi_gmem_AWADDR    |  out|   64|       m_axi|                                            gmem|       pointer|
|m_axi_gmem_AWID      |  out|    1|       m_axi|                                            gmem|       pointer|
|m_axi_gmem_AWLEN     |  out|   32|       m_axi|                                            gmem|       pointer|
|m_axi_gmem_AWSIZE    |  out|    3|       m_axi|                                            gmem|       pointer|
|m_axi_gmem_AWBURST   |  out|    2|       m_axi|                                            gmem|       pointer|
|m_axi_gmem_AWLOCK    |  out|    2|       m_axi|                                            gmem|       pointer|
|m_axi_gmem_AWCACHE   |  out|    4|       m_axi|                                            gmem|       pointer|
|m_axi_gmem_AWPROT    |  out|    3|       m_axi|                                            gmem|       pointer|
|m_axi_gmem_AWQOS     |  out|    4|       m_axi|                                            gmem|       pointer|
|m_axi_gmem_AWREGION  |  out|    4|       m_axi|                                            gmem|       pointer|
|m_axi_gmem_AWUSER    |  out|    1|       m_axi|                                            gmem|       pointer|
|m_axi_gmem_WVALID    |  out|    1|       m_axi|                                            gmem|       pointer|
|m_axi_gmem_WREADY    |   in|    1|       m_axi|                                            gmem|       pointer|
|m_axi_gmem_WDATA     |  out|   64|       m_axi|                                            gmem|       pointer|
|m_axi_gmem_WSTRB     |  out|    8|       m_axi|                                            gmem|       pointer|
|m_axi_gmem_WLAST     |  out|    1|       m_axi|                                            gmem|       pointer|
|m_axi_gmem_WID       |  out|    1|       m_axi|                                            gmem|       pointer|
|m_axi_gmem_WUSER     |  out|    1|       m_axi|                                            gmem|       pointer|
|m_axi_gmem_ARVALID   |  out|    1|       m_axi|                                            gmem|       pointer|
|m_axi_gmem_ARREADY   |   in|    1|       m_axi|                                            gmem|       pointer|
|m_axi_gmem_ARADDR    |  out|   64|       m_axi|                                            gmem|       pointer|
|m_axi_gmem_ARID      |  out|    1|       m_axi|                                            gmem|       pointer|
|m_axi_gmem_ARLEN     |  out|   32|       m_axi|                                            gmem|       pointer|
|m_axi_gmem_ARSIZE    |  out|    3|       m_axi|                                            gmem|       pointer|
|m_axi_gmem_ARBURST   |  out|    2|       m_axi|                                            gmem|       pointer|
|m_axi_gmem_ARLOCK    |  out|    2|       m_axi|                                            gmem|       pointer|
|m_axi_gmem_ARCACHE   |  out|    4|       m_axi|                                            gmem|       pointer|
|m_axi_gmem_ARPROT    |  out|    3|       m_axi|                                            gmem|       pointer|
|m_axi_gmem_ARQOS     |  out|    4|       m_axi|                                            gmem|       pointer|
|m_axi_gmem_ARREGION  |  out|    4|       m_axi|                                            gmem|       pointer|
|m_axi_gmem_ARUSER    |  out|    1|       m_axi|                                            gmem|       pointer|
|m_axi_gmem_RVALID    |   in|    1|       m_axi|                                            gmem|       pointer|
|m_axi_gmem_RREADY    |  out|    1|       m_axi|                                            gmem|       pointer|
|m_axi_gmem_RDATA     |   in|   64|       m_axi|                                            gmem|       pointer|
|m_axi_gmem_RLAST     |   in|    1|       m_axi|                                            gmem|       pointer|
|m_axi_gmem_RID       |   in|    1|       m_axi|                                            gmem|       pointer|
|m_axi_gmem_RFIFONUM  |   in|    9|       m_axi|                                            gmem|       pointer|
|m_axi_gmem_RUSER     |   in|    1|       m_axi|                                            gmem|       pointer|
|m_axi_gmem_RRESP     |   in|    2|       m_axi|                                            gmem|       pointer|
|m_axi_gmem_BVALID    |   in|    1|       m_axi|                                            gmem|       pointer|
|m_axi_gmem_BREADY    |  out|    1|       m_axi|                                            gmem|       pointer|
|m_axi_gmem_BRESP     |   in|    2|       m_axi|                                            gmem|       pointer|
|m_axi_gmem_BID       |   in|    1|       m_axi|                                            gmem|       pointer|
|m_axi_gmem_BUSER     |   in|    1|       m_axi|                                            gmem|       pointer|
|sext_ln22            |   in|   61|     ap_none|                                       sext_ln22|        scalar|
|div8                 |   in|   32|     ap_none|                                            div8|        scalar|
|omegaUpper           |   in|   32|     ap_none|                                      omegaUpper|        scalar|
|omegaLower           |   in|   32|     ap_none|                                      omegaLower|        scalar|
+---------------------+-----+-----+------------+------------------------------------------------+--------------+

============================================================
+ Verbose Summary: Synthesis Manager
============================================================
InlineROM: 1
ExposeGlobal: 0
============================================================
+ Verbose Summary: CDFG Model
============================================================
IsTopModel: 0
ResetActiveHigh: 1
IsCombinational: 2
IsDatapathOnly: 2
HasWiredReturn: 1
HasMFsm: 2
HasVarLatency: 1
IsPipeline: 0
IsRtlPipelined: 0
IsInstanceOverlapped: 0
IsDontTouch: 0
HasImplIP: 0
IsGatedGlobalClock: 0

+ Individual pipeline summary: 
  * Pipeline-0: initiation interval (II) = 1, depth = 33


============================================================
+ Verbose Summary: Schedule
============================================================
* Number of FSM states : 33
* Pipeline : 1
  Pipeline-0 : II = 1, D = 33, States = { 1 2 3 4 5 6 7 8 9 10 11 12 13 14 15 16 17 18 19 20 21 22 23 24 25 26 27 28 29 30 31 32 33 }
* Dataflow Pipeline: 0

* FSM state transitions: 
1 --> 2 
2 --> 3 
3 --> 4 
4 --> 5 
5 --> 6 
6 --> 7 
7 --> 8 
8 --> 9 
9 --> 10 
10 --> 11 
11 --> 12 
12 --> 13 
13 --> 14 
14 --> 15 
15 --> 16 
16 --> 17 
17 --> 18 
18 --> 19 
19 --> 20 
20 --> 21 
21 --> 22 
22 --> 23 
23 --> 24 
24 --> 25 
25 --> 26 
26 --> 27 
27 --> 28 
28 --> 29 
29 --> 30 
30 --> 31 
31 --> 32 
32 --> 33 
33 --> 

* FSM state operations: 

State 1 <SV = 0> <Delay = 6.41>
ST_1 : Operation 36 [1/1] (0.00ns)   --->   "%i1 = alloca i32 1"   --->   Operation 36 'alloca' 'i1' <Predicate = true> <Delay = 0.00>
ST_1 : Operation 37 [1/1] (0.00ns)   --->   "%omegaLower_read = read i32 @_ssdm_op_Read.ap_auto.float, i32 %omegaLower"   --->   Operation 37 'read' 'omegaLower_read' <Predicate = true> <Delay = 0.00>
ST_1 : Operation 38 [1/1] (0.00ns)   --->   "%omegaUpper_read = read i32 @_ssdm_op_Read.ap_auto.float, i32 %omegaUpper"   --->   Operation 38 'read' 'omegaUpper_read' <Predicate = true> <Delay = 0.00>
ST_1 : Operation 39 [1/1] (0.00ns)   --->   "%div8_read = read i32 @_ssdm_op_Read.ap_auto.float, i32 %div8"   --->   Operation 39 'read' 'div8_read' <Predicate = true> <Delay = 0.00>
ST_1 : Operation 40 [1/1] (0.00ns)   --->   "%sext_ln22_read = read i61 @_ssdm_op_Read.ap_auto.i61, i61 %sext_ln22"   --->   Operation 40 'read' 'sext_ln22_read' <Predicate = true> <Delay = 0.00>
ST_1 : Operation 41 [1/1] (0.00ns)   --->   "%sext_ln22_cast = sext i61 %sext_ln22_read"   --->   Operation 41 'sext' 'sext_ln22_cast' <Predicate = true> <Delay = 0.00>
ST_1 : Operation 42 [1/1] (0.00ns)   --->   "%specinterface_ln0 = specinterface void @_ssdm_op_SpecInterface, i64 %gmem, void @empty, i32 0, i32 0, void @empty_0, i32 0, i32 25, void @empty_1, void @empty_2, void @empty_0, i32 16, i32 16, i32 16, i32 16, void @empty_0, void @empty_0, i32 4294967295, i32 0, i32 0"   --->   Operation 42 'specinterface' 'specinterface_ln0' <Predicate = true> <Delay = 0.00>
ST_1 : Operation 43 [1/1] (0.42ns)   --->   "%store_ln0 = store i5 0, i5 %i1"   --->   Operation 43 'store' 'store_ln0' <Predicate = true> <Delay = 0.42>
ST_1 : Operation 44 [1/1] (0.00ns)   --->   "%br_ln0 = br void %for.body.split"   --->   Operation 44 'br' 'br_ln0' <Predicate = true> <Delay = 0.00>
ST_1 : Operation 45 [1/1] (0.00ns)   --->   "%i1_load = load i5 %i1" [Coefficients.cpp:28]   --->   Operation 45 'load' 'i1_load' <Predicate = true> <Delay = 0.00>
ST_1 : Operation 46 [1/1] (0.78ns)   --->   "%add_ln28 = add i5 %i1_load, i5 20" [Coefficients.cpp:28]   --->   Operation 46 'add' 'add_ln28' <Predicate = true> <Delay = 0.78> <CoreInst = "Adder">   --->   Core 1 'Adder' <Latency = 0> <II = 1> <Delay = 0.78> <FuncUnit> <Opcode : 'add' 'sub'> <InPorts = 2> <OutPorts = 1>
ST_1 : Operation 47 [1/1] (0.78ns)   --->   "%icmp_ln28 = icmp_eq  i5 %add_ln28, i5 0" [Coefficients.cpp:28]   --->   Operation 47 'icmp' 'icmp_ln28' <Predicate = true> <Delay = 0.78> <CoreInst = "Cmp">   --->   Core 9 'Cmp' <Latency = 0> <II = 1> <Delay = 0.78> <FuncUnit> <Opcode : 'seteq' 'setne' 'setle' 'setge' 'setlt' 'setgt'> <InPorts = 2> <OutPorts = 1>
ST_1 : Operation 48 [1/1] (0.78ns)   --->   "%i = add i5 %i1_load, i5 1" [Coefficients.cpp:22]   --->   Operation 48 'add' 'i' <Predicate = true> <Delay = 0.78> <CoreInst = "Adder">   --->   Core 1 'Adder' <Latency = 0> <II = 1> <Delay = 0.78> <FuncUnit> <Opcode : 'add' 'sub'> <InPorts = 2> <OutPorts = 1>
ST_1 : Operation 49 [1/1] (0.42ns)   --->   "%br_ln28 = br i1 %icmp_ln28, void %if.else, void %for.inc" [Coefficients.cpp:28]   --->   Operation 49 'br' 'br_ln28' <Predicate = true> <Delay = 0.42>
ST_1 : Operation 50 [1/1] (0.00ns)   --->   "%sext_ln31 = sext i5 %add_ln28" [Coefficients.cpp:31]   --->   Operation 50 'sext' 'sext_ln31' <Predicate = (!icmp_ln28)> <Delay = 0.00>
ST_1 : Operation 51 [4/4] (5.19ns)   --->   "%conv9 = sitofp i32 %sext_ln31" [Coefficients.cpp:31]   --->   Operation 51 'sitofp' 'conv9' <Predicate = (!icmp_ln28)> <Delay = 5.19> <CoreInst = "Int2Float">   --->   Core 62 'Int2Float' <Latency = 3> <II = 1> <Delay = 5.19> <FuncUnit> <Opcode : 'uitofp' 'sitofp'> <InPorts = 1> <OutPorts = 1>
ST_1 : Operation 52 [1/1] (0.78ns)   --->   "%icmp_ln22 = icmp_eq  i5 %i1_load, i5 24" [Coefficients.cpp:22]   --->   Operation 52 'icmp' 'icmp_ln22' <Predicate = true> <Delay = 0.78> <CoreInst = "Cmp">   --->   Core 9 'Cmp' <Latency = 0> <II = 1> <Delay = 0.78> <FuncUnit> <Opcode : 'seteq' 'setne' 'setle' 'setge' 'setlt' 'setgt'> <InPorts = 2> <OutPorts = 1>
ST_1 : Operation 53 [1/1] (0.42ns)   --->   "%store_ln22 = store i5 %i, i5 %i1" [Coefficients.cpp:22]   --->   Operation 53 'store' 'store_ln22' <Predicate = true> <Delay = 0.42>
ST_1 : Operation 54 [1/1] (0.00ns)   --->   "%br_ln22 = br i1 %icmp_ln22, void %for.body.split, void %for.end.exitStub" [Coefficients.cpp:22]   --->   Operation 54 'br' 'br_ln22' <Predicate = true> <Delay = 0.00>

State 2 <SV = 1> <Delay = 5.19>
ST_2 : Operation 55 [3/4] (5.19ns)   --->   "%conv9 = sitofp i32 %sext_ln31" [Coefficients.cpp:31]   --->   Operation 55 'sitofp' 'conv9' <Predicate = (!icmp_ln28)> <Delay = 5.19> <CoreInst = "Int2Float">   --->   Core 62 'Int2Float' <Latency = 3> <II = 1> <Delay = 5.19> <FuncUnit> <Opcode : 'uitofp' 'sitofp'> <InPorts = 1> <OutPorts = 1>

State 3 <SV = 2> <Delay = 5.19>
ST_3 : Operation 56 [2/4] (5.19ns)   --->   "%conv9 = sitofp i32 %sext_ln31" [Coefficients.cpp:31]   --->   Operation 56 'sitofp' 'conv9' <Predicate = (!icmp_ln28)> <Delay = 5.19> <CoreInst = "Int2Float">   --->   Core 62 'Int2Float' <Latency = 3> <II = 1> <Delay = 5.19> <FuncUnit> <Opcode : 'uitofp' 'sitofp'> <InPorts = 1> <OutPorts = 1>

State 4 <SV = 3> <Delay = 5.19>
ST_4 : Operation 57 [1/4] (5.19ns)   --->   "%conv9 = sitofp i32 %sext_ln31" [Coefficients.cpp:31]   --->   Operation 57 'sitofp' 'conv9' <Predicate = (!icmp_ln28)> <Delay = 5.19> <CoreInst = "Int2Float">   --->   Core 62 'Int2Float' <Latency = 3> <II = 1> <Delay = 5.19> <FuncUnit> <Opcode : 'uitofp' 'sitofp'> <InPorts = 1> <OutPorts = 1>

State 5 <SV = 4> <Delay = 7.01>
ST_5 : Operation 58 [3/3] (7.01ns)   --->   "%x_assign = fmul i32 %omegaUpper_read, i32 %conv9" [Coefficients.cpp:31]   --->   Operation 58 'fmul' 'x_assign' <Predicate = (!icmp_ln28)> <Delay = 7.01> <CoreInst = "FMul_maxdsp">   --->   Core 30 'FMul_maxdsp' <Latency = 2> <II = 1> <Delay = 7.01> <FuncUnit> <Opcode : 'fmul'> <InPorts = 2> <OutPorts = 1>
ST_5 : Operation 59 [3/3] (7.01ns)   --->   "%x_assign_1 = fmul i32 %omegaLower_read, i32 %conv9" [Coefficients.cpp:31]   --->   Operation 59 'fmul' 'x_assign_1' <Predicate = (!icmp_ln28)> <Delay = 7.01> <CoreInst = "FMul_maxdsp">   --->   Core 30 'FMul_maxdsp' <Latency = 2> <II = 1> <Delay = 7.01> <FuncUnit> <Opcode : 'fmul'> <InPorts = 2> <OutPorts = 1>

State 6 <SV = 5> <Delay = 7.01>
ST_6 : Operation 60 [2/3] (7.01ns)   --->   "%x_assign = fmul i32 %omegaUpper_read, i32 %conv9" [Coefficients.cpp:31]   --->   Operation 60 'fmul' 'x_assign' <Predicate = (!icmp_ln28)> <Delay = 7.01> <CoreInst = "FMul_maxdsp">   --->   Core 30 'FMul_maxdsp' <Latency = 2> <II = 1> <Delay = 7.01> <FuncUnit> <Opcode : 'fmul'> <InPorts = 2> <OutPorts = 1>
ST_6 : Operation 61 [2/3] (7.01ns)   --->   "%x_assign_1 = fmul i32 %omegaLower_read, i32 %conv9" [Coefficients.cpp:31]   --->   Operation 61 'fmul' 'x_assign_1' <Predicate = (!icmp_ln28)> <Delay = 7.01> <CoreInst = "FMul_maxdsp">   --->   Core 30 'FMul_maxdsp' <Latency = 2> <II = 1> <Delay = 7.01> <FuncUnit> <Opcode : 'fmul'> <InPorts = 2> <OutPorts = 1>

State 7 <SV = 6> <Delay = 7.01>
ST_7 : Operation 62 [1/3] (7.01ns)   --->   "%x_assign = fmul i32 %omegaUpper_read, i32 %conv9" [Coefficients.cpp:31]   --->   Operation 62 'fmul' 'x_assign' <Predicate = (!icmp_ln28)> <Delay = 7.01> <CoreInst = "FMul_maxdsp">   --->   Core 30 'FMul_maxdsp' <Latency = 2> <II = 1> <Delay = 7.01> <FuncUnit> <Opcode : 'fmul'> <InPorts = 2> <OutPorts = 1>
ST_7 : Operation 63 [1/3] (7.01ns)   --->   "%x_assign_1 = fmul i32 %omegaLower_read, i32 %conv9" [Coefficients.cpp:31]   --->   Operation 63 'fmul' 'x_assign_1' <Predicate = (!icmp_ln28)> <Delay = 7.01> <CoreInst = "FMul_maxdsp">   --->   Core 30 'FMul_maxdsp' <Latency = 2> <II = 1> <Delay = 7.01> <FuncUnit> <Opcode : 'fmul'> <InPorts = 2> <OutPorts = 1>

State 8 <SV = 7> <Delay = 1.83>
ST_8 : Operation 64 [7/7] (1.83ns)   --->   "%tmp = call i32 @sin_or_cos<float>, i32 %x_assign, i100 %ref_4oPi_table_100, i30 %second_order_float_sin_cos_K0, i23 %second_order_float_sin_cos_K1, i15 %second_order_float_sin_cos_K2" [C:\scratch\2024.1\hls_product\545\2024.1\src\shared\hls\clib\hlsmath\src\common\hls_hotbm_float.cpp:123->C:\scratch\2024.1\hls_product\545\2024.1\src\shared\hls\clib\hlsmath\src\c++\sincoshotbmfloat.cpp:10->C:\scratch\2024.1\hls_product\545\2024.1\src\shared\hls\clib\hlsmath\src\c++\sincoshotbmfloat.cpp:42->Coefficients.cpp:31]   --->   Operation 64 'call' 'tmp' <Predicate = (!icmp_ln28)> <Delay = 1.83> <CoreType = "Generic">   --->   Core 0 '' <Latency = 0> <II = 1> <Delay = 1.00> <Generic> <Opcode : >
ST_8 : Operation 65 [7/7] (1.83ns)   --->   "%tmp_s = call i32 @sin_or_cos<float>, i32 %x_assign_1, i100 %ref_4oPi_table_100, i30 %second_order_float_sin_cos_K0, i23 %second_order_float_sin_cos_K1, i15 %second_order_float_sin_cos_K2" [C:\scratch\2024.1\hls_product\545\2024.1\src\shared\hls\clib\hlsmath\src\common\hls_hotbm_float.cpp:123->C:\scratch\2024.1\hls_product\545\2024.1\src\shared\hls\clib\hlsmath\src\c++\sincoshotbmfloat.cpp:10->C:\scratch\2024.1\hls_product\545\2024.1\src\shared\hls\clib\hlsmath\src\c++\sincoshotbmfloat.cpp:42->Coefficients.cpp:31]   --->   Operation 65 'call' 'tmp_s' <Predicate = (!icmp_ln28)> <Delay = 1.83> <CoreType = "Generic">   --->   Core 0 '' <Latency = 0> <II = 1> <Delay = 1.00> <Generic> <Opcode : >

State 9 <SV = 8> <Delay = 7.00>
ST_9 : Operation 66 [6/7] (7.00ns)   --->   "%tmp = call i32 @sin_or_cos<float>, i32 %x_assign, i100 %ref_4oPi_table_100, i30 %second_order_float_sin_cos_K0, i23 %second_order_float_sin_cos_K1, i15 %second_order_float_sin_cos_K2" [C:\scratch\2024.1\hls_product\545\2024.1\src\shared\hls\clib\hlsmath\src\common\hls_hotbm_float.cpp:123->C:\scratch\2024.1\hls_product\545\2024.1\src\shared\hls\clib\hlsmath\src\c++\sincoshotbmfloat.cpp:10->C:\scratch\2024.1\hls_product\545\2024.1\src\shared\hls\clib\hlsmath\src\c++\sincoshotbmfloat.cpp:42->Coefficients.cpp:31]   --->   Operation 66 'call' 'tmp' <Predicate = (!icmp_ln28)> <Delay = 7.00> <CoreType = "Generic">   --->   Core 0 '' <Latency = 0> <II = 1> <Delay = 1.00> <Generic> <Opcode : >
ST_9 : Operation 67 [6/7] (7.00ns)   --->   "%tmp_s = call i32 @sin_or_cos<float>, i32 %x_assign_1, i100 %ref_4oPi_table_100, i30 %second_order_float_sin_cos_K0, i23 %second_order_float_sin_cos_K1, i15 %second_order_float_sin_cos_K2" [C:\scratch\2024.1\hls_product\545\2024.1\src\shared\hls\clib\hlsmath\src\common\hls_hotbm_float.cpp:123->C:\scratch\2024.1\hls_product\545\2024.1\src\shared\hls\clib\hlsmath\src\c++\sincoshotbmfloat.cpp:10->C:\scratch\2024.1\hls_product\545\2024.1\src\shared\hls\clib\hlsmath\src\c++\sincoshotbmfloat.cpp:42->Coefficients.cpp:31]   --->   Operation 67 'call' 'tmp_s' <Predicate = (!icmp_ln28)> <Delay = 7.00> <CoreType = "Generic">   --->   Core 0 '' <Latency = 0> <II = 1> <Delay = 1.00> <Generic> <Opcode : >

State 10 <SV = 9> <Delay = 7.00>
ST_10 : Operation 68 [5/7] (7.00ns)   --->   "%tmp = call i32 @sin_or_cos<float>, i32 %x_assign, i100 %ref_4oPi_table_100, i30 %second_order_float_sin_cos_K0, i23 %second_order_float_sin_cos_K1, i15 %second_order_float_sin_cos_K2" [C:\scratch\2024.1\hls_product\545\2024.1\src\shared\hls\clib\hlsmath\src\common\hls_hotbm_float.cpp:123->C:\scratch\2024.1\hls_product\545\2024.1\src\shared\hls\clib\hlsmath\src\c++\sincoshotbmfloat.cpp:10->C:\scratch\2024.1\hls_product\545\2024.1\src\shared\hls\clib\hlsmath\src\c++\sincoshotbmfloat.cpp:42->Coefficients.cpp:31]   --->   Operation 68 'call' 'tmp' <Predicate = (!icmp_ln28)> <Delay = 7.00> <CoreType = "Generic">   --->   Core 0 '' <Latency = 0> <II = 1> <Delay = 1.00> <Generic> <Opcode : >
ST_10 : Operation 69 [5/7] (7.00ns)   --->   "%tmp_s = call i32 @sin_or_cos<float>, i32 %x_assign_1, i100 %ref_4oPi_table_100, i30 %second_order_float_sin_cos_K0, i23 %second_order_float_sin_cos_K1, i15 %second_order_float_sin_cos_K2" [C:\scratch\2024.1\hls_product\545\2024.1\src\shared\hls\clib\hlsmath\src\common\hls_hotbm_float.cpp:123->C:\scratch\2024.1\hls_product\545\2024.1\src\shared\hls\clib\hlsmath\src\c++\sincoshotbmfloat.cpp:10->C:\scratch\2024.1\hls_product\545\2024.1\src\shared\hls\clib\hlsmath\src\c++\sincoshotbmfloat.cpp:42->Coefficients.cpp:31]   --->   Operation 69 'call' 'tmp_s' <Predicate = (!icmp_ln28)> <Delay = 7.00> <CoreType = "Generic">   --->   Core 0 '' <Latency = 0> <II = 1> <Delay = 1.00> <Generic> <Opcode : >

State 11 <SV = 10> <Delay = 7.00>
ST_11 : Operation 70 [4/7] (7.00ns)   --->   "%tmp = call i32 @sin_or_cos<float>, i32 %x_assign, i100 %ref_4oPi_table_100, i30 %second_order_float_sin_cos_K0, i23 %second_order_float_sin_cos_K1, i15 %second_order_float_sin_cos_K2" [C:\scratch\2024.1\hls_product\545\2024.1\src\shared\hls\clib\hlsmath\src\common\hls_hotbm_float.cpp:123->C:\scratch\2024.1\hls_product\545\2024.1\src\shared\hls\clib\hlsmath\src\c++\sincoshotbmfloat.cpp:10->C:\scratch\2024.1\hls_product\545\2024.1\src\shared\hls\clib\hlsmath\src\c++\sincoshotbmfloat.cpp:42->Coefficients.cpp:31]   --->   Operation 70 'call' 'tmp' <Predicate = (!icmp_ln28)> <Delay = 7.00> <CoreType = "Generic">   --->   Core 0 '' <Latency = 0> <II = 1> <Delay = 1.00> <Generic> <Opcode : >
ST_11 : Operation 71 [4/7] (7.00ns)   --->   "%tmp_s = call i32 @sin_or_cos<float>, i32 %x_assign_1, i100 %ref_4oPi_table_100, i30 %second_order_float_sin_cos_K0, i23 %second_order_float_sin_cos_K1, i15 %second_order_float_sin_cos_K2" [C:\scratch\2024.1\hls_product\545\2024.1\src\shared\hls\clib\hlsmath\src\common\hls_hotbm_float.cpp:123->C:\scratch\2024.1\hls_product\545\2024.1\src\shared\hls\clib\hlsmath\src\c++\sincoshotbmfloat.cpp:10->C:\scratch\2024.1\hls_product\545\2024.1\src\shared\hls\clib\hlsmath\src\c++\sincoshotbmfloat.cpp:42->Coefficients.cpp:31]   --->   Operation 71 'call' 'tmp_s' <Predicate = (!icmp_ln28)> <Delay = 7.00> <CoreType = "Generic">   --->   Core 0 '' <Latency = 0> <II = 1> <Delay = 1.00> <Generic> <Opcode : >

State 12 <SV = 11> <Delay = 7.00>
ST_12 : Operation 72 [3/7] (7.00ns)   --->   "%tmp = call i32 @sin_or_cos<float>, i32 %x_assign, i100 %ref_4oPi_table_100, i30 %second_order_float_sin_cos_K0, i23 %second_order_float_sin_cos_K1, i15 %second_order_float_sin_cos_K2" [C:\scratch\2024.1\hls_product\545\2024.1\src\shared\hls\clib\hlsmath\src\common\hls_hotbm_float.cpp:123->C:\scratch\2024.1\hls_product\545\2024.1\src\shared\hls\clib\hlsmath\src\c++\sincoshotbmfloat.cpp:10->C:\scratch\2024.1\hls_product\545\2024.1\src\shared\hls\clib\hlsmath\src\c++\sincoshotbmfloat.cpp:42->Coefficients.cpp:31]   --->   Operation 72 'call' 'tmp' <Predicate = (!icmp_ln28)> <Delay = 7.00> <CoreType = "Generic">   --->   Core 0 '' <Latency = 0> <II = 1> <Delay = 1.00> <Generic> <Opcode : >
ST_12 : Operation 73 [3/7] (7.00ns)   --->   "%tmp_s = call i32 @sin_or_cos<float>, i32 %x_assign_1, i100 %ref_4oPi_table_100, i30 %second_order_float_sin_cos_K0, i23 %second_order_float_sin_cos_K1, i15 %second_order_float_sin_cos_K2" [C:\scratch\2024.1\hls_product\545\2024.1\src\shared\hls\clib\hlsmath\src\common\hls_hotbm_float.cpp:123->C:\scratch\2024.1\hls_product\545\2024.1\src\shared\hls\clib\hlsmath\src\c++\sincoshotbmfloat.cpp:10->C:\scratch\2024.1\hls_product\545\2024.1\src\shared\hls\clib\hlsmath\src\c++\sincoshotbmfloat.cpp:42->Coefficients.cpp:31]   --->   Operation 73 'call' 'tmp_s' <Predicate = (!icmp_ln28)> <Delay = 7.00> <CoreType = "Generic">   --->   Core 0 '' <Latency = 0> <II = 1> <Delay = 1.00> <Generic> <Opcode : >

State 13 <SV = 12> <Delay = 7.00>
ST_13 : Operation 74 [2/7] (7.00ns)   --->   "%tmp = call i32 @sin_or_cos<float>, i32 %x_assign, i100 %ref_4oPi_table_100, i30 %second_order_float_sin_cos_K0, i23 %second_order_float_sin_cos_K1, i15 %second_order_float_sin_cos_K2" [C:\scratch\2024.1\hls_product\545\2024.1\src\shared\hls\clib\hlsmath\src\common\hls_hotbm_float.cpp:123->C:\scratch\2024.1\hls_product\545\2024.1\src\shared\hls\clib\hlsmath\src\c++\sincoshotbmfloat.cpp:10->C:\scratch\2024.1\hls_product\545\2024.1\src\shared\hls\clib\hlsmath\src\c++\sincoshotbmfloat.cpp:42->Coefficients.cpp:31]   --->   Operation 74 'call' 'tmp' <Predicate = (!icmp_ln28)> <Delay = 7.00> <CoreType = "Generic">   --->   Core 0 '' <Latency = 0> <II = 1> <Delay = 1.00> <Generic> <Opcode : >
ST_13 : Operation 75 [2/7] (7.00ns)   --->   "%tmp_s = call i32 @sin_or_cos<float>, i32 %x_assign_1, i100 %ref_4oPi_table_100, i30 %second_order_float_sin_cos_K0, i23 %second_order_float_sin_cos_K1, i15 %second_order_float_sin_cos_K2" [C:\scratch\2024.1\hls_product\545\2024.1\src\shared\hls\clib\hlsmath\src\common\hls_hotbm_float.cpp:123->C:\scratch\2024.1\hls_product\545\2024.1\src\shared\hls\clib\hlsmath\src\c++\sincoshotbmfloat.cpp:10->C:\scratch\2024.1\hls_product\545\2024.1\src\shared\hls\clib\hlsmath\src\c++\sincoshotbmfloat.cpp:42->Coefficients.cpp:31]   --->   Operation 75 'call' 'tmp_s' <Predicate = (!icmp_ln28)> <Delay = 7.00> <CoreType = "Generic">   --->   Core 0 '' <Latency = 0> <II = 1> <Delay = 1.00> <Generic> <Opcode : >

State 14 <SV = 13> <Delay = 7.00>
ST_14 : Operation 76 [1/7] (7.00ns)   --->   "%tmp = call i32 @sin_or_cos<float>, i32 %x_assign, i100 %ref_4oPi_table_100, i30 %second_order_float_sin_cos_K0, i23 %second_order_float_sin_cos_K1, i15 %second_order_float_sin_cos_K2" [C:\scratch\2024.1\hls_product\545\2024.1\src\shared\hls\clib\hlsmath\src\common\hls_hotbm_float.cpp:123->C:\scratch\2024.1\hls_product\545\2024.1\src\shared\hls\clib\hlsmath\src\c++\sincoshotbmfloat.cpp:10->C:\scratch\2024.1\hls_product\545\2024.1\src\shared\hls\clib\hlsmath\src\c++\sincoshotbmfloat.cpp:42->Coefficients.cpp:31]   --->   Operation 76 'call' 'tmp' <Predicate = (!icmp_ln28)> <Delay = 7.00> <CoreType = "Generic">   --->   Core 0 '' <Latency = 0> <II = 1> <Delay = 1.00> <Generic> <Opcode : >
ST_14 : Operation 77 [1/7] (7.00ns)   --->   "%tmp_s = call i32 @sin_or_cos<float>, i32 %x_assign_1, i100 %ref_4oPi_table_100, i30 %second_order_float_sin_cos_K0, i23 %second_order_float_sin_cos_K1, i15 %second_order_float_sin_cos_K2" [C:\scratch\2024.1\hls_product\545\2024.1\src\shared\hls\clib\hlsmath\src\common\hls_hotbm_float.cpp:123->C:\scratch\2024.1\hls_product\545\2024.1\src\shared\hls\clib\hlsmath\src\c++\sincoshotbmfloat.cpp:10->C:\scratch\2024.1\hls_product\545\2024.1\src\shared\hls\clib\hlsmath\src\c++\sincoshotbmfloat.cpp:42->Coefficients.cpp:31]   --->   Operation 77 'call' 'tmp_s' <Predicate = (!icmp_ln28)> <Delay = 7.00> <CoreType = "Generic">   --->   Core 0 '' <Latency = 0> <II = 1> <Delay = 1.00> <Generic> <Opcode : >

State 15 <SV = 14> <Delay = 6.43>
ST_15 : Operation 78 [4/4] (6.43ns)   --->   "%sub = fsub i32 %tmp, i32 %tmp_s" [Coefficients.cpp:31]   --->   Operation 78 'fsub' 'sub' <Predicate = (!icmp_ln28)> <Delay = 6.43> <CoreInst = "FAddSub_fulldsp">   --->   Core 18 'FAddSub_fulldsp' <Latency = 3> <II = 1> <Delay = 6.43> <FuncUnit> <Opcode : 'fadd' 'fsub'> <InPorts = 2> <OutPorts = 1>

State 16 <SV = 15> <Delay = 7.01>
ST_16 : Operation 79 [3/4] (6.43ns)   --->   "%sub = fsub i32 %tmp, i32 %tmp_s" [Coefficients.cpp:31]   --->   Operation 79 'fsub' 'sub' <Predicate = (!icmp_ln28)> <Delay = 6.43> <CoreInst = "FAddSub_fulldsp">   --->   Core 18 'FAddSub_fulldsp' <Latency = 3> <II = 1> <Delay = 6.43> <FuncUnit> <Opcode : 'fadd' 'fsub'> <InPorts = 2> <OutPorts = 1>
ST_16 : Operation 80 [3/3] (7.01ns)   --->   "%mul4 = fmul i32 %conv9, i32 3.14159" [Coefficients.cpp:31]   --->   Operation 80 'fmul' 'mul4' <Predicate = (!icmp_ln28)> <Delay = 7.01> <CoreInst = "FMul_maxdsp">   --->   Core 30 'FMul_maxdsp' <Latency = 2> <II = 1> <Delay = 7.01> <FuncUnit> <Opcode : 'fmul'> <InPorts = 2> <OutPorts = 1>

State 17 <SV = 16> <Delay = 7.01>
ST_17 : Operation 81 [2/4] (6.43ns)   --->   "%sub = fsub i32 %tmp, i32 %tmp_s" [Coefficients.cpp:31]   --->   Operation 81 'fsub' 'sub' <Predicate = (!icmp_ln28)> <Delay = 6.43> <CoreInst = "FAddSub_fulldsp">   --->   Core 18 'FAddSub_fulldsp' <Latency = 3> <II = 1> <Delay = 6.43> <FuncUnit> <Opcode : 'fadd' 'fsub'> <InPorts = 2> <OutPorts = 1>
ST_17 : Operation 82 [2/3] (7.01ns)   --->   "%mul4 = fmul i32 %conv9, i32 3.14159" [Coefficients.cpp:31]   --->   Operation 82 'fmul' 'mul4' <Predicate = (!icmp_ln28)> <Delay = 7.01> <CoreInst = "FMul_maxdsp">   --->   Core 30 'FMul_maxdsp' <Latency = 2> <II = 1> <Delay = 7.01> <FuncUnit> <Opcode : 'fmul'> <InPorts = 2> <OutPorts = 1>

State 18 <SV = 17> <Delay = 7.01>
ST_18 : Operation 83 [1/4] (6.43ns)   --->   "%sub = fsub i32 %tmp, i32 %tmp_s" [Coefficients.cpp:31]   --->   Operation 83 'fsub' 'sub' <Predicate = (!icmp_ln28)> <Delay = 6.43> <CoreInst = "FAddSub_fulldsp">   --->   Core 18 'FAddSub_fulldsp' <Latency = 3> <II = 1> <Delay = 6.43> <FuncUnit> <Opcode : 'fadd' 'fsub'> <InPorts = 2> <OutPorts = 1>
ST_18 : Operation 84 [1/3] (7.01ns)   --->   "%mul4 = fmul i32 %conv9, i32 3.14159" [Coefficients.cpp:31]   --->   Operation 84 'fmul' 'mul4' <Predicate = (!icmp_ln28)> <Delay = 7.01> <CoreInst = "FMul_maxdsp">   --->   Core 30 'FMul_maxdsp' <Latency = 2> <II = 1> <Delay = 7.01> <FuncUnit> <Opcode : 'fmul'> <InPorts = 2> <OutPorts = 1>

State 19 <SV = 18> <Delay = 7.05>
ST_19 : Operation 85 [9/9] (7.05ns)   --->   "%val = fdiv i32 %sub, i32 %mul4" [Coefficients.cpp:31]   --->   Operation 85 'fdiv' 'val' <Predicate = (!icmp_ln28)> <Delay = 7.05> <CoreInst = "FDiv">   --->   Core 20 'FDiv' <Latency = 8> <II = 1> <Delay = 7.05> <FuncUnit> <Opcode : 'fdiv' 'frem'> <InPorts = 2> <OutPorts = 1>

State 20 <SV = 19> <Delay = 7.05>
ST_20 : Operation 86 [8/9] (7.05ns)   --->   "%val = fdiv i32 %sub, i32 %mul4" [Coefficients.cpp:31]   --->   Operation 86 'fdiv' 'val' <Predicate = (!icmp_ln28)> <Delay = 7.05> <CoreInst = "FDiv">   --->   Core 20 'FDiv' <Latency = 8> <II = 1> <Delay = 7.05> <FuncUnit> <Opcode : 'fdiv' 'frem'> <InPorts = 2> <OutPorts = 1>

State 21 <SV = 20> <Delay = 7.05>
ST_21 : Operation 87 [7/9] (7.05ns)   --->   "%val = fdiv i32 %sub, i32 %mul4" [Coefficients.cpp:31]   --->   Operation 87 'fdiv' 'val' <Predicate = (!icmp_ln28)> <Delay = 7.05> <CoreInst = "FDiv">   --->   Core 20 'FDiv' <Latency = 8> <II = 1> <Delay = 7.05> <FuncUnit> <Opcode : 'fdiv' 'frem'> <InPorts = 2> <OutPorts = 1>

State 22 <SV = 21> <Delay = 7.05>
ST_22 : Operation 88 [6/9] (7.05ns)   --->   "%val = fdiv i32 %sub, i32 %mul4" [Coefficients.cpp:31]   --->   Operation 88 'fdiv' 'val' <Predicate = (!icmp_ln28)> <Delay = 7.05> <CoreInst = "FDiv">   --->   Core 20 'FDiv' <Latency = 8> <II = 1> <Delay = 7.05> <FuncUnit> <Opcode : 'fdiv' 'frem'> <InPorts = 2> <OutPorts = 1>

State 23 <SV = 22> <Delay = 7.05>
ST_23 : Operation 89 [5/9] (7.05ns)   --->   "%val = fdiv i32 %sub, i32 %mul4" [Coefficients.cpp:31]   --->   Operation 89 'fdiv' 'val' <Predicate = (!icmp_ln28)> <Delay = 7.05> <CoreInst = "FDiv">   --->   Core 20 'FDiv' <Latency = 8> <II = 1> <Delay = 7.05> <FuncUnit> <Opcode : 'fdiv' 'frem'> <InPorts = 2> <OutPorts = 1>

State 24 <SV = 23> <Delay = 7.05>
ST_24 : Operation 90 [4/9] (7.05ns)   --->   "%val = fdiv i32 %sub, i32 %mul4" [Coefficients.cpp:31]   --->   Operation 90 'fdiv' 'val' <Predicate = (!icmp_ln28)> <Delay = 7.05> <CoreInst = "FDiv">   --->   Core 20 'FDiv' <Latency = 8> <II = 1> <Delay = 7.05> <FuncUnit> <Opcode : 'fdiv' 'frem'> <InPorts = 2> <OutPorts = 1>

State 25 <SV = 24> <Delay = 7.05>
ST_25 : Operation 91 [3/9] (7.05ns)   --->   "%val = fdiv i32 %sub, i32 %mul4" [Coefficients.cpp:31]   --->   Operation 91 'fdiv' 'val' <Predicate = (!icmp_ln28)> <Delay = 7.05> <CoreInst = "FDiv">   --->   Core 20 'FDiv' <Latency = 8> <II = 1> <Delay = 7.05> <FuncUnit> <Opcode : 'fdiv' 'frem'> <InPorts = 2> <OutPorts = 1>

State 26 <SV = 25> <Delay = 7.05>
ST_26 : Operation 92 [2/9] (7.05ns)   --->   "%val = fdiv i32 %sub, i32 %mul4" [Coefficients.cpp:31]   --->   Operation 92 'fdiv' 'val' <Predicate = (!icmp_ln28)> <Delay = 7.05> <CoreInst = "FDiv">   --->   Core 20 'FDiv' <Latency = 8> <II = 1> <Delay = 7.05> <FuncUnit> <Opcode : 'fdiv' 'frem'> <InPorts = 2> <OutPorts = 1>

State 27 <SV = 26> <Delay = 7.05>
ST_27 : Operation 93 [1/9] (7.05ns)   --->   "%val = fdiv i32 %sub, i32 %mul4" [Coefficients.cpp:31]   --->   Operation 93 'fdiv' 'val' <Predicate = (!icmp_ln28)> <Delay = 7.05> <CoreInst = "FDiv">   --->   Core 20 'FDiv' <Latency = 8> <II = 1> <Delay = 7.05> <FuncUnit> <Opcode : 'fdiv' 'frem'> <InPorts = 2> <OutPorts = 1>

State 28 <SV = 27> <Delay = 0.42>
ST_28 : Operation 94 [1/1] (0.42ns)   --->   "%br_ln0 = br void %for.inc"   --->   Operation 94 'br' 'br_ln0' <Predicate = (!icmp_ln28)> <Delay = 0.42>

State 29 <SV = 28> <Delay = 7.01>
ST_29 : Operation 95 [1/1] (0.00ns)   --->   "%val_1 = phi i32 %val, void %if.else, i32 %div8_read, void %for.body.split"   --->   Operation 95 'phi' 'val_1' <Predicate = true> <Delay = 0.00>
ST_29 : Operation 96 [3/3] (7.01ns)   --->   "%dc = fmul i32 %val_1, i32 1e+09" [Coefficients.cpp:35]   --->   Operation 96 'fmul' 'dc' <Predicate = true> <Delay = 7.01> <CoreInst = "FMul_maxdsp">   --->   Core 30 'FMul_maxdsp' <Latency = 2> <II = 1> <Delay = 7.01> <FuncUnit> <Opcode : 'fmul'> <InPorts = 2> <OutPorts = 1>

State 30 <SV = 29> <Delay = 7.01>
ST_30 : Operation 97 [2/3] (7.01ns)   --->   "%dc = fmul i32 %val_1, i32 1e+09" [Coefficients.cpp:35]   --->   Operation 97 'fmul' 'dc' <Predicate = true> <Delay = 7.01> <CoreInst = "FMul_maxdsp">   --->   Core 30 'FMul_maxdsp' <Latency = 2> <II = 1> <Delay = 7.01> <FuncUnit> <Opcode : 'fmul'> <InPorts = 2> <OutPorts = 1>

State 31 <SV = 30> <Delay = 7.01>
ST_31 : Operation 98 [1/3] (7.01ns)   --->   "%dc = fmul i32 %val_1, i32 1e+09" [Coefficients.cpp:35]   --->   Operation 98 'fmul' 'dc' <Predicate = true> <Delay = 7.01> <CoreInst = "FMul_maxdsp">   --->   Core 30 'FMul_maxdsp' <Latency = 2> <II = 1> <Delay = 7.01> <FuncUnit> <Opcode : 'fmul'> <InPorts = 2> <OutPorts = 1>

State 32 <SV = 31> <Delay = 4.48>
ST_32 : Operation 99 [1/1] (0.00ns)   --->   "%data = bitcast i32 %dc" [C:\scratch\2024.1\hls_product\545\2024.1\src\shared\hls\clib/src/hls\utils/x_hls_utils.h:288->C:\scratch\2024.1\hls_product\545\2024.1\src\shared\hls\clib/hlsmath/include/FloatingPoint\hls_case_IEEE754.h:13->C:\scratch\2024.1\hls_product\545\2024.1\src\shared\hls\clib/hlsmath/include/FloatingPoint\hls_case_IEEE754.h:117->C:\scratch\2024.1\hls_product\545\2024.1\src\shared\hls\clib\hlsmath\src\lib_floatconversion.cpp:52->Coefficients.cpp:35]   --->   Operation 99 'bitcast' 'data' <Predicate = true> <Delay = 0.00>
ST_32 : Operation 100 [1/1] (0.00ns)   --->   "%xs_sign = bitselect i1 @_ssdm_op_BitSelect.i1.i32.i32, i32 %data, i32 31" [C:\scratch\2024.1\hls_product\545\2024.1\src\shared\hls\clib/src/hls\utils/x_hls_utils.h:294->C:\scratch\2024.1\hls_product\545\2024.1\src\shared\hls\clib/hlsmath/include/FloatingPoint\hls_case_IEEE754.h:13->C:\scratch\2024.1\hls_product\545\2024.1\src\shared\hls\clib/hlsmath/include/FloatingPoint\hls_case_IEEE754.h:117->C:\scratch\2024.1\hls_product\545\2024.1\src\shared\hls\clib\hlsmath\src\lib_floatconversion.cpp:52->Coefficients.cpp:35]   --->   Operation 100 'bitselect' 'xs_sign' <Predicate = true> <Delay = 0.00>
ST_32 : Operation 101 [1/1] (0.00ns)   --->   "%xs_exp = partselect i8 @_ssdm_op_PartSelect.i8.i32.i32.i32, i32 %data, i32 23, i32 30" [C:\scratch\2024.1\hls_product\545\2024.1\src\shared\hls\clib/src/hls\utils/x_hls_utils.h:295->C:\scratch\2024.1\hls_product\545\2024.1\src\shared\hls\clib/hlsmath/include/FloatingPoint\hls_case_IEEE754.h:13->C:\scratch\2024.1\hls_product\545\2024.1\src\shared\hls\clib/hlsmath/include/FloatingPoint\hls_case_IEEE754.h:117->C:\scratch\2024.1\hls_product\545\2024.1\src\shared\hls\clib\hlsmath\src\lib_floatconversion.cpp:52->Coefficients.cpp:35]   --->   Operation 101 'partselect' 'xs_exp' <Predicate = true> <Delay = 0.00>
ST_32 : Operation 102 [1/1] (0.00ns)   --->   "%trunc_ln342 = trunc i32 %data" [C:\scratch\2024.1\hls_product\545\2024.1\src\shared\hls\clib/src/hls\utils/x_hls_utils.h:342->C:\scratch\2024.1\hls_product\545\2024.1\src\shared\hls\clib/hlsmath/include/FloatingPoint\hls_case_IEEE754.h:15->C:\scratch\2024.1\hls_product\545\2024.1\src\shared\hls\clib/hlsmath/include/FloatingPoint\hls_case_IEEE754.h:117->C:\scratch\2024.1\hls_product\545\2024.1\src\shared\hls\clib\hlsmath\src\lib_floatconversion.cpp:52->Coefficients.cpp:35]   --->   Operation 102 'trunc' 'trunc_ln342' <Predicate = true> <Delay = 0.00>
ST_32 : Operation 103 [1/1] (0.00ns)   --->   "%mantissa = bitconcatenate i25 @_ssdm_op_BitConcatenate.i25.i1.i23.i1, i1 1, i23 %trunc_ln342, i1 0" [C:\scratch\2024.1\hls_product\545\2024.1\src\shared\hls\clib/hlsmath/include/FloatingPoint\hls_case_IEEE754.h:15->C:\scratch\2024.1\hls_product\545\2024.1\src\shared\hls\clib/hlsmath/include/FloatingPoint\hls_case_IEEE754.h:117->C:\scratch\2024.1\hls_product\545\2024.1\src\shared\hls\clib\hlsmath\src\lib_floatconversion.cpp:52->Coefficients.cpp:35]   --->   Operation 103 'bitconcatenate' 'mantissa' <Predicate = true> <Delay = 0.00>
ST_32 : Operation 104 [1/1] (0.00ns)   --->   "%zext_ln15 = zext i25 %mantissa" [C:\scratch\2024.1\hls_product\545\2024.1\src\shared\hls\clib/hlsmath/include/FloatingPoint\hls_case_IEEE754.h:15->C:\scratch\2024.1\hls_product\545\2024.1\src\shared\hls\clib/hlsmath/include/FloatingPoint\hls_case_IEEE754.h:117->C:\scratch\2024.1\hls_product\545\2024.1\src\shared\hls\clib\hlsmath\src\lib_floatconversion.cpp:52->Coefficients.cpp:35]   --->   Operation 104 'zext' 'zext_ln15' <Predicate = true> <Delay = 0.00>
ST_32 : Operation 105 [1/1] (0.00ns)   --->   "%zext_ln317 = zext i8 %xs_exp" [C:\scratch\2024.1\hls_product\545\2024.1\src\shared\hls\clib/src/hls\utils/x_hls_utils.h:317->C:\scratch\2024.1\hls_product\545\2024.1\src\shared\hls\clib/hlsmath/include/FloatingPoint\hls_case_IEEE754.h:18->C:\scratch\2024.1\hls_product\545\2024.1\src\shared\hls\clib/hlsmath/include/FloatingPoint\hls_case_IEEE754.h:117->C:\scratch\2024.1\hls_product\545\2024.1\src\shared\hls\clib\hlsmath\src\lib_floatconversion.cpp:52->Coefficients.cpp:35]   --->   Operation 105 'zext' 'zext_ln317' <Predicate = true> <Delay = 0.00>
ST_32 : Operation 106 [1/1] (0.76ns)   --->   "%add_ln317 = add i9 %zext_ln317, i9 385" [C:\scratch\2024.1\hls_product\545\2024.1\src\shared\hls\clib/src/hls\utils/x_hls_utils.h:317->C:\scratch\2024.1\hls_product\545\2024.1\src\shared\hls\clib/hlsmath/include/FloatingPoint\hls_case_IEEE754.h:18->C:\scratch\2024.1\hls_product\545\2024.1\src\shared\hls\clib/hlsmath/include/FloatingPoint\hls_case_IEEE754.h:117->C:\scratch\2024.1\hls_product\545\2024.1\src\shared\hls\clib\hlsmath\src\lib_floatconversion.cpp:52->Coefficients.cpp:35]   --->   Operation 106 'add' 'add_ln317' <Predicate = true> <Delay = 0.76> <CoreInst = "Adder">   --->   Core 1 'Adder' <Latency = 0> <II = 1> <Delay = 0.77> <FuncUnit> <Opcode : 'add' 'sub'> <InPorts = 2> <OutPorts = 1>
ST_32 : Operation 107 [1/1] (0.00ns)   --->   "%tmp_9 = bitselect i1 @_ssdm_op_BitSelect.i1.i9.i32, i9 %add_ln317, i32 8" [C:\scratch\2024.1\hls_product\545\2024.1\src\shared\hls\clib/hlsmath/include/FloatingPoint\hls_case_IEEE754.h:18->C:\scratch\2024.1\hls_product\545\2024.1\src\shared\hls\clib/hlsmath/include/FloatingPoint\hls_case_IEEE754.h:117->C:\scratch\2024.1\hls_product\545\2024.1\src\shared\hls\clib\hlsmath\src\lib_floatconversion.cpp:52->Coefficients.cpp:35]   --->   Operation 107 'bitselect' 'tmp_9' <Predicate = true> <Delay = 0.00>
ST_32 : Operation 108 [1/1] (0.76ns)   --->   "%sub_ln18 = sub i8 127, i8 %xs_exp" [C:\scratch\2024.1\hls_product\545\2024.1\src\shared\hls\clib/hlsmath/include/FloatingPoint\hls_case_IEEE754.h:18->C:\scratch\2024.1\hls_product\545\2024.1\src\shared\hls\clib/hlsmath/include/FloatingPoint\hls_case_IEEE754.h:117->C:\scratch\2024.1\hls_product\545\2024.1\src\shared\hls\clib\hlsmath\src\lib_floatconversion.cpp:52->Coefficients.cpp:35]   --->   Operation 108 'sub' 'sub_ln18' <Predicate = true> <Delay = 0.76> <CoreInst = "Adder">   --->   Core 1 'Adder' <Latency = 0> <II = 1> <Delay = 0.76> <FuncUnit> <Opcode : 'add' 'sub'> <InPorts = 2> <OutPorts = 1>
ST_32 : Operation 109 [1/1] (0.00ns)   --->   "%sext_ln18 = sext i8 %sub_ln18" [C:\scratch\2024.1\hls_product\545\2024.1\src\shared\hls\clib/hlsmath/include/FloatingPoint\hls_case_IEEE754.h:18->C:\scratch\2024.1\hls_product\545\2024.1\src\shared\hls\clib/hlsmath/include/FloatingPoint\hls_case_IEEE754.h:117->C:\scratch\2024.1\hls_product\545\2024.1\src\shared\hls\clib\hlsmath\src\lib_floatconversion.cpp:52->Coefficients.cpp:35]   --->   Operation 109 'sext' 'sext_ln18' <Predicate = true> <Delay = 0.00>
ST_32 : Operation 110 [1/1] (0.39ns)   --->   "%select_ln18 = select i1 %tmp_9, i9 %sext_ln18, i9 %add_ln317" [C:\scratch\2024.1\hls_product\545\2024.1\src\shared\hls\clib/hlsmath/include/FloatingPoint\hls_case_IEEE754.h:18->C:\scratch\2024.1\hls_product\545\2024.1\src\shared\hls\clib/hlsmath/include/FloatingPoint\hls_case_IEEE754.h:117->C:\scratch\2024.1\hls_product\545\2024.1\src\shared\hls\clib\hlsmath\src\lib_floatconversion.cpp:52->Coefficients.cpp:35]   --->   Operation 110 'select' 'select_ln18' <Predicate = true> <Delay = 0.39> <CoreInst = "Sel">   --->   Core 73 'Sel' <Latency = 0> <II = 1> <Delay = 0.39> <FuncUnit> <Opcode : 'select'> <InPorts = 3> <OutPorts = 1>
ST_32 : Operation 111 [1/1] (0.00ns)   --->   "%sext_ln18_1 = sext i9 %select_ln18" [C:\scratch\2024.1\hls_product\545\2024.1\src\shared\hls\clib/hlsmath/include/FloatingPoint\hls_case_IEEE754.h:18->C:\scratch\2024.1\hls_product\545\2024.1\src\shared\hls\clib/hlsmath/include/FloatingPoint\hls_case_IEEE754.h:117->C:\scratch\2024.1\hls_product\545\2024.1\src\shared\hls\clib\hlsmath\src\lib_floatconversion.cpp:52->Coefficients.cpp:35]   --->   Operation 111 'sext' 'sext_ln18_1' <Predicate = true> <Delay = 0.00>
ST_32 : Operation 112 [1/1] (0.00ns)   --->   "%zext_ln18 = zext i32 %sext_ln18_1" [C:\scratch\2024.1\hls_product\545\2024.1\src\shared\hls\clib/hlsmath/include/FloatingPoint\hls_case_IEEE754.h:18->C:\scratch\2024.1\hls_product\545\2024.1\src\shared\hls\clib/hlsmath/include/FloatingPoint\hls_case_IEEE754.h:117->C:\scratch\2024.1\hls_product\545\2024.1\src\shared\hls\clib\hlsmath\src\lib_floatconversion.cpp:52->Coefficients.cpp:35]   --->   Operation 112 'zext' 'zext_ln18' <Predicate = true> <Delay = 0.00>
ST_32 : Operation 113 [1/1] (1.38ns)   --->   "%lshr_ln18 = lshr i111 %zext_ln15, i111 %zext_ln18" [C:\scratch\2024.1\hls_product\545\2024.1\src\shared\hls\clib/hlsmath/include/FloatingPoint\hls_case_IEEE754.h:18->C:\scratch\2024.1\hls_product\545\2024.1\src\shared\hls\clib/hlsmath/include/FloatingPoint\hls_case_IEEE754.h:117->C:\scratch\2024.1\hls_product\545\2024.1\src\shared\hls\clib\hlsmath\src\lib_floatconversion.cpp:52->Coefficients.cpp:35]   --->   Operation 113 'lshr' 'lshr_ln18' <Predicate = true> <Delay = 1.38> <CoreInst = "Shifter">   --->   Core 75 'Shifter' <Latency = 0> <II = 1> <Delay = 1.51> <FuncUnit> <Opcode : 'shl' 'lshr' 'ashr'> <InPorts = 2> <OutPorts = 1>
ST_32 : Operation 114 [1/1] (1.38ns)   --->   "%shl_ln18 = shl i111 %zext_ln15, i111 %zext_ln18" [C:\scratch\2024.1\hls_product\545\2024.1\src\shared\hls\clib/hlsmath/include/FloatingPoint\hls_case_IEEE754.h:18->C:\scratch\2024.1\hls_product\545\2024.1\src\shared\hls\clib/hlsmath/include/FloatingPoint\hls_case_IEEE754.h:117->C:\scratch\2024.1\hls_product\545\2024.1\src\shared\hls\clib\hlsmath\src\lib_floatconversion.cpp:52->Coefficients.cpp:35]   --->   Operation 114 'shl' 'shl_ln18' <Predicate = true> <Delay = 1.38> <CoreInst = "Shifter">   --->   Core 75 'Shifter' <Latency = 0> <II = 1> <Delay = 1.51> <FuncUnit> <Opcode : 'shl' 'lshr' 'ashr'> <InPorts = 2> <OutPorts = 1>
ST_32 : Operation 115 [1/1] (0.00ns)   --->   "%tmp_14 = partselect i64 @_ssdm_op_PartSelect.i64.i111.i32.i32, i111 %lshr_ln18, i32 24, i32 87" [C:\scratch\2024.1\hls_product\545\2024.1\src\shared\hls\clib/hlsmath/include/FloatingPoint\hls_case_IEEE754.h:21->C:\scratch\2024.1\hls_product\545\2024.1\src\shared\hls\clib/hlsmath/include/FloatingPoint\hls_case_IEEE754.h:117->C:\scratch\2024.1\hls_product\545\2024.1\src\shared\hls\clib\hlsmath\src\lib_floatconversion.cpp:52->Coefficients.cpp:35]   --->   Operation 115 'partselect' 'tmp_14' <Predicate = true> <Delay = 0.00>
ST_32 : Operation 116 [1/1] (0.00ns)   --->   "%tmp_15 = partselect i64 @_ssdm_op_PartSelect.i64.i111.i32.i32, i111 %shl_ln18, i32 24, i32 87" [C:\scratch\2024.1\hls_product\545\2024.1\src\shared\hls\clib/hlsmath/include/FloatingPoint\hls_case_IEEE754.h:21->C:\scratch\2024.1\hls_product\545\2024.1\src\shared\hls\clib/hlsmath/include/FloatingPoint\hls_case_IEEE754.h:117->C:\scratch\2024.1\hls_product\545\2024.1\src\shared\hls\clib\hlsmath\src\lib_floatconversion.cpp:52->Coefficients.cpp:35]   --->   Operation 116 'partselect' 'tmp_15' <Predicate = true> <Delay = 0.00>
ST_32 : Operation 117 [1/1] (0.42ns)   --->   "%val_3 = select i1 %tmp_9, i64 %tmp_14, i64 %tmp_15" [C:\scratch\2024.1\hls_product\545\2024.1\src\shared\hls\clib/hlsmath/include/FloatingPoint\hls_case_IEEE754.h:18->C:\scratch\2024.1\hls_product\545\2024.1\src\shared\hls\clib/hlsmath/include/FloatingPoint\hls_case_IEEE754.h:117->C:\scratch\2024.1\hls_product\545\2024.1\src\shared\hls\clib\hlsmath\src\lib_floatconversion.cpp:52->Coefficients.cpp:35]   --->   Operation 117 'select' 'val_3' <Predicate = true> <Delay = 0.42> <CoreInst = "Sel">   --->   Core 73 'Sel' <Latency = 0> <II = 1> <Delay = 0.42> <FuncUnit> <Opcode : 'select'> <InPorts = 3> <OutPorts = 1>
ST_32 : Operation 118 [1/1] (1.08ns)   --->   "%result_1 = sub i64 0, i64 %val_3" [C:\scratch\2024.1\hls_product\545\2024.1\src\shared\hls\clib/hlsmath/include/FloatingPoint\hls_case_IEEE754.h:59->C:\scratch\2024.1\hls_product\545\2024.1\src\shared\hls\clib/hlsmath/include/FloatingPoint\hls_case_IEEE754.h:117->C:\scratch\2024.1\hls_product\545\2024.1\src\shared\hls\clib\hlsmath\src\lib_floatconversion.cpp:52->Coefficients.cpp:35]   --->   Operation 118 'sub' 'result_1' <Predicate = true> <Delay = 1.08> <CoreInst = "Adder">   --->   Core 1 'Adder' <Latency = 0> <II = 1> <Delay = 1.08> <FuncUnit> <Opcode : 'add' 'sub'> <InPorts = 2> <OutPorts = 1>
ST_32 : Operation 119 [1/1] (0.42ns)   --->   "%result_2 = select i1 %xs_sign, i64 %result_1, i64 %val_3" [C:\scratch\2024.1\hls_product\545\2024.1\src\shared\hls\clib/hlsmath/include/FloatingPoint\hls_case_IEEE754.h:59->C:\scratch\2024.1\hls_product\545\2024.1\src\shared\hls\clib/hlsmath/include/FloatingPoint\hls_case_IEEE754.h:117->C:\scratch\2024.1\hls_product\545\2024.1\src\shared\hls\clib\hlsmath\src\lib_floatconversion.cpp:52->Coefficients.cpp:35]   --->   Operation 119 'select' 'result_2' <Predicate = true> <Delay = 0.42> <CoreInst = "Sel">   --->   Core 73 'Sel' <Latency = 0> <II = 1> <Delay = 0.42> <FuncUnit> <Opcode : 'select'> <InPorts = 3> <OutPorts = 1>

State 33 <SV = 32> <Delay = 7.30>
ST_33 : Operation 120 [1/1] (0.00ns)   --->   "%specbitsmap_ln0 = specbitsmap void @_ssdm_op_SpecBitsMap, i64 %gmem"   --->   Operation 120 'specbitsmap' 'specbitsmap_ln0' <Predicate = true> <Delay = 0.00>
ST_33 : Operation 121 [1/1] (0.00ns)   --->   "%gmem_addr = getelementptr i64 %gmem, i64 %sext_ln22_cast" [Coefficients.cpp:22]   --->   Operation 121 'getelementptr' 'gmem_addr' <Predicate = true> <Delay = 0.00>
ST_33 : Operation 122 [1/1] (0.00ns)   --->   "%specpipeline_ln23 = specpipeline void @_ssdm_op_SpecPipeline, i32 4294967295, i32 0, i32 0, i32 0, void @empty_0" [Coefficients.cpp:23]   --->   Operation 122 'specpipeline' 'specpipeline_ln23' <Predicate = true> <Delay = 0.00>
ST_33 : Operation 123 [1/1] (0.00ns)   --->   "%speclooptripcount_ln22 = speclooptripcount void @_ssdm_op_SpecLoopTripCount, i64 25, i64 25, i64 25" [Coefficients.cpp:22]   --->   Operation 123 'speclooptripcount' 'speclooptripcount_ln22' <Predicate = true> <Delay = 0.00>
ST_33 : Operation 124 [1/1] (0.00ns)   --->   "%specloopname_ln22 = specloopname void @_ssdm_op_SpecLoopName, void @empty_13" [Coefficients.cpp:22]   --->   Operation 124 'specloopname' 'specloopname_ln22' <Predicate = true> <Delay = 0.00>
ST_33 : Operation 125 [1/1] (7.30ns)   --->   "%write_ln35 = write void @_ssdm_op_Write.m_axi.p1i64, i64 %gmem_addr, i64 %result_2, i8 255" [Coefficients.cpp:35]   --->   Operation 125 'write' 'write_ln35' <Predicate = true> <Delay = 7.30> <CoreInst = "m_axi">   --->   Core 119 'm_axi' <Latency = 0> <II = 1> <Delay = 1.00> <Adapter> <Opcode : 'read' 'write' 'readreq' 'writereq' 'writeresp'>
ST_33 : Operation 126 [1/1] (0.42ns)   --->   "%ret_ln0 = ret"   --->   Operation 126 'ret' 'ret_ln0' <Predicate = (icmp_ln22)> <Delay = 0.42>


============================================================
+ Verbose Summary: Binding
============================================================
STG Binding: 
---------------- STG Properties BEGIN ----------------
- Is combinational: 0
- Is one-state seq: 0
- Is datapath-only: 0
- Is pipelined: 0
- Is top level: 0
Port [ Return ] is wired: 1; IO mode=ap_ctrl_hs:ce=0
Port [ gmem]:  wired=1; compound=1; hidden=0; nouse=0; global=0; static=0; extern=0; dir=1; type=4; pingpong=0; private_global=0; IO mode=m_axi:ce=0
Port [ sext_ln22]:  wired=1; compound=0; hidden=0; nouse=0; global=0; static=0; extern=0; dir=0; type=0; pingpong=0; private_global=0; IO mode=ap_none:ce=0
Port [ div8]:  wired=1; compound=0; hidden=0; nouse=0; global=0; static=0; extern=0; dir=0; type=0; pingpong=0; private_global=0; IO mode=ap_none:ce=0
Port [ omegaUpper]:  wired=1; compound=0; hidden=0; nouse=0; global=0; static=0; extern=0; dir=0; type=0; pingpong=0; private_global=0; IO mode=ap_none:ce=0
Port [ omegaLower]:  wired=1; compound=0; hidden=0; nouse=0; global=0; static=0; extern=0; dir=0; type=0; pingpong=0; private_global=0; IO mode=ap_none:ce=0
Port [ ref_4oPi_table_100]:  wired=0; compound=1; hidden=1; nouse=1; global=1; static=1; extern=0; dir=0; type=1; pingpong=0; private_global=0; MemPort=[1]; IO mode=ap_memory:ce=0
Port [ second_order_float_sin_cos_K0]:  wired=0; compound=1; hidden=1; nouse=1; global=1; static=1; extern=0; dir=0; type=1; pingpong=0; private_global=0; MemPort=[1]; IO mode=ap_memory:ce=0
Port [ second_order_float_sin_cos_K1]:  wired=0; compound=1; hidden=1; nouse=1; global=1; static=1; extern=0; dir=0; type=1; pingpong=0; private_global=0; MemPort=[1]; IO mode=ap_memory:ce=0
Port [ second_order_float_sin_cos_K2]:  wired=0; compound=1; hidden=1; nouse=1; global=1; static=1; extern=0; dir=0; type=1; pingpong=0; private_global=0; MemPort=[1]; IO mode=ap_memory:ce=0
---------------- STG Properties END ------------------

---------------- Datapath Model BEGIN ----------------

<LifeTime>
<method=bitvector/>
i1                     (alloca           ) [ 0100000000000000000000000000000000]
omegaLower_read        (read             ) [ 0111111100000000000000000000000000]
omegaUpper_read        (read             ) [ 0111111100000000000000000000000000]
div8_read              (read             ) [ 0111111111111111111111111111110000]
sext_ln22_read         (read             ) [ 0000000000000000000000000000000000]
sext_ln22_cast         (sext             ) [ 0111111111111111111111111111111111]
specinterface_ln0      (specinterface    ) [ 0000000000000000000000000000000000]
store_ln0              (store            ) [ 0000000000000000000000000000000000]
br_ln0                 (br               ) [ 0000000000000000000000000000000000]
i1_load                (load             ) [ 0000000000000000000000000000000000]
add_ln28               (add              ) [ 0000000000000000000000000000000000]
icmp_ln28              (icmp             ) [ 0111111111111111111111111111111111]
i                      (add              ) [ 0000000000000000000000000000000000]
br_ln28                (br               ) [ 0111111111111111111111111111110000]
sext_ln31              (sext             ) [ 0111100000000000000000000000000000]
icmp_ln22              (icmp             ) [ 0111111111111111111111111111111111]
store_ln22             (store            ) [ 0000000000000000000000000000000000]
br_ln22                (br               ) [ 0000000000000000000000000000000000]
conv9                  (sitofp           ) [ 0100011111111111111000000000000000]
x_assign               (fmul             ) [ 0100000011111110000000000000000000]
x_assign_1             (fmul             ) [ 0100000011111110000000000000000000]
tmp                    (call             ) [ 0100000000000001111000000000000000]
tmp_s                  (call             ) [ 0100000000000001111000000000000000]
sub                    (fsub             ) [ 0100000000000000000111111111000000]
mul4                   (fmul             ) [ 0100000000000000000111111111000000]
val                    (fdiv             ) [ 0100000000000000000000000000110000]
br_ln0                 (br               ) [ 0100000000000000000000000000110000]
val_1                  (phi              ) [ 0100000000000000000000000000011100]
dc                     (fmul             ) [ 0100000000000000000000000000000010]
data                   (bitcast          ) [ 0000000000000000000000000000000000]
xs_sign                (bitselect        ) [ 0000000000000000000000000000000000]
xs_exp                 (partselect       ) [ 0000000000000000000000000000000000]
trunc_ln342            (trunc            ) [ 0000000000000000000000000000000000]
mantissa               (bitconcatenate   ) [ 0000000000000000000000000000000000]
zext_ln15              (zext             ) [ 0000000000000000000000000000000000]
zext_ln317             (zext             ) [ 0000000000000000000000000000000000]
add_ln317              (add              ) [ 0000000000000000000000000000000000]
tmp_9                  (bitselect        ) [ 0000000000000000000000000000000000]
sub_ln18               (sub              ) [ 0000000000000000000000000000000000]
sext_ln18              (sext             ) [ 0000000000000000000000000000000000]
select_ln18            (select           ) [ 0000000000000000000000000000000000]
sext_ln18_1            (sext             ) [ 0000000000000000000000000000000000]
zext_ln18              (zext             ) [ 0000000000000000000000000000000000]
lshr_ln18              (lshr             ) [ 0000000000000000000000000000000000]
shl_ln18               (shl              ) [ 0000000000000000000000000000000000]
tmp_14                 (partselect       ) [ 0000000000000000000000000000000000]
tmp_15                 (partselect       ) [ 0000000000000000000000000000000000]
val_3                  (select           ) [ 0000000000000000000000000000000000]
result_1               (sub              ) [ 0000000000000000000000000000000000]
result_2               (select           ) [ 0100000000000000000000000000000001]
specbitsmap_ln0        (specbitsmap      ) [ 0000000000000000000000000000000000]
gmem_addr              (getelementptr    ) [ 0000000000000000000000000000000000]
specpipeline_ln23      (specpipeline     ) [ 0000000000000000000000000000000000]
speclooptripcount_ln22 (speclooptripcount) [ 0000000000000000000000000000000000]
specloopname_ln22      (specloopname     ) [ 0000000000000000000000000000000000]
write_ln35             (write            ) [ 0000000000000000000000000000000000]
ret_ln0                (ret              ) [ 0000000000000000000000000000000000]
</LifeTime>

<model>

<comp_list>
<comp id="0" class="1000" name="gmem">
<pin_list>
<pin id="1" dir="1" index="0" bw="1" slack="0"/>
</pin_list>
<bind>
<StgValue><ssdm name="gmem"/></StgValue>
</bind>
</comp>

<comp id="2" class="1000" name="sext_ln22">
<pin_list>
<pin id="3" dir="1" index="0" bw="1" slack="0"/>
</pin_list>
<bind>
<StgValue><ssdm name="sext_ln22"/></StgValue>
</bind>
</comp>

<comp id="4" class="1000" name="div8">
<pin_list>
<pin id="5" dir="1" index="0" bw="1" slack="0"/>
</pin_list>
<bind>
<StgValue><ssdm name="div8"/></StgValue>
</bind>
</comp>

<comp id="6" class="1000" name="omegaUpper">
<pin_list>
<pin id="7" dir="1" index="0" bw="1" slack="0"/>
</pin_list>
<bind>
<StgValue><ssdm name="omegaUpper"/></StgValue>
</bind>
</comp>

<comp id="8" class="1000" name="omegaLower">
<pin_list>
<pin id="9" dir="1" index="0" bw="1" slack="0"/>
</pin_list>
<bind>
<StgValue><ssdm name="omegaLower"/></StgValue>
</bind>
</comp>

<comp id="10" class="1000" name="ref_4oPi_table_100">
<pin_list>
<pin id="11" dir="1" index="0" bw="1" slack="0"/>
</pin_list>
<bind>
<StgValue><ssdm name="ref_4oPi_table_100"/><MemPortTyVec>1 </MemPortTyVec>
</StgValue>
</bind>
</comp>

<comp id="12" class="1000" name="second_order_float_sin_cos_K0">
<pin_list>
<pin id="13" dir="1" index="0" bw="1" slack="0"/>
</pin_list>
<bind>
<StgValue><ssdm name="second_order_float_sin_cos_K0"/><MemPortTyVec>1 </MemPortTyVec>
</StgValue>
</bind>
</comp>

<comp id="14" class="1000" name="second_order_float_sin_cos_K1">
<pin_list>
<pin id="15" dir="1" index="0" bw="1" slack="0"/>
</pin_list>
<bind>
<StgValue><ssdm name="second_order_float_sin_cos_K1"/><MemPortTyVec>1 </MemPortTyVec>
</StgValue>
</bind>
</comp>

<comp id="16" class="1000" name="second_order_float_sin_cos_K2">
<pin_list>
<pin id="17" dir="1" index="0" bw="1" slack="0"/>
</pin_list>
<bind>
<StgValue><ssdm name="second_order_float_sin_cos_K2"/><MemPortTyVec>1 </MemPortTyVec>
</StgValue>
</bind>
</comp>

<comp id="18" class="1001" name="const_18">
<pin_list>
<pin id="19" dir="1" index="0" bw="1" slack="0"/>
</pin_list>
<bind>
<StgValue><ssdm name=""/></StgValue>
</bind>
</comp>

<comp id="20" class="1001" name="const_20">
<pin_list>
<pin id="21" dir="1" index="0" bw="1" slack="0"/>
</pin_list>
<bind>
<StgValue><ssdm name="_ssdm_op_Read.ap_auto.float"/></StgValue>
</bind>
</comp>

<comp id="22" class="1001" name="const_22">
<pin_list>
<pin id="23" dir="1" index="0" bw="1" slack="0"/>
</pin_list>
<bind>
<StgValue><ssdm name="_ssdm_op_Read.ap_auto.i61"/></StgValue>
</bind>
</comp>

<comp id="24" class="1001" name="const_24">
<pin_list>
<pin id="25" dir="1" index="0" bw="1" slack="2147483647"/>
</pin_list>
<bind>
<StgValue><ssdm name="_ssdm_op_SpecInterface"/></StgValue>
</bind>
</comp>

<comp id="26" class="1001" name="const_26">
<pin_list>
<pin id="27" dir="1" index="0" bw="1" slack="2147483647"/>
</pin_list>
<bind>
<StgValue><ssdm name="empty"/></StgValue>
</bind>
</comp>

<comp id="28" class="1001" name="const_28">
<pin_list>
<pin id="29" dir="1" index="0" bw="1" slack="2147483647"/>
</pin_list>
<bind>
<StgValue><ssdm name=""/></StgValue>
</bind>
</comp>

<comp id="30" class="1001" name="const_30">
<pin_list>
<pin id="31" dir="1" index="0" bw="1" slack="2147483647"/>
</pin_list>
<bind>
<StgValue><ssdm name="empty_0"/></StgValue>
</bind>
</comp>

<comp id="32" class="1001" name="const_32">
<pin_list>
<pin id="33" dir="1" index="0" bw="1" slack="2147483647"/>
</pin_list>
<bind>
<StgValue><ssdm name=""/></StgValue>
</bind>
</comp>

<comp id="34" class="1001" name="const_34">
<pin_list>
<pin id="35" dir="1" index="0" bw="1" slack="2147483647"/>
</pin_list>
<bind>
<StgValue><ssdm name="empty_1"/></StgValue>
</bind>
</comp>

<comp id="36" class="1001" name="const_36">
<pin_list>
<pin id="37" dir="1" index="0" bw="1" slack="2147483647"/>
</pin_list>
<bind>
<StgValue><ssdm name="empty_2"/></StgValue>
</bind>
</comp>

<comp id="38" class="1001" name="const_38">
<pin_list>
<pin id="39" dir="1" index="0" bw="1" slack="2147483647"/>
</pin_list>
<bind>
<StgValue><ssdm name=""/></StgValue>
</bind>
</comp>

<comp id="40" class="1001" name="const_40">
<pin_list>
<pin id="41" dir="1" index="0" bw="1" slack="2147483647"/>
</pin_list>
<bind>
<StgValue><ssdm name=""/></StgValue>
</bind>
</comp>

<comp id="42" class="1001" name="const_42">
<pin_list>
<pin id="43" dir="1" index="0" bw="1" slack="0"/>
</pin_list>
<bind>
<StgValue><ssdm name=""/></StgValue>
</bind>
</comp>

<comp id="44" class="1001" name="const_44">
<pin_list>
<pin id="45" dir="1" index="0" bw="1" slack="0"/>
</pin_list>
<bind>
<StgValue><ssdm name=""/></StgValue>
</bind>
</comp>

<comp id="46" class="1001" name="const_46">
<pin_list>
<pin id="47" dir="1" index="0" bw="1" slack="0"/>
</pin_list>
<bind>
<StgValue><ssdm name=""/></StgValue>
</bind>
</comp>

<comp id="48" class="1001" name="const_48">
<pin_list>
<pin id="49" dir="1" index="0" bw="1" slack="0"/>
</pin_list>
<bind>
<StgValue><ssdm name=""/></StgValue>
</bind>
</comp>

<comp id="50" class="1001" name="const_50">
<pin_list>
<pin id="51" dir="1" index="0" bw="1" slack="0"/>
</pin_list>
<bind>
<StgValue><ssdm name="sin_or_cos<float>"/></StgValue>
</bind>
</comp>

<comp id="52" class="1001" name="const_52">
<pin_list>
<pin id="53" dir="1" index="0" bw="1" slack="0"/>
</pin_list>
<bind>
<StgValue><ssdm name=""/></StgValue>
</bind>
</comp>

<comp id="54" class="1001" name="const_54">
<pin_list>
<pin id="55" dir="1" index="0" bw="1" slack="0"/>
</pin_list>
<bind>
<StgValue><ssdm name=""/></StgValue>
</bind>
</comp>

<comp id="56" class="1001" name="const_56">
<pin_list>
<pin id="57" dir="1" index="0" bw="1" slack="0"/>
</pin_list>
<bind>
<StgValue><ssdm name="_ssdm_op_BitSelect.i1.i32.i32"/></StgValue>
</bind>
</comp>

<comp id="58" class="1001" name="const_58">
<pin_list>
<pin id="59" dir="1" index="0" bw="1" slack="0"/>
</pin_list>
<bind>
<StgValue><ssdm name=""/></StgValue>
</bind>
</comp>

<comp id="60" class="1001" name="const_60">
<pin_list>
<pin id="61" dir="1" index="0" bw="1" slack="0"/>
</pin_list>
<bind>
<StgValue><ssdm name="_ssdm_op_PartSelect.i8.i32.i32.i32"/></StgValue>
</bind>
</comp>

<comp id="62" class="1001" name="const_62">
<pin_list>
<pin id="63" dir="1" index="0" bw="1" slack="0"/>
</pin_list>
<bind>
<StgValue><ssdm name=""/></StgValue>
</bind>
</comp>

<comp id="64" class="1001" name="const_64">
<pin_list>
<pin id="65" dir="1" index="0" bw="1" slack="0"/>
</pin_list>
<bind>
<StgValue><ssdm name=""/></StgValue>
</bind>
</comp>

<comp id="66" class="1001" name="const_66">
<pin_list>
<pin id="67" dir="1" index="0" bw="1" slack="0"/>
</pin_list>
<bind>
<StgValue><ssdm name="_ssdm_op_BitConcatenate.i25.i1.i23.i1"/></StgValue>
</bind>
</comp>

<comp id="68" class="1001" name="const_68">
<pin_list>
<pin id="69" dir="1" index="0" bw="1" slack="0"/>
</pin_list>
<bind>
<StgValue><ssdm name=""/></StgValue>
</bind>
</comp>

<comp id="70" class="1001" name="const_70">
<pin_list>
<pin id="71" dir="1" index="0" bw="1" slack="0"/>
</pin_list>
<bind>
<StgValue><ssdm name=""/></StgValue>
</bind>
</comp>

<comp id="72" class="1001" name="const_72">
<pin_list>
<pin id="73" dir="1" index="0" bw="1" slack="0"/>
</pin_list>
<bind>
<StgValue><ssdm name=""/></StgValue>
</bind>
</comp>

<comp id="74" class="1001" name="const_74">
<pin_list>
<pin id="75" dir="1" index="0" bw="1" slack="0"/>
</pin_list>
<bind>
<StgValue><ssdm name="_ssdm_op_BitSelect.i1.i9.i32"/></StgValue>
</bind>
</comp>

<comp id="76" class="1001" name="const_76">
<pin_list>
<pin id="77" dir="1" index="0" bw="1" slack="0"/>
</pin_list>
<bind>
<StgValue><ssdm name=""/></StgValue>
</bind>
</comp>

<comp id="78" class="1001" name="const_78">
<pin_list>
<pin id="79" dir="1" index="0" bw="1" slack="0"/>
</pin_list>
<bind>
<StgValue><ssdm name=""/></StgValue>
</bind>
</comp>

<comp id="80" class="1001" name="const_80">
<pin_list>
<pin id="81" dir="1" index="0" bw="1" slack="0"/>
</pin_list>
<bind>
<StgValue><ssdm name="_ssdm_op_PartSelect.i64.i111.i32.i32"/></StgValue>
</bind>
</comp>

<comp id="82" class="1001" name="const_82">
<pin_list>
<pin id="83" dir="1" index="0" bw="1" slack="0"/>
</pin_list>
<bind>
<StgValue><ssdm name=""/></StgValue>
</bind>
</comp>

<comp id="84" class="1001" name="const_84">
<pin_list>
<pin id="85" dir="1" index="0" bw="1" slack="0"/>
</pin_list>
<bind>
<StgValue><ssdm name=""/></StgValue>
</bind>
</comp>

<comp id="86" class="1001" name="const_86">
<pin_list>
<pin id="87" dir="1" index="0" bw="1" slack="0"/>
</pin_list>
<bind>
<StgValue><ssdm name=""/></StgValue>
</bind>
</comp>

<comp id="88" class="1001" name="const_88">
<pin_list>
<pin id="89" dir="1" index="0" bw="1" slack="2147483647"/>
</pin_list>
<bind>
<StgValue><ssdm name="_ssdm_op_SpecBitsMap"/></StgValue>
</bind>
</comp>

<comp id="90" class="1001" name="const_90">
<pin_list>
<pin id="91" dir="1" index="0" bw="1" slack="2147483647"/>
</pin_list>
<bind>
<StgValue><ssdm name="_ssdm_op_SpecPipeline"/></StgValue>
</bind>
</comp>

<comp id="92" class="1001" name="const_92">
<pin_list>
<pin id="93" dir="1" index="0" bw="1" slack="2147483647"/>
</pin_list>
<bind>
<StgValue><ssdm name="_ssdm_op_SpecLoopTripCount"/></StgValue>
</bind>
</comp>

<comp id="94" class="1001" name="const_94">
<pin_list>
<pin id="95" dir="1" index="0" bw="1" slack="2147483647"/>
</pin_list>
<bind>
<StgValue><ssdm name=""/></StgValue>
</bind>
</comp>

<comp id="96" class="1001" name="const_96">
<pin_list>
<pin id="97" dir="1" index="0" bw="1" slack="2147483647"/>
</pin_list>
<bind>
<StgValue><ssdm name="_ssdm_op_SpecLoopName"/></StgValue>
</bind>
</comp>

<comp id="98" class="1001" name="const_98">
<pin_list>
<pin id="99" dir="1" index="0" bw="1" slack="2147483647"/>
</pin_list>
<bind>
<StgValue><ssdm name="empty_13"/></StgValue>
</bind>
</comp>

<comp id="100" class="1001" name="const_100">
<pin_list>
<pin id="101" dir="1" index="0" bw="1" slack="0"/>
</pin_list>
<bind>
<StgValue><ssdm name="_ssdm_op_Write.m_axi.p1i64"/></StgValue>
</bind>
</comp>

<comp id="102" class="1001" name="const_102">
<pin_list>
<pin id="103" dir="1" index="0" bw="1" slack="0"/>
</pin_list>
<bind>
<StgValue><ssdm name=""/></StgValue>
</bind>
</comp>

<comp id="104" class="1004" name="i1_fu_104">
<pin_list>
<pin id="105" dir="0" index="0" bw="1" slack="0"/>
<pin id="106" dir="1" index="1" bw="5" slack="0"/>
</pin_list>
<bind>
<opcode="alloca(26) " fcode="alloca"/>
<opset="i1/1 "/>
</bind>
</comp>

<comp id="108" class="1004" name="omegaLower_read_read_fu_108">
<pin_list>
<pin id="109" dir="0" index="0" bw="32" slack="0"/>
<pin id="110" dir="0" index="1" bw="32" slack="0"/>
<pin id="111" dir="1" index="2" bw="32" slack="4"/>
</pin_list>
<bind>
<opcode="read(1150) " fcode="read"/>
<opset="omegaLower_read/1 "/>
</bind>
</comp>

<comp id="114" class="1004" name="omegaUpper_read_read_fu_114">
<pin_list>
<pin id="115" dir="0" index="0" bw="32" slack="0"/>
<pin id="116" dir="0" index="1" bw="32" slack="0"/>
<pin id="117" dir="1" index="2" bw="32" slack="4"/>
</pin_list>
<bind>
<opcode="read(1150) " fcode="read"/>
<opset="omegaUpper_read/1 "/>
</bind>
</comp>

<comp id="120" class="1004" name="div8_read_read_fu_120">
<pin_list>
<pin id="121" dir="0" index="0" bw="32" slack="0"/>
<pin id="122" dir="0" index="1" bw="32" slack="0"/>
<pin id="123" dir="1" index="2" bw="32" slack="28"/>
</pin_list>
<bind>
<opcode="read(1150) " fcode="read"/>
<opset="div8_read/1 "/>
</bind>
</comp>

<comp id="126" class="1004" name="sext_ln22_read_read_fu_126">
<pin_list>
<pin id="127" dir="0" index="0" bw="61" slack="0"/>
<pin id="128" dir="0" index="1" bw="61" slack="0"/>
<pin id="129" dir="1" index="2" bw="61" slack="0"/>
</pin_list>
<bind>
<opcode="read(1150) " fcode="read"/>
<opset="sext_ln22_read/1 "/>
</bind>
</comp>

<comp id="132" class="1004" name="write_ln35_write_fu_132">
<pin_list>
<pin id="133" dir="0" index="0" bw="0" slack="0"/>
<pin id="134" dir="0" index="1" bw="64" slack="0"/>
<pin id="135" dir="0" index="2" bw="64" slack="1"/>
<pin id="136" dir="0" index="3" bw="1" slack="0"/>
<pin id="137" dir="1" index="4" bw="0" slack="2147483647"/>
</pin_list>
<bind>
<opcode="write(1151) " fcode="write"/>
<opset="write_ln35/33 "/>
</bind>
</comp>

<comp id="140" class="1005" name="val_1_reg_140">
<pin_list>
<pin id="141" dir="0" index="0" bw="32" slack="1"/>
<pin id="142" dir="1" index="1" bw="32" slack="2147483647"/>
</pin_list>
<bind>
<opset="val_1 (phireg) "/>
</bind>
</comp>

<comp id="143" class="1004" name="val_1_phi_fu_143">
<pin_list>
<pin id="144" dir="0" index="0" bw="32" slack="2"/>
<pin id="145" dir="0" index="1" bw="0" slack="2147483647"/>
<pin id="146" dir="0" index="2" bw="32" slack="28"/>
<pin id="147" dir="0" index="3" bw="0" slack="2147483647"/>
<pin id="148" dir="1" index="4" bw="32" slack="0"/>
</pin_list>
<bind>
<opcode="phi(47) " fcode="phi"/>
<opset="val_1/29 "/>
</bind>
</comp>

<comp id="150" class="1004" name="grp_sin_or_cos_float_s_fu_150">
<pin_list>
<pin id="151" dir="0" index="0" bw="32" slack="0"/>
<pin id="152" dir="0" index="1" bw="32" slack="1"/>
<pin id="153" dir="0" index="2" bw="100" slack="0"/>
<pin id="154" dir="0" index="3" bw="30" slack="0"/>
<pin id="155" dir="0" index="4" bw="23" slack="0"/>
<pin id="156" dir="0" index="5" bw="15" slack="0"/>
<pin id="157" dir="1" index="6" bw="32" slack="1"/>
</pin_list>
<bind>
<opcode="call(48) " fcode="call"/>
<opset="tmp/8 "/>
</bind>
</comp>

<comp id="163" class="1004" name="grp_sin_or_cos_float_s_fu_163">
<pin_list>
<pin id="164" dir="0" index="0" bw="32" slack="0"/>
<pin id="165" dir="0" index="1" bw="32" slack="1"/>
<pin id="166" dir="0" index="2" bw="100" slack="0"/>
<pin id="167" dir="0" index="3" bw="30" slack="0"/>
<pin id="168" dir="0" index="4" bw="23" slack="0"/>
<pin id="169" dir="0" index="5" bw="15" slack="0"/>
<pin id="170" dir="1" index="6" bw="32" slack="1"/>
</pin_list>
<bind>
<opcode="call(48) " fcode="call"/>
<opset="tmp_s/8 "/>
</bind>
</comp>

<comp id="176" class="1004" name="grp_fu_176">
<pin_list>
<pin id="177" dir="0" index="0" bw="32" slack="1"/>
<pin id="178" dir="0" index="1" bw="32" slack="1"/>
<pin id="179" dir="1" index="2" bw="32" slack="1"/>
</pin_list>
<bind>
<opcode="fsub(11) " fcode="fadd"/>
<opset="sub/15 "/>
</bind>
</comp>

<comp id="180" class="1004" name="grp_fu_180">
<pin_list>
<pin id="181" dir="0" index="0" bw="32" slack="4"/>
<pin id="182" dir="0" index="1" bw="32" slack="1"/>
<pin id="183" dir="1" index="2" bw="32" slack="1"/>
</pin_list>
<bind>
<opcode="fmul(13) " fcode="fmul"/>
<opset="x_assign/5 "/>
</bind>
</comp>

<comp id="184" class="1004" name="grp_fu_184">
<pin_list>
<pin id="185" dir="0" index="0" bw="32" slack="4"/>
<pin id="186" dir="0" index="1" bw="32" slack="1"/>
<pin id="187" dir="1" index="2" bw="32" slack="1"/>
</pin_list>
<bind>
<opcode="fmul(13) " fcode="fmul"/>
<opset="x_assign_1/5 "/>
</bind>
</comp>

<comp id="188" class="1004" name="grp_fu_188">
<pin_list>
<pin id="189" dir="0" index="0" bw="32" slack="12"/>
<pin id="190" dir="0" index="1" bw="32" slack="0"/>
<pin id="191" dir="1" index="2" bw="32" slack="1"/>
</pin_list>
<bind>
<opcode="fmul(13) " fcode="fmul"/>
<opset="mul4/16 "/>
</bind>
</comp>

<comp id="193" class="1004" name="grp_fu_193">
<pin_list>
<pin id="194" dir="0" index="0" bw="32" slack="0"/>
<pin id="195" dir="0" index="1" bw="32" slack="0"/>
<pin id="196" dir="1" index="2" bw="32" slack="1"/>
</pin_list>
<bind>
<opcode="fmul(13) " fcode="fmul"/>
<opset="dc/29 "/>
</bind>
</comp>

<comp id="199" class="1004" name="grp_fu_199">
<pin_list>
<pin id="200" dir="0" index="0" bw="32" slack="1"/>
<pin id="201" dir="0" index="1" bw="32" slack="1"/>
<pin id="202" dir="1" index="2" bw="32" slack="2"/>
</pin_list>
<bind>
<opcode="fdiv(16) " fcode="fdiv"/>
<opset="val/19 "/>
</bind>
</comp>

<comp id="203" class="1004" name="grp_fu_203">
<pin_list>
<pin id="204" dir="0" index="0" bw="5" slack="0"/>
<pin id="205" dir="1" index="1" bw="32" slack="1"/>
</pin_list>
<bind>
<opcode="sitofp(39) " fcode="sitofp"/>
<opset="conv9/1 "/>
</bind>
</comp>

<comp id="206" class="1004" name="sext_ln22_cast_fu_206">
<pin_list>
<pin id="207" dir="0" index="0" bw="61" slack="0"/>
<pin id="208" dir="1" index="1" bw="64" slack="32"/>
</pin_list>
<bind>
<opcode="sext(35) " fcode="sext"/>
<opset="sext_ln22_cast/1 "/>
</bind>
</comp>

<comp id="210" class="1004" name="store_ln0_store_fu_210">
<pin_list>
<pin id="211" dir="0" index="0" bw="1" slack="0"/>
<pin id="212" dir="0" index="1" bw="5" slack="0"/>
<pin id="213" dir="1" index="2" bw="0" slack="2147483647"/>
</pin_list>
<bind>
<opcode="store(28) " fcode="store"/>
<opset="store_ln0/1 "/>
</bind>
</comp>

<comp id="215" class="1004" name="i1_load_load_fu_215">
<pin_list>
<pin id="216" dir="0" index="0" bw="5" slack="0"/>
<pin id="217" dir="1" index="1" bw="5" slack="0"/>
</pin_list>
<bind>
<opcode="load(27) " fcode="load"/>
<opset="i1_load/1 "/>
</bind>
</comp>

<comp id="218" class="1004" name="add_ln28_fu_218">
<pin_list>
<pin id="219" dir="0" index="0" bw="5" slack="0"/>
<pin id="220" dir="0" index="1" bw="5" slack="0"/>
<pin id="221" dir="1" index="2" bw="5" slack="0"/>
</pin_list>
<bind>
<opcode="add(8) " fcode="add"/>
<opset="add_ln28/1 "/>
</bind>
</comp>

<comp id="224" class="1004" name="icmp_ln28_fu_224">
<pin_list>
<pin id="225" dir="0" index="0" bw="5" slack="0"/>
<pin id="226" dir="0" index="1" bw="5" slack="0"/>
<pin id="227" dir="1" index="2" bw="1" slack="1"/>
</pin_list>
<bind>
<opcode="icmp(45) " fcode="icmp"/>
<opset="icmp_ln28/1 "/>
</bind>
</comp>

<comp id="230" class="1004" name="i_fu_230">
<pin_list>
<pin id="231" dir="0" index="0" bw="5" slack="0"/>
<pin id="232" dir="0" index="1" bw="1" slack="0"/>
<pin id="233" dir="1" index="2" bw="5" slack="0"/>
</pin_list>
<bind>
<opcode="add(8) " fcode="add"/>
<opset="i/1 "/>
</bind>
</comp>

<comp id="236" class="1004" name="sext_ln31_fu_236">
<pin_list>
<pin id="237" dir="0" index="0" bw="5" slack="0"/>
<pin id="238" dir="1" index="1" bw="32" slack="0"/>
</pin_list>
<bind>
<opcode="sext(35) " fcode="sext"/>
<opset="sext_ln31/1 "/>
</bind>
</comp>

<comp id="241" class="1004" name="icmp_ln22_fu_241">
<pin_list>
<pin id="242" dir="0" index="0" bw="5" slack="0"/>
<pin id="243" dir="0" index="1" bw="5" slack="0"/>
<pin id="244" dir="1" index="2" bw="1" slack="32"/>
</pin_list>
<bind>
<opcode="icmp(45) " fcode="icmp"/>
<opset="icmp_ln22/1 "/>
</bind>
</comp>

<comp id="247" class="1004" name="store_ln22_store_fu_247">
<pin_list>
<pin id="248" dir="0" index="0" bw="5" slack="0"/>
<pin id="249" dir="0" index="1" bw="5" slack="0"/>
<pin id="250" dir="1" index="2" bw="0" slack="2147483647"/>
</pin_list>
<bind>
<opcode="store(28) " fcode="store"/>
<opset="store_ln22/1 "/>
</bind>
</comp>

<comp id="252" class="1004" name="data_fu_252">
<pin_list>
<pin id="253" dir="0" index="0" bw="32" slack="1"/>
<pin id="254" dir="1" index="1" bw="32" slack="0"/>
</pin_list>
<bind>
<opcode="bitcast(44) " fcode="bitcast"/>
<opset="data/32 "/>
</bind>
</comp>

<comp id="255" class="1004" name="xs_sign_fu_255">
<pin_list>
<pin id="256" dir="0" index="0" bw="1" slack="0"/>
<pin id="257" dir="0" index="1" bw="32" slack="0"/>
<pin id="258" dir="0" index="2" bw="6" slack="0"/>
<pin id="259" dir="1" index="3" bw="1" slack="0"/>
</pin_list>
<bind>
<opcode="bitselect(1000) " fcode="bitselect"/>
<opset="xs_sign/32 "/>
</bind>
</comp>

<comp id="263" class="1004" name="xs_exp_fu_263">
<pin_list>
<pin id="264" dir="0" index="0" bw="8" slack="0"/>
<pin id="265" dir="0" index="1" bw="32" slack="0"/>
<pin id="266" dir="0" index="2" bw="6" slack="0"/>
<pin id="267" dir="0" index="3" bw="6" slack="0"/>
<pin id="268" dir="1" index="4" bw="8" slack="0"/>
</pin_list>
<bind>
<opcode="partselect(1002) " fcode="partselect"/>
<opset="xs_exp/32 "/>
</bind>
</comp>

<comp id="273" class="1004" name="trunc_ln342_fu_273">
<pin_list>
<pin id="274" dir="0" index="0" bw="32" slack="0"/>
<pin id="275" dir="1" index="1" bw="23" slack="0"/>
</pin_list>
<bind>
<opcode="trunc(33) " fcode="trunc"/>
<opset="trunc_ln342/32 "/>
</bind>
</comp>

<comp id="277" class="1004" name="mantissa_fu_277">
<pin_list>
<pin id="278" dir="0" index="0" bw="25" slack="0"/>
<pin id="279" dir="0" index="1" bw="1" slack="0"/>
<pin id="280" dir="0" index="2" bw="23" slack="0"/>
<pin id="281" dir="0" index="3" bw="1" slack="0"/>
<pin id="282" dir="1" index="4" bw="25" slack="0"/>
</pin_list>
<bind>
<opcode="bitconcatenate(1004) " fcode="bitconcatenate"/>
<opset="mantissa/32 "/>
</bind>
</comp>

<comp id="287" class="1004" name="zext_ln15_fu_287">
<pin_list>
<pin id="288" dir="0" index="0" bw="25" slack="0"/>
<pin id="289" dir="1" index="1" bw="111" slack="0"/>
</pin_list>
<bind>
<opcode="zext(34) " fcode="zext"/>
<opset="zext_ln15/32 "/>
</bind>
</comp>

<comp id="291" class="1004" name="zext_ln317_fu_291">
<pin_list>
<pin id="292" dir="0" index="0" bw="8" slack="0"/>
<pin id="293" dir="1" index="1" bw="9" slack="0"/>
</pin_list>
<bind>
<opcode="zext(34) " fcode="zext"/>
<opset="zext_ln317/32 "/>
</bind>
</comp>

<comp id="295" class="1004" name="add_ln317_fu_295">
<pin_list>
<pin id="296" dir="0" index="0" bw="8" slack="0"/>
<pin id="297" dir="0" index="1" bw="8" slack="0"/>
<pin id="298" dir="1" index="2" bw="9" slack="0"/>
</pin_list>
<bind>
<opcode="add(8) " fcode="add"/>
<opset="add_ln317/32 "/>
</bind>
</comp>

<comp id="301" class="1004" name="tmp_9_fu_301">
<pin_list>
<pin id="302" dir="0" index="0" bw="1" slack="0"/>
<pin id="303" dir="0" index="1" bw="9" slack="0"/>
<pin id="304" dir="0" index="2" bw="5" slack="0"/>
<pin id="305" dir="1" index="3" bw="1" slack="0"/>
</pin_list>
<bind>
<opcode="bitselect(1000) " fcode="bitselect"/>
<opset="tmp_9/32 "/>
</bind>
</comp>

<comp id="309" class="1004" name="sub_ln18_fu_309">
<pin_list>
<pin id="310" dir="0" index="0" bw="8" slack="0"/>
<pin id="311" dir="0" index="1" bw="8" slack="0"/>
<pin id="312" dir="1" index="2" bw="8" slack="0"/>
</pin_list>
<bind>
<opcode="sub(10) " fcode="sub"/>
<opset="sub_ln18/32 "/>
</bind>
</comp>

<comp id="315" class="1004" name="sext_ln18_fu_315">
<pin_list>
<pin id="316" dir="0" index="0" bw="8" slack="0"/>
<pin id="317" dir="1" index="1" bw="9" slack="0"/>
</pin_list>
<bind>
<opcode="sext(35) " fcode="sext"/>
<opset="sext_ln18/32 "/>
</bind>
</comp>

<comp id="319" class="1004" name="select_ln18_fu_319">
<pin_list>
<pin id="320" dir="0" index="0" bw="1" slack="0"/>
<pin id="321" dir="0" index="1" bw="9" slack="0"/>
<pin id="322" dir="0" index="2" bw="9" slack="0"/>
<pin id="323" dir="1" index="3" bw="9" slack="0"/>
</pin_list>
<bind>
<opcode="select(49) " fcode="select"/>
<opset="select_ln18/32 "/>
</bind>
</comp>

<comp id="327" class="1004" name="sext_ln18_1_fu_327">
<pin_list>
<pin id="328" dir="0" index="0" bw="9" slack="0"/>
<pin id="329" dir="1" index="1" bw="32" slack="0"/>
</pin_list>
<bind>
<opcode="sext(35) " fcode="sext"/>
<opset="sext_ln18_1/32 "/>
</bind>
</comp>

<comp id="331" class="1004" name="zext_ln18_fu_331">
<pin_list>
<pin id="332" dir="0" index="0" bw="9" slack="0"/>
<pin id="333" dir="1" index="1" bw="111" slack="0"/>
</pin_list>
<bind>
<opcode="zext(34) " fcode="zext"/>
<opset="zext_ln18/32 "/>
</bind>
</comp>

<comp id="335" class="1004" name="lshr_ln18_fu_335">
<pin_list>
<pin id="336" dir="0" index="0" bw="25" slack="0"/>
<pin id="337" dir="0" index="1" bw="32" slack="0"/>
<pin id="338" dir="1" index="2" bw="111" slack="0"/>
</pin_list>
<bind>
<opcode="lshr(21) " fcode="lshr"/>
<opset="lshr_ln18/32 "/>
</bind>
</comp>

<comp id="341" class="1004" name="shl_ln18_fu_341">
<pin_list>
<pin id="342" dir="0" index="0" bw="25" slack="0"/>
<pin id="343" dir="0" index="1" bw="32" slack="0"/>
<pin id="344" dir="1" index="2" bw="111" slack="0"/>
</pin_list>
<bind>
<opcode="shl(20) " fcode="shl"/>
<opset="shl_ln18/32 "/>
</bind>
</comp>

<comp id="347" class="1004" name="tmp_14_fu_347">
<pin_list>
<pin id="348" dir="0" index="0" bw="64" slack="0"/>
<pin id="349" dir="0" index="1" bw="111" slack="0"/>
<pin id="350" dir="0" index="2" bw="6" slack="0"/>
<pin id="351" dir="0" index="3" bw="8" slack="0"/>
<pin id="352" dir="1" index="4" bw="64" slack="0"/>
</pin_list>
<bind>
<opcode="partselect(1002) " fcode="partselect"/>
<opset="tmp_14/32 "/>
</bind>
</comp>

<comp id="357" class="1004" name="tmp_15_fu_357">
<pin_list>
<pin id="358" dir="0" index="0" bw="64" slack="0"/>
<pin id="359" dir="0" index="1" bw="111" slack="0"/>
<pin id="360" dir="0" index="2" bw="6" slack="0"/>
<pin id="361" dir="0" index="3" bw="8" slack="0"/>
<pin id="362" dir="1" index="4" bw="64" slack="0"/>
</pin_list>
<bind>
<opcode="partselect(1002) " fcode="partselect"/>
<opset="tmp_15/32 "/>
</bind>
</comp>

<comp id="367" class="1004" name="val_3_fu_367">
<pin_list>
<pin id="368" dir="0" index="0" bw="1" slack="0"/>
<pin id="369" dir="0" index="1" bw="64" slack="0"/>
<pin id="370" dir="0" index="2" bw="64" slack="0"/>
<pin id="371" dir="1" index="3" bw="64" slack="0"/>
</pin_list>
<bind>
<opcode="select(49) " fcode="select"/>
<opset="val_3/32 "/>
</bind>
</comp>

<comp id="375" class="1004" name="result_1_fu_375">
<pin_list>
<pin id="376" dir="0" index="0" bw="1" slack="0"/>
<pin id="377" dir="0" index="1" bw="64" slack="0"/>
<pin id="378" dir="1" index="2" bw="64" slack="0"/>
</pin_list>
<bind>
<opcode="sub(10) " fcode="sub"/>
<opset="result_1/32 "/>
</bind>
</comp>

<comp id="381" class="1004" name="result_2_fu_381">
<pin_list>
<pin id="382" dir="0" index="0" bw="1" slack="0"/>
<pin id="383" dir="0" index="1" bw="64" slack="0"/>
<pin id="384" dir="0" index="2" bw="64" slack="0"/>
<pin id="385" dir="1" index="3" bw="64" slack="1"/>
</pin_list>
<bind>
<opcode="select(49) " fcode="select"/>
<opset="result_2/32 "/>
</bind>
</comp>

<comp id="389" class="1004" name="gmem_addr_fu_389">
<pin_list>
<pin id="390" dir="0" index="0" bw="64" slack="0"/>
<pin id="391" dir="0" index="1" bw="64" slack="32"/>
<pin id="392" dir="1" index="2" bw="64" slack="0"/>
</pin_list>
<bind>
<opcode="getelementptr(29) " fcode="getelementptr"/>
<opset="gmem_addr/33 "/>
</bind>
</comp>

<comp id="395" class="1005" name="i1_reg_395">
<pin_list>
<pin id="396" dir="0" index="0" bw="5" slack="0"/>
<pin id="397" dir="1" index="1" bw="5" slack="0"/>
</pin_list>
<bind>
<opset="i1 "/>
</bind>
</comp>

<comp id="402" class="1005" name="omegaLower_read_reg_402">
<pin_list>
<pin id="403" dir="0" index="0" bw="32" slack="4"/>
<pin id="404" dir="1" index="1" bw="32" slack="4"/>
</pin_list>
<bind>
<opset="omegaLower_read "/>
</bind>
</comp>

<comp id="407" class="1005" name="omegaUpper_read_reg_407">
<pin_list>
<pin id="408" dir="0" index="0" bw="32" slack="4"/>
<pin id="409" dir="1" index="1" bw="32" slack="4"/>
</pin_list>
<bind>
<opset="omegaUpper_read "/>
</bind>
</comp>

<comp id="412" class="1005" name="div8_read_reg_412">
<pin_list>
<pin id="413" dir="0" index="0" bw="32" slack="28"/>
<pin id="414" dir="1" index="1" bw="32" slack="28"/>
</pin_list>
<bind>
<opset="div8_read "/>
</bind>
</comp>

<comp id="417" class="1005" name="sext_ln22_cast_reg_417">
<pin_list>
<pin id="418" dir="0" index="0" bw="64" slack="32"/>
<pin id="419" dir="1" index="1" bw="64" slack="32"/>
</pin_list>
<bind>
<opset="sext_ln22_cast "/>
</bind>
</comp>

<comp id="422" class="1005" name="icmp_ln28_reg_422">
<pin_list>
<pin id="423" dir="0" index="0" bw="1" slack="1"/>
<pin id="424" dir="1" index="1" bw="1" slack="2147483647"/>
</pin_list>
<bind>
<opset="icmp_ln28 "/>
</bind>
</comp>

<comp id="426" class="1005" name="sext_ln31_reg_426">
<pin_list>
<pin id="427" dir="0" index="0" bw="32" slack="1"/>
<pin id="428" dir="1" index="1" bw="32" slack="1"/>
</pin_list>
<bind>
<opset="sext_ln31 "/>
</bind>
</comp>

<comp id="431" class="1005" name="icmp_ln22_reg_431">
<pin_list>
<pin id="432" dir="0" index="0" bw="1" slack="32"/>
<pin id="433" dir="1" index="1" bw="1" slack="2147483647"/>
</pin_list>
<bind>
<opset="icmp_ln22 "/>
</bind>
</comp>

<comp id="435" class="1005" name="conv9_reg_435">
<pin_list>
<pin id="436" dir="0" index="0" bw="32" slack="1"/>
<pin id="437" dir="1" index="1" bw="32" slack="1"/>
</pin_list>
<bind>
<opset="conv9 "/>
</bind>
</comp>

<comp id="442" class="1005" name="x_assign_reg_442">
<pin_list>
<pin id="443" dir="0" index="0" bw="32" slack="1"/>
<pin id="444" dir="1" index="1" bw="32" slack="1"/>
</pin_list>
<bind>
<opset="x_assign "/>
</bind>
</comp>

<comp id="447" class="1005" name="x_assign_1_reg_447">
<pin_list>
<pin id="448" dir="0" index="0" bw="32" slack="1"/>
<pin id="449" dir="1" index="1" bw="32" slack="1"/>
</pin_list>
<bind>
<opset="x_assign_1 "/>
</bind>
</comp>

<comp id="452" class="1005" name="tmp_reg_452">
<pin_list>
<pin id="453" dir="0" index="0" bw="32" slack="1"/>
<pin id="454" dir="1" index="1" bw="32" slack="1"/>
</pin_list>
<bind>
<opset="tmp "/>
</bind>
</comp>

<comp id="457" class="1005" name="tmp_s_reg_457">
<pin_list>
<pin id="458" dir="0" index="0" bw="32" slack="1"/>
<pin id="459" dir="1" index="1" bw="32" slack="1"/>
</pin_list>
<bind>
<opset="tmp_s "/>
</bind>
</comp>

<comp id="462" class="1005" name="sub_reg_462">
<pin_list>
<pin id="463" dir="0" index="0" bw="32" slack="1"/>
<pin id="464" dir="1" index="1" bw="32" slack="1"/>
</pin_list>
<bind>
<opset="sub "/>
</bind>
</comp>

<comp id="467" class="1005" name="mul4_reg_467">
<pin_list>
<pin id="468" dir="0" index="0" bw="32" slack="1"/>
<pin id="469" dir="1" index="1" bw="32" slack="1"/>
</pin_list>
<bind>
<opset="mul4 "/>
</bind>
</comp>

<comp id="472" class="1005" name="val_reg_472">
<pin_list>
<pin id="473" dir="0" index="0" bw="32" slack="2"/>
<pin id="474" dir="1" index="1" bw="32" slack="2"/>
</pin_list>
<bind>
<opset="val "/>
</bind>
</comp>

<comp id="477" class="1005" name="dc_reg_477">
<pin_list>
<pin id="478" dir="0" index="0" bw="32" slack="1"/>
<pin id="479" dir="1" index="1" bw="32" slack="1"/>
</pin_list>
<bind>
<opset="dc "/>
</bind>
</comp>

<comp id="482" class="1005" name="result_2_reg_482">
<pin_list>
<pin id="483" dir="0" index="0" bw="64" slack="1"/>
<pin id="484" dir="1" index="1" bw="64" slack="1"/>
</pin_list>
<bind>
<opset="result_2 "/>
</bind>
</comp>

</comp_list>

<net_list>
<net id="107"><net_src comp="18" pin="0"/><net_sink comp="104" pin=0"/></net>

<net id="112"><net_src comp="20" pin="0"/><net_sink comp="108" pin=0"/></net>

<net id="113"><net_src comp="8" pin="0"/><net_sink comp="108" pin=1"/></net>

<net id="118"><net_src comp="20" pin="0"/><net_sink comp="114" pin=0"/></net>

<net id="119"><net_src comp="6" pin="0"/><net_sink comp="114" pin=1"/></net>

<net id="124"><net_src comp="20" pin="0"/><net_sink comp="120" pin=0"/></net>

<net id="125"><net_src comp="4" pin="0"/><net_sink comp="120" pin=1"/></net>

<net id="130"><net_src comp="22" pin="0"/><net_sink comp="126" pin=0"/></net>

<net id="131"><net_src comp="2" pin="0"/><net_sink comp="126" pin=1"/></net>

<net id="138"><net_src comp="100" pin="0"/><net_sink comp="132" pin=0"/></net>

<net id="139"><net_src comp="102" pin="0"/><net_sink comp="132" pin=3"/></net>

<net id="149"><net_src comp="143" pin="4"/><net_sink comp="140" pin=0"/></net>

<net id="158"><net_src comp="50" pin="0"/><net_sink comp="150" pin=0"/></net>

<net id="159"><net_src comp="10" pin="0"/><net_sink comp="150" pin=2"/></net>

<net id="160"><net_src comp="12" pin="0"/><net_sink comp="150" pin=3"/></net>

<net id="161"><net_src comp="14" pin="0"/><net_sink comp="150" pin=4"/></net>

<net id="162"><net_src comp="16" pin="0"/><net_sink comp="150" pin=5"/></net>

<net id="171"><net_src comp="50" pin="0"/><net_sink comp="163" pin=0"/></net>

<net id="172"><net_src comp="10" pin="0"/><net_sink comp="163" pin=2"/></net>

<net id="173"><net_src comp="12" pin="0"/><net_sink comp="163" pin=3"/></net>

<net id="174"><net_src comp="14" pin="0"/><net_sink comp="163" pin=4"/></net>

<net id="175"><net_src comp="16" pin="0"/><net_sink comp="163" pin=5"/></net>

<net id="192"><net_src comp="52" pin="0"/><net_sink comp="188" pin=1"/></net>

<net id="197"><net_src comp="143" pin="4"/><net_sink comp="193" pin=0"/></net>

<net id="198"><net_src comp="54" pin="0"/><net_sink comp="193" pin=1"/></net>

<net id="209"><net_src comp="126" pin="2"/><net_sink comp="206" pin=0"/></net>

<net id="214"><net_src comp="42" pin="0"/><net_sink comp="210" pin=0"/></net>

<net id="222"><net_src comp="215" pin="1"/><net_sink comp="218" pin=0"/></net>

<net id="223"><net_src comp="44" pin="0"/><net_sink comp="218" pin=1"/></net>

<net id="228"><net_src comp="218" pin="2"/><net_sink comp="224" pin=0"/></net>

<net id="229"><net_src comp="42" pin="0"/><net_sink comp="224" pin=1"/></net>

<net id="234"><net_src comp="215" pin="1"/><net_sink comp="230" pin=0"/></net>

<net id="235"><net_src comp="46" pin="0"/><net_sink comp="230" pin=1"/></net>

<net id="239"><net_src comp="218" pin="2"/><net_sink comp="236" pin=0"/></net>

<net id="240"><net_src comp="236" pin="1"/><net_sink comp="203" pin=0"/></net>

<net id="245"><net_src comp="215" pin="1"/><net_sink comp="241" pin=0"/></net>

<net id="246"><net_src comp="48" pin="0"/><net_sink comp="241" pin=1"/></net>

<net id="251"><net_src comp="230" pin="2"/><net_sink comp="247" pin=0"/></net>

<net id="260"><net_src comp="56" pin="0"/><net_sink comp="255" pin=0"/></net>

<net id="261"><net_src comp="252" pin="1"/><net_sink comp="255" pin=1"/></net>

<net id="262"><net_src comp="58" pin="0"/><net_sink comp="255" pin=2"/></net>

<net id="269"><net_src comp="60" pin="0"/><net_sink comp="263" pin=0"/></net>

<net id="270"><net_src comp="252" pin="1"/><net_sink comp="263" pin=1"/></net>

<net id="271"><net_src comp="62" pin="0"/><net_sink comp="263" pin=2"/></net>

<net id="272"><net_src comp="64" pin="0"/><net_sink comp="263" pin=3"/></net>

<net id="276"><net_src comp="252" pin="1"/><net_sink comp="273" pin=0"/></net>

<net id="283"><net_src comp="66" pin="0"/><net_sink comp="277" pin=0"/></net>

<net id="284"><net_src comp="68" pin="0"/><net_sink comp="277" pin=1"/></net>

<net id="285"><net_src comp="273" pin="1"/><net_sink comp="277" pin=2"/></net>

<net id="286"><net_src comp="70" pin="0"/><net_sink comp="277" pin=3"/></net>

<net id="290"><net_src comp="277" pin="4"/><net_sink comp="287" pin=0"/></net>

<net id="294"><net_src comp="263" pin="4"/><net_sink comp="291" pin=0"/></net>

<net id="299"><net_src comp="291" pin="1"/><net_sink comp="295" pin=0"/></net>

<net id="300"><net_src comp="72" pin="0"/><net_sink comp="295" pin=1"/></net>

<net id="306"><net_src comp="74" pin="0"/><net_sink comp="301" pin=0"/></net>

<net id="307"><net_src comp="295" pin="2"/><net_sink comp="301" pin=1"/></net>

<net id="308"><net_src comp="76" pin="0"/><net_sink comp="301" pin=2"/></net>

<net id="313"><net_src comp="78" pin="0"/><net_sink comp="309" pin=0"/></net>

<net id="314"><net_src comp="263" pin="4"/><net_sink comp="309" pin=1"/></net>

<net id="318"><net_src comp="309" pin="2"/><net_sink comp="315" pin=0"/></net>

<net id="324"><net_src comp="301" pin="3"/><net_sink comp="319" pin=0"/></net>

<net id="325"><net_src comp="315" pin="1"/><net_sink comp="319" pin=1"/></net>

<net id="326"><net_src comp="295" pin="2"/><net_sink comp="319" pin=2"/></net>

<net id="330"><net_src comp="319" pin="3"/><net_sink comp="327" pin=0"/></net>

<net id="334"><net_src comp="327" pin="1"/><net_sink comp="331" pin=0"/></net>

<net id="339"><net_src comp="287" pin="1"/><net_sink comp="335" pin=0"/></net>

<net id="340"><net_src comp="331" pin="1"/><net_sink comp="335" pin=1"/></net>

<net id="345"><net_src comp="287" pin="1"/><net_sink comp="341" pin=0"/></net>

<net id="346"><net_src comp="331" pin="1"/><net_sink comp="341" pin=1"/></net>

<net id="353"><net_src comp="80" pin="0"/><net_sink comp="347" pin=0"/></net>

<net id="354"><net_src comp="335" pin="2"/><net_sink comp="347" pin=1"/></net>

<net id="355"><net_src comp="82" pin="0"/><net_sink comp="347" pin=2"/></net>

<net id="356"><net_src comp="84" pin="0"/><net_sink comp="347" pin=3"/></net>

<net id="363"><net_src comp="80" pin="0"/><net_sink comp="357" pin=0"/></net>

<net id="364"><net_src comp="341" pin="2"/><net_sink comp="357" pin=1"/></net>

<net id="365"><net_src comp="82" pin="0"/><net_sink comp="357" pin=2"/></net>

<net id="366"><net_src comp="84" pin="0"/><net_sink comp="357" pin=3"/></net>

<net id="372"><net_src comp="301" pin="3"/><net_sink comp="367" pin=0"/></net>

<net id="373"><net_src comp="347" pin="4"/><net_sink comp="367" pin=1"/></net>

<net id="374"><net_src comp="357" pin="4"/><net_sink comp="367" pin=2"/></net>

<net id="379"><net_src comp="86" pin="0"/><net_sink comp="375" pin=0"/></net>

<net id="380"><net_src comp="367" pin="3"/><net_sink comp="375" pin=1"/></net>

<net id="386"><net_src comp="255" pin="3"/><net_sink comp="381" pin=0"/></net>

<net id="387"><net_src comp="375" pin="2"/><net_sink comp="381" pin=1"/></net>

<net id="388"><net_src comp="367" pin="3"/><net_sink comp="381" pin=2"/></net>

<net id="393"><net_src comp="0" pin="0"/><net_sink comp="389" pin=0"/></net>

<net id="394"><net_src comp="389" pin="2"/><net_sink comp="132" pin=1"/></net>

<net id="398"><net_src comp="104" pin="1"/><net_sink comp="395" pin=0"/></net>

<net id="399"><net_src comp="395" pin="1"/><net_sink comp="210" pin=1"/></net>

<net id="400"><net_src comp="395" pin="1"/><net_sink comp="215" pin=0"/></net>

<net id="401"><net_src comp="395" pin="1"/><net_sink comp="247" pin=1"/></net>

<net id="405"><net_src comp="108" pin="2"/><net_sink comp="402" pin=0"/></net>

<net id="406"><net_src comp="402" pin="1"/><net_sink comp="184" pin=0"/></net>

<net id="410"><net_src comp="114" pin="2"/><net_sink comp="407" pin=0"/></net>

<net id="411"><net_src comp="407" pin="1"/><net_sink comp="180" pin=0"/></net>

<net id="415"><net_src comp="120" pin="2"/><net_sink comp="412" pin=0"/></net>

<net id="416"><net_src comp="412" pin="1"/><net_sink comp="143" pin=2"/></net>

<net id="420"><net_src comp="206" pin="1"/><net_sink comp="417" pin=0"/></net>

<net id="421"><net_src comp="417" pin="1"/><net_sink comp="389" pin=1"/></net>

<net id="425"><net_src comp="224" pin="2"/><net_sink comp="422" pin=0"/></net>

<net id="429"><net_src comp="236" pin="1"/><net_sink comp="426" pin=0"/></net>

<net id="430"><net_src comp="426" pin="1"/><net_sink comp="203" pin=0"/></net>

<net id="434"><net_src comp="241" pin="2"/><net_sink comp="431" pin=0"/></net>

<net id="438"><net_src comp="203" pin="1"/><net_sink comp="435" pin=0"/></net>

<net id="439"><net_src comp="435" pin="1"/><net_sink comp="180" pin=1"/></net>

<net id="440"><net_src comp="435" pin="1"/><net_sink comp="184" pin=1"/></net>

<net id="441"><net_src comp="435" pin="1"/><net_sink comp="188" pin=0"/></net>

<net id="445"><net_src comp="180" pin="2"/><net_sink comp="442" pin=0"/></net>

<net id="446"><net_src comp="442" pin="1"/><net_sink comp="150" pin=1"/></net>

<net id="450"><net_src comp="184" pin="2"/><net_sink comp="447" pin=0"/></net>

<net id="451"><net_src comp="447" pin="1"/><net_sink comp="163" pin=1"/></net>

<net id="455"><net_src comp="150" pin="6"/><net_sink comp="452" pin=0"/></net>

<net id="456"><net_src comp="452" pin="1"/><net_sink comp="176" pin=0"/></net>

<net id="460"><net_src comp="163" pin="6"/><net_sink comp="457" pin=0"/></net>

<net id="461"><net_src comp="457" pin="1"/><net_sink comp="176" pin=1"/></net>

<net id="465"><net_src comp="176" pin="2"/><net_sink comp="462" pin=0"/></net>

<net id="466"><net_src comp="462" pin="1"/><net_sink comp="199" pin=0"/></net>

<net id="470"><net_src comp="188" pin="2"/><net_sink comp="467" pin=0"/></net>

<net id="471"><net_src comp="467" pin="1"/><net_sink comp="199" pin=1"/></net>

<net id="475"><net_src comp="199" pin="2"/><net_sink comp="472" pin=0"/></net>

<net id="476"><net_src comp="472" pin="1"/><net_sink comp="143" pin=0"/></net>

<net id="480"><net_src comp="193" pin="2"/><net_sink comp="477" pin=0"/></net>

<net id="481"><net_src comp="477" pin="1"/><net_sink comp="252" pin=0"/></net>

<net id="485"><net_src comp="381" pin="3"/><net_sink comp="482" pin=0"/></net>

<net id="486"><net_src comp="482" pin="1"/><net_sink comp="132" pin=2"/></net>

</net_list>

</model> 
---------------- Datapath Model END ------------------

* FSMD analyzer results:
  - Output states:
	Port: gmem | {33 }
	Port: ref_4oPi_table_100 | {}
	Port: second_order_float_sin_cos_K0 | {}
	Port: second_order_float_sin_cos_K1 | {}
	Port: second_order_float_sin_cos_K2 | {}
 - Input state : 
	Port: calculateCoefficients_Pipeline_VITIS_LOOP_22_1 : gmem | {}
	Port: calculateCoefficients_Pipeline_VITIS_LOOP_22_1 : sext_ln22 | {1 }
	Port: calculateCoefficients_Pipeline_VITIS_LOOP_22_1 : div8 | {1 }
	Port: calculateCoefficients_Pipeline_VITIS_LOOP_22_1 : omegaUpper | {1 }
	Port: calculateCoefficients_Pipeline_VITIS_LOOP_22_1 : omegaLower | {1 }
	Port: calculateCoefficients_Pipeline_VITIS_LOOP_22_1 : ref_4oPi_table_100 | {8 9 }
	Port: calculateCoefficients_Pipeline_VITIS_LOOP_22_1 : second_order_float_sin_cos_K0 | {11 12 }
	Port: calculateCoefficients_Pipeline_VITIS_LOOP_22_1 : second_order_float_sin_cos_K1 | {11 12 }
	Port: calculateCoefficients_Pipeline_VITIS_LOOP_22_1 : second_order_float_sin_cos_K2 | {11 12 }
  - Chain level:
	State 1
		store_ln0 : 1
		i1_load : 1
		add_ln28 : 2
		icmp_ln28 : 3
		i : 2
		br_ln28 : 4
		sext_ln31 : 3
		conv9 : 4
		icmp_ln22 : 2
		store_ln22 : 3
		br_ln22 : 3
	State 2
	State 3
	State 4
	State 5
	State 6
	State 7
	State 8
	State 9
	State 10
	State 11
	State 12
	State 13
	State 14
	State 15
	State 16
	State 17
	State 18
	State 19
	State 20
	State 21
	State 22
	State 23
	State 24
	State 25
	State 26
	State 27
	State 28
	State 29
		dc : 1
	State 30
	State 31
	State 32
		xs_sign : 1
		xs_exp : 1
		trunc_ln342 : 1
		mantissa : 2
		zext_ln15 : 3
		zext_ln317 : 2
		add_ln317 : 3
		tmp_9 : 4
		sub_ln18 : 2
		sext_ln18 : 3
		select_ln18 : 5
		sext_ln18_1 : 6
		zext_ln18 : 7
		lshr_ln18 : 8
		shl_ln18 : 8
		tmp_14 : 9
		tmp_15 : 9
		val_3 : 10
		result_1 : 11
		result_2 : 12
	State 33
		write_ln35 : 1


============================================================
+ Verbose Summary: Datapath Resource usage 
============================================================

* Functional unit list:
|----------|-------------------------------|---------|---------|---------|---------|
| Operation|        Functional Unit        |   DSP   |  Delay  |    FF   |   LUT   |
|----------|-------------------------------|---------|---------|---------|---------|
|   call   | grp_sin_or_cos_float_s_fu_150 |    13   |  1.708  |   341   |   2072  |
|          | grp_sin_or_cos_float_s_fu_163 |    13   |  1.708  |   341   |   2072  |
|----------|-------------------------------|---------|---------|---------|---------|
|          |           grp_fu_180          |    3    |    0    |   128   |   135   |
|   fmul   |           grp_fu_184          |    3    |    0    |   128   |   135   |
|          |           grp_fu_188          |    3    |    0    |   128   |   135   |
|          |           grp_fu_193          |    3    |    0    |   128   |   135   |
|----------|-------------------------------|---------|---------|---------|---------|
|   fadd   |           grp_fu_176          |    2    |    0    |   227   |   214   |
|----------|-------------------------------|---------|---------|---------|---------|
|          |       select_ln18_fu_319      |    0    |    0    |    0    |    9    |
|  select  |          val_3_fu_367         |    0    |    0    |    0    |    64   |
|          |        result_2_fu_381        |    0    |    0    |    0    |    64   |
|----------|-------------------------------|---------|---------|---------|---------|
|   lshr   |        lshr_ln18_fu_335       |    0    |    0    |    0    |    96   |
|----------|-------------------------------|---------|---------|---------|---------|
|    shl   |        shl_ln18_fu_341        |    0    |    0    |    0    |    96   |
|----------|-------------------------------|---------|---------|---------|---------|
|    sub   |        sub_ln18_fu_309        |    0    |    0    |    0    |    15   |
|          |        result_1_fu_375        |    0    |    0    |    0    |    71   |
|----------|-------------------------------|---------|---------|---------|---------|
|          |        add_ln28_fu_218        |    0    |    0    |    0    |    12   |
|    add   |            i_fu_230           |    0    |    0    |    0    |    12   |
|          |        add_ln317_fu_295       |    0    |    0    |    0    |    15   |
|----------|-------------------------------|---------|---------|---------|---------|
|   icmp   |        icmp_ln28_fu_224       |    0    |    0    |    0    |    12   |
|          |        icmp_ln22_fu_241       |    0    |    0    |    0    |    12   |
|----------|-------------------------------|---------|---------|---------|---------|
|          |  omegaLower_read_read_fu_108  |    0    |    0    |    0    |    0    |
|   read   |  omegaUpper_read_read_fu_114  |    0    |    0    |    0    |    0    |
|          |     div8_read_read_fu_120     |    0    |    0    |    0    |    0    |
|          |   sext_ln22_read_read_fu_126  |    0    |    0    |    0    |    0    |
|----------|-------------------------------|---------|---------|---------|---------|
|   write  |    write_ln35_write_fu_132    |    0    |    0    |    0    |    0    |
|----------|-------------------------------|---------|---------|---------|---------|
|   fdiv   |           grp_fu_199          |    0    |    0    |    0    |    0    |
|----------|-------------------------------|---------|---------|---------|---------|
|  sitofp  |           grp_fu_203          |    0    |    0    |    0    |    0    |
|----------|-------------------------------|---------|---------|---------|---------|
|          |     sext_ln22_cast_fu_206     |    0    |    0    |    0    |    0    |
|   sext   |        sext_ln31_fu_236       |    0    |    0    |    0    |    0    |
|          |        sext_ln18_fu_315       |    0    |    0    |    0    |    0    |
|          |       sext_ln18_1_fu_327      |    0    |    0    |    0    |    0    |
|----------|-------------------------------|---------|---------|---------|---------|
| bitselect|         xs_sign_fu_255        |    0    |    0    |    0    |    0    |
|          |          tmp_9_fu_301         |    0    |    0    |    0    |    0    |
|----------|-------------------------------|---------|---------|---------|---------|
|          |         xs_exp_fu_263         |    0    |    0    |    0    |    0    |
|partselect|         tmp_14_fu_347         |    0    |    0    |    0    |    0    |
|          |         tmp_15_fu_357         |    0    |    0    |    0    |    0    |
|----------|-------------------------------|---------|---------|---------|---------|
|   trunc  |       trunc_ln342_fu_273      |    0    |    0    |    0    |    0    |
|----------|-------------------------------|---------|---------|---------|---------|
|bitconcatenate|        mantissa_fu_277        |    0    |    0    |    0    |    0    |
|----------|-------------------------------|---------|---------|---------|---------|
|          |        zext_ln15_fu_287       |    0    |    0    |    0    |    0    |
|   zext   |       zext_ln317_fu_291       |    0    |    0    |    0    |    0    |
|          |        zext_ln18_fu_331       |    0    |    0    |    0    |    0    |
|----------|-------------------------------|---------|---------|---------|---------|
|   Total  |                               |    40   |  3.416  |   1421  |   5376  |
|----------|-------------------------------|---------|---------|---------|---------|

Memories:
N/A

* Register list:
+-----------------------+--------+
|                       |   FF   |
+-----------------------+--------+
|     conv9_reg_435     |   32   |
|       dc_reg_477      |   32   |
|   div8_read_reg_412   |   32   |
|       i1_reg_395      |    5   |
|   icmp_ln22_reg_431   |    1   |
|   icmp_ln28_reg_422   |    1   |
|      mul4_reg_467     |   32   |
|omegaLower_read_reg_402|   32   |
|omegaUpper_read_reg_407|   32   |
|    result_2_reg_482   |   64   |
| sext_ln22_cast_reg_417|   64   |
|   sext_ln31_reg_426   |   32   |
|      sub_reg_462      |   32   |
|      tmp_reg_452      |   32   |
|     tmp_s_reg_457     |   32   |
|     val_1_reg_140     |   32   |
|      val_reg_472      |   32   |
|   x_assign_1_reg_447  |   32   |
|    x_assign_reg_442   |   32   |
+-----------------------+--------+
|         Total         |   583  |
+-----------------------+--------+

* Multiplexer (MUX) list: 
|------------|------|------|------|--------||---------||---------||---------|
|    Comp    |  Pin | Size |  BW  | S x BW ||  Delay  ||    FF   ||   LUT   |
|------------|------|------|------|--------||---------||---------||---------|
| grp_fu_203 |  p0  |   2  |   5  |   10   ||    0    ||    9    |
|------------|------|------|------|--------||---------||---------||---------|
|    Total   |      |      |      |   10   ||  0.427  ||    0    ||    9    |
|------------|------|------|------|--------||---------||---------||---------|



* Summary:
+-----------+--------+--------+--------+--------+
|           |   DSP  |  Delay |   FF   |   LUT  |
+-----------+--------+--------+--------+--------+
|  Function |   40   |    3   |  1421  |  5376  |
|   Memory  |    -   |    -   |    -   |    -   |
|Multiplexer|    -   |    0   |    0   |    9   |
|  Register |    -   |    -   |   583  |    -   |
+-----------+--------+--------+--------+--------+
|   Total   |   40   |    3   |  2004  |  5385  |
+-----------+--------+--------+--------+--------+
