

================================================================
== Vitis HLS Report for 'fir'
================================================================
* Date:           Tue Apr 21 17:14:46 2026

* Version:        2024.1 (Build 5069499 on May 21 2024)
* Project:        calculateCoefficients
* Solution:       hls (Vivado IP Flow Target)
* Product family: zynquplus
* Target device:  xczu3eg-sfvc784-2-e


================================================================
== Performance Estimates
================================================================
+ Timing: 
    * Summary: 
    +--------+----------+----------+------------+
    |  Clock |  Target  | Estimated| Uncertainty|
    +--------+----------+----------+------------+
    |ap_clk  |  10.00 ns|  7.042 ns|     2.70 ns|
    +--------+----------+----------+------------+

+ Latency: 
    * Summary: 
    +---------+---------+----------+----------+-----+-----+---------+
    |  Latency (cycles) |  Latency (absolute) |  Interval | Pipeline|
    |   min   |   max   |    min   |    max   | min | max |   Type  |
    +---------+---------+----------+----------+-----+-----+---------+
    |        ?|        ?|         ?|         ?|    ?|    ?|       no|
    +---------+---------+----------+----------+-----+-----+---------+

    + Detail: 
        * Instance: 
        +------------------------------------------+-------------------------------+---------+---------+----------+----------+-----+-----+-----------------------------------------------+
        |                                          |                               |  Latency (cycles) |  Latency (absolute) |  Interval |                    Pipeline                   |
        |                 Instance                 |             Module            |   min   |   max   |    min   |    max   | min | max |                      Type                     |
        +------------------------------------------+-------------------------------+---------+---------+----------+----------+-----+-----+-----------------------------------------------+
        |grp_fir_Pipeline_Shift_Accum_Loop_fu_970  |fir_Pipeline_Shift_Accum_Loop  |        ?|        ?|         ?|         ?|    0|    0|  loop auto-rewind stp(delay=0 clock cycles(s))|
        +------------------------------------------+-------------------------------+---------+---------+----------+----------+-----+-----+-----------------------------------------------+

        * Loop: 
        N/A

============================================================
+ Verbose Summary: Synthesis Manager
============================================================
InlineROM: 1
ExposeGlobal: 0
============================================================
+ Verbose Summary: CDFG Model
============================================================
IsTopModel: 0
ResetActiveHigh: 1
IsCombinational: 0
IsDatapathOnly: 0
HasWiredReturn: 1
HasMFsm: 0
HasVarLatency: 1
IsPipeline: 0
IsRtlPipelined: 0
IsInstanceOverlapped: 0
IsDontTouch: 0
HasImplIP: 0
IsGatedGlobalClock: 0


============================================================
+ Verbose Summary: Schedule
============================================================
* Number of FSM states : 300
* Pipeline : 0
* Dataflow Pipeline: 0

* FSM state transitions: 
1 --> 2 151 
2 --> 3 
3 --> 4 
4 --> 5 
5 --> 6 
6 --> 7 
7 --> 8 
8 --> 9 
9 --> 10 
10 --> 11 
11 --> 12 
12 --> 13 
13 --> 14 
14 --> 15 
15 --> 16 
16 --> 17 
17 --> 18 
18 --> 19 
19 --> 20 
20 --> 21 
21 --> 22 
22 --> 23 
23 --> 24 
24 --> 25 
25 --> 26 
26 --> 27 
27 --> 28 
28 --> 29 
29 --> 30 
30 --> 31 
31 --> 32 
32 --> 33 
33 --> 34 
34 --> 35 
35 --> 36 
36 --> 37 
37 --> 38 
38 --> 39 
39 --> 40 
40 --> 41 
41 --> 42 
42 --> 43 
43 --> 44 
44 --> 45 
45 --> 46 
46 --> 47 
47 --> 48 
48 --> 49 
49 --> 50 
50 --> 51 
51 --> 52 
52 --> 53 
53 --> 54 
54 --> 55 
55 --> 56 
56 --> 57 
57 --> 58 
58 --> 59 
59 --> 60 
60 --> 61 
61 --> 62 
62 --> 63 
63 --> 64 
64 --> 65 
65 --> 66 
66 --> 67 
67 --> 68 
68 --> 69 
69 --> 70 
70 --> 71 
71 --> 72 
72 --> 73 
73 --> 74 
74 --> 75 
75 --> 76 
76 --> 77 
77 --> 78 
78 --> 79 
79 --> 80 
80 --> 81 
81 --> 82 
82 --> 83 
83 --> 84 
84 --> 85 
85 --> 86 
86 --> 87 
87 --> 88 
88 --> 89 
89 --> 90 
90 --> 91 
91 --> 92 
92 --> 93 
93 --> 94 
94 --> 95 
95 --> 96 
96 --> 97 
97 --> 98 
98 --> 99 
99 --> 100 
100 --> 101 
101 --> 102 
102 --> 103 
103 --> 104 
104 --> 105 
105 --> 106 
106 --> 107 
107 --> 108 
108 --> 109 
109 --> 110 
110 --> 111 
111 --> 112 
112 --> 113 
113 --> 114 
114 --> 115 
115 --> 116 
116 --> 117 
117 --> 118 
118 --> 119 
119 --> 120 
120 --> 121 
121 --> 122 
122 --> 123 
123 --> 124 
124 --> 125 
125 --> 126 
126 --> 127 
127 --> 128 
128 --> 129 
129 --> 130 
130 --> 131 
131 --> 132 
132 --> 133 
133 --> 134 
134 --> 135 
135 --> 136 
136 --> 137 
137 --> 138 
138 --> 139 
139 --> 140 
140 --> 141 
141 --> 142 
142 --> 143 
143 --> 144 
144 --> 145 
145 --> 146 
146 --> 147 
147 --> 148 
148 --> 149 
149 --> 150 
150 --> 300 
151 --> 152 
152 --> 153 
153 --> 154 
154 --> 155 
155 --> 156 
156 --> 157 
157 --> 158 
158 --> 159 
159 --> 160 
160 --> 161 
161 --> 162 
162 --> 163 
163 --> 164 
164 --> 165 
165 --> 166 
166 --> 167 
167 --> 168 
168 --> 169 
169 --> 170 
170 --> 171 
171 --> 172 
172 --> 173 
173 --> 174 
174 --> 175 
175 --> 176 
176 --> 177 
177 --> 178 
178 --> 179 
179 --> 180 
180 --> 181 
181 --> 182 
182 --> 183 
183 --> 184 
184 --> 185 
185 --> 186 
186 --> 187 
187 --> 188 
188 --> 189 
189 --> 190 
190 --> 191 
191 --> 192 
192 --> 193 
193 --> 194 
194 --> 195 
195 --> 196 
196 --> 197 
197 --> 198 
198 --> 199 
199 --> 200 
200 --> 201 
201 --> 202 
202 --> 203 
203 --> 204 
204 --> 205 
205 --> 206 
206 --> 207 
207 --> 208 
208 --> 209 
209 --> 210 
210 --> 211 
211 --> 212 
212 --> 213 
213 --> 214 
214 --> 215 
215 --> 216 
216 --> 217 
217 --> 218 
218 --> 219 
219 --> 220 
220 --> 221 
221 --> 222 
222 --> 223 
223 --> 224 
224 --> 225 
225 --> 226 
226 --> 227 
227 --> 228 
228 --> 229 
229 --> 230 
230 --> 231 
231 --> 232 
232 --> 233 
233 --> 234 
234 --> 235 
235 --> 236 
236 --> 237 
237 --> 238 
238 --> 239 
239 --> 240 
240 --> 241 
241 --> 242 
242 --> 243 
243 --> 244 
244 --> 245 
245 --> 246 
246 --> 247 
247 --> 248 
248 --> 249 
249 --> 250 
250 --> 251 
251 --> 252 
252 --> 253 
253 --> 254 
254 --> 255 
255 --> 256 
256 --> 257 
257 --> 258 
258 --> 259 
259 --> 260 
260 --> 261 
261 --> 262 
262 --> 263 
263 --> 264 
264 --> 265 
265 --> 266 
266 --> 267 
267 --> 268 
268 --> 269 
269 --> 270 
270 --> 271 
271 --> 272 
272 --> 273 
273 --> 274 
274 --> 275 
275 --> 276 
276 --> 277 
277 --> 278 
278 --> 279 
279 --> 280 
280 --> 281 
281 --> 282 
282 --> 283 
283 --> 284 
284 --> 285 
285 --> 286 
286 --> 287 
287 --> 288 
288 --> 289 
289 --> 290 
290 --> 291 
291 --> 292 
292 --> 293 
293 --> 294 
294 --> 295 
295 --> 296 
296 --> 297 
297 --> 298 
298 --> 299 
299 --> 300 
300 --> 

* FSM state operations: 

State 1 <SV = 0> <Delay = 1.44>
ST_1 : Operation 301 [1/1] (0.00ns)   --->   "%reset_read = read i1 @_ssdm_op_Read.ap_auto.i1, i1 %reset"   --->   Operation 301 'read' 'reset_read' <Predicate = true> <Delay = 0.00>
ST_1 : Operation 302 [1/1] (0.00ns)   --->   "%N_read = read i32 @_ssdm_op_Read.ap_auto.i32, i32 %N"   --->   Operation 302 'read' 'N_read' <Predicate = true> <Delay = 0.00>
ST_1 : Operation 303 [1/1] (0.00ns)   --->   "%x_read = read i64 @_ssdm_op_Read.ap_auto.double, i64 %x"   --->   Operation 303 'read' 'x_read' <Predicate = true> <Delay = 0.00>
ST_1 : Operation 304 [1/1] (0.00ns)   --->   "%acc_loc = alloca i64 1"   --->   Operation 304 'alloca' 'acc_loc' <Predicate = true> <Delay = 0.00>
ST_1 : Operation 305 [1/1] (0.00ns)   --->   "%br_ln58 = br i1 %reset_read, void %Shift_Accum_Loop, void %for.inc" [Coefficients.cpp:58]   --->   Operation 305 'br' 'br_ln58' <Predicate = true> <Delay = 0.00>
ST_1 : Operation 306 [1/1] (1.01ns)   --->   "%i = add i32 %N_read, i32 4294967295" [Coefficients.cpp:68]   --->   Operation 306 'add' 'i' <Predicate = (!reset_read)> <Delay = 1.01> <CoreInst = "Adder">   --->   Core 1 'Adder' <Latency = 0> <II = 1> <Delay = 1.01> <FuncUnit> <Opcode : 'add' 'sub'> <InPorts = 2> <OutPorts = 1>
ST_1 : Operation 307 [2/2] (0.42ns)   --->   "%call_ln68 = call void @fir_Pipeline_Shift_Accum_Loop, i32 %i, i64 %x_read, i64 %c, i64 %acc_loc, i64 %shift_reg" [Coefficients.cpp:68]   --->   Operation 307 'call' 'call_ln68' <Predicate = (!reset_read)> <Delay = 0.42> <CoreType = "Generic">   --->   Core 0 '' <Latency = 0> <II = 1> <Delay = 1.00> <Generic> <Opcode : >
ST_1 : Operation 308 [1/1] (1.23ns)   --->   "%store_ln61 = store i64 0, i64 0" [Coefficients.cpp:61]   --->   Operation 308 'store' 'store_ln61' <Predicate = (reset_read)> <Delay = 1.23> <CoreInst = "RAM">   --->   Core 82 'RAM' <Latency = 1> <II = 1> <Delay = 1.23> <Storage> <Opcode : 'load' 'store'> <Ports = 2> <Width = 64> <Depth = 301> <RAM>
ST_1 : Operation 309 [1/1] (1.23ns)   --->   "%store_ln61 = store i64 0, i64 1" [Coefficients.cpp:61]   --->   Operation 309 'store' 'store_ln61' <Predicate = (reset_read)> <Delay = 1.23> <CoreInst = "RAM">   --->   Core 82 'RAM' <Latency = 1> <II = 1> <Delay = 1.23> <Storage> <Opcode : 'load' 'store'> <Ports = 2> <Width = 64> <Depth = 301> <RAM>

State 2 <SV = 1> <Delay = 0.00>
ST_2 : Operation 310 [1/2] (0.00ns)   --->   "%call_ln68 = call void @fir_Pipeline_Shift_Accum_Loop, i32 %i, i64 %x_read, i64 %c, i64 %acc_loc, i64 %shift_reg" [Coefficients.cpp:68]   --->   Operation 310 'call' 'call_ln68' <Predicate = true> <Delay = 0.00> <CoreType = "Generic">   --->   Core 0 '' <Latency = 0> <II = 1> <Delay = 1.00> <Generic> <Opcode : >

State 3 <SV = 2> <Delay = 0.00>

State 4 <SV = 3> <Delay = 0.00>

State 5 <SV = 4> <Delay = 0.00>

State 6 <SV = 5> <Delay = 0.00>

State 7 <SV = 6> <Delay = 0.00>

State 8 <SV = 7> <Delay = 0.00>

State 9 <SV = 8> <Delay = 0.00>

State 10 <SV = 9> <Delay = 0.00>

State 11 <SV = 10> <Delay = 0.00>

State 12 <SV = 11> <Delay = 0.00>

State 13 <SV = 12> <Delay = 0.00>

State 14 <SV = 13> <Delay = 0.00>

State 15 <SV = 14> <Delay = 0.00>

State 16 <SV = 15> <Delay = 0.00>

State 17 <SV = 16> <Delay = 0.00>

State 18 <SV = 17> <Delay = 0.00>

State 19 <SV = 18> <Delay = 0.00>

State 20 <SV = 19> <Delay = 0.00>

State 21 <SV = 20> <Delay = 0.00>

State 22 <SV = 21> <Delay = 0.00>

State 23 <SV = 22> <Delay = 0.00>

State 24 <SV = 23> <Delay = 0.00>

State 25 <SV = 24> <Delay = 0.00>

State 26 <SV = 25> <Delay = 0.00>

State 27 <SV = 26> <Delay = 0.00>

State 28 <SV = 27> <Delay = 0.00>

State 29 <SV = 28> <Delay = 0.00>

State 30 <SV = 29> <Delay = 0.00>

State 31 <SV = 30> <Delay = 0.00>

State 32 <SV = 31> <Delay = 0.00>

State 33 <SV = 32> <Delay = 0.00>

State 34 <SV = 33> <Delay = 0.00>

State 35 <SV = 34> <Delay = 0.00>

State 36 <SV = 35> <Delay = 0.00>

State 37 <SV = 36> <Delay = 0.00>

State 38 <SV = 37> <Delay = 0.00>

State 39 <SV = 38> <Delay = 0.00>

State 40 <SV = 39> <Delay = 0.00>

State 41 <SV = 40> <Delay = 0.00>

State 42 <SV = 41> <Delay = 0.00>

State 43 <SV = 42> <Delay = 0.00>

State 44 <SV = 43> <Delay = 0.00>

State 45 <SV = 44> <Delay = 0.00>

State 46 <SV = 45> <Delay = 0.00>

State 47 <SV = 46> <Delay = 0.00>

State 48 <SV = 47> <Delay = 0.00>

State 49 <SV = 48> <Delay = 0.00>

State 50 <SV = 49> <Delay = 0.00>

State 51 <SV = 50> <Delay = 0.00>

State 52 <SV = 51> <Delay = 0.00>

State 53 <SV = 52> <Delay = 0.00>

State 54 <SV = 53> <Delay = 0.00>

State 55 <SV = 54> <Delay = 0.00>

State 56 <SV = 55> <Delay = 0.00>

State 57 <SV = 56> <Delay = 0.00>

State 58 <SV = 57> <Delay = 0.00>

State 59 <SV = 58> <Delay = 0.00>

State 60 <SV = 59> <Delay = 0.00>

State 61 <SV = 60> <Delay = 0.00>

State 62 <SV = 61> <Delay = 0.00>

State 63 <SV = 62> <Delay = 0.00>

State 64 <SV = 63> <Delay = 0.00>

State 65 <SV = 64> <Delay = 0.00>

State 66 <SV = 65> <Delay = 0.00>

State 67 <SV = 66> <Delay = 0.00>

State 68 <SV = 67> <Delay = 0.00>

State 69 <SV = 68> <Delay = 0.00>

State 70 <SV = 69> <Delay = 0.00>

State 71 <SV = 70> <Delay = 0.00>

State 72 <SV = 71> <Delay = 0.00>

State 73 <SV = 72> <Delay = 0.00>

State 74 <SV = 73> <Delay = 0.00>

State 75 <SV = 74> <Delay = 0.00>

State 76 <SV = 75> <Delay = 0.00>

State 77 <SV = 76> <Delay = 0.00>

State 78 <SV = 77> <Delay = 0.00>

State 79 <SV = 78> <Delay = 0.00>

State 80 <SV = 79> <Delay = 0.00>

State 81 <SV = 80> <Delay = 0.00>

State 82 <SV = 81> <Delay = 0.00>

State 83 <SV = 82> <Delay = 0.00>

State 84 <SV = 83> <Delay = 0.00>

State 85 <SV = 84> <Delay = 0.00>

State 86 <SV = 85> <Delay = 0.00>

State 87 <SV = 86> <Delay = 0.00>

State 88 <SV = 87> <Delay = 0.00>

State 89 <SV = 88> <Delay = 0.00>

State 90 <SV = 89> <Delay = 0.00>

State 91 <SV = 90> <Delay = 0.00>

State 92 <SV = 91> <Delay = 0.00>

State 93 <SV = 92> <Delay = 0.00>

State 94 <SV = 93> <Delay = 0.00>

State 95 <SV = 94> <Delay = 0.00>

State 96 <SV = 95> <Delay = 0.00>

State 97 <SV = 96> <Delay = 0.00>

State 98 <SV = 97> <Delay = 0.00>

State 99 <SV = 98> <Delay = 0.00>

State 100 <SV = 99> <Delay = 0.00>

State 101 <SV = 100> <Delay = 0.00>

State 102 <SV = 101> <Delay = 0.00>

State 103 <SV = 102> <Delay = 0.00>

State 104 <SV = 103> <Delay = 0.00>

State 105 <SV = 104> <Delay = 0.00>

State 106 <SV = 105> <Delay = 0.00>

State 107 <SV = 106> <Delay = 0.00>

State 108 <SV = 107> <Delay = 0.00>

State 109 <SV = 108> <Delay = 0.00>

State 110 <SV = 109> <Delay = 0.00>

State 111 <SV = 110> <Delay = 0.00>

State 112 <SV = 111> <Delay = 0.00>

State 113 <SV = 112> <Delay = 0.00>

State 114 <SV = 113> <Delay = 0.00>

State 115 <SV = 114> <Delay = 0.00>

State 116 <SV = 115> <Delay = 0.00>

State 117 <SV = 116> <Delay = 0.00>

State 118 <SV = 117> <Delay = 0.00>

State 119 <SV = 118> <Delay = 0.00>

State 120 <SV = 119> <Delay = 0.00>

State 121 <SV = 120> <Delay = 0.00>

State 122 <SV = 121> <Delay = 0.00>

State 123 <SV = 122> <Delay = 0.00>

State 124 <SV = 123> <Delay = 0.00>

State 125 <SV = 124> <Delay = 0.00>

State 126 <SV = 125> <Delay = 0.00>

State 127 <SV = 126> <Delay = 0.00>

State 128 <SV = 127> <Delay = 0.00>

State 129 <SV = 128> <Delay = 0.00>

State 130 <SV = 129> <Delay = 0.00>

State 131 <SV = 130> <Delay = 0.00>

State 132 <SV = 131> <Delay = 0.00>

State 133 <SV = 132> <Delay = 0.00>

State 134 <SV = 133> <Delay = 0.00>

State 135 <SV = 134> <Delay = 0.00>

State 136 <SV = 135> <Delay = 0.00>

State 137 <SV = 136> <Delay = 0.00>

State 138 <SV = 137> <Delay = 0.00>

State 139 <SV = 138> <Delay = 0.00>

State 140 <SV = 139> <Delay = 0.00>

State 141 <SV = 140> <Delay = 0.00>

State 142 <SV = 141> <Delay = 0.00>

State 143 <SV = 142> <Delay = 0.00>

State 144 <SV = 143> <Delay = 0.00>

State 145 <SV = 144> <Delay = 0.00>

State 146 <SV = 145> <Delay = 0.00>

State 147 <SV = 146> <Delay = 0.00>

State 148 <SV = 147> <Delay = 0.00>

State 149 <SV = 148> <Delay = 0.00>

State 150 <SV = 149> <Delay = 0.42>
ST_150 : Operation 311 [1/1] (0.00ns)   --->   "%acc_loc_load = load i64 %acc_loc"   --->   Operation 311 'load' 'acc_loc_load' <Predicate = true> <Delay = 0.00>
ST_150 : Operation 312 [1/1] (0.42ns)   --->   "%br_ln0 = br void %cleanup.cont"   --->   Operation 312 'br' 'br_ln0' <Predicate = true> <Delay = 0.42>

State 151 <SV = 1> <Delay = 1.23>
ST_151 : Operation 313 [1/1] (1.23ns)   --->   "%store_ln61 = store i64 0, i64 2" [Coefficients.cpp:61]   --->   Operation 313 'store' 'store_ln61' <Predicate = true> <Delay = 1.23> <CoreInst = "RAM">   --->   Core 82 'RAM' <Latency = 1> <II = 1> <Delay = 1.23> <Storage> <Opcode : 'load' 'store'> <Ports = 2> <Width = 64> <Depth = 301> <RAM>
ST_151 : Operation 314 [1/1] (1.23ns)   --->   "%store_ln61 = store i64 0, i64 3" [Coefficients.cpp:61]   --->   Operation 314 'store' 'store_ln61' <Predicate = true> <Delay = 1.23> <CoreInst = "RAM">   --->   Core 82 'RAM' <Latency = 1> <II = 1> <Delay = 1.23> <Storage> <Opcode : 'load' 'store'> <Ports = 2> <Width = 64> <Depth = 301> <RAM>

State 152 <SV = 2> <Delay = 1.23>
ST_152 : Operation 315 [1/1] (1.23ns)   --->   "%store_ln61 = store i64 0, i64 4" [Coefficients.cpp:61]   --->   Operation 315 'store' 'store_ln61' <Predicate = true> <Delay = 1.23> <CoreInst = "RAM">   --->   Core 82 'RAM' <Latency = 1> <II = 1> <Delay = 1.23> <Storage> <Opcode : 'load' 'store'> <Ports = 2> <Width = 64> <Depth = 301> <RAM>
ST_152 : Operation 316 [1/1] (1.23ns)   --->   "%store_ln61 = store i64 0, i64 5" [Coefficients.cpp:61]   --->   Operation 316 'store' 'store_ln61' <Predicate = true> <Delay = 1.23> <CoreInst = "RAM">   --->   Core 82 'RAM' <Latency = 1> <II = 1> <Delay = 1.23> <Storage> <Opcode : 'load' 'store'> <Ports = 2> <Width = 64> <Depth = 301> <RAM>

State 153 <SV = 3> <Delay = 1.23>
ST_153 : Operation 317 [1/1] (1.23ns)   --->   "%store_ln61 = store i64 0, i64 6" [Coefficients.cpp:61]   --->   Operation 317 'store' 'store_ln61' <Predicate = true> <Delay = 1.23> <CoreInst = "RAM">   --->   Core 82 'RAM' <Latency = 1> <II = 1> <Delay = 1.23> <Storage> <Opcode : 'load' 'store'> <Ports = 2> <Width = 64> <Depth = 301> <RAM>
ST_153 : Operation 318 [1/1] (1.23ns)   --->   "%store_ln61 = store i64 0, i64 7" [Coefficients.cpp:61]   --->   Operation 318 'store' 'store_ln61' <Predicate = true> <Delay = 1.23> <CoreInst = "RAM">   --->   Core 82 'RAM' <Latency = 1> <II = 1> <Delay = 1.23> <Storage> <Opcode : 'load' 'store'> <Ports = 2> <Width = 64> <Depth = 301> <RAM>

State 154 <SV = 4> <Delay = 1.23>
ST_154 : Operation 319 [1/1] (1.23ns)   --->   "%store_ln61 = store i64 0, i64 8" [Coefficients.cpp:61]   --->   Operation 319 'store' 'store_ln61' <Predicate = true> <Delay = 1.23> <CoreInst = "RAM">   --->   Core 82 'RAM' <Latency = 1> <II = 1> <Delay = 1.23> <Storage> <Opcode : 'load' 'store'> <Ports = 2> <Width = 64> <Depth = 301> <RAM>
ST_154 : Operation 320 [1/1] (1.23ns)   --->   "%store_ln61 = store i64 0, i64 9" [Coefficients.cpp:61]   --->   Operation 320 'store' 'store_ln61' <Predicate = true> <Delay = 1.23> <CoreInst = "RAM">   --->   Core 82 'RAM' <Latency = 1> <II = 1> <Delay = 1.23> <Storage> <Opcode : 'load' 'store'> <Ports = 2> <Width = 64> <Depth = 301> <RAM>

State 155 <SV = 5> <Delay = 1.23>
ST_155 : Operation 321 [1/1] (1.23ns)   --->   "%store_ln61 = store i64 0, i64 10" [Coefficients.cpp:61]   --->   Operation 321 'store' 'store_ln61' <Predicate = true> <Delay = 1.23> <CoreInst = "RAM">   --->   Core 82 'RAM' <Latency = 1> <II = 1> <Delay = 1.23> <Storage> <Opcode : 'load' 'store'> <Ports = 2> <Width = 64> <Depth = 301> <RAM>
ST_155 : Operation 322 [1/1] (1.23ns)   --->   "%store_ln61 = store i64 0, i64 11" [Coefficients.cpp:61]   --->   Operation 322 'store' 'store_ln61' <Predicate = true> <Delay = 1.23> <CoreInst = "RAM">   --->   Core 82 'RAM' <Latency = 1> <II = 1> <Delay = 1.23> <Storage> <Opcode : 'load' 'store'> <Ports = 2> <Width = 64> <Depth = 301> <RAM>

State 156 <SV = 6> <Delay = 1.23>
ST_156 : Operation 323 [1/1] (1.23ns)   --->   "%store_ln61 = store i64 0, i64 12" [Coefficients.cpp:61]   --->   Operation 323 'store' 'store_ln61' <Predicate = true> <Delay = 1.23> <CoreInst = "RAM">   --->   Core 82 'RAM' <Latency = 1> <II = 1> <Delay = 1.23> <Storage> <Opcode : 'load' 'store'> <Ports = 2> <Width = 64> <Depth = 301> <RAM>
ST_156 : Operation 324 [1/1] (1.23ns)   --->   "%store_ln61 = store i64 0, i64 13" [Coefficients.cpp:61]   --->   Operation 324 'store' 'store_ln61' <Predicate = true> <Delay = 1.23> <CoreInst = "RAM">   --->   Core 82 'RAM' <Latency = 1> <II = 1> <Delay = 1.23> <Storage> <Opcode : 'load' 'store'> <Ports = 2> <Width = 64> <Depth = 301> <RAM>

State 157 <SV = 7> <Delay = 1.23>
ST_157 : Operation 325 [1/1] (1.23ns)   --->   "%store_ln61 = store i64 0, i64 14" [Coefficients.cpp:61]   --->   Operation 325 'store' 'store_ln61' <Predicate = true> <Delay = 1.23> <CoreInst = "RAM">   --->   Core 82 'RAM' <Latency = 1> <II = 1> <Delay = 1.23> <Storage> <Opcode : 'load' 'store'> <Ports = 2> <Width = 64> <Depth = 301> <RAM>
ST_157 : Operation 326 [1/1] (1.23ns)   --->   "%store_ln61 = store i64 0, i64 15" [Coefficients.cpp:61]   --->   Operation 326 'store' 'store_ln61' <Predicate = true> <Delay = 1.23> <CoreInst = "RAM">   --->   Core 82 'RAM' <Latency = 1> <II = 1> <Delay = 1.23> <Storage> <Opcode : 'load' 'store'> <Ports = 2> <Width = 64> <Depth = 301> <RAM>

State 158 <SV = 8> <Delay = 1.23>
ST_158 : Operation 327 [1/1] (1.23ns)   --->   "%store_ln61 = store i64 0, i64 16" [Coefficients.cpp:61]   --->   Operation 327 'store' 'store_ln61' <Predicate = true> <Delay = 1.23> <CoreInst = "RAM">   --->   Core 82 'RAM' <Latency = 1> <II = 1> <Delay = 1.23> <Storage> <Opcode : 'load' 'store'> <Ports = 2> <Width = 64> <Depth = 301> <RAM>
ST_158 : Operation 328 [1/1] (1.23ns)   --->   "%store_ln61 = store i64 0, i64 17" [Coefficients.cpp:61]   --->   Operation 328 'store' 'store_ln61' <Predicate = true> <Delay = 1.23> <CoreInst = "RAM">   --->   Core 82 'RAM' <Latency = 1> <II = 1> <Delay = 1.23> <Storage> <Opcode : 'load' 'store'> <Ports = 2> <Width = 64> <Depth = 301> <RAM>

State 159 <SV = 9> <Delay = 1.23>
ST_159 : Operation 329 [1/1] (1.23ns)   --->   "%store_ln61 = store i64 0, i64 18" [Coefficients.cpp:61]   --->   Operation 329 'store' 'store_ln61' <Predicate = true> <Delay = 1.23> <CoreInst = "RAM">   --->   Core 82 'RAM' <Latency = 1> <II = 1> <Delay = 1.23> <Storage> <Opcode : 'load' 'store'> <Ports = 2> <Width = 64> <Depth = 301> <RAM>
ST_159 : Operation 330 [1/1] (1.23ns)   --->   "%store_ln61 = store i64 0, i64 19" [Coefficients.cpp:61]   --->   Operation 330 'store' 'store_ln61' <Predicate = true> <Delay = 1.23> <CoreInst = "RAM">   --->   Core 82 'RAM' <Latency = 1> <II = 1> <Delay = 1.23> <Storage> <Opcode : 'load' 'store'> <Ports = 2> <Width = 64> <Depth = 301> <RAM>

State 160 <SV = 10> <Delay = 1.23>
ST_160 : Operation 331 [1/1] (1.23ns)   --->   "%store_ln61 = store i64 0, i64 20" [Coefficients.cpp:61]   --->   Operation 331 'store' 'store_ln61' <Predicate = true> <Delay = 1.23> <CoreInst = "RAM">   --->   Core 82 'RAM' <Latency = 1> <II = 1> <Delay = 1.23> <Storage> <Opcode : 'load' 'store'> <Ports = 2> <Width = 64> <Depth = 301> <RAM>
ST_160 : Operation 332 [1/1] (1.23ns)   --->   "%store_ln61 = store i64 0, i64 21" [Coefficients.cpp:61]   --->   Operation 332 'store' 'store_ln61' <Predicate = true> <Delay = 1.23> <CoreInst = "RAM">   --->   Core 82 'RAM' <Latency = 1> <II = 1> <Delay = 1.23> <Storage> <Opcode : 'load' 'store'> <Ports = 2> <Width = 64> <Depth = 301> <RAM>

State 161 <SV = 11> <Delay = 1.23>
ST_161 : Operation 333 [1/1] (1.23ns)   --->   "%store_ln61 = store i64 0, i64 22" [Coefficients.cpp:61]   --->   Operation 333 'store' 'store_ln61' <Predicate = true> <Delay = 1.23> <CoreInst = "RAM">   --->   Core 82 'RAM' <Latency = 1> <II = 1> <Delay = 1.23> <Storage> <Opcode : 'load' 'store'> <Ports = 2> <Width = 64> <Depth = 301> <RAM>
ST_161 : Operation 334 [1/1] (1.23ns)   --->   "%store_ln61 = store i64 0, i64 23" [Coefficients.cpp:61]   --->   Operation 334 'store' 'store_ln61' <Predicate = true> <Delay = 1.23> <CoreInst = "RAM">   --->   Core 82 'RAM' <Latency = 1> <II = 1> <Delay = 1.23> <Storage> <Opcode : 'load' 'store'> <Ports = 2> <Width = 64> <Depth = 301> <RAM>

State 162 <SV = 12> <Delay = 1.23>
ST_162 : Operation 335 [1/1] (1.23ns)   --->   "%store_ln61 = store i64 0, i64 24" [Coefficients.cpp:61]   --->   Operation 335 'store' 'store_ln61' <Predicate = true> <Delay = 1.23> <CoreInst = "RAM">   --->   Core 82 'RAM' <Latency = 1> <II = 1> <Delay = 1.23> <Storage> <Opcode : 'load' 'store'> <Ports = 2> <Width = 64> <Depth = 301> <RAM>
ST_162 : Operation 336 [1/1] (1.23ns)   --->   "%store_ln61 = store i64 0, i64 25" [Coefficients.cpp:61]   --->   Operation 336 'store' 'store_ln61' <Predicate = true> <Delay = 1.23> <CoreInst = "RAM">   --->   Core 82 'RAM' <Latency = 1> <II = 1> <Delay = 1.23> <Storage> <Opcode : 'load' 'store'> <Ports = 2> <Width = 64> <Depth = 301> <RAM>

State 163 <SV = 13> <Delay = 1.23>
ST_163 : Operation 337 [1/1] (1.23ns)   --->   "%store_ln61 = store i64 0, i64 26" [Coefficients.cpp:61]   --->   Operation 337 'store' 'store_ln61' <Predicate = true> <Delay = 1.23> <CoreInst = "RAM">   --->   Core 82 'RAM' <Latency = 1> <II = 1> <Delay = 1.23> <Storage> <Opcode : 'load' 'store'> <Ports = 2> <Width = 64> <Depth = 301> <RAM>
ST_163 : Operation 338 [1/1] (1.23ns)   --->   "%store_ln61 = store i64 0, i64 27" [Coefficients.cpp:61]   --->   Operation 338 'store' 'store_ln61' <Predicate = true> <Delay = 1.23> <CoreInst = "RAM">   --->   Core 82 'RAM' <Latency = 1> <II = 1> <Delay = 1.23> <Storage> <Opcode : 'load' 'store'> <Ports = 2> <Width = 64> <Depth = 301> <RAM>

State 164 <SV = 14> <Delay = 1.23>
ST_164 : Operation 339 [1/1] (1.23ns)   --->   "%store_ln61 = store i64 0, i64 28" [Coefficients.cpp:61]   --->   Operation 339 'store' 'store_ln61' <Predicate = true> <Delay = 1.23> <CoreInst = "RAM">   --->   Core 82 'RAM' <Latency = 1> <II = 1> <Delay = 1.23> <Storage> <Opcode : 'load' 'store'> <Ports = 2> <Width = 64> <Depth = 301> <RAM>
ST_164 : Operation 340 [1/1] (1.23ns)   --->   "%store_ln61 = store i64 0, i64 29" [Coefficients.cpp:61]   --->   Operation 340 'store' 'store_ln61' <Predicate = true> <Delay = 1.23> <CoreInst = "RAM">   --->   Core 82 'RAM' <Latency = 1> <II = 1> <Delay = 1.23> <Storage> <Opcode : 'load' 'store'> <Ports = 2> <Width = 64> <Depth = 301> <RAM>

State 165 <SV = 15> <Delay = 1.23>
ST_165 : Operation 341 [1/1] (1.23ns)   --->   "%store_ln61 = store i64 0, i64 30" [Coefficients.cpp:61]   --->   Operation 341 'store' 'store_ln61' <Predicate = true> <Delay = 1.23> <CoreInst = "RAM">   --->   Core 82 'RAM' <Latency = 1> <II = 1> <Delay = 1.23> <Storage> <Opcode : 'load' 'store'> <Ports = 2> <Width = 64> <Depth = 301> <RAM>
ST_165 : Operation 342 [1/1] (1.23ns)   --->   "%store_ln61 = store i64 0, i64 31" [Coefficients.cpp:61]   --->   Operation 342 'store' 'store_ln61' <Predicate = true> <Delay = 1.23> <CoreInst = "RAM">   --->   Core 82 'RAM' <Latency = 1> <II = 1> <Delay = 1.23> <Storage> <Opcode : 'load' 'store'> <Ports = 2> <Width = 64> <Depth = 301> <RAM>

State 166 <SV = 16> <Delay = 1.23>
ST_166 : Operation 343 [1/1] (1.23ns)   --->   "%store_ln61 = store i64 0, i64 32" [Coefficients.cpp:61]   --->   Operation 343 'store' 'store_ln61' <Predicate = true> <Delay = 1.23> <CoreInst = "RAM">   --->   Core 82 'RAM' <Latency = 1> <II = 1> <Delay = 1.23> <Storage> <Opcode : 'load' 'store'> <Ports = 2> <Width = 64> <Depth = 301> <RAM>
ST_166 : Operation 344 [1/1] (1.23ns)   --->   "%store_ln61 = store i64 0, i64 33" [Coefficients.cpp:61]   --->   Operation 344 'store' 'store_ln61' <Predicate = true> <Delay = 1.23> <CoreInst = "RAM">   --->   Core 82 'RAM' <Latency = 1> <II = 1> <Delay = 1.23> <Storage> <Opcode : 'load' 'store'> <Ports = 2> <Width = 64> <Depth = 301> <RAM>

State 167 <SV = 17> <Delay = 1.23>
ST_167 : Operation 345 [1/1] (1.23ns)   --->   "%store_ln61 = store i64 0, i64 34" [Coefficients.cpp:61]   --->   Operation 345 'store' 'store_ln61' <Predicate = true> <Delay = 1.23> <CoreInst = "RAM">   --->   Core 82 'RAM' <Latency = 1> <II = 1> <Delay = 1.23> <Storage> <Opcode : 'load' 'store'> <Ports = 2> <Width = 64> <Depth = 301> <RAM>
ST_167 : Operation 346 [1/1] (1.23ns)   --->   "%store_ln61 = store i64 0, i64 35" [Coefficients.cpp:61]   --->   Operation 346 'store' 'store_ln61' <Predicate = true> <Delay = 1.23> <CoreInst = "RAM">   --->   Core 82 'RAM' <Latency = 1> <II = 1> <Delay = 1.23> <Storage> <Opcode : 'load' 'store'> <Ports = 2> <Width = 64> <Depth = 301> <RAM>

State 168 <SV = 18> <Delay = 1.23>
ST_168 : Operation 347 [1/1] (1.23ns)   --->   "%store_ln61 = store i64 0, i64 36" [Coefficients.cpp:61]   --->   Operation 347 'store' 'store_ln61' <Predicate = true> <Delay = 1.23> <CoreInst = "RAM">   --->   Core 82 'RAM' <Latency = 1> <II = 1> <Delay = 1.23> <Storage> <Opcode : 'load' 'store'> <Ports = 2> <Width = 64> <Depth = 301> <RAM>
ST_168 : Operation 348 [1/1] (1.23ns)   --->   "%store_ln61 = store i64 0, i64 37" [Coefficients.cpp:61]   --->   Operation 348 'store' 'store_ln61' <Predicate = true> <Delay = 1.23> <CoreInst = "RAM">   --->   Core 82 'RAM' <Latency = 1> <II = 1> <Delay = 1.23> <Storage> <Opcode : 'load' 'store'> <Ports = 2> <Width = 64> <Depth = 301> <RAM>

State 169 <SV = 19> <Delay = 1.23>
ST_169 : Operation 349 [1/1] (1.23ns)   --->   "%store_ln61 = store i64 0, i64 38" [Coefficients.cpp:61]   --->   Operation 349 'store' 'store_ln61' <Predicate = true> <Delay = 1.23> <CoreInst = "RAM">   --->   Core 82 'RAM' <Latency = 1> <II = 1> <Delay = 1.23> <Storage> <Opcode : 'load' 'store'> <Ports = 2> <Width = 64> <Depth = 301> <RAM>
ST_169 : Operation 350 [1/1] (1.23ns)   --->   "%store_ln61 = store i64 0, i64 39" [Coefficients.cpp:61]   --->   Operation 350 'store' 'store_ln61' <Predicate = true> <Delay = 1.23> <CoreInst = "RAM">   --->   Core 82 'RAM' <Latency = 1> <II = 1> <Delay = 1.23> <Storage> <Opcode : 'load' 'store'> <Ports = 2> <Width = 64> <Depth = 301> <RAM>

State 170 <SV = 20> <Delay = 1.23>
ST_170 : Operation 351 [1/1] (1.23ns)   --->   "%store_ln61 = store i64 0, i64 40" [Coefficients.cpp:61]   --->   Operation 351 'store' 'store_ln61' <Predicate = true> <Delay = 1.23> <CoreInst = "RAM">   --->   Core 82 'RAM' <Latency = 1> <II = 1> <Delay = 1.23> <Storage> <Opcode : 'load' 'store'> <Ports = 2> <Width = 64> <Depth = 301> <RAM>
ST_170 : Operation 352 [1/1] (1.23ns)   --->   "%store_ln61 = store i64 0, i64 41" [Coefficients.cpp:61]   --->   Operation 352 'store' 'store_ln61' <Predicate = true> <Delay = 1.23> <CoreInst = "RAM">   --->   Core 82 'RAM' <Latency = 1> <II = 1> <Delay = 1.23> <Storage> <Opcode : 'load' 'store'> <Ports = 2> <Width = 64> <Depth = 301> <RAM>

State 171 <SV = 21> <Delay = 1.23>
ST_171 : Operation 353 [1/1] (1.23ns)   --->   "%store_ln61 = store i64 0, i64 42" [Coefficients.cpp:61]   --->   Operation 353 'store' 'store_ln61' <Predicate = true> <Delay = 1.23> <CoreInst = "RAM">   --->   Core 82 'RAM' <Latency = 1> <II = 1> <Delay = 1.23> <Storage> <Opcode : 'load' 'store'> <Ports = 2> <Width = 64> <Depth = 301> <RAM>
ST_171 : Operation 354 [1/1] (1.23ns)   --->   "%store_ln61 = store i64 0, i64 43" [Coefficients.cpp:61]   --->   Operation 354 'store' 'store_ln61' <Predicate = true> <Delay = 1.23> <CoreInst = "RAM">   --->   Core 82 'RAM' <Latency = 1> <II = 1> <Delay = 1.23> <Storage> <Opcode : 'load' 'store'> <Ports = 2> <Width = 64> <Depth = 301> <RAM>

State 172 <SV = 22> <Delay = 1.23>
ST_172 : Operation 355 [1/1] (1.23ns)   --->   "%store_ln61 = store i64 0, i64 44" [Coefficients.cpp:61]   --->   Operation 355 'store' 'store_ln61' <Predicate = true> <Delay = 1.23> <CoreInst = "RAM">   --->   Core 82 'RAM' <Latency = 1> <II = 1> <Delay = 1.23> <Storage> <Opcode : 'load' 'store'> <Ports = 2> <Width = 64> <Depth = 301> <RAM>
ST_172 : Operation 356 [1/1] (1.23ns)   --->   "%store_ln61 = store i64 0, i64 45" [Coefficients.cpp:61]   --->   Operation 356 'store' 'store_ln61' <Predicate = true> <Delay = 1.23> <CoreInst = "RAM">   --->   Core 82 'RAM' <Latency = 1> <II = 1> <Delay = 1.23> <Storage> <Opcode : 'load' 'store'> <Ports = 2> <Width = 64> <Depth = 301> <RAM>

State 173 <SV = 23> <Delay = 1.23>
ST_173 : Operation 357 [1/1] (1.23ns)   --->   "%store_ln61 = store i64 0, i64 46" [Coefficients.cpp:61]   --->   Operation 357 'store' 'store_ln61' <Predicate = true> <Delay = 1.23> <CoreInst = "RAM">   --->   Core 82 'RAM' <Latency = 1> <II = 1> <Delay = 1.23> <Storage> <Opcode : 'load' 'store'> <Ports = 2> <Width = 64> <Depth = 301> <RAM>
ST_173 : Operation 358 [1/1] (1.23ns)   --->   "%store_ln61 = store i64 0, i64 47" [Coefficients.cpp:61]   --->   Operation 358 'store' 'store_ln61' <Predicate = true> <Delay = 1.23> <CoreInst = "RAM">   --->   Core 82 'RAM' <Latency = 1> <II = 1> <Delay = 1.23> <Storage> <Opcode : 'load' 'store'> <Ports = 2> <Width = 64> <Depth = 301> <RAM>

State 174 <SV = 24> <Delay = 1.23>
ST_174 : Operation 359 [1/1] (1.23ns)   --->   "%store_ln61 = store i64 0, i64 48" [Coefficients.cpp:61]   --->   Operation 359 'store' 'store_ln61' <Predicate = true> <Delay = 1.23> <CoreInst = "RAM">   --->   Core 82 'RAM' <Latency = 1> <II = 1> <Delay = 1.23> <Storage> <Opcode : 'load' 'store'> <Ports = 2> <Width = 64> <Depth = 301> <RAM>
ST_174 : Operation 360 [1/1] (1.23ns)   --->   "%store_ln61 = store i64 0, i64 49" [Coefficients.cpp:61]   --->   Operation 360 'store' 'store_ln61' <Predicate = true> <Delay = 1.23> <CoreInst = "RAM">   --->   Core 82 'RAM' <Latency = 1> <II = 1> <Delay = 1.23> <Storage> <Opcode : 'load' 'store'> <Ports = 2> <Width = 64> <Depth = 301> <RAM>

State 175 <SV = 25> <Delay = 1.23>
ST_175 : Operation 361 [1/1] (1.23ns)   --->   "%store_ln61 = store i64 0, i64 50" [Coefficients.cpp:61]   --->   Operation 361 'store' 'store_ln61' <Predicate = true> <Delay = 1.23> <CoreInst = "RAM">   --->   Core 82 'RAM' <Latency = 1> <II = 1> <Delay = 1.23> <Storage> <Opcode : 'load' 'store'> <Ports = 2> <Width = 64> <Depth = 301> <RAM>
ST_175 : Operation 362 [1/1] (1.23ns)   --->   "%store_ln61 = store i64 0, i64 51" [Coefficients.cpp:61]   --->   Operation 362 'store' 'store_ln61' <Predicate = true> <Delay = 1.23> <CoreInst = "RAM">   --->   Core 82 'RAM' <Latency = 1> <II = 1> <Delay = 1.23> <Storage> <Opcode : 'load' 'store'> <Ports = 2> <Width = 64> <Depth = 301> <RAM>

State 176 <SV = 26> <Delay = 1.23>
ST_176 : Operation 363 [1/1] (1.23ns)   --->   "%store_ln61 = store i64 0, i64 52" [Coefficients.cpp:61]   --->   Operation 363 'store' 'store_ln61' <Predicate = true> <Delay = 1.23> <CoreInst = "RAM">   --->   Core 82 'RAM' <Latency = 1> <II = 1> <Delay = 1.23> <Storage> <Opcode : 'load' 'store'> <Ports = 2> <Width = 64> <Depth = 301> <RAM>
ST_176 : Operation 364 [1/1] (1.23ns)   --->   "%store_ln61 = store i64 0, i64 53" [Coefficients.cpp:61]   --->   Operation 364 'store' 'store_ln61' <Predicate = true> <Delay = 1.23> <CoreInst = "RAM">   --->   Core 82 'RAM' <Latency = 1> <II = 1> <Delay = 1.23> <Storage> <Opcode : 'load' 'store'> <Ports = 2> <Width = 64> <Depth = 301> <RAM>

State 177 <SV = 27> <Delay = 1.23>
ST_177 : Operation 365 [1/1] (1.23ns)   --->   "%store_ln61 = store i64 0, i64 54" [Coefficients.cpp:61]   --->   Operation 365 'store' 'store_ln61' <Predicate = true> <Delay = 1.23> <CoreInst = "RAM">   --->   Core 82 'RAM' <Latency = 1> <II = 1> <Delay = 1.23> <Storage> <Opcode : 'load' 'store'> <Ports = 2> <Width = 64> <Depth = 301> <RAM>
ST_177 : Operation 366 [1/1] (1.23ns)   --->   "%store_ln61 = store i64 0, i64 55" [Coefficients.cpp:61]   --->   Operation 366 'store' 'store_ln61' <Predicate = true> <Delay = 1.23> <CoreInst = "RAM">   --->   Core 82 'RAM' <Latency = 1> <II = 1> <Delay = 1.23> <Storage> <Opcode : 'load' 'store'> <Ports = 2> <Width = 64> <Depth = 301> <RAM>

State 178 <SV = 28> <Delay = 1.23>
ST_178 : Operation 367 [1/1] (1.23ns)   --->   "%store_ln61 = store i64 0, i64 56" [Coefficients.cpp:61]   --->   Operation 367 'store' 'store_ln61' <Predicate = true> <Delay = 1.23> <CoreInst = "RAM">   --->   Core 82 'RAM' <Latency = 1> <II = 1> <Delay = 1.23> <Storage> <Opcode : 'load' 'store'> <Ports = 2> <Width = 64> <Depth = 301> <RAM>
ST_178 : Operation 368 [1/1] (1.23ns)   --->   "%store_ln61 = store i64 0, i64 57" [Coefficients.cpp:61]   --->   Operation 368 'store' 'store_ln61' <Predicate = true> <Delay = 1.23> <CoreInst = "RAM">   --->   Core 82 'RAM' <Latency = 1> <II = 1> <Delay = 1.23> <Storage> <Opcode : 'load' 'store'> <Ports = 2> <Width = 64> <Depth = 301> <RAM>

State 179 <SV = 29> <Delay = 1.23>
ST_179 : Operation 369 [1/1] (1.23ns)   --->   "%store_ln61 = store i64 0, i64 58" [Coefficients.cpp:61]   --->   Operation 369 'store' 'store_ln61' <Predicate = true> <Delay = 1.23> <CoreInst = "RAM">   --->   Core 82 'RAM' <Latency = 1> <II = 1> <Delay = 1.23> <Storage> <Opcode : 'load' 'store'> <Ports = 2> <Width = 64> <Depth = 301> <RAM>
ST_179 : Operation 370 [1/1] (1.23ns)   --->   "%store_ln61 = store i64 0, i64 59" [Coefficients.cpp:61]   --->   Operation 370 'store' 'store_ln61' <Predicate = true> <Delay = 1.23> <CoreInst = "RAM">   --->   Core 82 'RAM' <Latency = 1> <II = 1> <Delay = 1.23> <Storage> <Opcode : 'load' 'store'> <Ports = 2> <Width = 64> <Depth = 301> <RAM>

State 180 <SV = 30> <Delay = 1.23>
ST_180 : Operation 371 [1/1] (1.23ns)   --->   "%store_ln61 = store i64 0, i64 60" [Coefficients.cpp:61]   --->   Operation 371 'store' 'store_ln61' <Predicate = true> <Delay = 1.23> <CoreInst = "RAM">   --->   Core 82 'RAM' <Latency = 1> <II = 1> <Delay = 1.23> <Storage> <Opcode : 'load' 'store'> <Ports = 2> <Width = 64> <Depth = 301> <RAM>
ST_180 : Operation 372 [1/1] (1.23ns)   --->   "%store_ln61 = store i64 0, i64 61" [Coefficients.cpp:61]   --->   Operation 372 'store' 'store_ln61' <Predicate = true> <Delay = 1.23> <CoreInst = "RAM">   --->   Core 82 'RAM' <Latency = 1> <II = 1> <Delay = 1.23> <Storage> <Opcode : 'load' 'store'> <Ports = 2> <Width = 64> <Depth = 301> <RAM>

State 181 <SV = 31> <Delay = 1.23>
ST_181 : Operation 373 [1/1] (1.23ns)   --->   "%store_ln61 = store i64 0, i64 62" [Coefficients.cpp:61]   --->   Operation 373 'store' 'store_ln61' <Predicate = true> <Delay = 1.23> <CoreInst = "RAM">   --->   Core 82 'RAM' <Latency = 1> <II = 1> <Delay = 1.23> <Storage> <Opcode : 'load' 'store'> <Ports = 2> <Width = 64> <Depth = 301> <RAM>
ST_181 : Operation 374 [1/1] (1.23ns)   --->   "%store_ln61 = store i64 0, i64 63" [Coefficients.cpp:61]   --->   Operation 374 'store' 'store_ln61' <Predicate = true> <Delay = 1.23> <CoreInst = "RAM">   --->   Core 82 'RAM' <Latency = 1> <II = 1> <Delay = 1.23> <Storage> <Opcode : 'load' 'store'> <Ports = 2> <Width = 64> <Depth = 301> <RAM>

State 182 <SV = 32> <Delay = 1.23>
ST_182 : Operation 375 [1/1] (1.23ns)   --->   "%store_ln61 = store i64 0, i64 64" [Coefficients.cpp:61]   --->   Operation 375 'store' 'store_ln61' <Predicate = true> <Delay = 1.23> <CoreInst = "RAM">   --->   Core 82 'RAM' <Latency = 1> <II = 1> <Delay = 1.23> <Storage> <Opcode : 'load' 'store'> <Ports = 2> <Width = 64> <Depth = 301> <RAM>
ST_182 : Operation 376 [1/1] (1.23ns)   --->   "%store_ln61 = store i64 0, i64 65" [Coefficients.cpp:61]   --->   Operation 376 'store' 'store_ln61' <Predicate = true> <Delay = 1.23> <CoreInst = "RAM">   --->   Core 82 'RAM' <Latency = 1> <II = 1> <Delay = 1.23> <Storage> <Opcode : 'load' 'store'> <Ports = 2> <Width = 64> <Depth = 301> <RAM>

State 183 <SV = 33> <Delay = 1.23>
ST_183 : Operation 377 [1/1] (1.23ns)   --->   "%store_ln61 = store i64 0, i64 66" [Coefficients.cpp:61]   --->   Operation 377 'store' 'store_ln61' <Predicate = true> <Delay = 1.23> <CoreInst = "RAM">   --->   Core 82 'RAM' <Latency = 1> <II = 1> <Delay = 1.23> <Storage> <Opcode : 'load' 'store'> <Ports = 2> <Width = 64> <Depth = 301> <RAM>
ST_183 : Operation 378 [1/1] (1.23ns)   --->   "%store_ln61 = store i64 0, i64 67" [Coefficients.cpp:61]   --->   Operation 378 'store' 'store_ln61' <Predicate = true> <Delay = 1.23> <CoreInst = "RAM">   --->   Core 82 'RAM' <Latency = 1> <II = 1> <Delay = 1.23> <Storage> <Opcode : 'load' 'store'> <Ports = 2> <Width = 64> <Depth = 301> <RAM>

State 184 <SV = 34> <Delay = 1.23>
ST_184 : Operation 379 [1/1] (1.23ns)   --->   "%store_ln61 = store i64 0, i64 68" [Coefficients.cpp:61]   --->   Operation 379 'store' 'store_ln61' <Predicate = true> <Delay = 1.23> <CoreInst = "RAM">   --->   Core 82 'RAM' <Latency = 1> <II = 1> <Delay = 1.23> <Storage> <Opcode : 'load' 'store'> <Ports = 2> <Width = 64> <Depth = 301> <RAM>
ST_184 : Operation 380 [1/1] (1.23ns)   --->   "%store_ln61 = store i64 0, i64 69" [Coefficients.cpp:61]   --->   Operation 380 'store' 'store_ln61' <Predicate = true> <Delay = 1.23> <CoreInst = "RAM">   --->   Core 82 'RAM' <Latency = 1> <II = 1> <Delay = 1.23> <Storage> <Opcode : 'load' 'store'> <Ports = 2> <Width = 64> <Depth = 301> <RAM>

State 185 <SV = 35> <Delay = 1.23>
ST_185 : Operation 381 [1/1] (1.23ns)   --->   "%store_ln61 = store i64 0, i64 70" [Coefficients.cpp:61]   --->   Operation 381 'store' 'store_ln61' <Predicate = true> <Delay = 1.23> <CoreInst = "RAM">   --->   Core 82 'RAM' <Latency = 1> <II = 1> <Delay = 1.23> <Storage> <Opcode : 'load' 'store'> <Ports = 2> <Width = 64> <Depth = 301> <RAM>
ST_185 : Operation 382 [1/1] (1.23ns)   --->   "%store_ln61 = store i64 0, i64 71" [Coefficients.cpp:61]   --->   Operation 382 'store' 'store_ln61' <Predicate = true> <Delay = 1.23> <CoreInst = "RAM">   --->   Core 82 'RAM' <Latency = 1> <II = 1> <Delay = 1.23> <Storage> <Opcode : 'load' 'store'> <Ports = 2> <Width = 64> <Depth = 301> <RAM>

State 186 <SV = 36> <Delay = 1.23>
ST_186 : Operation 383 [1/1] (1.23ns)   --->   "%store_ln61 = store i64 0, i64 72" [Coefficients.cpp:61]   --->   Operation 383 'store' 'store_ln61' <Predicate = true> <Delay = 1.23> <CoreInst = "RAM">   --->   Core 82 'RAM' <Latency = 1> <II = 1> <Delay = 1.23> <Storage> <Opcode : 'load' 'store'> <Ports = 2> <Width = 64> <Depth = 301> <RAM>
ST_186 : Operation 384 [1/1] (1.23ns)   --->   "%store_ln61 = store i64 0, i64 73" [Coefficients.cpp:61]   --->   Operation 384 'store' 'store_ln61' <Predicate = true> <Delay = 1.23> <CoreInst = "RAM">   --->   Core 82 'RAM' <Latency = 1> <II = 1> <Delay = 1.23> <Storage> <Opcode : 'load' 'store'> <Ports = 2> <Width = 64> <Depth = 301> <RAM>

State 187 <SV = 37> <Delay = 1.23>
ST_187 : Operation 385 [1/1] (1.23ns)   --->   "%store_ln61 = store i64 0, i64 74" [Coefficients.cpp:61]   --->   Operation 385 'store' 'store_ln61' <Predicate = true> <Delay = 1.23> <CoreInst = "RAM">   --->   Core 82 'RAM' <Latency = 1> <II = 1> <Delay = 1.23> <Storage> <Opcode : 'load' 'store'> <Ports = 2> <Width = 64> <Depth = 301> <RAM>
ST_187 : Operation 386 [1/1] (1.23ns)   --->   "%store_ln61 = store i64 0, i64 75" [Coefficients.cpp:61]   --->   Operation 386 'store' 'store_ln61' <Predicate = true> <Delay = 1.23> <CoreInst = "RAM">   --->   Core 82 'RAM' <Latency = 1> <II = 1> <Delay = 1.23> <Storage> <Opcode : 'load' 'store'> <Ports = 2> <Width = 64> <Depth = 301> <RAM>

State 188 <SV = 38> <Delay = 1.23>
ST_188 : Operation 387 [1/1] (1.23ns)   --->   "%store_ln61 = store i64 0, i64 76" [Coefficients.cpp:61]   --->   Operation 387 'store' 'store_ln61' <Predicate = true> <Delay = 1.23> <CoreInst = "RAM">   --->   Core 82 'RAM' <Latency = 1> <II = 1> <Delay = 1.23> <Storage> <Opcode : 'load' 'store'> <Ports = 2> <Width = 64> <Depth = 301> <RAM>
ST_188 : Operation 388 [1/1] (1.23ns)   --->   "%store_ln61 = store i64 0, i64 77" [Coefficients.cpp:61]   --->   Operation 388 'store' 'store_ln61' <Predicate = true> <Delay = 1.23> <CoreInst = "RAM">   --->   Core 82 'RAM' <Latency = 1> <II = 1> <Delay = 1.23> <Storage> <Opcode : 'load' 'store'> <Ports = 2> <Width = 64> <Depth = 301> <RAM>

State 189 <SV = 39> <Delay = 1.23>
ST_189 : Operation 389 [1/1] (1.23ns)   --->   "%store_ln61 = store i64 0, i64 78" [Coefficients.cpp:61]   --->   Operation 389 'store' 'store_ln61' <Predicate = true> <Delay = 1.23> <CoreInst = "RAM">   --->   Core 82 'RAM' <Latency = 1> <II = 1> <Delay = 1.23> <Storage> <Opcode : 'load' 'store'> <Ports = 2> <Width = 64> <Depth = 301> <RAM>
ST_189 : Operation 390 [1/1] (1.23ns)   --->   "%store_ln61 = store i64 0, i64 79" [Coefficients.cpp:61]   --->   Operation 390 'store' 'store_ln61' <Predicate = true> <Delay = 1.23> <CoreInst = "RAM">   --->   Core 82 'RAM' <Latency = 1> <II = 1> <Delay = 1.23> <Storage> <Opcode : 'load' 'store'> <Ports = 2> <Width = 64> <Depth = 301> <RAM>

State 190 <SV = 40> <Delay = 1.23>
ST_190 : Operation 391 [1/1] (1.23ns)   --->   "%store_ln61 = store i64 0, i64 80" [Coefficients.cpp:61]   --->   Operation 391 'store' 'store_ln61' <Predicate = true> <Delay = 1.23> <CoreInst = "RAM">   --->   Core 82 'RAM' <Latency = 1> <II = 1> <Delay = 1.23> <Storage> <Opcode : 'load' 'store'> <Ports = 2> <Width = 64> <Depth = 301> <RAM>
ST_190 : Operation 392 [1/1] (1.23ns)   --->   "%store_ln61 = store i64 0, i64 81" [Coefficients.cpp:61]   --->   Operation 392 'store' 'store_ln61' <Predicate = true> <Delay = 1.23> <CoreInst = "RAM">   --->   Core 82 'RAM' <Latency = 1> <II = 1> <Delay = 1.23> <Storage> <Opcode : 'load' 'store'> <Ports = 2> <Width = 64> <Depth = 301> <RAM>

State 191 <SV = 41> <Delay = 1.23>
ST_191 : Operation 393 [1/1] (1.23ns)   --->   "%store_ln61 = store i64 0, i64 82" [Coefficients.cpp:61]   --->   Operation 393 'store' 'store_ln61' <Predicate = true> <Delay = 1.23> <CoreInst = "RAM">   --->   Core 82 'RAM' <Latency = 1> <II = 1> <Delay = 1.23> <Storage> <Opcode : 'load' 'store'> <Ports = 2> <Width = 64> <Depth = 301> <RAM>
ST_191 : Operation 394 [1/1] (1.23ns)   --->   "%store_ln61 = store i64 0, i64 83" [Coefficients.cpp:61]   --->   Operation 394 'store' 'store_ln61' <Predicate = true> <Delay = 1.23> <CoreInst = "RAM">   --->   Core 82 'RAM' <Latency = 1> <II = 1> <Delay = 1.23> <Storage> <Opcode : 'load' 'store'> <Ports = 2> <Width = 64> <Depth = 301> <RAM>

State 192 <SV = 42> <Delay = 1.23>
ST_192 : Operation 395 [1/1] (1.23ns)   --->   "%store_ln61 = store i64 0, i64 84" [Coefficients.cpp:61]   --->   Operation 395 'store' 'store_ln61' <Predicate = true> <Delay = 1.23> <CoreInst = "RAM">   --->   Core 82 'RAM' <Latency = 1> <II = 1> <Delay = 1.23> <Storage> <Opcode : 'load' 'store'> <Ports = 2> <Width = 64> <Depth = 301> <RAM>
ST_192 : Operation 396 [1/1] (1.23ns)   --->   "%store_ln61 = store i64 0, i64 85" [Coefficients.cpp:61]   --->   Operation 396 'store' 'store_ln61' <Predicate = true> <Delay = 1.23> <CoreInst = "RAM">   --->   Core 82 'RAM' <Latency = 1> <II = 1> <Delay = 1.23> <Storage> <Opcode : 'load' 'store'> <Ports = 2> <Width = 64> <Depth = 301> <RAM>

State 193 <SV = 43> <Delay = 1.23>
ST_193 : Operation 397 [1/1] (1.23ns)   --->   "%store_ln61 = store i64 0, i64 86" [Coefficients.cpp:61]   --->   Operation 397 'store' 'store_ln61' <Predicate = true> <Delay = 1.23> <CoreInst = "RAM">   --->   Core 82 'RAM' <Latency = 1> <II = 1> <Delay = 1.23> <Storage> <Opcode : 'load' 'store'> <Ports = 2> <Width = 64> <Depth = 301> <RAM>
ST_193 : Operation 398 [1/1] (1.23ns)   --->   "%store_ln61 = store i64 0, i64 87" [Coefficients.cpp:61]   --->   Operation 398 'store' 'store_ln61' <Predicate = true> <Delay = 1.23> <CoreInst = "RAM">   --->   Core 82 'RAM' <Latency = 1> <II = 1> <Delay = 1.23> <Storage> <Opcode : 'load' 'store'> <Ports = 2> <Width = 64> <Depth = 301> <RAM>

State 194 <SV = 44> <Delay = 1.23>
ST_194 : Operation 399 [1/1] (1.23ns)   --->   "%store_ln61 = store i64 0, i64 88" [Coefficients.cpp:61]   --->   Operation 399 'store' 'store_ln61' <Predicate = true> <Delay = 1.23> <CoreInst = "RAM">   --->   Core 82 'RAM' <Latency = 1> <II = 1> <Delay = 1.23> <Storage> <Opcode : 'load' 'store'> <Ports = 2> <Width = 64> <Depth = 301> <RAM>
ST_194 : Operation 400 [1/1] (1.23ns)   --->   "%store_ln61 = store i64 0, i64 89" [Coefficients.cpp:61]   --->   Operation 400 'store' 'store_ln61' <Predicate = true> <Delay = 1.23> <CoreInst = "RAM">   --->   Core 82 'RAM' <Latency = 1> <II = 1> <Delay = 1.23> <Storage> <Opcode : 'load' 'store'> <Ports = 2> <Width = 64> <Depth = 301> <RAM>

State 195 <SV = 45> <Delay = 1.23>
ST_195 : Operation 401 [1/1] (1.23ns)   --->   "%store_ln61 = store i64 0, i64 90" [Coefficients.cpp:61]   --->   Operation 401 'store' 'store_ln61' <Predicate = true> <Delay = 1.23> <CoreInst = "RAM">   --->   Core 82 'RAM' <Latency = 1> <II = 1> <Delay = 1.23> <Storage> <Opcode : 'load' 'store'> <Ports = 2> <Width = 64> <Depth = 301> <RAM>
ST_195 : Operation 402 [1/1] (1.23ns)   --->   "%store_ln61 = store i64 0, i64 91" [Coefficients.cpp:61]   --->   Operation 402 'store' 'store_ln61' <Predicate = true> <Delay = 1.23> <CoreInst = "RAM">   --->   Core 82 'RAM' <Latency = 1> <II = 1> <Delay = 1.23> <Storage> <Opcode : 'load' 'store'> <Ports = 2> <Width = 64> <Depth = 301> <RAM>

State 196 <SV = 46> <Delay = 1.23>
ST_196 : Operation 403 [1/1] (1.23ns)   --->   "%store_ln61 = store i64 0, i64 92" [Coefficients.cpp:61]   --->   Operation 403 'store' 'store_ln61' <Predicate = true> <Delay = 1.23> <CoreInst = "RAM">   --->   Core 82 'RAM' <Latency = 1> <II = 1> <Delay = 1.23> <Storage> <Opcode : 'load' 'store'> <Ports = 2> <Width = 64> <Depth = 301> <RAM>
ST_196 : Operation 404 [1/1] (1.23ns)   --->   "%store_ln61 = store i64 0, i64 93" [Coefficients.cpp:61]   --->   Operation 404 'store' 'store_ln61' <Predicate = true> <Delay = 1.23> <CoreInst = "RAM">   --->   Core 82 'RAM' <Latency = 1> <II = 1> <Delay = 1.23> <Storage> <Opcode : 'load' 'store'> <Ports = 2> <Width = 64> <Depth = 301> <RAM>

State 197 <SV = 47> <Delay = 1.23>
ST_197 : Operation 405 [1/1] (1.23ns)   --->   "%store_ln61 = store i64 0, i64 94" [Coefficients.cpp:61]   --->   Operation 405 'store' 'store_ln61' <Predicate = true> <Delay = 1.23> <CoreInst = "RAM">   --->   Core 82 'RAM' <Latency = 1> <II = 1> <Delay = 1.23> <Storage> <Opcode : 'load' 'store'> <Ports = 2> <Width = 64> <Depth = 301> <RAM>
ST_197 : Operation 406 [1/1] (1.23ns)   --->   "%store_ln61 = store i64 0, i64 95" [Coefficients.cpp:61]   --->   Operation 406 'store' 'store_ln61' <Predicate = true> <Delay = 1.23> <CoreInst = "RAM">   --->   Core 82 'RAM' <Latency = 1> <II = 1> <Delay = 1.23> <Storage> <Opcode : 'load' 'store'> <Ports = 2> <Width = 64> <Depth = 301> <RAM>

State 198 <SV = 48> <Delay = 1.23>
ST_198 : Operation 407 [1/1] (1.23ns)   --->   "%store_ln61 = store i64 0, i64 96" [Coefficients.cpp:61]   --->   Operation 407 'store' 'store_ln61' <Predicate = true> <Delay = 1.23> <CoreInst = "RAM">   --->   Core 82 'RAM' <Latency = 1> <II = 1> <Delay = 1.23> <Storage> <Opcode : 'load' 'store'> <Ports = 2> <Width = 64> <Depth = 301> <RAM>
ST_198 : Operation 408 [1/1] (1.23ns)   --->   "%store_ln61 = store i64 0, i64 97" [Coefficients.cpp:61]   --->   Operation 408 'store' 'store_ln61' <Predicate = true> <Delay = 1.23> <CoreInst = "RAM">   --->   Core 82 'RAM' <Latency = 1> <II = 1> <Delay = 1.23> <Storage> <Opcode : 'load' 'store'> <Ports = 2> <Width = 64> <Depth = 301> <RAM>

State 199 <SV = 49> <Delay = 1.23>
ST_199 : Operation 409 [1/1] (1.23ns)   --->   "%store_ln61 = store i64 0, i64 98" [Coefficients.cpp:61]   --->   Operation 409 'store' 'store_ln61' <Predicate = true> <Delay = 1.23> <CoreInst = "RAM">   --->   Core 82 'RAM' <Latency = 1> <II = 1> <Delay = 1.23> <Storage> <Opcode : 'load' 'store'> <Ports = 2> <Width = 64> <Depth = 301> <RAM>
ST_199 : Operation 410 [1/1] (1.23ns)   --->   "%store_ln61 = store i64 0, i64 99" [Coefficients.cpp:61]   --->   Operation 410 'store' 'store_ln61' <Predicate = true> <Delay = 1.23> <CoreInst = "RAM">   --->   Core 82 'RAM' <Latency = 1> <II = 1> <Delay = 1.23> <Storage> <Opcode : 'load' 'store'> <Ports = 2> <Width = 64> <Depth = 301> <RAM>

State 200 <SV = 50> <Delay = 1.23>
ST_200 : Operation 411 [1/1] (1.23ns)   --->   "%store_ln61 = store i64 0, i64 100" [Coefficients.cpp:61]   --->   Operation 411 'store' 'store_ln61' <Predicate = true> <Delay = 1.23> <CoreInst = "RAM">   --->   Core 82 'RAM' <Latency = 1> <II = 1> <Delay = 1.23> <Storage> <Opcode : 'load' 'store'> <Ports = 2> <Width = 64> <Depth = 301> <RAM>
ST_200 : Operation 412 [1/1] (1.23ns)   --->   "%store_ln61 = store i64 0, i64 101" [Coefficients.cpp:61]   --->   Operation 412 'store' 'store_ln61' <Predicate = true> <Delay = 1.23> <CoreInst = "RAM">   --->   Core 82 'RAM' <Latency = 1> <II = 1> <Delay = 1.23> <Storage> <Opcode : 'load' 'store'> <Ports = 2> <Width = 64> <Depth = 301> <RAM>

State 201 <SV = 51> <Delay = 1.23>
ST_201 : Operation 413 [1/1] (1.23ns)   --->   "%store_ln61 = store i64 0, i64 102" [Coefficients.cpp:61]   --->   Operation 413 'store' 'store_ln61' <Predicate = true> <Delay = 1.23> <CoreInst = "RAM">   --->   Core 82 'RAM' <Latency = 1> <II = 1> <Delay = 1.23> <Storage> <Opcode : 'load' 'store'> <Ports = 2> <Width = 64> <Depth = 301> <RAM>
ST_201 : Operation 414 [1/1] (1.23ns)   --->   "%store_ln61 = store i64 0, i64 103" [Coefficients.cpp:61]   --->   Operation 414 'store' 'store_ln61' <Predicate = true> <Delay = 1.23> <CoreInst = "RAM">   --->   Core 82 'RAM' <Latency = 1> <II = 1> <Delay = 1.23> <Storage> <Opcode : 'load' 'store'> <Ports = 2> <Width = 64> <Depth = 301> <RAM>

State 202 <SV = 52> <Delay = 1.23>
ST_202 : Operation 415 [1/1] (1.23ns)   --->   "%store_ln61 = store i64 0, i64 104" [Coefficients.cpp:61]   --->   Operation 415 'store' 'store_ln61' <Predicate = true> <Delay = 1.23> <CoreInst = "RAM">   --->   Core 82 'RAM' <Latency = 1> <II = 1> <Delay = 1.23> <Storage> <Opcode : 'load' 'store'> <Ports = 2> <Width = 64> <Depth = 301> <RAM>
ST_202 : Operation 416 [1/1] (1.23ns)   --->   "%store_ln61 = store i64 0, i64 105" [Coefficients.cpp:61]   --->   Operation 416 'store' 'store_ln61' <Predicate = true> <Delay = 1.23> <CoreInst = "RAM">   --->   Core 82 'RAM' <Latency = 1> <II = 1> <Delay = 1.23> <Storage> <Opcode : 'load' 'store'> <Ports = 2> <Width = 64> <Depth = 301> <RAM>

State 203 <SV = 53> <Delay = 1.23>
ST_203 : Operation 417 [1/1] (1.23ns)   --->   "%store_ln61 = store i64 0, i64 106" [Coefficients.cpp:61]   --->   Operation 417 'store' 'store_ln61' <Predicate = true> <Delay = 1.23> <CoreInst = "RAM">   --->   Core 82 'RAM' <Latency = 1> <II = 1> <Delay = 1.23> <Storage> <Opcode : 'load' 'store'> <Ports = 2> <Width = 64> <Depth = 301> <RAM>
ST_203 : Operation 418 [1/1] (1.23ns)   --->   "%store_ln61 = store i64 0, i64 107" [Coefficients.cpp:61]   --->   Operation 418 'store' 'store_ln61' <Predicate = true> <Delay = 1.23> <CoreInst = "RAM">   --->   Core 82 'RAM' <Latency = 1> <II = 1> <Delay = 1.23> <Storage> <Opcode : 'load' 'store'> <Ports = 2> <Width = 64> <Depth = 301> <RAM>

State 204 <SV = 54> <Delay = 1.23>
ST_204 : Operation 419 [1/1] (1.23ns)   --->   "%store_ln61 = store i64 0, i64 108" [Coefficients.cpp:61]   --->   Operation 419 'store' 'store_ln61' <Predicate = true> <Delay = 1.23> <CoreInst = "RAM">   --->   Core 82 'RAM' <Latency = 1> <II = 1> <Delay = 1.23> <Storage> <Opcode : 'load' 'store'> <Ports = 2> <Width = 64> <Depth = 301> <RAM>
ST_204 : Operation 420 [1/1] (1.23ns)   --->   "%store_ln61 = store i64 0, i64 109" [Coefficients.cpp:61]   --->   Operation 420 'store' 'store_ln61' <Predicate = true> <Delay = 1.23> <CoreInst = "RAM">   --->   Core 82 'RAM' <Latency = 1> <II = 1> <Delay = 1.23> <Storage> <Opcode : 'load' 'store'> <Ports = 2> <Width = 64> <Depth = 301> <RAM>

State 205 <SV = 55> <Delay = 1.23>
ST_205 : Operation 421 [1/1] (1.23ns)   --->   "%store_ln61 = store i64 0, i64 110" [Coefficients.cpp:61]   --->   Operation 421 'store' 'store_ln61' <Predicate = true> <Delay = 1.23> <CoreInst = "RAM">   --->   Core 82 'RAM' <Latency = 1> <II = 1> <Delay = 1.23> <Storage> <Opcode : 'load' 'store'> <Ports = 2> <Width = 64> <Depth = 301> <RAM>
ST_205 : Operation 422 [1/1] (1.23ns)   --->   "%store_ln61 = store i64 0, i64 111" [Coefficients.cpp:61]   --->   Operation 422 'store' 'store_ln61' <Predicate = true> <Delay = 1.23> <CoreInst = "RAM">   --->   Core 82 'RAM' <Latency = 1> <II = 1> <Delay = 1.23> <Storage> <Opcode : 'load' 'store'> <Ports = 2> <Width = 64> <Depth = 301> <RAM>

State 206 <SV = 56> <Delay = 1.23>
ST_206 : Operation 423 [1/1] (1.23ns)   --->   "%store_ln61 = store i64 0, i64 112" [Coefficients.cpp:61]   --->   Operation 423 'store' 'store_ln61' <Predicate = true> <Delay = 1.23> <CoreInst = "RAM">   --->   Core 82 'RAM' <Latency = 1> <II = 1> <Delay = 1.23> <Storage> <Opcode : 'load' 'store'> <Ports = 2> <Width = 64> <Depth = 301> <RAM>
ST_206 : Operation 424 [1/1] (1.23ns)   --->   "%store_ln61 = store i64 0, i64 113" [Coefficients.cpp:61]   --->   Operation 424 'store' 'store_ln61' <Predicate = true> <Delay = 1.23> <CoreInst = "RAM">   --->   Core 82 'RAM' <Latency = 1> <II = 1> <Delay = 1.23> <Storage> <Opcode : 'load' 'store'> <Ports = 2> <Width = 64> <Depth = 301> <RAM>

State 207 <SV = 57> <Delay = 1.23>
ST_207 : Operation 425 [1/1] (1.23ns)   --->   "%store_ln61 = store i64 0, i64 114" [Coefficients.cpp:61]   --->   Operation 425 'store' 'store_ln61' <Predicate = true> <Delay = 1.23> <CoreInst = "RAM">   --->   Core 82 'RAM' <Latency = 1> <II = 1> <Delay = 1.23> <Storage> <Opcode : 'load' 'store'> <Ports = 2> <Width = 64> <Depth = 301> <RAM>
ST_207 : Operation 426 [1/1] (1.23ns)   --->   "%store_ln61 = store i64 0, i64 115" [Coefficients.cpp:61]   --->   Operation 426 'store' 'store_ln61' <Predicate = true> <Delay = 1.23> <CoreInst = "RAM">   --->   Core 82 'RAM' <Latency = 1> <II = 1> <Delay = 1.23> <Storage> <Opcode : 'load' 'store'> <Ports = 2> <Width = 64> <Depth = 301> <RAM>

State 208 <SV = 58> <Delay = 1.23>
ST_208 : Operation 427 [1/1] (1.23ns)   --->   "%store_ln61 = store i64 0, i64 116" [Coefficients.cpp:61]   --->   Operation 427 'store' 'store_ln61' <Predicate = true> <Delay = 1.23> <CoreInst = "RAM">   --->   Core 82 'RAM' <Latency = 1> <II = 1> <Delay = 1.23> <Storage> <Opcode : 'load' 'store'> <Ports = 2> <Width = 64> <Depth = 301> <RAM>
ST_208 : Operation 428 [1/1] (1.23ns)   --->   "%store_ln61 = store i64 0, i64 117" [Coefficients.cpp:61]   --->   Operation 428 'store' 'store_ln61' <Predicate = true> <Delay = 1.23> <CoreInst = "RAM">   --->   Core 82 'RAM' <Latency = 1> <II = 1> <Delay = 1.23> <Storage> <Opcode : 'load' 'store'> <Ports = 2> <Width = 64> <Depth = 301> <RAM>

State 209 <SV = 59> <Delay = 1.23>
ST_209 : Operation 429 [1/1] (1.23ns)   --->   "%store_ln61 = store i64 0, i64 118" [Coefficients.cpp:61]   --->   Operation 429 'store' 'store_ln61' <Predicate = true> <Delay = 1.23> <CoreInst = "RAM">   --->   Core 82 'RAM' <Latency = 1> <II = 1> <Delay = 1.23> <Storage> <Opcode : 'load' 'store'> <Ports = 2> <Width = 64> <Depth = 301> <RAM>
ST_209 : Operation 430 [1/1] (1.23ns)   --->   "%store_ln61 = store i64 0, i64 119" [Coefficients.cpp:61]   --->   Operation 430 'store' 'store_ln61' <Predicate = true> <Delay = 1.23> <CoreInst = "RAM">   --->   Core 82 'RAM' <Latency = 1> <II = 1> <Delay = 1.23> <Storage> <Opcode : 'load' 'store'> <Ports = 2> <Width = 64> <Depth = 301> <RAM>

State 210 <SV = 60> <Delay = 1.23>
ST_210 : Operation 431 [1/1] (1.23ns)   --->   "%store_ln61 = store i64 0, i64 120" [Coefficients.cpp:61]   --->   Operation 431 'store' 'store_ln61' <Predicate = true> <Delay = 1.23> <CoreInst = "RAM">   --->   Core 82 'RAM' <Latency = 1> <II = 1> <Delay = 1.23> <Storage> <Opcode : 'load' 'store'> <Ports = 2> <Width = 64> <Depth = 301> <RAM>
ST_210 : Operation 432 [1/1] (1.23ns)   --->   "%store_ln61 = store i64 0, i64 121" [Coefficients.cpp:61]   --->   Operation 432 'store' 'store_ln61' <Predicate = true> <Delay = 1.23> <CoreInst = "RAM">   --->   Core 82 'RAM' <Latency = 1> <II = 1> <Delay = 1.23> <Storage> <Opcode : 'load' 'store'> <Ports = 2> <Width = 64> <Depth = 301> <RAM>

State 211 <SV = 61> <Delay = 1.23>
ST_211 : Operation 433 [1/1] (1.23ns)   --->   "%store_ln61 = store i64 0, i64 122" [Coefficients.cpp:61]   --->   Operation 433 'store' 'store_ln61' <Predicate = true> <Delay = 1.23> <CoreInst = "RAM">   --->   Core 82 'RAM' <Latency = 1> <II = 1> <Delay = 1.23> <Storage> <Opcode : 'load' 'store'> <Ports = 2> <Width = 64> <Depth = 301> <RAM>
ST_211 : Operation 434 [1/1] (1.23ns)   --->   "%store_ln61 = store i64 0, i64 123" [Coefficients.cpp:61]   --->   Operation 434 'store' 'store_ln61' <Predicate = true> <Delay = 1.23> <CoreInst = "RAM">   --->   Core 82 'RAM' <Latency = 1> <II = 1> <Delay = 1.23> <Storage> <Opcode : 'load' 'store'> <Ports = 2> <Width = 64> <Depth = 301> <RAM>

State 212 <SV = 62> <Delay = 1.23>
ST_212 : Operation 435 [1/1] (1.23ns)   --->   "%store_ln61 = store i64 0, i64 124" [Coefficients.cpp:61]   --->   Operation 435 'store' 'store_ln61' <Predicate = true> <Delay = 1.23> <CoreInst = "RAM">   --->   Core 82 'RAM' <Latency = 1> <II = 1> <Delay = 1.23> <Storage> <Opcode : 'load' 'store'> <Ports = 2> <Width = 64> <Depth = 301> <RAM>
ST_212 : Operation 436 [1/1] (1.23ns)   --->   "%store_ln61 = store i64 0, i64 125" [Coefficients.cpp:61]   --->   Operation 436 'store' 'store_ln61' <Predicate = true> <Delay = 1.23> <CoreInst = "RAM">   --->   Core 82 'RAM' <Latency = 1> <II = 1> <Delay = 1.23> <Storage> <Opcode : 'load' 'store'> <Ports = 2> <Width = 64> <Depth = 301> <RAM>

State 213 <SV = 63> <Delay = 1.23>
ST_213 : Operation 437 [1/1] (1.23ns)   --->   "%store_ln61 = store i64 0, i64 126" [Coefficients.cpp:61]   --->   Operation 437 'store' 'store_ln61' <Predicate = true> <Delay = 1.23> <CoreInst = "RAM">   --->   Core 82 'RAM' <Latency = 1> <II = 1> <Delay = 1.23> <Storage> <Opcode : 'load' 'store'> <Ports = 2> <Width = 64> <Depth = 301> <RAM>
ST_213 : Operation 438 [1/1] (1.23ns)   --->   "%store_ln61 = store i64 0, i64 127" [Coefficients.cpp:61]   --->   Operation 438 'store' 'store_ln61' <Predicate = true> <Delay = 1.23> <CoreInst = "RAM">   --->   Core 82 'RAM' <Latency = 1> <II = 1> <Delay = 1.23> <Storage> <Opcode : 'load' 'store'> <Ports = 2> <Width = 64> <Depth = 301> <RAM>

State 214 <SV = 64> <Delay = 1.23>
ST_214 : Operation 439 [1/1] (1.23ns)   --->   "%store_ln61 = store i64 0, i64 128" [Coefficients.cpp:61]   --->   Operation 439 'store' 'store_ln61' <Predicate = true> <Delay = 1.23> <CoreInst = "RAM">   --->   Core 82 'RAM' <Latency = 1> <II = 1> <Delay = 1.23> <Storage> <Opcode : 'load' 'store'> <Ports = 2> <Width = 64> <Depth = 301> <RAM>
ST_214 : Operation 440 [1/1] (1.23ns)   --->   "%store_ln61 = store i64 0, i64 129" [Coefficients.cpp:61]   --->   Operation 440 'store' 'store_ln61' <Predicate = true> <Delay = 1.23> <CoreInst = "RAM">   --->   Core 82 'RAM' <Latency = 1> <II = 1> <Delay = 1.23> <Storage> <Opcode : 'load' 'store'> <Ports = 2> <Width = 64> <Depth = 301> <RAM>

State 215 <SV = 65> <Delay = 1.23>
ST_215 : Operation 441 [1/1] (1.23ns)   --->   "%store_ln61 = store i64 0, i64 130" [Coefficients.cpp:61]   --->   Operation 441 'store' 'store_ln61' <Predicate = true> <Delay = 1.23> <CoreInst = "RAM">   --->   Core 82 'RAM' <Latency = 1> <II = 1> <Delay = 1.23> <Storage> <Opcode : 'load' 'store'> <Ports = 2> <Width = 64> <Depth = 301> <RAM>
ST_215 : Operation 442 [1/1] (1.23ns)   --->   "%store_ln61 = store i64 0, i64 131" [Coefficients.cpp:61]   --->   Operation 442 'store' 'store_ln61' <Predicate = true> <Delay = 1.23> <CoreInst = "RAM">   --->   Core 82 'RAM' <Latency = 1> <II = 1> <Delay = 1.23> <Storage> <Opcode : 'load' 'store'> <Ports = 2> <Width = 64> <Depth = 301> <RAM>

State 216 <SV = 66> <Delay = 1.23>
ST_216 : Operation 443 [1/1] (1.23ns)   --->   "%store_ln61 = store i64 0, i64 132" [Coefficients.cpp:61]   --->   Operation 443 'store' 'store_ln61' <Predicate = true> <Delay = 1.23> <CoreInst = "RAM">   --->   Core 82 'RAM' <Latency = 1> <II = 1> <Delay = 1.23> <Storage> <Opcode : 'load' 'store'> <Ports = 2> <Width = 64> <Depth = 301> <RAM>
ST_216 : Operation 444 [1/1] (1.23ns)   --->   "%store_ln61 = store i64 0, i64 133" [Coefficients.cpp:61]   --->   Operation 444 'store' 'store_ln61' <Predicate = true> <Delay = 1.23> <CoreInst = "RAM">   --->   Core 82 'RAM' <Latency = 1> <II = 1> <Delay = 1.23> <Storage> <Opcode : 'load' 'store'> <Ports = 2> <Width = 64> <Depth = 301> <RAM>

State 217 <SV = 67> <Delay = 1.23>
ST_217 : Operation 445 [1/1] (1.23ns)   --->   "%store_ln61 = store i64 0, i64 134" [Coefficients.cpp:61]   --->   Operation 445 'store' 'store_ln61' <Predicate = true> <Delay = 1.23> <CoreInst = "RAM">   --->   Core 82 'RAM' <Latency = 1> <II = 1> <Delay = 1.23> <Storage> <Opcode : 'load' 'store'> <Ports = 2> <Width = 64> <Depth = 301> <RAM>
ST_217 : Operation 446 [1/1] (1.23ns)   --->   "%store_ln61 = store i64 0, i64 135" [Coefficients.cpp:61]   --->   Operation 446 'store' 'store_ln61' <Predicate = true> <Delay = 1.23> <CoreInst = "RAM">   --->   Core 82 'RAM' <Latency = 1> <II = 1> <Delay = 1.23> <Storage> <Opcode : 'load' 'store'> <Ports = 2> <Width = 64> <Depth = 301> <RAM>

State 218 <SV = 68> <Delay = 1.23>
ST_218 : Operation 447 [1/1] (1.23ns)   --->   "%store_ln61 = store i64 0, i64 136" [Coefficients.cpp:61]   --->   Operation 447 'store' 'store_ln61' <Predicate = true> <Delay = 1.23> <CoreInst = "RAM">   --->   Core 82 'RAM' <Latency = 1> <II = 1> <Delay = 1.23> <Storage> <Opcode : 'load' 'store'> <Ports = 2> <Width = 64> <Depth = 301> <RAM>
ST_218 : Operation 448 [1/1] (1.23ns)   --->   "%store_ln61 = store i64 0, i64 137" [Coefficients.cpp:61]   --->   Operation 448 'store' 'store_ln61' <Predicate = true> <Delay = 1.23> <CoreInst = "RAM">   --->   Core 82 'RAM' <Latency = 1> <II = 1> <Delay = 1.23> <Storage> <Opcode : 'load' 'store'> <Ports = 2> <Width = 64> <Depth = 301> <RAM>

State 219 <SV = 69> <Delay = 1.23>
ST_219 : Operation 449 [1/1] (1.23ns)   --->   "%store_ln61 = store i64 0, i64 138" [Coefficients.cpp:61]   --->   Operation 449 'store' 'store_ln61' <Predicate = true> <Delay = 1.23> <CoreInst = "RAM">   --->   Core 82 'RAM' <Latency = 1> <II = 1> <Delay = 1.23> <Storage> <Opcode : 'load' 'store'> <Ports = 2> <Width = 64> <Depth = 301> <RAM>
ST_219 : Operation 450 [1/1] (1.23ns)   --->   "%store_ln61 = store i64 0, i64 139" [Coefficients.cpp:61]   --->   Operation 450 'store' 'store_ln61' <Predicate = true> <Delay = 1.23> <CoreInst = "RAM">   --->   Core 82 'RAM' <Latency = 1> <II = 1> <Delay = 1.23> <Storage> <Opcode : 'load' 'store'> <Ports = 2> <Width = 64> <Depth = 301> <RAM>

State 220 <SV = 70> <Delay = 1.23>
ST_220 : Operation 451 [1/1] (1.23ns)   --->   "%store_ln61 = store i64 0, i64 140" [Coefficients.cpp:61]   --->   Operation 451 'store' 'store_ln61' <Predicate = true> <Delay = 1.23> <CoreInst = "RAM">   --->   Core 82 'RAM' <Latency = 1> <II = 1> <Delay = 1.23> <Storage> <Opcode : 'load' 'store'> <Ports = 2> <Width = 64> <Depth = 301> <RAM>
ST_220 : Operation 452 [1/1] (1.23ns)   --->   "%store_ln61 = store i64 0, i64 141" [Coefficients.cpp:61]   --->   Operation 452 'store' 'store_ln61' <Predicate = true> <Delay = 1.23> <CoreInst = "RAM">   --->   Core 82 'RAM' <Latency = 1> <II = 1> <Delay = 1.23> <Storage> <Opcode : 'load' 'store'> <Ports = 2> <Width = 64> <Depth = 301> <RAM>

State 221 <SV = 71> <Delay = 1.23>
ST_221 : Operation 453 [1/1] (1.23ns)   --->   "%store_ln61 = store i64 0, i64 142" [Coefficients.cpp:61]   --->   Operation 453 'store' 'store_ln61' <Predicate = true> <Delay = 1.23> <CoreInst = "RAM">   --->   Core 82 'RAM' <Latency = 1> <II = 1> <Delay = 1.23> <Storage> <Opcode : 'load' 'store'> <Ports = 2> <Width = 64> <Depth = 301> <RAM>
ST_221 : Operation 454 [1/1] (1.23ns)   --->   "%store_ln61 = store i64 0, i64 143" [Coefficients.cpp:61]   --->   Operation 454 'store' 'store_ln61' <Predicate = true> <Delay = 1.23> <CoreInst = "RAM">   --->   Core 82 'RAM' <Latency = 1> <II = 1> <Delay = 1.23> <Storage> <Opcode : 'load' 'store'> <Ports = 2> <Width = 64> <Depth = 301> <RAM>

State 222 <SV = 72> <Delay = 1.23>
ST_222 : Operation 455 [1/1] (1.23ns)   --->   "%store_ln61 = store i64 0, i64 144" [Coefficients.cpp:61]   --->   Operation 455 'store' 'store_ln61' <Predicate = true> <Delay = 1.23> <CoreInst = "RAM">   --->   Core 82 'RAM' <Latency = 1> <II = 1> <Delay = 1.23> <Storage> <Opcode : 'load' 'store'> <Ports = 2> <Width = 64> <Depth = 301> <RAM>
ST_222 : Operation 456 [1/1] (1.23ns)   --->   "%store_ln61 = store i64 0, i64 145" [Coefficients.cpp:61]   --->   Operation 456 'store' 'store_ln61' <Predicate = true> <Delay = 1.23> <CoreInst = "RAM">   --->   Core 82 'RAM' <Latency = 1> <II = 1> <Delay = 1.23> <Storage> <Opcode : 'load' 'store'> <Ports = 2> <Width = 64> <Depth = 301> <RAM>

State 223 <SV = 73> <Delay = 1.23>
ST_223 : Operation 457 [1/1] (1.23ns)   --->   "%store_ln61 = store i64 0, i64 146" [Coefficients.cpp:61]   --->   Operation 457 'store' 'store_ln61' <Predicate = true> <Delay = 1.23> <CoreInst = "RAM">   --->   Core 82 'RAM' <Latency = 1> <II = 1> <Delay = 1.23> <Storage> <Opcode : 'load' 'store'> <Ports = 2> <Width = 64> <Depth = 301> <RAM>
ST_223 : Operation 458 [1/1] (1.23ns)   --->   "%store_ln61 = store i64 0, i64 147" [Coefficients.cpp:61]   --->   Operation 458 'store' 'store_ln61' <Predicate = true> <Delay = 1.23> <CoreInst = "RAM">   --->   Core 82 'RAM' <Latency = 1> <II = 1> <Delay = 1.23> <Storage> <Opcode : 'load' 'store'> <Ports = 2> <Width = 64> <Depth = 301> <RAM>

State 224 <SV = 74> <Delay = 1.23>
ST_224 : Operation 459 [1/1] (1.23ns)   --->   "%store_ln61 = store i64 0, i64 148" [Coefficients.cpp:61]   --->   Operation 459 'store' 'store_ln61' <Predicate = true> <Delay = 1.23> <CoreInst = "RAM">   --->   Core 82 'RAM' <Latency = 1> <II = 1> <Delay = 1.23> <Storage> <Opcode : 'load' 'store'> <Ports = 2> <Width = 64> <Depth = 301> <RAM>
ST_224 : Operation 460 [1/1] (1.23ns)   --->   "%store_ln61 = store i64 0, i64 149" [Coefficients.cpp:61]   --->   Operation 460 'store' 'store_ln61' <Predicate = true> <Delay = 1.23> <CoreInst = "RAM">   --->   Core 82 'RAM' <Latency = 1> <II = 1> <Delay = 1.23> <Storage> <Opcode : 'load' 'store'> <Ports = 2> <Width = 64> <Depth = 301> <RAM>

State 225 <SV = 75> <Delay = 1.23>
ST_225 : Operation 461 [1/1] (1.23ns)   --->   "%store_ln61 = store i64 0, i64 150" [Coefficients.cpp:61]   --->   Operation 461 'store' 'store_ln61' <Predicate = true> <Delay = 1.23> <CoreInst = "RAM">   --->   Core 82 'RAM' <Latency = 1> <II = 1> <Delay = 1.23> <Storage> <Opcode : 'load' 'store'> <Ports = 2> <Width = 64> <Depth = 301> <RAM>
ST_225 : Operation 462 [1/1] (1.23ns)   --->   "%store_ln61 = store i64 0, i64 151" [Coefficients.cpp:61]   --->   Operation 462 'store' 'store_ln61' <Predicate = true> <Delay = 1.23> <CoreInst = "RAM">   --->   Core 82 'RAM' <Latency = 1> <II = 1> <Delay = 1.23> <Storage> <Opcode : 'load' 'store'> <Ports = 2> <Width = 64> <Depth = 301> <RAM>

State 226 <SV = 76> <Delay = 1.23>
ST_226 : Operation 463 [1/1] (1.23ns)   --->   "%store_ln61 = store i64 0, i64 152" [Coefficients.cpp:61]   --->   Operation 463 'store' 'store_ln61' <Predicate = true> <Delay = 1.23> <CoreInst = "RAM">   --->   Core 82 'RAM' <Latency = 1> <II = 1> <Delay = 1.23> <Storage> <Opcode : 'load' 'store'> <Ports = 2> <Width = 64> <Depth = 301> <RAM>
ST_226 : Operation 464 [1/1] (1.23ns)   --->   "%store_ln61 = store i64 0, i64 153" [Coefficients.cpp:61]   --->   Operation 464 'store' 'store_ln61' <Predicate = true> <Delay = 1.23> <CoreInst = "RAM">   --->   Core 82 'RAM' <Latency = 1> <II = 1> <Delay = 1.23> <Storage> <Opcode : 'load' 'store'> <Ports = 2> <Width = 64> <Depth = 301> <RAM>

State 227 <SV = 77> <Delay = 1.23>
ST_227 : Operation 465 [1/1] (1.23ns)   --->   "%store_ln61 = store i64 0, i64 154" [Coefficients.cpp:61]   --->   Operation 465 'store' 'store_ln61' <Predicate = true> <Delay = 1.23> <CoreInst = "RAM">   --->   Core 82 'RAM' <Latency = 1> <II = 1> <Delay = 1.23> <Storage> <Opcode : 'load' 'store'> <Ports = 2> <Width = 64> <Depth = 301> <RAM>
ST_227 : Operation 466 [1/1] (1.23ns)   --->   "%store_ln61 = store i64 0, i64 155" [Coefficients.cpp:61]   --->   Operation 466 'store' 'store_ln61' <Predicate = true> <Delay = 1.23> <CoreInst = "RAM">   --->   Core 82 'RAM' <Latency = 1> <II = 1> <Delay = 1.23> <Storage> <Opcode : 'load' 'store'> <Ports = 2> <Width = 64> <Depth = 301> <RAM>

State 228 <SV = 78> <Delay = 1.23>
ST_228 : Operation 467 [1/1] (1.23ns)   --->   "%store_ln61 = store i64 0, i64 156" [Coefficients.cpp:61]   --->   Operation 467 'store' 'store_ln61' <Predicate = true> <Delay = 1.23> <CoreInst = "RAM">   --->   Core 82 'RAM' <Latency = 1> <II = 1> <Delay = 1.23> <Storage> <Opcode : 'load' 'store'> <Ports = 2> <Width = 64> <Depth = 301> <RAM>
ST_228 : Operation 468 [1/1] (1.23ns)   --->   "%store_ln61 = store i64 0, i64 157" [Coefficients.cpp:61]   --->   Operation 468 'store' 'store_ln61' <Predicate = true> <Delay = 1.23> <CoreInst = "RAM">   --->   Core 82 'RAM' <Latency = 1> <II = 1> <Delay = 1.23> <Storage> <Opcode : 'load' 'store'> <Ports = 2> <Width = 64> <Depth = 301> <RAM>

State 229 <SV = 79> <Delay = 1.23>
ST_229 : Operation 469 [1/1] (1.23ns)   --->   "%store_ln61 = store i64 0, i64 158" [Coefficients.cpp:61]   --->   Operation 469 'store' 'store_ln61' <Predicate = true> <Delay = 1.23> <CoreInst = "RAM">   --->   Core 82 'RAM' <Latency = 1> <II = 1> <Delay = 1.23> <Storage> <Opcode : 'load' 'store'> <Ports = 2> <Width = 64> <Depth = 301> <RAM>
ST_229 : Operation 470 [1/1] (1.23ns)   --->   "%store_ln61 = store i64 0, i64 159" [Coefficients.cpp:61]   --->   Operation 470 'store' 'store_ln61' <Predicate = true> <Delay = 1.23> <CoreInst = "RAM">   --->   Core 82 'RAM' <Latency = 1> <II = 1> <Delay = 1.23> <Storage> <Opcode : 'load' 'store'> <Ports = 2> <Width = 64> <Depth = 301> <RAM>

State 230 <SV = 80> <Delay = 1.23>
ST_230 : Operation 471 [1/1] (1.23ns)   --->   "%store_ln61 = store i64 0, i64 160" [Coefficients.cpp:61]   --->   Operation 471 'store' 'store_ln61' <Predicate = true> <Delay = 1.23> <CoreInst = "RAM">   --->   Core 82 'RAM' <Latency = 1> <II = 1> <Delay = 1.23> <Storage> <Opcode : 'load' 'store'> <Ports = 2> <Width = 64> <Depth = 301> <RAM>
ST_230 : Operation 472 [1/1] (1.23ns)   --->   "%store_ln61 = store i64 0, i64 161" [Coefficients.cpp:61]   --->   Operation 472 'store' 'store_ln61' <Predicate = true> <Delay = 1.23> <CoreInst = "RAM">   --->   Core 82 'RAM' <Latency = 1> <II = 1> <Delay = 1.23> <Storage> <Opcode : 'load' 'store'> <Ports = 2> <Width = 64> <Depth = 301> <RAM>

State 231 <SV = 81> <Delay = 1.23>
ST_231 : Operation 473 [1/1] (1.23ns)   --->   "%store_ln61 = store i64 0, i64 162" [Coefficients.cpp:61]   --->   Operation 473 'store' 'store_ln61' <Predicate = true> <Delay = 1.23> <CoreInst = "RAM">   --->   Core 82 'RAM' <Latency = 1> <II = 1> <Delay = 1.23> <Storage> <Opcode : 'load' 'store'> <Ports = 2> <Width = 64> <Depth = 301> <RAM>
ST_231 : Operation 474 [1/1] (1.23ns)   --->   "%store_ln61 = store i64 0, i64 163" [Coefficients.cpp:61]   --->   Operation 474 'store' 'store_ln61' <Predicate = true> <Delay = 1.23> <CoreInst = "RAM">   --->   Core 82 'RAM' <Latency = 1> <II = 1> <Delay = 1.23> <Storage> <Opcode : 'load' 'store'> <Ports = 2> <Width = 64> <Depth = 301> <RAM>

State 232 <SV = 82> <Delay = 1.23>
ST_232 : Operation 475 [1/1] (1.23ns)   --->   "%store_ln61 = store i64 0, i64 164" [Coefficients.cpp:61]   --->   Operation 475 'store' 'store_ln61' <Predicate = true> <Delay = 1.23> <CoreInst = "RAM">   --->   Core 82 'RAM' <Latency = 1> <II = 1> <Delay = 1.23> <Storage> <Opcode : 'load' 'store'> <Ports = 2> <Width = 64> <Depth = 301> <RAM>
ST_232 : Operation 476 [1/1] (1.23ns)   --->   "%store_ln61 = store i64 0, i64 165" [Coefficients.cpp:61]   --->   Operation 476 'store' 'store_ln61' <Predicate = true> <Delay = 1.23> <CoreInst = "RAM">   --->   Core 82 'RAM' <Latency = 1> <II = 1> <Delay = 1.23> <Storage> <Opcode : 'load' 'store'> <Ports = 2> <Width = 64> <Depth = 301> <RAM>

State 233 <SV = 83> <Delay = 1.23>
ST_233 : Operation 477 [1/1] (1.23ns)   --->   "%store_ln61 = store i64 0, i64 166" [Coefficients.cpp:61]   --->   Operation 477 'store' 'store_ln61' <Predicate = true> <Delay = 1.23> <CoreInst = "RAM">   --->   Core 82 'RAM' <Latency = 1> <II = 1> <Delay = 1.23> <Storage> <Opcode : 'load' 'store'> <Ports = 2> <Width = 64> <Depth = 301> <RAM>
ST_233 : Operation 478 [1/1] (1.23ns)   --->   "%store_ln61 = store i64 0, i64 167" [Coefficients.cpp:61]   --->   Operation 478 'store' 'store_ln61' <Predicate = true> <Delay = 1.23> <CoreInst = "RAM">   --->   Core 82 'RAM' <Latency = 1> <II = 1> <Delay = 1.23> <Storage> <Opcode : 'load' 'store'> <Ports = 2> <Width = 64> <Depth = 301> <RAM>

State 234 <SV = 84> <Delay = 1.23>
ST_234 : Operation 479 [1/1] (1.23ns)   --->   "%store_ln61 = store i64 0, i64 168" [Coefficients.cpp:61]   --->   Operation 479 'store' 'store_ln61' <Predicate = true> <Delay = 1.23> <CoreInst = "RAM">   --->   Core 82 'RAM' <Latency = 1> <II = 1> <Delay = 1.23> <Storage> <Opcode : 'load' 'store'> <Ports = 2> <Width = 64> <Depth = 301> <RAM>
ST_234 : Operation 480 [1/1] (1.23ns)   --->   "%store_ln61 = store i64 0, i64 169" [Coefficients.cpp:61]   --->   Operation 480 'store' 'store_ln61' <Predicate = true> <Delay = 1.23> <CoreInst = "RAM">   --->   Core 82 'RAM' <Latency = 1> <II = 1> <Delay = 1.23> <Storage> <Opcode : 'load' 'store'> <Ports = 2> <Width = 64> <Depth = 301> <RAM>

State 235 <SV = 85> <Delay = 1.23>
ST_235 : Operation 481 [1/1] (1.23ns)   --->   "%store_ln61 = store i64 0, i64 170" [Coefficients.cpp:61]   --->   Operation 481 'store' 'store_ln61' <Predicate = true> <Delay = 1.23> <CoreInst = "RAM">   --->   Core 82 'RAM' <Latency = 1> <II = 1> <Delay = 1.23> <Storage> <Opcode : 'load' 'store'> <Ports = 2> <Width = 64> <Depth = 301> <RAM>
ST_235 : Operation 482 [1/1] (1.23ns)   --->   "%store_ln61 = store i64 0, i64 171" [Coefficients.cpp:61]   --->   Operation 482 'store' 'store_ln61' <Predicate = true> <Delay = 1.23> <CoreInst = "RAM">   --->   Core 82 'RAM' <Latency = 1> <II = 1> <Delay = 1.23> <Storage> <Opcode : 'load' 'store'> <Ports = 2> <Width = 64> <Depth = 301> <RAM>

State 236 <SV = 86> <Delay = 1.23>
ST_236 : Operation 483 [1/1] (1.23ns)   --->   "%store_ln61 = store i64 0, i64 172" [Coefficients.cpp:61]   --->   Operation 483 'store' 'store_ln61' <Predicate = true> <Delay = 1.23> <CoreInst = "RAM">   --->   Core 82 'RAM' <Latency = 1> <II = 1> <Delay = 1.23> <Storage> <Opcode : 'load' 'store'> <Ports = 2> <Width = 64> <Depth = 301> <RAM>
ST_236 : Operation 484 [1/1] (1.23ns)   --->   "%store_ln61 = store i64 0, i64 173" [Coefficients.cpp:61]   --->   Operation 484 'store' 'store_ln61' <Predicate = true> <Delay = 1.23> <CoreInst = "RAM">   --->   Core 82 'RAM' <Latency = 1> <II = 1> <Delay = 1.23> <Storage> <Opcode : 'load' 'store'> <Ports = 2> <Width = 64> <Depth = 301> <RAM>

State 237 <SV = 87> <Delay = 1.23>
ST_237 : Operation 485 [1/1] (1.23ns)   --->   "%store_ln61 = store i64 0, i64 174" [Coefficients.cpp:61]   --->   Operation 485 'store' 'store_ln61' <Predicate = true> <Delay = 1.23> <CoreInst = "RAM">   --->   Core 82 'RAM' <Latency = 1> <II = 1> <Delay = 1.23> <Storage> <Opcode : 'load' 'store'> <Ports = 2> <Width = 64> <Depth = 301> <RAM>
ST_237 : Operation 486 [1/1] (1.23ns)   --->   "%store_ln61 = store i64 0, i64 175" [Coefficients.cpp:61]   --->   Operation 486 'store' 'store_ln61' <Predicate = true> <Delay = 1.23> <CoreInst = "RAM">   --->   Core 82 'RAM' <Latency = 1> <II = 1> <Delay = 1.23> <Storage> <Opcode : 'load' 'store'> <Ports = 2> <Width = 64> <Depth = 301> <RAM>

State 238 <SV = 88> <Delay = 1.23>
ST_238 : Operation 487 [1/1] (1.23ns)   --->   "%store_ln61 = store i64 0, i64 176" [Coefficients.cpp:61]   --->   Operation 487 'store' 'store_ln61' <Predicate = true> <Delay = 1.23> <CoreInst = "RAM">   --->   Core 82 'RAM' <Latency = 1> <II = 1> <Delay = 1.23> <Storage> <Opcode : 'load' 'store'> <Ports = 2> <Width = 64> <Depth = 301> <RAM>
ST_238 : Operation 488 [1/1] (1.23ns)   --->   "%store_ln61 = store i64 0, i64 177" [Coefficients.cpp:61]   --->   Operation 488 'store' 'store_ln61' <Predicate = true> <Delay = 1.23> <CoreInst = "RAM">   --->   Core 82 'RAM' <Latency = 1> <II = 1> <Delay = 1.23> <Storage> <Opcode : 'load' 'store'> <Ports = 2> <Width = 64> <Depth = 301> <RAM>

State 239 <SV = 89> <Delay = 1.23>
ST_239 : Operation 489 [1/1] (1.23ns)   --->   "%store_ln61 = store i64 0, i64 178" [Coefficients.cpp:61]   --->   Operation 489 'store' 'store_ln61' <Predicate = true> <Delay = 1.23> <CoreInst = "RAM">   --->   Core 82 'RAM' <Latency = 1> <II = 1> <Delay = 1.23> <Storage> <Opcode : 'load' 'store'> <Ports = 2> <Width = 64> <Depth = 301> <RAM>
ST_239 : Operation 490 [1/1] (1.23ns)   --->   "%store_ln61 = store i64 0, i64 179" [Coefficients.cpp:61]   --->   Operation 490 'store' 'store_ln61' <Predicate = true> <Delay = 1.23> <CoreInst = "RAM">   --->   Core 82 'RAM' <Latency = 1> <II = 1> <Delay = 1.23> <Storage> <Opcode : 'load' 'store'> <Ports = 2> <Width = 64> <Depth = 301> <RAM>

State 240 <SV = 90> <Delay = 1.23>
ST_240 : Operation 491 [1/1] (1.23ns)   --->   "%store_ln61 = store i64 0, i64 180" [Coefficients.cpp:61]   --->   Operation 491 'store' 'store_ln61' <Predicate = true> <Delay = 1.23> <CoreInst = "RAM">   --->   Core 82 'RAM' <Latency = 1> <II = 1> <Delay = 1.23> <Storage> <Opcode : 'load' 'store'> <Ports = 2> <Width = 64> <Depth = 301> <RAM>
ST_240 : Operation 492 [1/1] (1.23ns)   --->   "%store_ln61 = store i64 0, i64 181" [Coefficients.cpp:61]   --->   Operation 492 'store' 'store_ln61' <Predicate = true> <Delay = 1.23> <CoreInst = "RAM">   --->   Core 82 'RAM' <Latency = 1> <II = 1> <Delay = 1.23> <Storage> <Opcode : 'load' 'store'> <Ports = 2> <Width = 64> <Depth = 301> <RAM>

State 241 <SV = 91> <Delay = 1.23>
ST_241 : Operation 493 [1/1] (1.23ns)   --->   "%store_ln61 = store i64 0, i64 182" [Coefficients.cpp:61]   --->   Operation 493 'store' 'store_ln61' <Predicate = true> <Delay = 1.23> <CoreInst = "RAM">   --->   Core 82 'RAM' <Latency = 1> <II = 1> <Delay = 1.23> <Storage> <Opcode : 'load' 'store'> <Ports = 2> <Width = 64> <Depth = 301> <RAM>
ST_241 : Operation 494 [1/1] (1.23ns)   --->   "%store_ln61 = store i64 0, i64 183" [Coefficients.cpp:61]   --->   Operation 494 'store' 'store_ln61' <Predicate = true> <Delay = 1.23> <CoreInst = "RAM">   --->   Core 82 'RAM' <Latency = 1> <II = 1> <Delay = 1.23> <Storage> <Opcode : 'load' 'store'> <Ports = 2> <Width = 64> <Depth = 301> <RAM>

State 242 <SV = 92> <Delay = 1.23>
ST_242 : Operation 495 [1/1] (1.23ns)   --->   "%store_ln61 = store i64 0, i64 184" [Coefficients.cpp:61]   --->   Operation 495 'store' 'store_ln61' <Predicate = true> <Delay = 1.23> <CoreInst = "RAM">   --->   Core 82 'RAM' <Latency = 1> <II = 1> <Delay = 1.23> <Storage> <Opcode : 'load' 'store'> <Ports = 2> <Width = 64> <Depth = 301> <RAM>
ST_242 : Operation 496 [1/1] (1.23ns)   --->   "%store_ln61 = store i64 0, i64 185" [Coefficients.cpp:61]   --->   Operation 496 'store' 'store_ln61' <Predicate = true> <Delay = 1.23> <CoreInst = "RAM">   --->   Core 82 'RAM' <Latency = 1> <II = 1> <Delay = 1.23> <Storage> <Opcode : 'load' 'store'> <Ports = 2> <Width = 64> <Depth = 301> <RAM>

State 243 <SV = 93> <Delay = 1.23>
ST_243 : Operation 497 [1/1] (1.23ns)   --->   "%store_ln61 = store i64 0, i64 186" [Coefficients.cpp:61]   --->   Operation 497 'store' 'store_ln61' <Predicate = true> <Delay = 1.23> <CoreInst = "RAM">   --->   Core 82 'RAM' <Latency = 1> <II = 1> <Delay = 1.23> <Storage> <Opcode : 'load' 'store'> <Ports = 2> <Width = 64> <Depth = 301> <RAM>
ST_243 : Operation 498 [1/1] (1.23ns)   --->   "%store_ln61 = store i64 0, i64 187" [Coefficients.cpp:61]   --->   Operation 498 'store' 'store_ln61' <Predicate = true> <Delay = 1.23> <CoreInst = "RAM">   --->   Core 82 'RAM' <Latency = 1> <II = 1> <Delay = 1.23> <Storage> <Opcode : 'load' 'store'> <Ports = 2> <Width = 64> <Depth = 301> <RAM>

State 244 <SV = 94> <Delay = 1.23>
ST_244 : Operation 499 [1/1] (1.23ns)   --->   "%store_ln61 = store i64 0, i64 188" [Coefficients.cpp:61]   --->   Operation 499 'store' 'store_ln61' <Predicate = true> <Delay = 1.23> <CoreInst = "RAM">   --->   Core 82 'RAM' <Latency = 1> <II = 1> <Delay = 1.23> <Storage> <Opcode : 'load' 'store'> <Ports = 2> <Width = 64> <Depth = 301> <RAM>
ST_244 : Operation 500 [1/1] (1.23ns)   --->   "%store_ln61 = store i64 0, i64 189" [Coefficients.cpp:61]   --->   Operation 500 'store' 'store_ln61' <Predicate = true> <Delay = 1.23> <CoreInst = "RAM">   --->   Core 82 'RAM' <Latency = 1> <II = 1> <Delay = 1.23> <Storage> <Opcode : 'load' 'store'> <Ports = 2> <Width = 64> <Depth = 301> <RAM>

State 245 <SV = 95> <Delay = 1.23>
ST_245 : Operation 501 [1/1] (1.23ns)   --->   "%store_ln61 = store i64 0, i64 190" [Coefficients.cpp:61]   --->   Operation 501 'store' 'store_ln61' <Predicate = true> <Delay = 1.23> <CoreInst = "RAM">   --->   Core 82 'RAM' <Latency = 1> <II = 1> <Delay = 1.23> <Storage> <Opcode : 'load' 'store'> <Ports = 2> <Width = 64> <Depth = 301> <RAM>
ST_245 : Operation 502 [1/1] (1.23ns)   --->   "%store_ln61 = store i64 0, i64 191" [Coefficients.cpp:61]   --->   Operation 502 'store' 'store_ln61' <Predicate = true> <Delay = 1.23> <CoreInst = "RAM">   --->   Core 82 'RAM' <Latency = 1> <II = 1> <Delay = 1.23> <Storage> <Opcode : 'load' 'store'> <Ports = 2> <Width = 64> <Depth = 301> <RAM>

State 246 <SV = 96> <Delay = 1.23>
ST_246 : Operation 503 [1/1] (1.23ns)   --->   "%store_ln61 = store i64 0, i64 192" [Coefficients.cpp:61]   --->   Operation 503 'store' 'store_ln61' <Predicate = true> <Delay = 1.23> <CoreInst = "RAM">   --->   Core 82 'RAM' <Latency = 1> <II = 1> <Delay = 1.23> <Storage> <Opcode : 'load' 'store'> <Ports = 2> <Width = 64> <Depth = 301> <RAM>
ST_246 : Operation 504 [1/1] (1.23ns)   --->   "%store_ln61 = store i64 0, i64 193" [Coefficients.cpp:61]   --->   Operation 504 'store' 'store_ln61' <Predicate = true> <Delay = 1.23> <CoreInst = "RAM">   --->   Core 82 'RAM' <Latency = 1> <II = 1> <Delay = 1.23> <Storage> <Opcode : 'load' 'store'> <Ports = 2> <Width = 64> <Depth = 301> <RAM>

State 247 <SV = 97> <Delay = 1.23>
ST_247 : Operation 505 [1/1] (1.23ns)   --->   "%store_ln61 = store i64 0, i64 194" [Coefficients.cpp:61]   --->   Operation 505 'store' 'store_ln61' <Predicate = true> <Delay = 1.23> <CoreInst = "RAM">   --->   Core 82 'RAM' <Latency = 1> <II = 1> <Delay = 1.23> <Storage> <Opcode : 'load' 'store'> <Ports = 2> <Width = 64> <Depth = 301> <RAM>
ST_247 : Operation 506 [1/1] (1.23ns)   --->   "%store_ln61 = store i64 0, i64 195" [Coefficients.cpp:61]   --->   Operation 506 'store' 'store_ln61' <Predicate = true> <Delay = 1.23> <CoreInst = "RAM">   --->   Core 82 'RAM' <Latency = 1> <II = 1> <Delay = 1.23> <Storage> <Opcode : 'load' 'store'> <Ports = 2> <Width = 64> <Depth = 301> <RAM>

State 248 <SV = 98> <Delay = 1.23>
ST_248 : Operation 507 [1/1] (1.23ns)   --->   "%store_ln61 = store i64 0, i64 196" [Coefficients.cpp:61]   --->   Operation 507 'store' 'store_ln61' <Predicate = true> <Delay = 1.23> <CoreInst = "RAM">   --->   Core 82 'RAM' <Latency = 1> <II = 1> <Delay = 1.23> <Storage> <Opcode : 'load' 'store'> <Ports = 2> <Width = 64> <Depth = 301> <RAM>
ST_248 : Operation 508 [1/1] (1.23ns)   --->   "%store_ln61 = store i64 0, i64 197" [Coefficients.cpp:61]   --->   Operation 508 'store' 'store_ln61' <Predicate = true> <Delay = 1.23> <CoreInst = "RAM">   --->   Core 82 'RAM' <Latency = 1> <II = 1> <Delay = 1.23> <Storage> <Opcode : 'load' 'store'> <Ports = 2> <Width = 64> <Depth = 301> <RAM>

State 249 <SV = 99> <Delay = 1.23>
ST_249 : Operation 509 [1/1] (1.23ns)   --->   "%store_ln61 = store i64 0, i64 198" [Coefficients.cpp:61]   --->   Operation 509 'store' 'store_ln61' <Predicate = true> <Delay = 1.23> <CoreInst = "RAM">   --->   Core 82 'RAM' <Latency = 1> <II = 1> <Delay = 1.23> <Storage> <Opcode : 'load' 'store'> <Ports = 2> <Width = 64> <Depth = 301> <RAM>
ST_249 : Operation 510 [1/1] (1.23ns)   --->   "%store_ln61 = store i64 0, i64 199" [Coefficients.cpp:61]   --->   Operation 510 'store' 'store_ln61' <Predicate = true> <Delay = 1.23> <CoreInst = "RAM">   --->   Core 82 'RAM' <Latency = 1> <II = 1> <Delay = 1.23> <Storage> <Opcode : 'load' 'store'> <Ports = 2> <Width = 64> <Depth = 301> <RAM>

State 250 <SV = 100> <Delay = 1.23>
ST_250 : Operation 511 [1/1] (1.23ns)   --->   "%store_ln61 = store i64 0, i64 200" [Coefficients.cpp:61]   --->   Operation 511 'store' 'store_ln61' <Predicate = true> <Delay = 1.23> <CoreInst = "RAM">   --->   Core 82 'RAM' <Latency = 1> <II = 1> <Delay = 1.23> <Storage> <Opcode : 'load' 'store'> <Ports = 2> <Width = 64> <Depth = 301> <RAM>
ST_250 : Operation 512 [1/1] (1.23ns)   --->   "%store_ln61 = store i64 0, i64 201" [Coefficients.cpp:61]   --->   Operation 512 'store' 'store_ln61' <Predicate = true> <Delay = 1.23> <CoreInst = "RAM">   --->   Core 82 'RAM' <Latency = 1> <II = 1> <Delay = 1.23> <Storage> <Opcode : 'load' 'store'> <Ports = 2> <Width = 64> <Depth = 301> <RAM>

State 251 <SV = 101> <Delay = 1.23>
ST_251 : Operation 513 [1/1] (1.23ns)   --->   "%store_ln61 = store i64 0, i64 202" [Coefficients.cpp:61]   --->   Operation 513 'store' 'store_ln61' <Predicate = true> <Delay = 1.23> <CoreInst = "RAM">   --->   Core 82 'RAM' <Latency = 1> <II = 1> <Delay = 1.23> <Storage> <Opcode : 'load' 'store'> <Ports = 2> <Width = 64> <Depth = 301> <RAM>
ST_251 : Operation 514 [1/1] (1.23ns)   --->   "%store_ln61 = store i64 0, i64 203" [Coefficients.cpp:61]   --->   Operation 514 'store' 'store_ln61' <Predicate = true> <Delay = 1.23> <CoreInst = "RAM">   --->   Core 82 'RAM' <Latency = 1> <II = 1> <Delay = 1.23> <Storage> <Opcode : 'load' 'store'> <Ports = 2> <Width = 64> <Depth = 301> <RAM>

State 252 <SV = 102> <Delay = 1.23>
ST_252 : Operation 515 [1/1] (1.23ns)   --->   "%store_ln61 = store i64 0, i64 204" [Coefficients.cpp:61]   --->   Operation 515 'store' 'store_ln61' <Predicate = true> <Delay = 1.23> <CoreInst = "RAM">   --->   Core 82 'RAM' <Latency = 1> <II = 1> <Delay = 1.23> <Storage> <Opcode : 'load' 'store'> <Ports = 2> <Width = 64> <Depth = 301> <RAM>
ST_252 : Operation 516 [1/1] (1.23ns)   --->   "%store_ln61 = store i64 0, i64 205" [Coefficients.cpp:61]   --->   Operation 516 'store' 'store_ln61' <Predicate = true> <Delay = 1.23> <CoreInst = "RAM">   --->   Core 82 'RAM' <Latency = 1> <II = 1> <Delay = 1.23> <Storage> <Opcode : 'load' 'store'> <Ports = 2> <Width = 64> <Depth = 301> <RAM>

State 253 <SV = 103> <Delay = 1.23>
ST_253 : Operation 517 [1/1] (1.23ns)   --->   "%store_ln61 = store i64 0, i64 206" [Coefficients.cpp:61]   --->   Operation 517 'store' 'store_ln61' <Predicate = true> <Delay = 1.23> <CoreInst = "RAM">   --->   Core 82 'RAM' <Latency = 1> <II = 1> <Delay = 1.23> <Storage> <Opcode : 'load' 'store'> <Ports = 2> <Width = 64> <Depth = 301> <RAM>
ST_253 : Operation 518 [1/1] (1.23ns)   --->   "%store_ln61 = store i64 0, i64 207" [Coefficients.cpp:61]   --->   Operation 518 'store' 'store_ln61' <Predicate = true> <Delay = 1.23> <CoreInst = "RAM">   --->   Core 82 'RAM' <Latency = 1> <II = 1> <Delay = 1.23> <Storage> <Opcode : 'load' 'store'> <Ports = 2> <Width = 64> <Depth = 301> <RAM>

State 254 <SV = 104> <Delay = 1.23>
ST_254 : Operation 519 [1/1] (1.23ns)   --->   "%store_ln61 = store i64 0, i64 208" [Coefficients.cpp:61]   --->   Operation 519 'store' 'store_ln61' <Predicate = true> <Delay = 1.23> <CoreInst = "RAM">   --->   Core 82 'RAM' <Latency = 1> <II = 1> <Delay = 1.23> <Storage> <Opcode : 'load' 'store'> <Ports = 2> <Width = 64> <Depth = 301> <RAM>
ST_254 : Operation 520 [1/1] (1.23ns)   --->   "%store_ln61 = store i64 0, i64 209" [Coefficients.cpp:61]   --->   Operation 520 'store' 'store_ln61' <Predicate = true> <Delay = 1.23> <CoreInst = "RAM">   --->   Core 82 'RAM' <Latency = 1> <II = 1> <Delay = 1.23> <Storage> <Opcode : 'load' 'store'> <Ports = 2> <Width = 64> <Depth = 301> <RAM>

State 255 <SV = 105> <Delay = 1.23>
ST_255 : Operation 521 [1/1] (1.23ns)   --->   "%store_ln61 = store i64 0, i64 210" [Coefficients.cpp:61]   --->   Operation 521 'store' 'store_ln61' <Predicate = true> <Delay = 1.23> <CoreInst = "RAM">   --->   Core 82 'RAM' <Latency = 1> <II = 1> <Delay = 1.23> <Storage> <Opcode : 'load' 'store'> <Ports = 2> <Width = 64> <Depth = 301> <RAM>
ST_255 : Operation 522 [1/1] (1.23ns)   --->   "%store_ln61 = store i64 0, i64 211" [Coefficients.cpp:61]   --->   Operation 522 'store' 'store_ln61' <Predicate = true> <Delay = 1.23> <CoreInst = "RAM">   --->   Core 82 'RAM' <Latency = 1> <II = 1> <Delay = 1.23> <Storage> <Opcode : 'load' 'store'> <Ports = 2> <Width = 64> <Depth = 301> <RAM>

State 256 <SV = 106> <Delay = 1.23>
ST_256 : Operation 523 [1/1] (1.23ns)   --->   "%store_ln61 = store i64 0, i64 212" [Coefficients.cpp:61]   --->   Operation 523 'store' 'store_ln61' <Predicate = true> <Delay = 1.23> <CoreInst = "RAM">   --->   Core 82 'RAM' <Latency = 1> <II = 1> <Delay = 1.23> <Storage> <Opcode : 'load' 'store'> <Ports = 2> <Width = 64> <Depth = 301> <RAM>
ST_256 : Operation 524 [1/1] (1.23ns)   --->   "%store_ln61 = store i64 0, i64 213" [Coefficients.cpp:61]   --->   Operation 524 'store' 'store_ln61' <Predicate = true> <Delay = 1.23> <CoreInst = "RAM">   --->   Core 82 'RAM' <Latency = 1> <II = 1> <Delay = 1.23> <Storage> <Opcode : 'load' 'store'> <Ports = 2> <Width = 64> <Depth = 301> <RAM>

State 257 <SV = 107> <Delay = 1.23>
ST_257 : Operation 525 [1/1] (1.23ns)   --->   "%store_ln61 = store i64 0, i64 214" [Coefficients.cpp:61]   --->   Operation 525 'store' 'store_ln61' <Predicate = true> <Delay = 1.23> <CoreInst = "RAM">   --->   Core 82 'RAM' <Latency = 1> <II = 1> <Delay = 1.23> <Storage> <Opcode : 'load' 'store'> <Ports = 2> <Width = 64> <Depth = 301> <RAM>
ST_257 : Operation 526 [1/1] (1.23ns)   --->   "%store_ln61 = store i64 0, i64 215" [Coefficients.cpp:61]   --->   Operation 526 'store' 'store_ln61' <Predicate = true> <Delay = 1.23> <CoreInst = "RAM">   --->   Core 82 'RAM' <Latency = 1> <II = 1> <Delay = 1.23> <Storage> <Opcode : 'load' 'store'> <Ports = 2> <Width = 64> <Depth = 301> <RAM>

State 258 <SV = 108> <Delay = 1.23>
ST_258 : Operation 527 [1/1] (1.23ns)   --->   "%store_ln61 = store i64 0, i64 216" [Coefficients.cpp:61]   --->   Operation 527 'store' 'store_ln61' <Predicate = true> <Delay = 1.23> <CoreInst = "RAM">   --->   Core 82 'RAM' <Latency = 1> <II = 1> <Delay = 1.23> <Storage> <Opcode : 'load' 'store'> <Ports = 2> <Width = 64> <Depth = 301> <RAM>
ST_258 : Operation 528 [1/1] (1.23ns)   --->   "%store_ln61 = store i64 0, i64 217" [Coefficients.cpp:61]   --->   Operation 528 'store' 'store_ln61' <Predicate = true> <Delay = 1.23> <CoreInst = "RAM">   --->   Core 82 'RAM' <Latency = 1> <II = 1> <Delay = 1.23> <Storage> <Opcode : 'load' 'store'> <Ports = 2> <Width = 64> <Depth = 301> <RAM>

State 259 <SV = 109> <Delay = 1.23>
ST_259 : Operation 529 [1/1] (1.23ns)   --->   "%store_ln61 = store i64 0, i64 218" [Coefficients.cpp:61]   --->   Operation 529 'store' 'store_ln61' <Predicate = true> <Delay = 1.23> <CoreInst = "RAM">   --->   Core 82 'RAM' <Latency = 1> <II = 1> <Delay = 1.23> <Storage> <Opcode : 'load' 'store'> <Ports = 2> <Width = 64> <Depth = 301> <RAM>
ST_259 : Operation 530 [1/1] (1.23ns)   --->   "%store_ln61 = store i64 0, i64 219" [Coefficients.cpp:61]   --->   Operation 530 'store' 'store_ln61' <Predicate = true> <Delay = 1.23> <CoreInst = "RAM">   --->   Core 82 'RAM' <Latency = 1> <II = 1> <Delay = 1.23> <Storage> <Opcode : 'load' 'store'> <Ports = 2> <Width = 64> <Depth = 301> <RAM>

State 260 <SV = 110> <Delay = 1.23>
ST_260 : Operation 531 [1/1] (1.23ns)   --->   "%store_ln61 = store i64 0, i64 220" [Coefficients.cpp:61]   --->   Operation 531 'store' 'store_ln61' <Predicate = true> <Delay = 1.23> <CoreInst = "RAM">   --->   Core 82 'RAM' <Latency = 1> <II = 1> <Delay = 1.23> <Storage> <Opcode : 'load' 'store'> <Ports = 2> <Width = 64> <Depth = 301> <RAM>
ST_260 : Operation 532 [1/1] (1.23ns)   --->   "%store_ln61 = store i64 0, i64 221" [Coefficients.cpp:61]   --->   Operation 532 'store' 'store_ln61' <Predicate = true> <Delay = 1.23> <CoreInst = "RAM">   --->   Core 82 'RAM' <Latency = 1> <II = 1> <Delay = 1.23> <Storage> <Opcode : 'load' 'store'> <Ports = 2> <Width = 64> <Depth = 301> <RAM>

State 261 <SV = 111> <Delay = 1.23>
ST_261 : Operation 533 [1/1] (1.23ns)   --->   "%store_ln61 = store i64 0, i64 222" [Coefficients.cpp:61]   --->   Operation 533 'store' 'store_ln61' <Predicate = true> <Delay = 1.23> <CoreInst = "RAM">   --->   Core 82 'RAM' <Latency = 1> <II = 1> <Delay = 1.23> <Storage> <Opcode : 'load' 'store'> <Ports = 2> <Width = 64> <Depth = 301> <RAM>
ST_261 : Operation 534 [1/1] (1.23ns)   --->   "%store_ln61 = store i64 0, i64 223" [Coefficients.cpp:61]   --->   Operation 534 'store' 'store_ln61' <Predicate = true> <Delay = 1.23> <CoreInst = "RAM">   --->   Core 82 'RAM' <Latency = 1> <II = 1> <Delay = 1.23> <Storage> <Opcode : 'load' 'store'> <Ports = 2> <Width = 64> <Depth = 301> <RAM>

State 262 <SV = 112> <Delay = 1.23>
ST_262 : Operation 535 [1/1] (1.23ns)   --->   "%store_ln61 = store i64 0, i64 224" [Coefficients.cpp:61]   --->   Operation 535 'store' 'store_ln61' <Predicate = true> <Delay = 1.23> <CoreInst = "RAM">   --->   Core 82 'RAM' <Latency = 1> <II = 1> <Delay = 1.23> <Storage> <Opcode : 'load' 'store'> <Ports = 2> <Width = 64> <Depth = 301> <RAM>
ST_262 : Operation 536 [1/1] (1.23ns)   --->   "%store_ln61 = store i64 0, i64 225" [Coefficients.cpp:61]   --->   Operation 536 'store' 'store_ln61' <Predicate = true> <Delay = 1.23> <CoreInst = "RAM">   --->   Core 82 'RAM' <Latency = 1> <II = 1> <Delay = 1.23> <Storage> <Opcode : 'load' 'store'> <Ports = 2> <Width = 64> <Depth = 301> <RAM>

State 263 <SV = 113> <Delay = 1.23>
ST_263 : Operation 537 [1/1] (1.23ns)   --->   "%store_ln61 = store i64 0, i64 226" [Coefficients.cpp:61]   --->   Operation 537 'store' 'store_ln61' <Predicate = true> <Delay = 1.23> <CoreInst = "RAM">   --->   Core 82 'RAM' <Latency = 1> <II = 1> <Delay = 1.23> <Storage> <Opcode : 'load' 'store'> <Ports = 2> <Width = 64> <Depth = 301> <RAM>
ST_263 : Operation 538 [1/1] (1.23ns)   --->   "%store_ln61 = store i64 0, i64 227" [Coefficients.cpp:61]   --->   Operation 538 'store' 'store_ln61' <Predicate = true> <Delay = 1.23> <CoreInst = "RAM">   --->   Core 82 'RAM' <Latency = 1> <II = 1> <Delay = 1.23> <Storage> <Opcode : 'load' 'store'> <Ports = 2> <Width = 64> <Depth = 301> <RAM>

State 264 <SV = 114> <Delay = 1.23>
ST_264 : Operation 539 [1/1] (1.23ns)   --->   "%store_ln61 = store i64 0, i64 228" [Coefficients.cpp:61]   --->   Operation 539 'store' 'store_ln61' <Predicate = true> <Delay = 1.23> <CoreInst = "RAM">   --->   Core 82 'RAM' <Latency = 1> <II = 1> <Delay = 1.23> <Storage> <Opcode : 'load' 'store'> <Ports = 2> <Width = 64> <Depth = 301> <RAM>
ST_264 : Operation 540 [1/1] (1.23ns)   --->   "%store_ln61 = store i64 0, i64 229" [Coefficients.cpp:61]   --->   Operation 540 'store' 'store_ln61' <Predicate = true> <Delay = 1.23> <CoreInst = "RAM">   --->   Core 82 'RAM' <Latency = 1> <II = 1> <Delay = 1.23> <Storage> <Opcode : 'load' 'store'> <Ports = 2> <Width = 64> <Depth = 301> <RAM>

State 265 <SV = 115> <Delay = 1.23>
ST_265 : Operation 541 [1/1] (1.23ns)   --->   "%store_ln61 = store i64 0, i64 230" [Coefficients.cpp:61]   --->   Operation 541 'store' 'store_ln61' <Predicate = true> <Delay = 1.23> <CoreInst = "RAM">   --->   Core 82 'RAM' <Latency = 1> <II = 1> <Delay = 1.23> <Storage> <Opcode : 'load' 'store'> <Ports = 2> <Width = 64> <Depth = 301> <RAM>
ST_265 : Operation 542 [1/1] (1.23ns)   --->   "%store_ln61 = store i64 0, i64 231" [Coefficients.cpp:61]   --->   Operation 542 'store' 'store_ln61' <Predicate = true> <Delay = 1.23> <CoreInst = "RAM">   --->   Core 82 'RAM' <Latency = 1> <II = 1> <Delay = 1.23> <Storage> <Opcode : 'load' 'store'> <Ports = 2> <Width = 64> <Depth = 301> <RAM>

State 266 <SV = 116> <Delay = 1.23>
ST_266 : Operation 543 [1/1] (1.23ns)   --->   "%store_ln61 = store i64 0, i64 232" [Coefficients.cpp:61]   --->   Operation 543 'store' 'store_ln61' <Predicate = true> <Delay = 1.23> <CoreInst = "RAM">   --->   Core 82 'RAM' <Latency = 1> <II = 1> <Delay = 1.23> <Storage> <Opcode : 'load' 'store'> <Ports = 2> <Width = 64> <Depth = 301> <RAM>
ST_266 : Operation 544 [1/1] (1.23ns)   --->   "%store_ln61 = store i64 0, i64 233" [Coefficients.cpp:61]   --->   Operation 544 'store' 'store_ln61' <Predicate = true> <Delay = 1.23> <CoreInst = "RAM">   --->   Core 82 'RAM' <Latency = 1> <II = 1> <Delay = 1.23> <Storage> <Opcode : 'load' 'store'> <Ports = 2> <Width = 64> <Depth = 301> <RAM>

State 267 <SV = 117> <Delay = 1.23>
ST_267 : Operation 545 [1/1] (1.23ns)   --->   "%store_ln61 = store i64 0, i64 234" [Coefficients.cpp:61]   --->   Operation 545 'store' 'store_ln61' <Predicate = true> <Delay = 1.23> <CoreInst = "RAM">   --->   Core 82 'RAM' <Latency = 1> <II = 1> <Delay = 1.23> <Storage> <Opcode : 'load' 'store'> <Ports = 2> <Width = 64> <Depth = 301> <RAM>
ST_267 : Operation 546 [1/1] (1.23ns)   --->   "%store_ln61 = store i64 0, i64 235" [Coefficients.cpp:61]   --->   Operation 546 'store' 'store_ln61' <Predicate = true> <Delay = 1.23> <CoreInst = "RAM">   --->   Core 82 'RAM' <Latency = 1> <II = 1> <Delay = 1.23> <Storage> <Opcode : 'load' 'store'> <Ports = 2> <Width = 64> <Depth = 301> <RAM>

State 268 <SV = 118> <Delay = 1.23>
ST_268 : Operation 547 [1/1] (1.23ns)   --->   "%store_ln61 = store i64 0, i64 236" [Coefficients.cpp:61]   --->   Operation 547 'store' 'store_ln61' <Predicate = true> <Delay = 1.23> <CoreInst = "RAM">   --->   Core 82 'RAM' <Latency = 1> <II = 1> <Delay = 1.23> <Storage> <Opcode : 'load' 'store'> <Ports = 2> <Width = 64> <Depth = 301> <RAM>
ST_268 : Operation 548 [1/1] (1.23ns)   --->   "%store_ln61 = store i64 0, i64 237" [Coefficients.cpp:61]   --->   Operation 548 'store' 'store_ln61' <Predicate = true> <Delay = 1.23> <CoreInst = "RAM">   --->   Core 82 'RAM' <Latency = 1> <II = 1> <Delay = 1.23> <Storage> <Opcode : 'load' 'store'> <Ports = 2> <Width = 64> <Depth = 301> <RAM>

State 269 <SV = 119> <Delay = 1.23>
ST_269 : Operation 549 [1/1] (1.23ns)   --->   "%store_ln61 = store i64 0, i64 238" [Coefficients.cpp:61]   --->   Operation 549 'store' 'store_ln61' <Predicate = true> <Delay = 1.23> <CoreInst = "RAM">   --->   Core 82 'RAM' <Latency = 1> <II = 1> <Delay = 1.23> <Storage> <Opcode : 'load' 'store'> <Ports = 2> <Width = 64> <Depth = 301> <RAM>
ST_269 : Operation 550 [1/1] (1.23ns)   --->   "%store_ln61 = store i64 0, i64 239" [Coefficients.cpp:61]   --->   Operation 550 'store' 'store_ln61' <Predicate = true> <Delay = 1.23> <CoreInst = "RAM">   --->   Core 82 'RAM' <Latency = 1> <II = 1> <Delay = 1.23> <Storage> <Opcode : 'load' 'store'> <Ports = 2> <Width = 64> <Depth = 301> <RAM>

State 270 <SV = 120> <Delay = 1.23>
ST_270 : Operation 551 [1/1] (1.23ns)   --->   "%store_ln61 = store i64 0, i64 240" [Coefficients.cpp:61]   --->   Operation 551 'store' 'store_ln61' <Predicate = true> <Delay = 1.23> <CoreInst = "RAM">   --->   Core 82 'RAM' <Latency = 1> <II = 1> <Delay = 1.23> <Storage> <Opcode : 'load' 'store'> <Ports = 2> <Width = 64> <Depth = 301> <RAM>
ST_270 : Operation 552 [1/1] (1.23ns)   --->   "%store_ln61 = store i64 0, i64 241" [Coefficients.cpp:61]   --->   Operation 552 'store' 'store_ln61' <Predicate = true> <Delay = 1.23> <CoreInst = "RAM">   --->   Core 82 'RAM' <Latency = 1> <II = 1> <Delay = 1.23> <Storage> <Opcode : 'load' 'store'> <Ports = 2> <Width = 64> <Depth = 301> <RAM>

State 271 <SV = 121> <Delay = 1.23>
ST_271 : Operation 553 [1/1] (1.23ns)   --->   "%store_ln61 = store i64 0, i64 242" [Coefficients.cpp:61]   --->   Operation 553 'store' 'store_ln61' <Predicate = true> <Delay = 1.23> <CoreInst = "RAM">   --->   Core 82 'RAM' <Latency = 1> <II = 1> <Delay = 1.23> <Storage> <Opcode : 'load' 'store'> <Ports = 2> <Width = 64> <Depth = 301> <RAM>
ST_271 : Operation 554 [1/1] (1.23ns)   --->   "%store_ln61 = store i64 0, i64 243" [Coefficients.cpp:61]   --->   Operation 554 'store' 'store_ln61' <Predicate = true> <Delay = 1.23> <CoreInst = "RAM">   --->   Core 82 'RAM' <Latency = 1> <II = 1> <Delay = 1.23> <Storage> <Opcode : 'load' 'store'> <Ports = 2> <Width = 64> <Depth = 301> <RAM>

State 272 <SV = 122> <Delay = 1.23>
ST_272 : Operation 555 [1/1] (1.23ns)   --->   "%store_ln61 = store i64 0, i64 244" [Coefficients.cpp:61]   --->   Operation 555 'store' 'store_ln61' <Predicate = true> <Delay = 1.23> <CoreInst = "RAM">   --->   Core 82 'RAM' <Latency = 1> <II = 1> <Delay = 1.23> <Storage> <Opcode : 'load' 'store'> <Ports = 2> <Width = 64> <Depth = 301> <RAM>
ST_272 : Operation 556 [1/1] (1.23ns)   --->   "%store_ln61 = store i64 0, i64 245" [Coefficients.cpp:61]   --->   Operation 556 'store' 'store_ln61' <Predicate = true> <Delay = 1.23> <CoreInst = "RAM">   --->   Core 82 'RAM' <Latency = 1> <II = 1> <Delay = 1.23> <Storage> <Opcode : 'load' 'store'> <Ports = 2> <Width = 64> <Depth = 301> <RAM>

State 273 <SV = 123> <Delay = 1.23>
ST_273 : Operation 557 [1/1] (1.23ns)   --->   "%store_ln61 = store i64 0, i64 246" [Coefficients.cpp:61]   --->   Operation 557 'store' 'store_ln61' <Predicate = true> <Delay = 1.23> <CoreInst = "RAM">   --->   Core 82 'RAM' <Latency = 1> <II = 1> <Delay = 1.23> <Storage> <Opcode : 'load' 'store'> <Ports = 2> <Width = 64> <Depth = 301> <RAM>
ST_273 : Operation 558 [1/1] (1.23ns)   --->   "%store_ln61 = store i64 0, i64 247" [Coefficients.cpp:61]   --->   Operation 558 'store' 'store_ln61' <Predicate = true> <Delay = 1.23> <CoreInst = "RAM">   --->   Core 82 'RAM' <Latency = 1> <II = 1> <Delay = 1.23> <Storage> <Opcode : 'load' 'store'> <Ports = 2> <Width = 64> <Depth = 301> <RAM>

State 274 <SV = 124> <Delay = 1.23>
ST_274 : Operation 559 [1/1] (1.23ns)   --->   "%store_ln61 = store i64 0, i64 248" [Coefficients.cpp:61]   --->   Operation 559 'store' 'store_ln61' <Predicate = true> <Delay = 1.23> <CoreInst = "RAM">   --->   Core 82 'RAM' <Latency = 1> <II = 1> <Delay = 1.23> <Storage> <Opcode : 'load' 'store'> <Ports = 2> <Width = 64> <Depth = 301> <RAM>
ST_274 : Operation 560 [1/1] (1.23ns)   --->   "%store_ln61 = store i64 0, i64 249" [Coefficients.cpp:61]   --->   Operation 560 'store' 'store_ln61' <Predicate = true> <Delay = 1.23> <CoreInst = "RAM">   --->   Core 82 'RAM' <Latency = 1> <II = 1> <Delay = 1.23> <Storage> <Opcode : 'load' 'store'> <Ports = 2> <Width = 64> <Depth = 301> <RAM>

State 275 <SV = 125> <Delay = 1.23>
ST_275 : Operation 561 [1/1] (1.23ns)   --->   "%store_ln61 = store i64 0, i64 250" [Coefficients.cpp:61]   --->   Operation 561 'store' 'store_ln61' <Predicate = true> <Delay = 1.23> <CoreInst = "RAM">   --->   Core 82 'RAM' <Latency = 1> <II = 1> <Delay = 1.23> <Storage> <Opcode : 'load' 'store'> <Ports = 2> <Width = 64> <Depth = 301> <RAM>
ST_275 : Operation 562 [1/1] (1.23ns)   --->   "%store_ln61 = store i64 0, i64 251" [Coefficients.cpp:61]   --->   Operation 562 'store' 'store_ln61' <Predicate = true> <Delay = 1.23> <CoreInst = "RAM">   --->   Core 82 'RAM' <Latency = 1> <II = 1> <Delay = 1.23> <Storage> <Opcode : 'load' 'store'> <Ports = 2> <Width = 64> <Depth = 301> <RAM>

State 276 <SV = 126> <Delay = 1.23>
ST_276 : Operation 563 [1/1] (1.23ns)   --->   "%store_ln61 = store i64 0, i64 252" [Coefficients.cpp:61]   --->   Operation 563 'store' 'store_ln61' <Predicate = true> <Delay = 1.23> <CoreInst = "RAM">   --->   Core 82 'RAM' <Latency = 1> <II = 1> <Delay = 1.23> <Storage> <Opcode : 'load' 'store'> <Ports = 2> <Width = 64> <Depth = 301> <RAM>
ST_276 : Operation 564 [1/1] (1.23ns)   --->   "%store_ln61 = store i64 0, i64 253" [Coefficients.cpp:61]   --->   Operation 564 'store' 'store_ln61' <Predicate = true> <Delay = 1.23> <CoreInst = "RAM">   --->   Core 82 'RAM' <Latency = 1> <II = 1> <Delay = 1.23> <Storage> <Opcode : 'load' 'store'> <Ports = 2> <Width = 64> <Depth = 301> <RAM>

State 277 <SV = 127> <Delay = 1.23>
ST_277 : Operation 565 [1/1] (1.23ns)   --->   "%store_ln61 = store i64 0, i64 254" [Coefficients.cpp:61]   --->   Operation 565 'store' 'store_ln61' <Predicate = true> <Delay = 1.23> <CoreInst = "RAM">   --->   Core 82 'RAM' <Latency = 1> <II = 1> <Delay = 1.23> <Storage> <Opcode : 'load' 'store'> <Ports = 2> <Width = 64> <Depth = 301> <RAM>
ST_277 : Operation 566 [1/1] (1.23ns)   --->   "%store_ln61 = store i64 0, i64 255" [Coefficients.cpp:61]   --->   Operation 566 'store' 'store_ln61' <Predicate = true> <Delay = 1.23> <CoreInst = "RAM">   --->   Core 82 'RAM' <Latency = 1> <II = 1> <Delay = 1.23> <Storage> <Opcode : 'load' 'store'> <Ports = 2> <Width = 64> <Depth = 301> <RAM>

State 278 <SV = 128> <Delay = 1.23>
ST_278 : Operation 567 [1/1] (1.23ns)   --->   "%store_ln61 = store i64 0, i64 256" [Coefficients.cpp:61]   --->   Operation 567 'store' 'store_ln61' <Predicate = true> <Delay = 1.23> <CoreInst = "RAM">   --->   Core 82 'RAM' <Latency = 1> <II = 1> <Delay = 1.23> <Storage> <Opcode : 'load' 'store'> <Ports = 2> <Width = 64> <Depth = 301> <RAM>
ST_278 : Operation 568 [1/1] (1.23ns)   --->   "%store_ln61 = store i64 0, i64 257" [Coefficients.cpp:61]   --->   Operation 568 'store' 'store_ln61' <Predicate = true> <Delay = 1.23> <CoreInst = "RAM">   --->   Core 82 'RAM' <Latency = 1> <II = 1> <Delay = 1.23> <Storage> <Opcode : 'load' 'store'> <Ports = 2> <Width = 64> <Depth = 301> <RAM>

State 279 <SV = 129> <Delay = 1.23>
ST_279 : Operation 569 [1/1] (1.23ns)   --->   "%store_ln61 = store i64 0, i64 258" [Coefficients.cpp:61]   --->   Operation 569 'store' 'store_ln61' <Predicate = true> <Delay = 1.23> <CoreInst = "RAM">   --->   Core 82 'RAM' <Latency = 1> <II = 1> <Delay = 1.23> <Storage> <Opcode : 'load' 'store'> <Ports = 2> <Width = 64> <Depth = 301> <RAM>
ST_279 : Operation 570 [1/1] (1.23ns)   --->   "%store_ln61 = store i64 0, i64 259" [Coefficients.cpp:61]   --->   Operation 570 'store' 'store_ln61' <Predicate = true> <Delay = 1.23> <CoreInst = "RAM">   --->   Core 82 'RAM' <Latency = 1> <II = 1> <Delay = 1.23> <Storage> <Opcode : 'load' 'store'> <Ports = 2> <Width = 64> <Depth = 301> <RAM>

State 280 <SV = 130> <Delay = 1.23>
ST_280 : Operation 571 [1/1] (1.23ns)   --->   "%store_ln61 = store i64 0, i64 260" [Coefficients.cpp:61]   --->   Operation 571 'store' 'store_ln61' <Predicate = true> <Delay = 1.23> <CoreInst = "RAM">   --->   Core 82 'RAM' <Latency = 1> <II = 1> <Delay = 1.23> <Storage> <Opcode : 'load' 'store'> <Ports = 2> <Width = 64> <Depth = 301> <RAM>
ST_280 : Operation 572 [1/1] (1.23ns)   --->   "%store_ln61 = store i64 0, i64 261" [Coefficients.cpp:61]   --->   Operation 572 'store' 'store_ln61' <Predicate = true> <Delay = 1.23> <CoreInst = "RAM">   --->   Core 82 'RAM' <Latency = 1> <II = 1> <Delay = 1.23> <Storage> <Opcode : 'load' 'store'> <Ports = 2> <Width = 64> <Depth = 301> <RAM>

State 281 <SV = 131> <Delay = 1.23>
ST_281 : Operation 573 [1/1] (1.23ns)   --->   "%store_ln61 = store i64 0, i64 262" [Coefficients.cpp:61]   --->   Operation 573 'store' 'store_ln61' <Predicate = true> <Delay = 1.23> <CoreInst = "RAM">   --->   Core 82 'RAM' <Latency = 1> <II = 1> <Delay = 1.23> <Storage> <Opcode : 'load' 'store'> <Ports = 2> <Width = 64> <Depth = 301> <RAM>
ST_281 : Operation 574 [1/1] (1.23ns)   --->   "%store_ln61 = store i64 0, i64 263" [Coefficients.cpp:61]   --->   Operation 574 'store' 'store_ln61' <Predicate = true> <Delay = 1.23> <CoreInst = "RAM">   --->   Core 82 'RAM' <Latency = 1> <II = 1> <Delay = 1.23> <Storage> <Opcode : 'load' 'store'> <Ports = 2> <Width = 64> <Depth = 301> <RAM>

State 282 <SV = 132> <Delay = 1.23>
ST_282 : Operation 575 [1/1] (1.23ns)   --->   "%store_ln61 = store i64 0, i64 264" [Coefficients.cpp:61]   --->   Operation 575 'store' 'store_ln61' <Predicate = true> <Delay = 1.23> <CoreInst = "RAM">   --->   Core 82 'RAM' <Latency = 1> <II = 1> <Delay = 1.23> <Storage> <Opcode : 'load' 'store'> <Ports = 2> <Width = 64> <Depth = 301> <RAM>
ST_282 : Operation 576 [1/1] (1.23ns)   --->   "%store_ln61 = store i64 0, i64 265" [Coefficients.cpp:61]   --->   Operation 576 'store' 'store_ln61' <Predicate = true> <Delay = 1.23> <CoreInst = "RAM">   --->   Core 82 'RAM' <Latency = 1> <II = 1> <Delay = 1.23> <Storage> <Opcode : 'load' 'store'> <Ports = 2> <Width = 64> <Depth = 301> <RAM>

State 283 <SV = 133> <Delay = 1.23>
ST_283 : Operation 577 [1/1] (1.23ns)   --->   "%store_ln61 = store i64 0, i64 266" [Coefficients.cpp:61]   --->   Operation 577 'store' 'store_ln61' <Predicate = true> <Delay = 1.23> <CoreInst = "RAM">   --->   Core 82 'RAM' <Latency = 1> <II = 1> <Delay = 1.23> <Storage> <Opcode : 'load' 'store'> <Ports = 2> <Width = 64> <Depth = 301> <RAM>
ST_283 : Operation 578 [1/1] (1.23ns)   --->   "%store_ln61 = store i64 0, i64 267" [Coefficients.cpp:61]   --->   Operation 578 'store' 'store_ln61' <Predicate = true> <Delay = 1.23> <CoreInst = "RAM">   --->   Core 82 'RAM' <Latency = 1> <II = 1> <Delay = 1.23> <Storage> <Opcode : 'load' 'store'> <Ports = 2> <Width = 64> <Depth = 301> <RAM>

State 284 <SV = 134> <Delay = 1.23>
ST_284 : Operation 579 [1/1] (1.23ns)   --->   "%store_ln61 = store i64 0, i64 268" [Coefficients.cpp:61]   --->   Operation 579 'store' 'store_ln61' <Predicate = true> <Delay = 1.23> <CoreInst = "RAM">   --->   Core 82 'RAM' <Latency = 1> <II = 1> <Delay = 1.23> <Storage> <Opcode : 'load' 'store'> <Ports = 2> <Width = 64> <Depth = 301> <RAM>
ST_284 : Operation 580 [1/1] (1.23ns)   --->   "%store_ln61 = store i64 0, i64 269" [Coefficients.cpp:61]   --->   Operation 580 'store' 'store_ln61' <Predicate = true> <Delay = 1.23> <CoreInst = "RAM">   --->   Core 82 'RAM' <Latency = 1> <II = 1> <Delay = 1.23> <Storage> <Opcode : 'load' 'store'> <Ports = 2> <Width = 64> <Depth = 301> <RAM>

State 285 <SV = 135> <Delay = 1.23>
ST_285 : Operation 581 [1/1] (1.23ns)   --->   "%store_ln61 = store i64 0, i64 270" [Coefficients.cpp:61]   --->   Operation 581 'store' 'store_ln61' <Predicate = true> <Delay = 1.23> <CoreInst = "RAM">   --->   Core 82 'RAM' <Latency = 1> <II = 1> <Delay = 1.23> <Storage> <Opcode : 'load' 'store'> <Ports = 2> <Width = 64> <Depth = 301> <RAM>
ST_285 : Operation 582 [1/1] (1.23ns)   --->   "%store_ln61 = store i64 0, i64 271" [Coefficients.cpp:61]   --->   Operation 582 'store' 'store_ln61' <Predicate = true> <Delay = 1.23> <CoreInst = "RAM">   --->   Core 82 'RAM' <Latency = 1> <II = 1> <Delay = 1.23> <Storage> <Opcode : 'load' 'store'> <Ports = 2> <Width = 64> <Depth = 301> <RAM>

State 286 <SV = 136> <Delay = 1.23>
ST_286 : Operation 583 [1/1] (1.23ns)   --->   "%store_ln61 = store i64 0, i64 272" [Coefficients.cpp:61]   --->   Operation 583 'store' 'store_ln61' <Predicate = true> <Delay = 1.23> <CoreInst = "RAM">   --->   Core 82 'RAM' <Latency = 1> <II = 1> <Delay = 1.23> <Storage> <Opcode : 'load' 'store'> <Ports = 2> <Width = 64> <Depth = 301> <RAM>
ST_286 : Operation 584 [1/1] (1.23ns)   --->   "%store_ln61 = store i64 0, i64 273" [Coefficients.cpp:61]   --->   Operation 584 'store' 'store_ln61' <Predicate = true> <Delay = 1.23> <CoreInst = "RAM">   --->   Core 82 'RAM' <Latency = 1> <II = 1> <Delay = 1.23> <Storage> <Opcode : 'load' 'store'> <Ports = 2> <Width = 64> <Depth = 301> <RAM>

State 287 <SV = 137> <Delay = 1.23>
ST_287 : Operation 585 [1/1] (1.23ns)   --->   "%store_ln61 = store i64 0, i64 274" [Coefficients.cpp:61]   --->   Operation 585 'store' 'store_ln61' <Predicate = true> <Delay = 1.23> <CoreInst = "RAM">   --->   Core 82 'RAM' <Latency = 1> <II = 1> <Delay = 1.23> <Storage> <Opcode : 'load' 'store'> <Ports = 2> <Width = 64> <Depth = 301> <RAM>
ST_287 : Operation 586 [1/1] (1.23ns)   --->   "%store_ln61 = store i64 0, i64 275" [Coefficients.cpp:61]   --->   Operation 586 'store' 'store_ln61' <Predicate = true> <Delay = 1.23> <CoreInst = "RAM">   --->   Core 82 'RAM' <Latency = 1> <II = 1> <Delay = 1.23> <Storage> <Opcode : 'load' 'store'> <Ports = 2> <Width = 64> <Depth = 301> <RAM>

State 288 <SV = 138> <Delay = 1.23>
ST_288 : Operation 587 [1/1] (1.23ns)   --->   "%store_ln61 = store i64 0, i64 276" [Coefficients.cpp:61]   --->   Operation 587 'store' 'store_ln61' <Predicate = true> <Delay = 1.23> <CoreInst = "RAM">   --->   Core 82 'RAM' <Latency = 1> <II = 1> <Delay = 1.23> <Storage> <Opcode : 'load' 'store'> <Ports = 2> <Width = 64> <Depth = 301> <RAM>
ST_288 : Operation 588 [1/1] (1.23ns)   --->   "%store_ln61 = store i64 0, i64 277" [Coefficients.cpp:61]   --->   Operation 588 'store' 'store_ln61' <Predicate = true> <Delay = 1.23> <CoreInst = "RAM">   --->   Core 82 'RAM' <Latency = 1> <II = 1> <Delay = 1.23> <Storage> <Opcode : 'load' 'store'> <Ports = 2> <Width = 64> <Depth = 301> <RAM>

State 289 <SV = 139> <Delay = 1.23>
ST_289 : Operation 589 [1/1] (1.23ns)   --->   "%store_ln61 = store i64 0, i64 278" [Coefficients.cpp:61]   --->   Operation 589 'store' 'store_ln61' <Predicate = true> <Delay = 1.23> <CoreInst = "RAM">   --->   Core 82 'RAM' <Latency = 1> <II = 1> <Delay = 1.23> <Storage> <Opcode : 'load' 'store'> <Ports = 2> <Width = 64> <Depth = 301> <RAM>
ST_289 : Operation 590 [1/1] (1.23ns)   --->   "%store_ln61 = store i64 0, i64 279" [Coefficients.cpp:61]   --->   Operation 590 'store' 'store_ln61' <Predicate = true> <Delay = 1.23> <CoreInst = "RAM">   --->   Core 82 'RAM' <Latency = 1> <II = 1> <Delay = 1.23> <Storage> <Opcode : 'load' 'store'> <Ports = 2> <Width = 64> <Depth = 301> <RAM>

State 290 <SV = 140> <Delay = 1.23>
ST_290 : Operation 591 [1/1] (1.23ns)   --->   "%store_ln61 = store i64 0, i64 280" [Coefficients.cpp:61]   --->   Operation 591 'store' 'store_ln61' <Predicate = true> <Delay = 1.23> <CoreInst = "RAM">   --->   Core 82 'RAM' <Latency = 1> <II = 1> <Delay = 1.23> <Storage> <Opcode : 'load' 'store'> <Ports = 2> <Width = 64> <Depth = 301> <RAM>
ST_290 : Operation 592 [1/1] (1.23ns)   --->   "%store_ln61 = store i64 0, i64 281" [Coefficients.cpp:61]   --->   Operation 592 'store' 'store_ln61' <Predicate = true> <Delay = 1.23> <CoreInst = "RAM">   --->   Core 82 'RAM' <Latency = 1> <II = 1> <Delay = 1.23> <Storage> <Opcode : 'load' 'store'> <Ports = 2> <Width = 64> <Depth = 301> <RAM>

State 291 <SV = 141> <Delay = 1.23>
ST_291 : Operation 593 [1/1] (1.23ns)   --->   "%store_ln61 = store i64 0, i64 282" [Coefficients.cpp:61]   --->   Operation 593 'store' 'store_ln61' <Predicate = true> <Delay = 1.23> <CoreInst = "RAM">   --->   Core 82 'RAM' <Latency = 1> <II = 1> <Delay = 1.23> <Storage> <Opcode : 'load' 'store'> <Ports = 2> <Width = 64> <Depth = 301> <RAM>
ST_291 : Operation 594 [1/1] (1.23ns)   --->   "%store_ln61 = store i64 0, i64 283" [Coefficients.cpp:61]   --->   Operation 594 'store' 'store_ln61' <Predicate = true> <Delay = 1.23> <CoreInst = "RAM">   --->   Core 82 'RAM' <Latency = 1> <II = 1> <Delay = 1.23> <Storage> <Opcode : 'load' 'store'> <Ports = 2> <Width = 64> <Depth = 301> <RAM>

State 292 <SV = 142> <Delay = 1.23>
ST_292 : Operation 595 [1/1] (1.23ns)   --->   "%store_ln61 = store i64 0, i64 284" [Coefficients.cpp:61]   --->   Operation 595 'store' 'store_ln61' <Predicate = true> <Delay = 1.23> <CoreInst = "RAM">   --->   Core 82 'RAM' <Latency = 1> <II = 1> <Delay = 1.23> <Storage> <Opcode : 'load' 'store'> <Ports = 2> <Width = 64> <Depth = 301> <RAM>
ST_292 : Operation 596 [1/1] (1.23ns)   --->   "%store_ln61 = store i64 0, i64 285" [Coefficients.cpp:61]   --->   Operation 596 'store' 'store_ln61' <Predicate = true> <Delay = 1.23> <CoreInst = "RAM">   --->   Core 82 'RAM' <Latency = 1> <II = 1> <Delay = 1.23> <Storage> <Opcode : 'load' 'store'> <Ports = 2> <Width = 64> <Depth = 301> <RAM>

State 293 <SV = 143> <Delay = 1.23>
ST_293 : Operation 597 [1/1] (1.23ns)   --->   "%store_ln61 = store i64 0, i64 286" [Coefficients.cpp:61]   --->   Operation 597 'store' 'store_ln61' <Predicate = true> <Delay = 1.23> <CoreInst = "RAM">   --->   Core 82 'RAM' <Latency = 1> <II = 1> <Delay = 1.23> <Storage> <Opcode : 'load' 'store'> <Ports = 2> <Width = 64> <Depth = 301> <RAM>
ST_293 : Operation 598 [1/1] (1.23ns)   --->   "%store_ln61 = store i64 0, i64 287" [Coefficients.cpp:61]   --->   Operation 598 'store' 'store_ln61' <Predicate = true> <Delay = 1.23> <CoreInst = "RAM">   --->   Core 82 'RAM' <Latency = 1> <II = 1> <Delay = 1.23> <Storage> <Opcode : 'load' 'store'> <Ports = 2> <Width = 64> <Depth = 301> <RAM>

State 294 <SV = 144> <Delay = 1.23>
ST_294 : Operation 599 [1/1] (1.23ns)   --->   "%store_ln61 = store i64 0, i64 288" [Coefficients.cpp:61]   --->   Operation 599 'store' 'store_ln61' <Predicate = true> <Delay = 1.23> <CoreInst = "RAM">   --->   Core 82 'RAM' <Latency = 1> <II = 1> <Delay = 1.23> <Storage> <Opcode : 'load' 'store'> <Ports = 2> <Width = 64> <Depth = 301> <RAM>
ST_294 : Operation 600 [1/1] (1.23ns)   --->   "%store_ln61 = store i64 0, i64 289" [Coefficients.cpp:61]   --->   Operation 600 'store' 'store_ln61' <Predicate = true> <Delay = 1.23> <CoreInst = "RAM">   --->   Core 82 'RAM' <Latency = 1> <II = 1> <Delay = 1.23> <Storage> <Opcode : 'load' 'store'> <Ports = 2> <Width = 64> <Depth = 301> <RAM>

State 295 <SV = 145> <Delay = 1.23>
ST_295 : Operation 601 [1/1] (1.23ns)   --->   "%store_ln61 = store i64 0, i64 290" [Coefficients.cpp:61]   --->   Operation 601 'store' 'store_ln61' <Predicate = true> <Delay = 1.23> <CoreInst = "RAM">   --->   Core 82 'RAM' <Latency = 1> <II = 1> <Delay = 1.23> <Storage> <Opcode : 'load' 'store'> <Ports = 2> <Width = 64> <Depth = 301> <RAM>

State 296 <SV = 146> <Delay = 1.23>
ST_296 : Operation 602 [1/1] (1.23ns)   --->   "%store_ln61 = store i64 0, i64 291" [Coefficients.cpp:61]   --->   Operation 602 'store' 'store_ln61' <Predicate = true> <Delay = 1.23> <CoreInst = "RAM">   --->   Core 82 'RAM' <Latency = 1> <II = 1> <Delay = 1.23> <Storage> <Opcode : 'load' 'store'> <Ports = 2> <Width = 64> <Depth = 301> <RAM>
ST_296 : Operation 603 [1/1] (1.23ns)   --->   "%store_ln61 = store i64 0, i64 292" [Coefficients.cpp:61]   --->   Operation 603 'store' 'store_ln61' <Predicate = true> <Delay = 1.23> <CoreInst = "RAM">   --->   Core 82 'RAM' <Latency = 1> <II = 1> <Delay = 1.23> <Storage> <Opcode : 'load' 'store'> <Ports = 2> <Width = 64> <Depth = 301> <RAM>

State 297 <SV = 147> <Delay = 1.23>
ST_297 : Operation 604 [1/1] (1.23ns)   --->   "%store_ln61 = store i64 0, i64 293" [Coefficients.cpp:61]   --->   Operation 604 'store' 'store_ln61' <Predicate = true> <Delay = 1.23> <CoreInst = "RAM">   --->   Core 82 'RAM' <Latency = 1> <II = 1> <Delay = 1.23> <Storage> <Opcode : 'load' 'store'> <Ports = 2> <Width = 64> <Depth = 301> <RAM>
ST_297 : Operation 605 [1/1] (1.23ns)   --->   "%store_ln61 = store i64 0, i64 294" [Coefficients.cpp:61]   --->   Operation 605 'store' 'store_ln61' <Predicate = true> <Delay = 1.23> <CoreInst = "RAM">   --->   Core 82 'RAM' <Latency = 1> <II = 1> <Delay = 1.23> <Storage> <Opcode : 'load' 'store'> <Ports = 2> <Width = 64> <Depth = 301> <RAM>

State 298 <SV = 148> <Delay = 1.23>
ST_298 : Operation 606 [1/1] (1.23ns)   --->   "%store_ln61 = store i64 0, i64 295" [Coefficients.cpp:61]   --->   Operation 606 'store' 'store_ln61' <Predicate = true> <Delay = 1.23> <CoreInst = "RAM">   --->   Core 82 'RAM' <Latency = 1> <II = 1> <Delay = 1.23> <Storage> <Opcode : 'load' 'store'> <Ports = 2> <Width = 64> <Depth = 301> <RAM>
ST_298 : Operation 607 [1/1] (1.23ns)   --->   "%store_ln61 = store i64 0, i64 296" [Coefficients.cpp:61]   --->   Operation 607 'store' 'store_ln61' <Predicate = true> <Delay = 1.23> <CoreInst = "RAM">   --->   Core 82 'RAM' <Latency = 1> <II = 1> <Delay = 1.23> <Storage> <Opcode : 'load' 'store'> <Ports = 2> <Width = 64> <Depth = 301> <RAM>

State 299 <SV = 149> <Delay = 1.23>
ST_299 : Operation 608 [1/1] (1.23ns)   --->   "%store_ln61 = store i64 0, i64 297" [Coefficients.cpp:61]   --->   Operation 608 'store' 'store_ln61' <Predicate = true> <Delay = 1.23> <CoreInst = "RAM">   --->   Core 82 'RAM' <Latency = 1> <II = 1> <Delay = 1.23> <Storage> <Opcode : 'load' 'store'> <Ports = 2> <Width = 64> <Depth = 301> <RAM>
ST_299 : Operation 609 [1/1] (1.23ns)   --->   "%store_ln61 = store i64 0, i64 298" [Coefficients.cpp:61]   --->   Operation 609 'store' 'store_ln61' <Predicate = true> <Delay = 1.23> <CoreInst = "RAM">   --->   Core 82 'RAM' <Latency = 1> <II = 1> <Delay = 1.23> <Storage> <Opcode : 'load' 'store'> <Ports = 2> <Width = 64> <Depth = 301> <RAM>

State 300 <SV = 150> <Delay = 1.23>
ST_300 : Operation 610 [1/1] (1.23ns)   --->   "%store_ln61 = store i64 0, i64 299" [Coefficients.cpp:61]   --->   Operation 610 'store' 'store_ln61' <Predicate = (reset_read)> <Delay = 1.23> <CoreInst = "RAM">   --->   Core 82 'RAM' <Latency = 1> <II = 1> <Delay = 1.23> <Storage> <Opcode : 'load' 'store'> <Ports = 2> <Width = 64> <Depth = 301> <RAM>
ST_300 : Operation 611 [1/1] (1.23ns)   --->   "%store_ln61 = store i64 0, i64 300" [Coefficients.cpp:61]   --->   Operation 611 'store' 'store_ln61' <Predicate = (reset_read)> <Delay = 1.23> <CoreInst = "RAM">   --->   Core 82 'RAM' <Latency = 1> <II = 1> <Delay = 1.23> <Storage> <Opcode : 'load' 'store'> <Ports = 2> <Width = 64> <Depth = 301> <RAM>
ST_300 : Operation 612 [1/1] (0.42ns)   --->   "%br_ln64 = br void %cleanup.cont" [Coefficients.cpp:64]   --->   Operation 612 'br' 'br_ln64' <Predicate = (reset_read)> <Delay = 0.42>
ST_300 : Operation 613 [1/1] (0.00ns)   --->   "%y_write_assign = phi i64 0, void %for.inc, i64 %acc_loc_load, void %Shift_Accum_Loop"   --->   Operation 613 'phi' 'y_write_assign' <Predicate = true> <Delay = 0.00>
ST_300 : Operation 614 [1/1] (0.00ns)   --->   "%ret_ln85 = ret i64 %y_write_assign" [Coefficients.cpp:85]   --->   Operation 614 'ret' 'ret_ln85' <Predicate = true> <Delay = 0.00>


============================================================
+ Verbose Summary: Binding
============================================================
STG Binding: 
---------------- STG Properties BEGIN ----------------
- Is combinational: 0
- Is one-state seq: 0
- Is datapath-only: 0
- Is pipelined: 0
- Is top level: 0
Port [ Return ] is wired: 1; IO mode=ap_ctrl_hs:ce=0
Port [ c]:  wired=1; compound=1; hidden=0; nouse=0; global=0; static=0; extern=0; dir=0; type=1; pingpong=0; private_global=0; MemPort=[13]; IO mode=ap_memory:ce=0
Port [ x]:  wired=1; compound=0; hidden=0; nouse=0; global=0; static=0; extern=0; dir=0; type=0; pingpong=0; private_global=0; IO mode=ap_none:ce=0
Port [ N]:  wired=1; compound=0; hidden=0; nouse=0; global=0; static=0; extern=0; dir=0; type=0; pingpong=0; private_global=0; IO mode=ap_none:ce=0
Port [ reset]:  wired=1; compound=0; hidden=0; nouse=0; global=0; static=0; extern=0; dir=0; type=0; pingpong=0; private_global=0; IO mode=ap_none:ce=0
Port [ shift_reg]:  wired=0; compound=1; hidden=1; nouse=0; global=1; static=1; extern=0; dir=2; type=1; pingpong=0; private_global=1; MemPort=[20]; IO mode=ap_memory:ce=0
---------------- STG Properties END ------------------

---------------- Datapath Model BEGIN ----------------

<LifeTime>
<method=bitvector/>
reset_read     (read  ) [ 0111111111111111111111111111111111111111111111111111111111111111111111111111111111111111111111111111111111111111111111111111111111111111111111111111111111111111111111111111111111111111111111111111111111111111111111111111111111111111111111111111111111111111111111111111111111111111111111111111111111111]
N_read         (read  ) [ 0000000000000000000000000000000000000000000000000000000000000000000000000000000000000000000000000000000000000000000000000000000000000000000000000000000000000000000000000000000000000000000000000000000000000000000000000000000000000000000000000000000000000000000000000000000000000000000000000000000000000]
x_read         (read  ) [ 0010000000000000000000000000000000000000000000000000000000000000000000000000000000000000000000000000000000000000000000000000000000000000000000000000000000000000000000000000000000000000000000000000000000000000000000000000000000000000000000000000000000000000000000000000000000000000000000000000000000000]
acc_loc        (alloca) [ 0111111111111111111111111111111111111111111111111111111111111111111111111111111111111111111111111111111111111111111111111111111111111111111111111111111000000000000000000000000000000000000000000000000000000000000000000000000000000000000000000000000000000000000000000000000000000000000000000000000000000]
br_ln58        (br    ) [ 0000000000000000000000000000000000000000000000000000000000000000000000000000000000000000000000000000000000000000000000000000000000000000000000000000000000000000000000000000000000000000000000000000000000000000000000000000000000000000000000000000000000000000000000000000000000000000000000000000000000000]
i              (add   ) [ 0010000000000000000000000000000000000000000000000000000000000000000000000000000000000000000000000000000000000000000000000000000000000000000000000000000000000000000000000000000000000000000000000000000000000000000000000000000000000000000000000000000000000000000000000000000000000000000000000000000000000]
store_ln61     (store ) [ 0000000000000000000000000000000000000000000000000000000000000000000000000000000000000000000000000000000000000000000000000000000000000000000000000000000000000000000000000000000000000000000000000000000000000000000000000000000000000000000000000000000000000000000000000000000000000000000000000000000000000]
store_ln61     (store ) [ 0000000000000000000000000000000000000000000000000000000000000000000000000000000000000000000000000000000000000000000000000000000000000000000000000000000000000000000000000000000000000000000000000000000000000000000000000000000000000000000000000000000000000000000000000000000000000000000000000000000000000]
call_ln68      (call  ) [ 0000000000000000000000000000000000000000000000000000000000000000000000000000000000000000000000000000000000000000000000000000000000000000000000000000000000000000000000000000000000000000000000000000000000000000000000000000000000000000000000000000000000000000000000000000000000000000000000000000000000000]
acc_loc_load   (load  ) [ 0000000000000000000000000000000000000000000000000000000000000000000000000000000000000000000000000000000000000000000000000000000000000000000000000000001000000000000000000000000000000000000000000000000000000000000000000000000000000000000000000000000000000000000000000000000000000000000000000000000000001]
br_ln0         (br    ) [ 0000000000000000000000000000000000000000000000000000000000000000000000000000000000000000000000000000000000000000000000000000000000000000000000000000001000000000000000000000000000000000000000000000000000000000000000000000000000000000000000000000000000000000000000000000000000000000000000000000000000001]
store_ln61     (store ) [ 0000000000000000000000000000000000000000000000000000000000000000000000000000000000000000000000000000000000000000000000000000000000000000000000000000000000000000000000000000000000000000000000000000000000000000000000000000000000000000000000000000000000000000000000000000000000000000000000000000000000000]
store_ln61     (store ) [ 0000000000000000000000000000000000000000000000000000000000000000000000000000000000000000000000000000000000000000000000000000000000000000000000000000000000000000000000000000000000000000000000000000000000000000000000000000000000000000000000000000000000000000000000000000000000000000000000000000000000000]
store_ln61     (store ) [ 0000000000000000000000000000000000000000000000000000000000000000000000000000000000000000000000000000000000000000000000000000000000000000000000000000000000000000000000000000000000000000000000000000000000000000000000000000000000000000000000000000000000000000000000000000000000000000000000000000000000000]
store_ln61     (store ) [ 0000000000000000000000000000000000000000000000000000000000000000000000000000000000000000000000000000000000000000000000000000000000000000000000000000000000000000000000000000000000000000000000000000000000000000000000000000000000000000000000000000000000000000000000000000000000000000000000000000000000000]
store_ln61     (store ) [ 0000000000000000000000000000000000000000000000000000000000000000000000000000000000000000000000000000000000000000000000000000000000000000000000000000000000000000000000000000000000000000000000000000000000000000000000000000000000000000000000000000000000000000000000000000000000000000000000000000000000000]
store_ln61     (store ) [ 0000000000000000000000000000000000000000000000000000000000000000000000000000000000000000000000000000000000000000000000000000000000000000000000000000000000000000000000000000000000000000000000000000000000000000000000000000000000000000000000000000000000000000000000000000000000000000000000000000000000000]
store_ln61     (store ) [ 0000000000000000000000000000000000000000000000000000000000000000000000000000000000000000000000000000000000000000000000000000000000000000000000000000000000000000000000000000000000000000000000000000000000000000000000000000000000000000000000000000000000000000000000000000000000000000000000000000000000000]
store_ln61     (store ) [ 0000000000000000000000000000000000000000000000000000000000000000000000000000000000000000000000000000000000000000000000000000000000000000000000000000000000000000000000000000000000000000000000000000000000000000000000000000000000000000000000000000000000000000000000000000000000000000000000000000000000000]
store_ln61     (store ) [ 0000000000000000000000000000000000000000000000000000000000000000000000000000000000000000000000000000000000000000000000000000000000000000000000000000000000000000000000000000000000000000000000000000000000000000000000000000000000000000000000000000000000000000000000000000000000000000000000000000000000000]
store_ln61     (store ) [ 0000000000000000000000000000000000000000000000000000000000000000000000000000000000000000000000000000000000000000000000000000000000000000000000000000000000000000000000000000000000000000000000000000000000000000000000000000000000000000000000000000000000000000000000000000000000000000000000000000000000000]
store_ln61     (store ) [ 0000000000000000000000000000000000000000000000000000000000000000000000000000000000000000000000000000000000000000000000000000000000000000000000000000000000000000000000000000000000000000000000000000000000000000000000000000000000000000000000000000000000000000000000000000000000000000000000000000000000000]
store_ln61     (store ) [ 0000000000000000000000000000000000000000000000000000000000000000000000000000000000000000000000000000000000000000000000000000000000000000000000000000000000000000000000000000000000000000000000000000000000000000000000000000000000000000000000000000000000000000000000000000000000000000000000000000000000000]
store_ln61     (store ) [ 0000000000000000000000000000000000000000000000000000000000000000000000000000000000000000000000000000000000000000000000000000000000000000000000000000000000000000000000000000000000000000000000000000000000000000000000000000000000000000000000000000000000000000000000000000000000000000000000000000000000000]
store_ln61     (store ) [ 0000000000000000000000000000000000000000000000000000000000000000000000000000000000000000000000000000000000000000000000000000000000000000000000000000000000000000000000000000000000000000000000000000000000000000000000000000000000000000000000000000000000000000000000000000000000000000000000000000000000000]
store_ln61     (store ) [ 0000000000000000000000000000000000000000000000000000000000000000000000000000000000000000000000000000000000000000000000000000000000000000000000000000000000000000000000000000000000000000000000000000000000000000000000000000000000000000000000000000000000000000000000000000000000000000000000000000000000000]
store_ln61     (store ) [ 0000000000000000000000000000000000000000000000000000000000000000000000000000000000000000000000000000000000000000000000000000000000000000000000000000000000000000000000000000000000000000000000000000000000000000000000000000000000000000000000000000000000000000000000000000000000000000000000000000000000000]
store_ln61     (store ) [ 0000000000000000000000000000000000000000000000000000000000000000000000000000000000000000000000000000000000000000000000000000000000000000000000000000000000000000000000000000000000000000000000000000000000000000000000000000000000000000000000000000000000000000000000000000000000000000000000000000000000000]
store_ln61     (store ) [ 0000000000000000000000000000000000000000000000000000000000000000000000000000000000000000000000000000000000000000000000000000000000000000000000000000000000000000000000000000000000000000000000000000000000000000000000000000000000000000000000000000000000000000000000000000000000000000000000000000000000000]
store_ln61     (store ) [ 0000000000000000000000000000000000000000000000000000000000000000000000000000000000000000000000000000000000000000000000000000000000000000000000000000000000000000000000000000000000000000000000000000000000000000000000000000000000000000000000000000000000000000000000000000000000000000000000000000000000000]
store_ln61     (store ) [ 0000000000000000000000000000000000000000000000000000000000000000000000000000000000000000000000000000000000000000000000000000000000000000000000000000000000000000000000000000000000000000000000000000000000000000000000000000000000000000000000000000000000000000000000000000000000000000000000000000000000000]
store_ln61     (store ) [ 0000000000000000000000000000000000000000000000000000000000000000000000000000000000000000000000000000000000000000000000000000000000000000000000000000000000000000000000000000000000000000000000000000000000000000000000000000000000000000000000000000000000000000000000000000000000000000000000000000000000000]
store_ln61     (store ) [ 0000000000000000000000000000000000000000000000000000000000000000000000000000000000000000000000000000000000000000000000000000000000000000000000000000000000000000000000000000000000000000000000000000000000000000000000000000000000000000000000000000000000000000000000000000000000000000000000000000000000000]
store_ln61     (store ) [ 0000000000000000000000000000000000000000000000000000000000000000000000000000000000000000000000000000000000000000000000000000000000000000000000000000000000000000000000000000000000000000000000000000000000000000000000000000000000000000000000000000000000000000000000000000000000000000000000000000000000000]
store_ln61     (store ) [ 0000000000000000000000000000000000000000000000000000000000000000000000000000000000000000000000000000000000000000000000000000000000000000000000000000000000000000000000000000000000000000000000000000000000000000000000000000000000000000000000000000000000000000000000000000000000000000000000000000000000000]
store_ln61     (store ) [ 0000000000000000000000000000000000000000000000000000000000000000000000000000000000000000000000000000000000000000000000000000000000000000000000000000000000000000000000000000000000000000000000000000000000000000000000000000000000000000000000000000000000000000000000000000000000000000000000000000000000000]
store_ln61     (store ) [ 0000000000000000000000000000000000000000000000000000000000000000000000000000000000000000000000000000000000000000000000000000000000000000000000000000000000000000000000000000000000000000000000000000000000000000000000000000000000000000000000000000000000000000000000000000000000000000000000000000000000000]
store_ln61     (store ) [ 0000000000000000000000000000000000000000000000000000000000000000000000000000000000000000000000000000000000000000000000000000000000000000000000000000000000000000000000000000000000000000000000000000000000000000000000000000000000000000000000000000000000000000000000000000000000000000000000000000000000000]
store_ln61     (store ) [ 0000000000000000000000000000000000000000000000000000000000000000000000000000000000000000000000000000000000000000000000000000000000000000000000000000000000000000000000000000000000000000000000000000000000000000000000000000000000000000000000000000000000000000000000000000000000000000000000000000000000000]
store_ln61     (store ) [ 0000000000000000000000000000000000000000000000000000000000000000000000000000000000000000000000000000000000000000000000000000000000000000000000000000000000000000000000000000000000000000000000000000000000000000000000000000000000000000000000000000000000000000000000000000000000000000000000000000000000000]
store_ln61     (store ) [ 0000000000000000000000000000000000000000000000000000000000000000000000000000000000000000000000000000000000000000000000000000000000000000000000000000000000000000000000000000000000000000000000000000000000000000000000000000000000000000000000000000000000000000000000000000000000000000000000000000000000000]
store_ln61     (store ) [ 0000000000000000000000000000000000000000000000000000000000000000000000000000000000000000000000000000000000000000000000000000000000000000000000000000000000000000000000000000000000000000000000000000000000000000000000000000000000000000000000000000000000000000000000000000000000000000000000000000000000000]
store_ln61     (store ) [ 0000000000000000000000000000000000000000000000000000000000000000000000000000000000000000000000000000000000000000000000000000000000000000000000000000000000000000000000000000000000000000000000000000000000000000000000000000000000000000000000000000000000000000000000000000000000000000000000000000000000000]
store_ln61     (store ) [ 0000000000000000000000000000000000000000000000000000000000000000000000000000000000000000000000000000000000000000000000000000000000000000000000000000000000000000000000000000000000000000000000000000000000000000000000000000000000000000000000000000000000000000000000000000000000000000000000000000000000000]
store_ln61     (store ) [ 0000000000000000000000000000000000000000000000000000000000000000000000000000000000000000000000000000000000000000000000000000000000000000000000000000000000000000000000000000000000000000000000000000000000000000000000000000000000000000000000000000000000000000000000000000000000000000000000000000000000000]
store_ln61     (store ) [ 0000000000000000000000000000000000000000000000000000000000000000000000000000000000000000000000000000000000000000000000000000000000000000000000000000000000000000000000000000000000000000000000000000000000000000000000000000000000000000000000000000000000000000000000000000000000000000000000000000000000000]
store_ln61     (store ) [ 0000000000000000000000000000000000000000000000000000000000000000000000000000000000000000000000000000000000000000000000000000000000000000000000000000000000000000000000000000000000000000000000000000000000000000000000000000000000000000000000000000000000000000000000000000000000000000000000000000000000000]
store_ln61     (store ) [ 0000000000000000000000000000000000000000000000000000000000000000000000000000000000000000000000000000000000000000000000000000000000000000000000000000000000000000000000000000000000000000000000000000000000000000000000000000000000000000000000000000000000000000000000000000000000000000000000000000000000000]
store_ln61     (store ) [ 0000000000000000000000000000000000000000000000000000000000000000000000000000000000000000000000000000000000000000000000000000000000000000000000000000000000000000000000000000000000000000000000000000000000000000000000000000000000000000000000000000000000000000000000000000000000000000000000000000000000000]
store_ln61     (store ) [ 0000000000000000000000000000000000000000000000000000000000000000000000000000000000000000000000000000000000000000000000000000000000000000000000000000000000000000000000000000000000000000000000000000000000000000000000000000000000000000000000000000000000000000000000000000000000000000000000000000000000000]
store_ln61     (store ) [ 0000000000000000000000000000000000000000000000000000000000000000000000000000000000000000000000000000000000000000000000000000000000000000000000000000000000000000000000000000000000000000000000000000000000000000000000000000000000000000000000000000000000000000000000000000000000000000000000000000000000000]
store_ln61     (store ) [ 0000000000000000000000000000000000000000000000000000000000000000000000000000000000000000000000000000000000000000000000000000000000000000000000000000000000000000000000000000000000000000000000000000000000000000000000000000000000000000000000000000000000000000000000000000000000000000000000000000000000000]
store_ln61     (store ) [ 0000000000000000000000000000000000000000000000000000000000000000000000000000000000000000000000000000000000000000000000000000000000000000000000000000000000000000000000000000000000000000000000000000000000000000000000000000000000000000000000000000000000000000000000000000000000000000000000000000000000000]
store_ln61     (store ) [ 0000000000000000000000000000000000000000000000000000000000000000000000000000000000000000000000000000000000000000000000000000000000000000000000000000000000000000000000000000000000000000000000000000000000000000000000000000000000000000000000000000000000000000000000000000000000000000000000000000000000000]
store_ln61     (store ) [ 0000000000000000000000000000000000000000000000000000000000000000000000000000000000000000000000000000000000000000000000000000000000000000000000000000000000000000000000000000000000000000000000000000000000000000000000000000000000000000000000000000000000000000000000000000000000000000000000000000000000000]
store_ln61     (store ) [ 0000000000000000000000000000000000000000000000000000000000000000000000000000000000000000000000000000000000000000000000000000000000000000000000000000000000000000000000000000000000000000000000000000000000000000000000000000000000000000000000000000000000000000000000000000000000000000000000000000000000000]
store_ln61     (store ) [ 0000000000000000000000000000000000000000000000000000000000000000000000000000000000000000000000000000000000000000000000000000000000000000000000000000000000000000000000000000000000000000000000000000000000000000000000000000000000000000000000000000000000000000000000000000000000000000000000000000000000000]
store_ln61     (store ) [ 0000000000000000000000000000000000000000000000000000000000000000000000000000000000000000000000000000000000000000000000000000000000000000000000000000000000000000000000000000000000000000000000000000000000000000000000000000000000000000000000000000000000000000000000000000000000000000000000000000000000000]
store_ln61     (store ) [ 0000000000000000000000000000000000000000000000000000000000000000000000000000000000000000000000000000000000000000000000000000000000000000000000000000000000000000000000000000000000000000000000000000000000000000000000000000000000000000000000000000000000000000000000000000000000000000000000000000000000000]
store_ln61     (store ) [ 0000000000000000000000000000000000000000000000000000000000000000000000000000000000000000000000000000000000000000000000000000000000000000000000000000000000000000000000000000000000000000000000000000000000000000000000000000000000000000000000000000000000000000000000000000000000000000000000000000000000000]
store_ln61     (store ) [ 0000000000000000000000000000000000000000000000000000000000000000000000000000000000000000000000000000000000000000000000000000000000000000000000000000000000000000000000000000000000000000000000000000000000000000000000000000000000000000000000000000000000000000000000000000000000000000000000000000000000000]
store_ln61     (store ) [ 0000000000000000000000000000000000000000000000000000000000000000000000000000000000000000000000000000000000000000000000000000000000000000000000000000000000000000000000000000000000000000000000000000000000000000000000000000000000000000000000000000000000000000000000000000000000000000000000000000000000000]
store_ln61     (store ) [ 0000000000000000000000000000000000000000000000000000000000000000000000000000000000000000000000000000000000000000000000000000000000000000000000000000000000000000000000000000000000000000000000000000000000000000000000000000000000000000000000000000000000000000000000000000000000000000000000000000000000000]
store_ln61     (store ) [ 0000000000000000000000000000000000000000000000000000000000000000000000000000000000000000000000000000000000000000000000000000000000000000000000000000000000000000000000000000000000000000000000000000000000000000000000000000000000000000000000000000000000000000000000000000000000000000000000000000000000000]
store_ln61     (store ) [ 0000000000000000000000000000000000000000000000000000000000000000000000000000000000000000000000000000000000000000000000000000000000000000000000000000000000000000000000000000000000000000000000000000000000000000000000000000000000000000000000000000000000000000000000000000000000000000000000000000000000000]
store_ln61     (store ) [ 0000000000000000000000000000000000000000000000000000000000000000000000000000000000000000000000000000000000000000000000000000000000000000000000000000000000000000000000000000000000000000000000000000000000000000000000000000000000000000000000000000000000000000000000000000000000000000000000000000000000000]
store_ln61     (store ) [ 0000000000000000000000000000000000000000000000000000000000000000000000000000000000000000000000000000000000000000000000000000000000000000000000000000000000000000000000000000000000000000000000000000000000000000000000000000000000000000000000000000000000000000000000000000000000000000000000000000000000000]
store_ln61     (store ) [ 0000000000000000000000000000000000000000000000000000000000000000000000000000000000000000000000000000000000000000000000000000000000000000000000000000000000000000000000000000000000000000000000000000000000000000000000000000000000000000000000000000000000000000000000000000000000000000000000000000000000000]
store_ln61     (store ) [ 0000000000000000000000000000000000000000000000000000000000000000000000000000000000000000000000000000000000000000000000000000000000000000000000000000000000000000000000000000000000000000000000000000000000000000000000000000000000000000000000000000000000000000000000000000000000000000000000000000000000000]
store_ln61     (store ) [ 0000000000000000000000000000000000000000000000000000000000000000000000000000000000000000000000000000000000000000000000000000000000000000000000000000000000000000000000000000000000000000000000000000000000000000000000000000000000000000000000000000000000000000000000000000000000000000000000000000000000000]
store_ln61     (store ) [ 0000000000000000000000000000000000000000000000000000000000000000000000000000000000000000000000000000000000000000000000000000000000000000000000000000000000000000000000000000000000000000000000000000000000000000000000000000000000000000000000000000000000000000000000000000000000000000000000000000000000000]
store_ln61     (store ) [ 0000000000000000000000000000000000000000000000000000000000000000000000000000000000000000000000000000000000000000000000000000000000000000000000000000000000000000000000000000000000000000000000000000000000000000000000000000000000000000000000000000000000000000000000000000000000000000000000000000000000000]
store_ln61     (store ) [ 0000000000000000000000000000000000000000000000000000000000000000000000000000000000000000000000000000000000000000000000000000000000000000000000000000000000000000000000000000000000000000000000000000000000000000000000000000000000000000000000000000000000000000000000000000000000000000000000000000000000000]
store_ln61     (store ) [ 0000000000000000000000000000000000000000000000000000000000000000000000000000000000000000000000000000000000000000000000000000000000000000000000000000000000000000000000000000000000000000000000000000000000000000000000000000000000000000000000000000000000000000000000000000000000000000000000000000000000000]
store_ln61     (store ) [ 0000000000000000000000000000000000000000000000000000000000000000000000000000000000000000000000000000000000000000000000000000000000000000000000000000000000000000000000000000000000000000000000000000000000000000000000000000000000000000000000000000000000000000000000000000000000000000000000000000000000000]
store_ln61     (store ) [ 0000000000000000000000000000000000000000000000000000000000000000000000000000000000000000000000000000000000000000000000000000000000000000000000000000000000000000000000000000000000000000000000000000000000000000000000000000000000000000000000000000000000000000000000000000000000000000000000000000000000000]
store_ln61     (store ) [ 0000000000000000000000000000000000000000000000000000000000000000000000000000000000000000000000000000000000000000000000000000000000000000000000000000000000000000000000000000000000000000000000000000000000000000000000000000000000000000000000000000000000000000000000000000000000000000000000000000000000000]
store_ln61     (store ) [ 0000000000000000000000000000000000000000000000000000000000000000000000000000000000000000000000000000000000000000000000000000000000000000000000000000000000000000000000000000000000000000000000000000000000000000000000000000000000000000000000000000000000000000000000000000000000000000000000000000000000000]
store_ln61     (store ) [ 0000000000000000000000000000000000000000000000000000000000000000000000000000000000000000000000000000000000000000000000000000000000000000000000000000000000000000000000000000000000000000000000000000000000000000000000000000000000000000000000000000000000000000000000000000000000000000000000000000000000000]
store_ln61     (store ) [ 0000000000000000000000000000000000000000000000000000000000000000000000000000000000000000000000000000000000000000000000000000000000000000000000000000000000000000000000000000000000000000000000000000000000000000000000000000000000000000000000000000000000000000000000000000000000000000000000000000000000000]
store_ln61     (store ) [ 0000000000000000000000000000000000000000000000000000000000000000000000000000000000000000000000000000000000000000000000000000000000000000000000000000000000000000000000000000000000000000000000000000000000000000000000000000000000000000000000000000000000000000000000000000000000000000000000000000000000000]
store_ln61     (store ) [ 0000000000000000000000000000000000000000000000000000000000000000000000000000000000000000000000000000000000000000000000000000000000000000000000000000000000000000000000000000000000000000000000000000000000000000000000000000000000000000000000000000000000000000000000000000000000000000000000000000000000000]
store_ln61     (store ) [ 0000000000000000000000000000000000000000000000000000000000000000000000000000000000000000000000000000000000000000000000000000000000000000000000000000000000000000000000000000000000000000000000000000000000000000000000000000000000000000000000000000000000000000000000000000000000000000000000000000000000000]
store_ln61     (store ) [ 0000000000000000000000000000000000000000000000000000000000000000000000000000000000000000000000000000000000000000000000000000000000000000000000000000000000000000000000000000000000000000000000000000000000000000000000000000000000000000000000000000000000000000000000000000000000000000000000000000000000000]
store_ln61     (store ) [ 0000000000000000000000000000000000000000000000000000000000000000000000000000000000000000000000000000000000000000000000000000000000000000000000000000000000000000000000000000000000000000000000000000000000000000000000000000000000000000000000000000000000000000000000000000000000000000000000000000000000000]
store_ln61     (store ) [ 0000000000000000000000000000000000000000000000000000000000000000000000000000000000000000000000000000000000000000000000000000000000000000000000000000000000000000000000000000000000000000000000000000000000000000000000000000000000000000000000000000000000000000000000000000000000000000000000000000000000000]
store_ln61     (store ) [ 0000000000000000000000000000000000000000000000000000000000000000000000000000000000000000000000000000000000000000000000000000000000000000000000000000000000000000000000000000000000000000000000000000000000000000000000000000000000000000000000000000000000000000000000000000000000000000000000000000000000000]
store_ln61     (store ) [ 0000000000000000000000000000000000000000000000000000000000000000000000000000000000000000000000000000000000000000000000000000000000000000000000000000000000000000000000000000000000000000000000000000000000000000000000000000000000000000000000000000000000000000000000000000000000000000000000000000000000000]
store_ln61     (store ) [ 0000000000000000000000000000000000000000000000000000000000000000000000000000000000000000000000000000000000000000000000000000000000000000000000000000000000000000000000000000000000000000000000000000000000000000000000000000000000000000000000000000000000000000000000000000000000000000000000000000000000000]
store_ln61     (store ) [ 0000000000000000000000000000000000000000000000000000000000000000000000000000000000000000000000000000000000000000000000000000000000000000000000000000000000000000000000000000000000000000000000000000000000000000000000000000000000000000000000000000000000000000000000000000000000000000000000000000000000000]
store_ln61     (store ) [ 0000000000000000000000000000000000000000000000000000000000000000000000000000000000000000000000000000000000000000000000000000000000000000000000000000000000000000000000000000000000000000000000000000000000000000000000000000000000000000000000000000000000000000000000000000000000000000000000000000000000000]
store_ln61     (store ) [ 0000000000000000000000000000000000000000000000000000000000000000000000000000000000000000000000000000000000000000000000000000000000000000000000000000000000000000000000000000000000000000000000000000000000000000000000000000000000000000000000000000000000000000000000000000000000000000000000000000000000000]
store_ln61     (store ) [ 0000000000000000000000000000000000000000000000000000000000000000000000000000000000000000000000000000000000000000000000000000000000000000000000000000000000000000000000000000000000000000000000000000000000000000000000000000000000000000000000000000000000000000000000000000000000000000000000000000000000000]
store_ln61     (store ) [ 0000000000000000000000000000000000000000000000000000000000000000000000000000000000000000000000000000000000000000000000000000000000000000000000000000000000000000000000000000000000000000000000000000000000000000000000000000000000000000000000000000000000000000000000000000000000000000000000000000000000000]
store_ln61     (store ) [ 0000000000000000000000000000000000000000000000000000000000000000000000000000000000000000000000000000000000000000000000000000000000000000000000000000000000000000000000000000000000000000000000000000000000000000000000000000000000000000000000000000000000000000000000000000000000000000000000000000000000000]
store_ln61     (store ) [ 0000000000000000000000000000000000000000000000000000000000000000000000000000000000000000000000000000000000000000000000000000000000000000000000000000000000000000000000000000000000000000000000000000000000000000000000000000000000000000000000000000000000000000000000000000000000000000000000000000000000000]
store_ln61     (store ) [ 0000000000000000000000000000000000000000000000000000000000000000000000000000000000000000000000000000000000000000000000000000000000000000000000000000000000000000000000000000000000000000000000000000000000000000000000000000000000000000000000000000000000000000000000000000000000000000000000000000000000000]
store_ln61     (store ) [ 0000000000000000000000000000000000000000000000000000000000000000000000000000000000000000000000000000000000000000000000000000000000000000000000000000000000000000000000000000000000000000000000000000000000000000000000000000000000000000000000000000000000000000000000000000000000000000000000000000000000000]
store_ln61     (store ) [ 0000000000000000000000000000000000000000000000000000000000000000000000000000000000000000000000000000000000000000000000000000000000000000000000000000000000000000000000000000000000000000000000000000000000000000000000000000000000000000000000000000000000000000000000000000000000000000000000000000000000000]
store_ln61     (store ) [ 0000000000000000000000000000000000000000000000000000000000000000000000000000000000000000000000000000000000000000000000000000000000000000000000000000000000000000000000000000000000000000000000000000000000000000000000000000000000000000000000000000000000000000000000000000000000000000000000000000000000000]
store_ln61     (store ) [ 0000000000000000000000000000000000000000000000000000000000000000000000000000000000000000000000000000000000000000000000000000000000000000000000000000000000000000000000000000000000000000000000000000000000000000000000000000000000000000000000000000000000000000000000000000000000000000000000000000000000000]
store_ln61     (store ) [ 0000000000000000000000000000000000000000000000000000000000000000000000000000000000000000000000000000000000000000000000000000000000000000000000000000000000000000000000000000000000000000000000000000000000000000000000000000000000000000000000000000000000000000000000000000000000000000000000000000000000000]
store_ln61     (store ) [ 0000000000000000000000000000000000000000000000000000000000000000000000000000000000000000000000000000000000000000000000000000000000000000000000000000000000000000000000000000000000000000000000000000000000000000000000000000000000000000000000000000000000000000000000000000000000000000000000000000000000000]
store_ln61     (store ) [ 0000000000000000000000000000000000000000000000000000000000000000000000000000000000000000000000000000000000000000000000000000000000000000000000000000000000000000000000000000000000000000000000000000000000000000000000000000000000000000000000000000000000000000000000000000000000000000000000000000000000000]
store_ln61     (store ) [ 0000000000000000000000000000000000000000000000000000000000000000000000000000000000000000000000000000000000000000000000000000000000000000000000000000000000000000000000000000000000000000000000000000000000000000000000000000000000000000000000000000000000000000000000000000000000000000000000000000000000000]
store_ln61     (store ) [ 0000000000000000000000000000000000000000000000000000000000000000000000000000000000000000000000000000000000000000000000000000000000000000000000000000000000000000000000000000000000000000000000000000000000000000000000000000000000000000000000000000000000000000000000000000000000000000000000000000000000000]
store_ln61     (store ) [ 0000000000000000000000000000000000000000000000000000000000000000000000000000000000000000000000000000000000000000000000000000000000000000000000000000000000000000000000000000000000000000000000000000000000000000000000000000000000000000000000000000000000000000000000000000000000000000000000000000000000000]
store_ln61     (store ) [ 0000000000000000000000000000000000000000000000000000000000000000000000000000000000000000000000000000000000000000000000000000000000000000000000000000000000000000000000000000000000000000000000000000000000000000000000000000000000000000000000000000000000000000000000000000000000000000000000000000000000000]
store_ln61     (store ) [ 0000000000000000000000000000000000000000000000000000000000000000000000000000000000000000000000000000000000000000000000000000000000000000000000000000000000000000000000000000000000000000000000000000000000000000000000000000000000000000000000000000000000000000000000000000000000000000000000000000000000000]
store_ln61     (store ) [ 0000000000000000000000000000000000000000000000000000000000000000000000000000000000000000000000000000000000000000000000000000000000000000000000000000000000000000000000000000000000000000000000000000000000000000000000000000000000000000000000000000000000000000000000000000000000000000000000000000000000000]
store_ln61     (store ) [ 0000000000000000000000000000000000000000000000000000000000000000000000000000000000000000000000000000000000000000000000000000000000000000000000000000000000000000000000000000000000000000000000000000000000000000000000000000000000000000000000000000000000000000000000000000000000000000000000000000000000000]
store_ln61     (store ) [ 0000000000000000000000000000000000000000000000000000000000000000000000000000000000000000000000000000000000000000000000000000000000000000000000000000000000000000000000000000000000000000000000000000000000000000000000000000000000000000000000000000000000000000000000000000000000000000000000000000000000000]
store_ln61     (store ) [ 0000000000000000000000000000000000000000000000000000000000000000000000000000000000000000000000000000000000000000000000000000000000000000000000000000000000000000000000000000000000000000000000000000000000000000000000000000000000000000000000000000000000000000000000000000000000000000000000000000000000000]
store_ln61     (store ) [ 0000000000000000000000000000000000000000000000000000000000000000000000000000000000000000000000000000000000000000000000000000000000000000000000000000000000000000000000000000000000000000000000000000000000000000000000000000000000000000000000000000000000000000000000000000000000000000000000000000000000000]
store_ln61     (store ) [ 0000000000000000000000000000000000000000000000000000000000000000000000000000000000000000000000000000000000000000000000000000000000000000000000000000000000000000000000000000000000000000000000000000000000000000000000000000000000000000000000000000000000000000000000000000000000000000000000000000000000000]
store_ln61     (store ) [ 0000000000000000000000000000000000000000000000000000000000000000000000000000000000000000000000000000000000000000000000000000000000000000000000000000000000000000000000000000000000000000000000000000000000000000000000000000000000000000000000000000000000000000000000000000000000000000000000000000000000000]
store_ln61     (store ) [ 0000000000000000000000000000000000000000000000000000000000000000000000000000000000000000000000000000000000000000000000000000000000000000000000000000000000000000000000000000000000000000000000000000000000000000000000000000000000000000000000000000000000000000000000000000000000000000000000000000000000000]
store_ln61     (store ) [ 0000000000000000000000000000000000000000000000000000000000000000000000000000000000000000000000000000000000000000000000000000000000000000000000000000000000000000000000000000000000000000000000000000000000000000000000000000000000000000000000000000000000000000000000000000000000000000000000000000000000000]
store_ln61     (store ) [ 0000000000000000000000000000000000000000000000000000000000000000000000000000000000000000000000000000000000000000000000000000000000000000000000000000000000000000000000000000000000000000000000000000000000000000000000000000000000000000000000000000000000000000000000000000000000000000000000000000000000000]
store_ln61     (store ) [ 0000000000000000000000000000000000000000000000000000000000000000000000000000000000000000000000000000000000000000000000000000000000000000000000000000000000000000000000000000000000000000000000000000000000000000000000000000000000000000000000000000000000000000000000000000000000000000000000000000000000000]
store_ln61     (store ) [ 0000000000000000000000000000000000000000000000000000000000000000000000000000000000000000000000000000000000000000000000000000000000000000000000000000000000000000000000000000000000000000000000000000000000000000000000000000000000000000000000000000000000000000000000000000000000000000000000000000000000000]
store_ln61     (store ) [ 0000000000000000000000000000000000000000000000000000000000000000000000000000000000000000000000000000000000000000000000000000000000000000000000000000000000000000000000000000000000000000000000000000000000000000000000000000000000000000000000000000000000000000000000000000000000000000000000000000000000000]
store_ln61     (store ) [ 0000000000000000000000000000000000000000000000000000000000000000000000000000000000000000000000000000000000000000000000000000000000000000000000000000000000000000000000000000000000000000000000000000000000000000000000000000000000000000000000000000000000000000000000000000000000000000000000000000000000000]
store_ln61     (store ) [ 0000000000000000000000000000000000000000000000000000000000000000000000000000000000000000000000000000000000000000000000000000000000000000000000000000000000000000000000000000000000000000000000000000000000000000000000000000000000000000000000000000000000000000000000000000000000000000000000000000000000000]
store_ln61     (store ) [ 0000000000000000000000000000000000000000000000000000000000000000000000000000000000000000000000000000000000000000000000000000000000000000000000000000000000000000000000000000000000000000000000000000000000000000000000000000000000000000000000000000000000000000000000000000000000000000000000000000000000000]
store_ln61     (store ) [ 0000000000000000000000000000000000000000000000000000000000000000000000000000000000000000000000000000000000000000000000000000000000000000000000000000000000000000000000000000000000000000000000000000000000000000000000000000000000000000000000000000000000000000000000000000000000000000000000000000000000000]
store_ln61     (store ) [ 0000000000000000000000000000000000000000000000000000000000000000000000000000000000000000000000000000000000000000000000000000000000000000000000000000000000000000000000000000000000000000000000000000000000000000000000000000000000000000000000000000000000000000000000000000000000000000000000000000000000000]
store_ln61     (store ) [ 0000000000000000000000000000000000000000000000000000000000000000000000000000000000000000000000000000000000000000000000000000000000000000000000000000000000000000000000000000000000000000000000000000000000000000000000000000000000000000000000000000000000000000000000000000000000000000000000000000000000000]
store_ln61     (store ) [ 0000000000000000000000000000000000000000000000000000000000000000000000000000000000000000000000000000000000000000000000000000000000000000000000000000000000000000000000000000000000000000000000000000000000000000000000000000000000000000000000000000000000000000000000000000000000000000000000000000000000000]
store_ln61     (store ) [ 0000000000000000000000000000000000000000000000000000000000000000000000000000000000000000000000000000000000000000000000000000000000000000000000000000000000000000000000000000000000000000000000000000000000000000000000000000000000000000000000000000000000000000000000000000000000000000000000000000000000000]
store_ln61     (store ) [ 0000000000000000000000000000000000000000000000000000000000000000000000000000000000000000000000000000000000000000000000000000000000000000000000000000000000000000000000000000000000000000000000000000000000000000000000000000000000000000000000000000000000000000000000000000000000000000000000000000000000000]
store_ln61     (store ) [ 0000000000000000000000000000000000000000000000000000000000000000000000000000000000000000000000000000000000000000000000000000000000000000000000000000000000000000000000000000000000000000000000000000000000000000000000000000000000000000000000000000000000000000000000000000000000000000000000000000000000000]
store_ln61     (store ) [ 0000000000000000000000000000000000000000000000000000000000000000000000000000000000000000000000000000000000000000000000000000000000000000000000000000000000000000000000000000000000000000000000000000000000000000000000000000000000000000000000000000000000000000000000000000000000000000000000000000000000000]
store_ln61     (store ) [ 0000000000000000000000000000000000000000000000000000000000000000000000000000000000000000000000000000000000000000000000000000000000000000000000000000000000000000000000000000000000000000000000000000000000000000000000000000000000000000000000000000000000000000000000000000000000000000000000000000000000000]
store_ln61     (store ) [ 0000000000000000000000000000000000000000000000000000000000000000000000000000000000000000000000000000000000000000000000000000000000000000000000000000000000000000000000000000000000000000000000000000000000000000000000000000000000000000000000000000000000000000000000000000000000000000000000000000000000000]
store_ln61     (store ) [ 0000000000000000000000000000000000000000000000000000000000000000000000000000000000000000000000000000000000000000000000000000000000000000000000000000000000000000000000000000000000000000000000000000000000000000000000000000000000000000000000000000000000000000000000000000000000000000000000000000000000000]
store_ln61     (store ) [ 0000000000000000000000000000000000000000000000000000000000000000000000000000000000000000000000000000000000000000000000000000000000000000000000000000000000000000000000000000000000000000000000000000000000000000000000000000000000000000000000000000000000000000000000000000000000000000000000000000000000000]
store_ln61     (store ) [ 0000000000000000000000000000000000000000000000000000000000000000000000000000000000000000000000000000000000000000000000000000000000000000000000000000000000000000000000000000000000000000000000000000000000000000000000000000000000000000000000000000000000000000000000000000000000000000000000000000000000000]
store_ln61     (store ) [ 0000000000000000000000000000000000000000000000000000000000000000000000000000000000000000000000000000000000000000000000000000000000000000000000000000000000000000000000000000000000000000000000000000000000000000000000000000000000000000000000000000000000000000000000000000000000000000000000000000000000000]
store_ln61     (store ) [ 0000000000000000000000000000000000000000000000000000000000000000000000000000000000000000000000000000000000000000000000000000000000000000000000000000000000000000000000000000000000000000000000000000000000000000000000000000000000000000000000000000000000000000000000000000000000000000000000000000000000000]
store_ln61     (store ) [ 0000000000000000000000000000000000000000000000000000000000000000000000000000000000000000000000000000000000000000000000000000000000000000000000000000000000000000000000000000000000000000000000000000000000000000000000000000000000000000000000000000000000000000000000000000000000000000000000000000000000000]
store_ln61     (store ) [ 0000000000000000000000000000000000000000000000000000000000000000000000000000000000000000000000000000000000000000000000000000000000000000000000000000000000000000000000000000000000000000000000000000000000000000000000000000000000000000000000000000000000000000000000000000000000000000000000000000000000000]
store_ln61     (store ) [ 0000000000000000000000000000000000000000000000000000000000000000000000000000000000000000000000000000000000000000000000000000000000000000000000000000000000000000000000000000000000000000000000000000000000000000000000000000000000000000000000000000000000000000000000000000000000000000000000000000000000000]
store_ln61     (store ) [ 0000000000000000000000000000000000000000000000000000000000000000000000000000000000000000000000000000000000000000000000000000000000000000000000000000000000000000000000000000000000000000000000000000000000000000000000000000000000000000000000000000000000000000000000000000000000000000000000000000000000000]
store_ln61     (store ) [ 0000000000000000000000000000000000000000000000000000000000000000000000000000000000000000000000000000000000000000000000000000000000000000000000000000000000000000000000000000000000000000000000000000000000000000000000000000000000000000000000000000000000000000000000000000000000000000000000000000000000000]
store_ln61     (store ) [ 0000000000000000000000000000000000000000000000000000000000000000000000000000000000000000000000000000000000000000000000000000000000000000000000000000000000000000000000000000000000000000000000000000000000000000000000000000000000000000000000000000000000000000000000000000000000000000000000000000000000000]
store_ln61     (store ) [ 0000000000000000000000000000000000000000000000000000000000000000000000000000000000000000000000000000000000000000000000000000000000000000000000000000000000000000000000000000000000000000000000000000000000000000000000000000000000000000000000000000000000000000000000000000000000000000000000000000000000000]
store_ln61     (store ) [ 0000000000000000000000000000000000000000000000000000000000000000000000000000000000000000000000000000000000000000000000000000000000000000000000000000000000000000000000000000000000000000000000000000000000000000000000000000000000000000000000000000000000000000000000000000000000000000000000000000000000000]
store_ln61     (store ) [ 0000000000000000000000000000000000000000000000000000000000000000000000000000000000000000000000000000000000000000000000000000000000000000000000000000000000000000000000000000000000000000000000000000000000000000000000000000000000000000000000000000000000000000000000000000000000000000000000000000000000000]
store_ln61     (store ) [ 0000000000000000000000000000000000000000000000000000000000000000000000000000000000000000000000000000000000000000000000000000000000000000000000000000000000000000000000000000000000000000000000000000000000000000000000000000000000000000000000000000000000000000000000000000000000000000000000000000000000000]
store_ln61     (store ) [ 0000000000000000000000000000000000000000000000000000000000000000000000000000000000000000000000000000000000000000000000000000000000000000000000000000000000000000000000000000000000000000000000000000000000000000000000000000000000000000000000000000000000000000000000000000000000000000000000000000000000000]
store_ln61     (store ) [ 0000000000000000000000000000000000000000000000000000000000000000000000000000000000000000000000000000000000000000000000000000000000000000000000000000000000000000000000000000000000000000000000000000000000000000000000000000000000000000000000000000000000000000000000000000000000000000000000000000000000000]
store_ln61     (store ) [ 0000000000000000000000000000000000000000000000000000000000000000000000000000000000000000000000000000000000000000000000000000000000000000000000000000000000000000000000000000000000000000000000000000000000000000000000000000000000000000000000000000000000000000000000000000000000000000000000000000000000000]
store_ln61     (store ) [ 0000000000000000000000000000000000000000000000000000000000000000000000000000000000000000000000000000000000000000000000000000000000000000000000000000000000000000000000000000000000000000000000000000000000000000000000000000000000000000000000000000000000000000000000000000000000000000000000000000000000000]
store_ln61     (store ) [ 0000000000000000000000000000000000000000000000000000000000000000000000000000000000000000000000000000000000000000000000000000000000000000000000000000000000000000000000000000000000000000000000000000000000000000000000000000000000000000000000000000000000000000000000000000000000000000000000000000000000000]
store_ln61     (store ) [ 0000000000000000000000000000000000000000000000000000000000000000000000000000000000000000000000000000000000000000000000000000000000000000000000000000000000000000000000000000000000000000000000000000000000000000000000000000000000000000000000000000000000000000000000000000000000000000000000000000000000000]
store_ln61     (store ) [ 0000000000000000000000000000000000000000000000000000000000000000000000000000000000000000000000000000000000000000000000000000000000000000000000000000000000000000000000000000000000000000000000000000000000000000000000000000000000000000000000000000000000000000000000000000000000000000000000000000000000000]
store_ln61     (store ) [ 0000000000000000000000000000000000000000000000000000000000000000000000000000000000000000000000000000000000000000000000000000000000000000000000000000000000000000000000000000000000000000000000000000000000000000000000000000000000000000000000000000000000000000000000000000000000000000000000000000000000000]
store_ln61     (store ) [ 0000000000000000000000000000000000000000000000000000000000000000000000000000000000000000000000000000000000000000000000000000000000000000000000000000000000000000000000000000000000000000000000000000000000000000000000000000000000000000000000000000000000000000000000000000000000000000000000000000000000000]
store_ln61     (store ) [ 0000000000000000000000000000000000000000000000000000000000000000000000000000000000000000000000000000000000000000000000000000000000000000000000000000000000000000000000000000000000000000000000000000000000000000000000000000000000000000000000000000000000000000000000000000000000000000000000000000000000000]
store_ln61     (store ) [ 0000000000000000000000000000000000000000000000000000000000000000000000000000000000000000000000000000000000000000000000000000000000000000000000000000000000000000000000000000000000000000000000000000000000000000000000000000000000000000000000000000000000000000000000000000000000000000000000000000000000000]
store_ln61     (store ) [ 0000000000000000000000000000000000000000000000000000000000000000000000000000000000000000000000000000000000000000000000000000000000000000000000000000000000000000000000000000000000000000000000000000000000000000000000000000000000000000000000000000000000000000000000000000000000000000000000000000000000000]
store_ln61     (store ) [ 0000000000000000000000000000000000000000000000000000000000000000000000000000000000000000000000000000000000000000000000000000000000000000000000000000000000000000000000000000000000000000000000000000000000000000000000000000000000000000000000000000000000000000000000000000000000000000000000000000000000000]
store_ln61     (store ) [ 0000000000000000000000000000000000000000000000000000000000000000000000000000000000000000000000000000000000000000000000000000000000000000000000000000000000000000000000000000000000000000000000000000000000000000000000000000000000000000000000000000000000000000000000000000000000000000000000000000000000000]
store_ln61     (store ) [ 0000000000000000000000000000000000000000000000000000000000000000000000000000000000000000000000000000000000000000000000000000000000000000000000000000000000000000000000000000000000000000000000000000000000000000000000000000000000000000000000000000000000000000000000000000000000000000000000000000000000000]
store_ln61     (store ) [ 0000000000000000000000000000000000000000000000000000000000000000000000000000000000000000000000000000000000000000000000000000000000000000000000000000000000000000000000000000000000000000000000000000000000000000000000000000000000000000000000000000000000000000000000000000000000000000000000000000000000000]
store_ln61     (store ) [ 0000000000000000000000000000000000000000000000000000000000000000000000000000000000000000000000000000000000000000000000000000000000000000000000000000000000000000000000000000000000000000000000000000000000000000000000000000000000000000000000000000000000000000000000000000000000000000000000000000000000000]
store_ln61     (store ) [ 0000000000000000000000000000000000000000000000000000000000000000000000000000000000000000000000000000000000000000000000000000000000000000000000000000000000000000000000000000000000000000000000000000000000000000000000000000000000000000000000000000000000000000000000000000000000000000000000000000000000000]
store_ln61     (store ) [ 0000000000000000000000000000000000000000000000000000000000000000000000000000000000000000000000000000000000000000000000000000000000000000000000000000000000000000000000000000000000000000000000000000000000000000000000000000000000000000000000000000000000000000000000000000000000000000000000000000000000000]
store_ln61     (store ) [ 0000000000000000000000000000000000000000000000000000000000000000000000000000000000000000000000000000000000000000000000000000000000000000000000000000000000000000000000000000000000000000000000000000000000000000000000000000000000000000000000000000000000000000000000000000000000000000000000000000000000000]
store_ln61     (store ) [ 0000000000000000000000000000000000000000000000000000000000000000000000000000000000000000000000000000000000000000000000000000000000000000000000000000000000000000000000000000000000000000000000000000000000000000000000000000000000000000000000000000000000000000000000000000000000000000000000000000000000000]
store_ln61     (store ) [ 0000000000000000000000000000000000000000000000000000000000000000000000000000000000000000000000000000000000000000000000000000000000000000000000000000000000000000000000000000000000000000000000000000000000000000000000000000000000000000000000000000000000000000000000000000000000000000000000000000000000000]
store_ln61     (store ) [ 0000000000000000000000000000000000000000000000000000000000000000000000000000000000000000000000000000000000000000000000000000000000000000000000000000000000000000000000000000000000000000000000000000000000000000000000000000000000000000000000000000000000000000000000000000000000000000000000000000000000000]
store_ln61     (store ) [ 0000000000000000000000000000000000000000000000000000000000000000000000000000000000000000000000000000000000000000000000000000000000000000000000000000000000000000000000000000000000000000000000000000000000000000000000000000000000000000000000000000000000000000000000000000000000000000000000000000000000000]
store_ln61     (store ) [ 0000000000000000000000000000000000000000000000000000000000000000000000000000000000000000000000000000000000000000000000000000000000000000000000000000000000000000000000000000000000000000000000000000000000000000000000000000000000000000000000000000000000000000000000000000000000000000000000000000000000000]
store_ln61     (store ) [ 0000000000000000000000000000000000000000000000000000000000000000000000000000000000000000000000000000000000000000000000000000000000000000000000000000000000000000000000000000000000000000000000000000000000000000000000000000000000000000000000000000000000000000000000000000000000000000000000000000000000000]
store_ln61     (store ) [ 0000000000000000000000000000000000000000000000000000000000000000000000000000000000000000000000000000000000000000000000000000000000000000000000000000000000000000000000000000000000000000000000000000000000000000000000000000000000000000000000000000000000000000000000000000000000000000000000000000000000000]
store_ln61     (store ) [ 0000000000000000000000000000000000000000000000000000000000000000000000000000000000000000000000000000000000000000000000000000000000000000000000000000000000000000000000000000000000000000000000000000000000000000000000000000000000000000000000000000000000000000000000000000000000000000000000000000000000000]
store_ln61     (store ) [ 0000000000000000000000000000000000000000000000000000000000000000000000000000000000000000000000000000000000000000000000000000000000000000000000000000000000000000000000000000000000000000000000000000000000000000000000000000000000000000000000000000000000000000000000000000000000000000000000000000000000000]
store_ln61     (store ) [ 0000000000000000000000000000000000000000000000000000000000000000000000000000000000000000000000000000000000000000000000000000000000000000000000000000000000000000000000000000000000000000000000000000000000000000000000000000000000000000000000000000000000000000000000000000000000000000000000000000000000000]
store_ln61     (store ) [ 0000000000000000000000000000000000000000000000000000000000000000000000000000000000000000000000000000000000000000000000000000000000000000000000000000000000000000000000000000000000000000000000000000000000000000000000000000000000000000000000000000000000000000000000000000000000000000000000000000000000000]
store_ln61     (store ) [ 0000000000000000000000000000000000000000000000000000000000000000000000000000000000000000000000000000000000000000000000000000000000000000000000000000000000000000000000000000000000000000000000000000000000000000000000000000000000000000000000000000000000000000000000000000000000000000000000000000000000000]
store_ln61     (store ) [ 0000000000000000000000000000000000000000000000000000000000000000000000000000000000000000000000000000000000000000000000000000000000000000000000000000000000000000000000000000000000000000000000000000000000000000000000000000000000000000000000000000000000000000000000000000000000000000000000000000000000000]
store_ln61     (store ) [ 0000000000000000000000000000000000000000000000000000000000000000000000000000000000000000000000000000000000000000000000000000000000000000000000000000000000000000000000000000000000000000000000000000000000000000000000000000000000000000000000000000000000000000000000000000000000000000000000000000000000000]
store_ln61     (store ) [ 0000000000000000000000000000000000000000000000000000000000000000000000000000000000000000000000000000000000000000000000000000000000000000000000000000000000000000000000000000000000000000000000000000000000000000000000000000000000000000000000000000000000000000000000000000000000000000000000000000000000000]
store_ln61     (store ) [ 0000000000000000000000000000000000000000000000000000000000000000000000000000000000000000000000000000000000000000000000000000000000000000000000000000000000000000000000000000000000000000000000000000000000000000000000000000000000000000000000000000000000000000000000000000000000000000000000000000000000000]
store_ln61     (store ) [ 0000000000000000000000000000000000000000000000000000000000000000000000000000000000000000000000000000000000000000000000000000000000000000000000000000000000000000000000000000000000000000000000000000000000000000000000000000000000000000000000000000000000000000000000000000000000000000000000000000000000000]
store_ln61     (store ) [ 0000000000000000000000000000000000000000000000000000000000000000000000000000000000000000000000000000000000000000000000000000000000000000000000000000000000000000000000000000000000000000000000000000000000000000000000000000000000000000000000000000000000000000000000000000000000000000000000000000000000000]
store_ln61     (store ) [ 0000000000000000000000000000000000000000000000000000000000000000000000000000000000000000000000000000000000000000000000000000000000000000000000000000000000000000000000000000000000000000000000000000000000000000000000000000000000000000000000000000000000000000000000000000000000000000000000000000000000000]
store_ln61     (store ) [ 0000000000000000000000000000000000000000000000000000000000000000000000000000000000000000000000000000000000000000000000000000000000000000000000000000000000000000000000000000000000000000000000000000000000000000000000000000000000000000000000000000000000000000000000000000000000000000000000000000000000000]
store_ln61     (store ) [ 0000000000000000000000000000000000000000000000000000000000000000000000000000000000000000000000000000000000000000000000000000000000000000000000000000000000000000000000000000000000000000000000000000000000000000000000000000000000000000000000000000000000000000000000000000000000000000000000000000000000000]
store_ln61     (store ) [ 0000000000000000000000000000000000000000000000000000000000000000000000000000000000000000000000000000000000000000000000000000000000000000000000000000000000000000000000000000000000000000000000000000000000000000000000000000000000000000000000000000000000000000000000000000000000000000000000000000000000000]
store_ln61     (store ) [ 0000000000000000000000000000000000000000000000000000000000000000000000000000000000000000000000000000000000000000000000000000000000000000000000000000000000000000000000000000000000000000000000000000000000000000000000000000000000000000000000000000000000000000000000000000000000000000000000000000000000000]
store_ln61     (store ) [ 0000000000000000000000000000000000000000000000000000000000000000000000000000000000000000000000000000000000000000000000000000000000000000000000000000000000000000000000000000000000000000000000000000000000000000000000000000000000000000000000000000000000000000000000000000000000000000000000000000000000000]
store_ln61     (store ) [ 0000000000000000000000000000000000000000000000000000000000000000000000000000000000000000000000000000000000000000000000000000000000000000000000000000000000000000000000000000000000000000000000000000000000000000000000000000000000000000000000000000000000000000000000000000000000000000000000000000000000000]
store_ln61     (store ) [ 0000000000000000000000000000000000000000000000000000000000000000000000000000000000000000000000000000000000000000000000000000000000000000000000000000000000000000000000000000000000000000000000000000000000000000000000000000000000000000000000000000000000000000000000000000000000000000000000000000000000000]
store_ln61     (store ) [ 0000000000000000000000000000000000000000000000000000000000000000000000000000000000000000000000000000000000000000000000000000000000000000000000000000000000000000000000000000000000000000000000000000000000000000000000000000000000000000000000000000000000000000000000000000000000000000000000000000000000000]
store_ln61     (store ) [ 0000000000000000000000000000000000000000000000000000000000000000000000000000000000000000000000000000000000000000000000000000000000000000000000000000000000000000000000000000000000000000000000000000000000000000000000000000000000000000000000000000000000000000000000000000000000000000000000000000000000000]
store_ln61     (store ) [ 0000000000000000000000000000000000000000000000000000000000000000000000000000000000000000000000000000000000000000000000000000000000000000000000000000000000000000000000000000000000000000000000000000000000000000000000000000000000000000000000000000000000000000000000000000000000000000000000000000000000000]
store_ln61     (store ) [ 0000000000000000000000000000000000000000000000000000000000000000000000000000000000000000000000000000000000000000000000000000000000000000000000000000000000000000000000000000000000000000000000000000000000000000000000000000000000000000000000000000000000000000000000000000000000000000000000000000000000000]
store_ln61     (store ) [ 0000000000000000000000000000000000000000000000000000000000000000000000000000000000000000000000000000000000000000000000000000000000000000000000000000000000000000000000000000000000000000000000000000000000000000000000000000000000000000000000000000000000000000000000000000000000000000000000000000000000000]
store_ln61     (store ) [ 0000000000000000000000000000000000000000000000000000000000000000000000000000000000000000000000000000000000000000000000000000000000000000000000000000000000000000000000000000000000000000000000000000000000000000000000000000000000000000000000000000000000000000000000000000000000000000000000000000000000000]
store_ln61     (store ) [ 0000000000000000000000000000000000000000000000000000000000000000000000000000000000000000000000000000000000000000000000000000000000000000000000000000000000000000000000000000000000000000000000000000000000000000000000000000000000000000000000000000000000000000000000000000000000000000000000000000000000000]
store_ln61     (store ) [ 0000000000000000000000000000000000000000000000000000000000000000000000000000000000000000000000000000000000000000000000000000000000000000000000000000000000000000000000000000000000000000000000000000000000000000000000000000000000000000000000000000000000000000000000000000000000000000000000000000000000000]
store_ln61     (store ) [ 0000000000000000000000000000000000000000000000000000000000000000000000000000000000000000000000000000000000000000000000000000000000000000000000000000000000000000000000000000000000000000000000000000000000000000000000000000000000000000000000000000000000000000000000000000000000000000000000000000000000000]
store_ln61     (store ) [ 0000000000000000000000000000000000000000000000000000000000000000000000000000000000000000000000000000000000000000000000000000000000000000000000000000000000000000000000000000000000000000000000000000000000000000000000000000000000000000000000000000000000000000000000000000000000000000000000000000000000000]
store_ln61     (store ) [ 0000000000000000000000000000000000000000000000000000000000000000000000000000000000000000000000000000000000000000000000000000000000000000000000000000000000000000000000000000000000000000000000000000000000000000000000000000000000000000000000000000000000000000000000000000000000000000000000000000000000000]
store_ln61     (store ) [ 0000000000000000000000000000000000000000000000000000000000000000000000000000000000000000000000000000000000000000000000000000000000000000000000000000000000000000000000000000000000000000000000000000000000000000000000000000000000000000000000000000000000000000000000000000000000000000000000000000000000000]
store_ln61     (store ) [ 0000000000000000000000000000000000000000000000000000000000000000000000000000000000000000000000000000000000000000000000000000000000000000000000000000000000000000000000000000000000000000000000000000000000000000000000000000000000000000000000000000000000000000000000000000000000000000000000000000000000000]
store_ln61     (store ) [ 0000000000000000000000000000000000000000000000000000000000000000000000000000000000000000000000000000000000000000000000000000000000000000000000000000000000000000000000000000000000000000000000000000000000000000000000000000000000000000000000000000000000000000000000000000000000000000000000000000000000000]
store_ln61     (store ) [ 0000000000000000000000000000000000000000000000000000000000000000000000000000000000000000000000000000000000000000000000000000000000000000000000000000000000000000000000000000000000000000000000000000000000000000000000000000000000000000000000000000000000000000000000000000000000000000000000000000000000000]
store_ln61     (store ) [ 0000000000000000000000000000000000000000000000000000000000000000000000000000000000000000000000000000000000000000000000000000000000000000000000000000000000000000000000000000000000000000000000000000000000000000000000000000000000000000000000000000000000000000000000000000000000000000000000000000000000000]
store_ln61     (store ) [ 0000000000000000000000000000000000000000000000000000000000000000000000000000000000000000000000000000000000000000000000000000000000000000000000000000000000000000000000000000000000000000000000000000000000000000000000000000000000000000000000000000000000000000000000000000000000000000000000000000000000000]
store_ln61     (store ) [ 0000000000000000000000000000000000000000000000000000000000000000000000000000000000000000000000000000000000000000000000000000000000000000000000000000000000000000000000000000000000000000000000000000000000000000000000000000000000000000000000000000000000000000000000000000000000000000000000000000000000000]
store_ln61     (store ) [ 0000000000000000000000000000000000000000000000000000000000000000000000000000000000000000000000000000000000000000000000000000000000000000000000000000000000000000000000000000000000000000000000000000000000000000000000000000000000000000000000000000000000000000000000000000000000000000000000000000000000000]
store_ln61     (store ) [ 0000000000000000000000000000000000000000000000000000000000000000000000000000000000000000000000000000000000000000000000000000000000000000000000000000000000000000000000000000000000000000000000000000000000000000000000000000000000000000000000000000000000000000000000000000000000000000000000000000000000000]
store_ln61     (store ) [ 0000000000000000000000000000000000000000000000000000000000000000000000000000000000000000000000000000000000000000000000000000000000000000000000000000000000000000000000000000000000000000000000000000000000000000000000000000000000000000000000000000000000000000000000000000000000000000000000000000000000000]
store_ln61     (store ) [ 0000000000000000000000000000000000000000000000000000000000000000000000000000000000000000000000000000000000000000000000000000000000000000000000000000000000000000000000000000000000000000000000000000000000000000000000000000000000000000000000000000000000000000000000000000000000000000000000000000000000000]
store_ln61     (store ) [ 0000000000000000000000000000000000000000000000000000000000000000000000000000000000000000000000000000000000000000000000000000000000000000000000000000000000000000000000000000000000000000000000000000000000000000000000000000000000000000000000000000000000000000000000000000000000000000000000000000000000000]
store_ln61     (store ) [ 0000000000000000000000000000000000000000000000000000000000000000000000000000000000000000000000000000000000000000000000000000000000000000000000000000000000000000000000000000000000000000000000000000000000000000000000000000000000000000000000000000000000000000000000000000000000000000000000000000000000000]
store_ln61     (store ) [ 0000000000000000000000000000000000000000000000000000000000000000000000000000000000000000000000000000000000000000000000000000000000000000000000000000000000000000000000000000000000000000000000000000000000000000000000000000000000000000000000000000000000000000000000000000000000000000000000000000000000000]
store_ln61     (store ) [ 0000000000000000000000000000000000000000000000000000000000000000000000000000000000000000000000000000000000000000000000000000000000000000000000000000000000000000000000000000000000000000000000000000000000000000000000000000000000000000000000000000000000000000000000000000000000000000000000000000000000000]
store_ln61     (store ) [ 0000000000000000000000000000000000000000000000000000000000000000000000000000000000000000000000000000000000000000000000000000000000000000000000000000000000000000000000000000000000000000000000000000000000000000000000000000000000000000000000000000000000000000000000000000000000000000000000000000000000000]
store_ln61     (store ) [ 0000000000000000000000000000000000000000000000000000000000000000000000000000000000000000000000000000000000000000000000000000000000000000000000000000000000000000000000000000000000000000000000000000000000000000000000000000000000000000000000000000000000000000000000000000000000000000000000000000000000000]
store_ln61     (store ) [ 0000000000000000000000000000000000000000000000000000000000000000000000000000000000000000000000000000000000000000000000000000000000000000000000000000000000000000000000000000000000000000000000000000000000000000000000000000000000000000000000000000000000000000000000000000000000000000000000000000000000000]
store_ln61     (store ) [ 0000000000000000000000000000000000000000000000000000000000000000000000000000000000000000000000000000000000000000000000000000000000000000000000000000000000000000000000000000000000000000000000000000000000000000000000000000000000000000000000000000000000000000000000000000000000000000000000000000000000000]
store_ln61     (store ) [ 0000000000000000000000000000000000000000000000000000000000000000000000000000000000000000000000000000000000000000000000000000000000000000000000000000000000000000000000000000000000000000000000000000000000000000000000000000000000000000000000000000000000000000000000000000000000000000000000000000000000000]
store_ln61     (store ) [ 0000000000000000000000000000000000000000000000000000000000000000000000000000000000000000000000000000000000000000000000000000000000000000000000000000000000000000000000000000000000000000000000000000000000000000000000000000000000000000000000000000000000000000000000000000000000000000000000000000000000000]
store_ln61     (store ) [ 0000000000000000000000000000000000000000000000000000000000000000000000000000000000000000000000000000000000000000000000000000000000000000000000000000000000000000000000000000000000000000000000000000000000000000000000000000000000000000000000000000000000000000000000000000000000000000000000000000000000000]
store_ln61     (store ) [ 0000000000000000000000000000000000000000000000000000000000000000000000000000000000000000000000000000000000000000000000000000000000000000000000000000000000000000000000000000000000000000000000000000000000000000000000000000000000000000000000000000000000000000000000000000000000000000000000000000000000000]
store_ln61     (store ) [ 0000000000000000000000000000000000000000000000000000000000000000000000000000000000000000000000000000000000000000000000000000000000000000000000000000000000000000000000000000000000000000000000000000000000000000000000000000000000000000000000000000000000000000000000000000000000000000000000000000000000000]
store_ln61     (store ) [ 0000000000000000000000000000000000000000000000000000000000000000000000000000000000000000000000000000000000000000000000000000000000000000000000000000000000000000000000000000000000000000000000000000000000000000000000000000000000000000000000000000000000000000000000000000000000000000000000000000000000000]
store_ln61     (store ) [ 0000000000000000000000000000000000000000000000000000000000000000000000000000000000000000000000000000000000000000000000000000000000000000000000000000000000000000000000000000000000000000000000000000000000000000000000000000000000000000000000000000000000000000000000000000000000000000000000000000000000000]
store_ln61     (store ) [ 0000000000000000000000000000000000000000000000000000000000000000000000000000000000000000000000000000000000000000000000000000000000000000000000000000000000000000000000000000000000000000000000000000000000000000000000000000000000000000000000000000000000000000000000000000000000000000000000000000000000000]
store_ln61     (store ) [ 0000000000000000000000000000000000000000000000000000000000000000000000000000000000000000000000000000000000000000000000000000000000000000000000000000000000000000000000000000000000000000000000000000000000000000000000000000000000000000000000000000000000000000000000000000000000000000000000000000000000000]
store_ln61     (store ) [ 0000000000000000000000000000000000000000000000000000000000000000000000000000000000000000000000000000000000000000000000000000000000000000000000000000000000000000000000000000000000000000000000000000000000000000000000000000000000000000000000000000000000000000000000000000000000000000000000000000000000000]
store_ln61     (store ) [ 0000000000000000000000000000000000000000000000000000000000000000000000000000000000000000000000000000000000000000000000000000000000000000000000000000000000000000000000000000000000000000000000000000000000000000000000000000000000000000000000000000000000000000000000000000000000000000000000000000000000000]
store_ln61     (store ) [ 0000000000000000000000000000000000000000000000000000000000000000000000000000000000000000000000000000000000000000000000000000000000000000000000000000000000000000000000000000000000000000000000000000000000000000000000000000000000000000000000000000000000000000000000000000000000000000000000000000000000000]
store_ln61     (store ) [ 0000000000000000000000000000000000000000000000000000000000000000000000000000000000000000000000000000000000000000000000000000000000000000000000000000000000000000000000000000000000000000000000000000000000000000000000000000000000000000000000000000000000000000000000000000000000000000000000000000000000000]
store_ln61     (store ) [ 0000000000000000000000000000000000000000000000000000000000000000000000000000000000000000000000000000000000000000000000000000000000000000000000000000000000000000000000000000000000000000000000000000000000000000000000000000000000000000000000000000000000000000000000000000000000000000000000000000000000000]
store_ln61     (store ) [ 0000000000000000000000000000000000000000000000000000000000000000000000000000000000000000000000000000000000000000000000000000000000000000000000000000000000000000000000000000000000000000000000000000000000000000000000000000000000000000000000000000000000000000000000000000000000000000000000000000000000000]
store_ln61     (store ) [ 0000000000000000000000000000000000000000000000000000000000000000000000000000000000000000000000000000000000000000000000000000000000000000000000000000000000000000000000000000000000000000000000000000000000000000000000000000000000000000000000000000000000000000000000000000000000000000000000000000000000000]
store_ln61     (store ) [ 0000000000000000000000000000000000000000000000000000000000000000000000000000000000000000000000000000000000000000000000000000000000000000000000000000000000000000000000000000000000000000000000000000000000000000000000000000000000000000000000000000000000000000000000000000000000000000000000000000000000000]
store_ln61     (store ) [ 0000000000000000000000000000000000000000000000000000000000000000000000000000000000000000000000000000000000000000000000000000000000000000000000000000000000000000000000000000000000000000000000000000000000000000000000000000000000000000000000000000000000000000000000000000000000000000000000000000000000000]
store_ln61     (store ) [ 0000000000000000000000000000000000000000000000000000000000000000000000000000000000000000000000000000000000000000000000000000000000000000000000000000000000000000000000000000000000000000000000000000000000000000000000000000000000000000000000000000000000000000000000000000000000000000000000000000000000000]
store_ln61     (store ) [ 0000000000000000000000000000000000000000000000000000000000000000000000000000000000000000000000000000000000000000000000000000000000000000000000000000000000000000000000000000000000000000000000000000000000000000000000000000000000000000000000000000000000000000000000000000000000000000000000000000000000000]
store_ln61     (store ) [ 0000000000000000000000000000000000000000000000000000000000000000000000000000000000000000000000000000000000000000000000000000000000000000000000000000000000000000000000000000000000000000000000000000000000000000000000000000000000000000000000000000000000000000000000000000000000000000000000000000000000000]
store_ln61     (store ) [ 0000000000000000000000000000000000000000000000000000000000000000000000000000000000000000000000000000000000000000000000000000000000000000000000000000000000000000000000000000000000000000000000000000000000000000000000000000000000000000000000000000000000000000000000000000000000000000000000000000000000000]
store_ln61     (store ) [ 0000000000000000000000000000000000000000000000000000000000000000000000000000000000000000000000000000000000000000000000000000000000000000000000000000000000000000000000000000000000000000000000000000000000000000000000000000000000000000000000000000000000000000000000000000000000000000000000000000000000000]
store_ln61     (store ) [ 0000000000000000000000000000000000000000000000000000000000000000000000000000000000000000000000000000000000000000000000000000000000000000000000000000000000000000000000000000000000000000000000000000000000000000000000000000000000000000000000000000000000000000000000000000000000000000000000000000000000000]
store_ln61     (store ) [ 0000000000000000000000000000000000000000000000000000000000000000000000000000000000000000000000000000000000000000000000000000000000000000000000000000000000000000000000000000000000000000000000000000000000000000000000000000000000000000000000000000000000000000000000000000000000000000000000000000000000000]
store_ln61     (store ) [ 0000000000000000000000000000000000000000000000000000000000000000000000000000000000000000000000000000000000000000000000000000000000000000000000000000000000000000000000000000000000000000000000000000000000000000000000000000000000000000000000000000000000000000000000000000000000000000000000000000000000000]
store_ln61     (store ) [ 0000000000000000000000000000000000000000000000000000000000000000000000000000000000000000000000000000000000000000000000000000000000000000000000000000000000000000000000000000000000000000000000000000000000000000000000000000000000000000000000000000000000000000000000000000000000000000000000000000000000000]
store_ln61     (store ) [ 0000000000000000000000000000000000000000000000000000000000000000000000000000000000000000000000000000000000000000000000000000000000000000000000000000000000000000000000000000000000000000000000000000000000000000000000000000000000000000000000000000000000000000000000000000000000000000000000000000000000000]
store_ln61     (store ) [ 0000000000000000000000000000000000000000000000000000000000000000000000000000000000000000000000000000000000000000000000000000000000000000000000000000000000000000000000000000000000000000000000000000000000000000000000000000000000000000000000000000000000000000000000000000000000000000000000000000000000000]
store_ln61     (store ) [ 0000000000000000000000000000000000000000000000000000000000000000000000000000000000000000000000000000000000000000000000000000000000000000000000000000000000000000000000000000000000000000000000000000000000000000000000000000000000000000000000000000000000000000000000000000000000000000000000000000000000000]
store_ln61     (store ) [ 0000000000000000000000000000000000000000000000000000000000000000000000000000000000000000000000000000000000000000000000000000000000000000000000000000000000000000000000000000000000000000000000000000000000000000000000000000000000000000000000000000000000000000000000000000000000000000000000000000000000000]
store_ln61     (store ) [ 0000000000000000000000000000000000000000000000000000000000000000000000000000000000000000000000000000000000000000000000000000000000000000000000000000000000000000000000000000000000000000000000000000000000000000000000000000000000000000000000000000000000000000000000000000000000000000000000000000000000000]
store_ln61     (store ) [ 0000000000000000000000000000000000000000000000000000000000000000000000000000000000000000000000000000000000000000000000000000000000000000000000000000000000000000000000000000000000000000000000000000000000000000000000000000000000000000000000000000000000000000000000000000000000000000000000000000000000000]
store_ln61     (store ) [ 0000000000000000000000000000000000000000000000000000000000000000000000000000000000000000000000000000000000000000000000000000000000000000000000000000000000000000000000000000000000000000000000000000000000000000000000000000000000000000000000000000000000000000000000000000000000000000000000000000000000000]
store_ln61     (store ) [ 0000000000000000000000000000000000000000000000000000000000000000000000000000000000000000000000000000000000000000000000000000000000000000000000000000000000000000000000000000000000000000000000000000000000000000000000000000000000000000000000000000000000000000000000000000000000000000000000000000000000000]
store_ln61     (store ) [ 0000000000000000000000000000000000000000000000000000000000000000000000000000000000000000000000000000000000000000000000000000000000000000000000000000000000000000000000000000000000000000000000000000000000000000000000000000000000000000000000000000000000000000000000000000000000000000000000000000000000000]
store_ln61     (store ) [ 0000000000000000000000000000000000000000000000000000000000000000000000000000000000000000000000000000000000000000000000000000000000000000000000000000000000000000000000000000000000000000000000000000000000000000000000000000000000000000000000000000000000000000000000000000000000000000000000000000000000000]
store_ln61     (store ) [ 0000000000000000000000000000000000000000000000000000000000000000000000000000000000000000000000000000000000000000000000000000000000000000000000000000000000000000000000000000000000000000000000000000000000000000000000000000000000000000000000000000000000000000000000000000000000000000000000000000000000000]
store_ln61     (store ) [ 0000000000000000000000000000000000000000000000000000000000000000000000000000000000000000000000000000000000000000000000000000000000000000000000000000000000000000000000000000000000000000000000000000000000000000000000000000000000000000000000000000000000000000000000000000000000000000000000000000000000000]
store_ln61     (store ) [ 0000000000000000000000000000000000000000000000000000000000000000000000000000000000000000000000000000000000000000000000000000000000000000000000000000000000000000000000000000000000000000000000000000000000000000000000000000000000000000000000000000000000000000000000000000000000000000000000000000000000000]
store_ln61     (store ) [ 0000000000000000000000000000000000000000000000000000000000000000000000000000000000000000000000000000000000000000000000000000000000000000000000000000000000000000000000000000000000000000000000000000000000000000000000000000000000000000000000000000000000000000000000000000000000000000000000000000000000000]
store_ln61     (store ) [ 0000000000000000000000000000000000000000000000000000000000000000000000000000000000000000000000000000000000000000000000000000000000000000000000000000000000000000000000000000000000000000000000000000000000000000000000000000000000000000000000000000000000000000000000000000000000000000000000000000000000000]
store_ln61     (store ) [ 0000000000000000000000000000000000000000000000000000000000000000000000000000000000000000000000000000000000000000000000000000000000000000000000000000000000000000000000000000000000000000000000000000000000000000000000000000000000000000000000000000000000000000000000000000000000000000000000000000000000000]
store_ln61     (store ) [ 0000000000000000000000000000000000000000000000000000000000000000000000000000000000000000000000000000000000000000000000000000000000000000000000000000000000000000000000000000000000000000000000000000000000000000000000000000000000000000000000000000000000000000000000000000000000000000000000000000000000000]
store_ln61     (store ) [ 0000000000000000000000000000000000000000000000000000000000000000000000000000000000000000000000000000000000000000000000000000000000000000000000000000000000000000000000000000000000000000000000000000000000000000000000000000000000000000000000000000000000000000000000000000000000000000000000000000000000000]
store_ln61     (store ) [ 0000000000000000000000000000000000000000000000000000000000000000000000000000000000000000000000000000000000000000000000000000000000000000000000000000000000000000000000000000000000000000000000000000000000000000000000000000000000000000000000000000000000000000000000000000000000000000000000000000000000000]
store_ln61     (store ) [ 0000000000000000000000000000000000000000000000000000000000000000000000000000000000000000000000000000000000000000000000000000000000000000000000000000000000000000000000000000000000000000000000000000000000000000000000000000000000000000000000000000000000000000000000000000000000000000000000000000000000000]
store_ln61     (store ) [ 0000000000000000000000000000000000000000000000000000000000000000000000000000000000000000000000000000000000000000000000000000000000000000000000000000000000000000000000000000000000000000000000000000000000000000000000000000000000000000000000000000000000000000000000000000000000000000000000000000000000000]
store_ln61     (store ) [ 0000000000000000000000000000000000000000000000000000000000000000000000000000000000000000000000000000000000000000000000000000000000000000000000000000000000000000000000000000000000000000000000000000000000000000000000000000000000000000000000000000000000000000000000000000000000000000000000000000000000000]
store_ln61     (store ) [ 0000000000000000000000000000000000000000000000000000000000000000000000000000000000000000000000000000000000000000000000000000000000000000000000000000000000000000000000000000000000000000000000000000000000000000000000000000000000000000000000000000000000000000000000000000000000000000000000000000000000000]
store_ln61     (store ) [ 0000000000000000000000000000000000000000000000000000000000000000000000000000000000000000000000000000000000000000000000000000000000000000000000000000000000000000000000000000000000000000000000000000000000000000000000000000000000000000000000000000000000000000000000000000000000000000000000000000000000000]
store_ln61     (store ) [ 0000000000000000000000000000000000000000000000000000000000000000000000000000000000000000000000000000000000000000000000000000000000000000000000000000000000000000000000000000000000000000000000000000000000000000000000000000000000000000000000000000000000000000000000000000000000000000000000000000000000000]
store_ln61     (store ) [ 0000000000000000000000000000000000000000000000000000000000000000000000000000000000000000000000000000000000000000000000000000000000000000000000000000000000000000000000000000000000000000000000000000000000000000000000000000000000000000000000000000000000000000000000000000000000000000000000000000000000000]
store_ln61     (store ) [ 0000000000000000000000000000000000000000000000000000000000000000000000000000000000000000000000000000000000000000000000000000000000000000000000000000000000000000000000000000000000000000000000000000000000000000000000000000000000000000000000000000000000000000000000000000000000000000000000000000000000000]
store_ln61     (store ) [ 0000000000000000000000000000000000000000000000000000000000000000000000000000000000000000000000000000000000000000000000000000000000000000000000000000000000000000000000000000000000000000000000000000000000000000000000000000000000000000000000000000000000000000000000000000000000000000000000000000000000000]
store_ln61     (store ) [ 0000000000000000000000000000000000000000000000000000000000000000000000000000000000000000000000000000000000000000000000000000000000000000000000000000000000000000000000000000000000000000000000000000000000000000000000000000000000000000000000000000000000000000000000000000000000000000000000000000000000000]
store_ln61     (store ) [ 0000000000000000000000000000000000000000000000000000000000000000000000000000000000000000000000000000000000000000000000000000000000000000000000000000000000000000000000000000000000000000000000000000000000000000000000000000000000000000000000000000000000000000000000000000000000000000000000000000000000000]
store_ln61     (store ) [ 0000000000000000000000000000000000000000000000000000000000000000000000000000000000000000000000000000000000000000000000000000000000000000000000000000000000000000000000000000000000000000000000000000000000000000000000000000000000000000000000000000000000000000000000000000000000000000000000000000000000000]
store_ln61     (store ) [ 0000000000000000000000000000000000000000000000000000000000000000000000000000000000000000000000000000000000000000000000000000000000000000000000000000000000000000000000000000000000000000000000000000000000000000000000000000000000000000000000000000000000000000000000000000000000000000000000000000000000000]
store_ln61     (store ) [ 0000000000000000000000000000000000000000000000000000000000000000000000000000000000000000000000000000000000000000000000000000000000000000000000000000000000000000000000000000000000000000000000000000000000000000000000000000000000000000000000000000000000000000000000000000000000000000000000000000000000000]
store_ln61     (store ) [ 0000000000000000000000000000000000000000000000000000000000000000000000000000000000000000000000000000000000000000000000000000000000000000000000000000000000000000000000000000000000000000000000000000000000000000000000000000000000000000000000000000000000000000000000000000000000000000000000000000000000000]
store_ln61     (store ) [ 0000000000000000000000000000000000000000000000000000000000000000000000000000000000000000000000000000000000000000000000000000000000000000000000000000000000000000000000000000000000000000000000000000000000000000000000000000000000000000000000000000000000000000000000000000000000000000000000000000000000000]
store_ln61     (store ) [ 0000000000000000000000000000000000000000000000000000000000000000000000000000000000000000000000000000000000000000000000000000000000000000000000000000000000000000000000000000000000000000000000000000000000000000000000000000000000000000000000000000000000000000000000000000000000000000000000000000000000000]
store_ln61     (store ) [ 0000000000000000000000000000000000000000000000000000000000000000000000000000000000000000000000000000000000000000000000000000000000000000000000000000000000000000000000000000000000000000000000000000000000000000000000000000000000000000000000000000000000000000000000000000000000000000000000000000000000000]
store_ln61     (store ) [ 0000000000000000000000000000000000000000000000000000000000000000000000000000000000000000000000000000000000000000000000000000000000000000000000000000000000000000000000000000000000000000000000000000000000000000000000000000000000000000000000000000000000000000000000000000000000000000000000000000000000000]
store_ln61     (store ) [ 0000000000000000000000000000000000000000000000000000000000000000000000000000000000000000000000000000000000000000000000000000000000000000000000000000000000000000000000000000000000000000000000000000000000000000000000000000000000000000000000000000000000000000000000000000000000000000000000000000000000000]
store_ln61     (store ) [ 0000000000000000000000000000000000000000000000000000000000000000000000000000000000000000000000000000000000000000000000000000000000000000000000000000000000000000000000000000000000000000000000000000000000000000000000000000000000000000000000000000000000000000000000000000000000000000000000000000000000000]
store_ln61     (store ) [ 0000000000000000000000000000000000000000000000000000000000000000000000000000000000000000000000000000000000000000000000000000000000000000000000000000000000000000000000000000000000000000000000000000000000000000000000000000000000000000000000000000000000000000000000000000000000000000000000000000000000000]
store_ln61     (store ) [ 0000000000000000000000000000000000000000000000000000000000000000000000000000000000000000000000000000000000000000000000000000000000000000000000000000000000000000000000000000000000000000000000000000000000000000000000000000000000000000000000000000000000000000000000000000000000000000000000000000000000000]
store_ln61     (store ) [ 0000000000000000000000000000000000000000000000000000000000000000000000000000000000000000000000000000000000000000000000000000000000000000000000000000000000000000000000000000000000000000000000000000000000000000000000000000000000000000000000000000000000000000000000000000000000000000000000000000000000000]
store_ln61     (store ) [ 0000000000000000000000000000000000000000000000000000000000000000000000000000000000000000000000000000000000000000000000000000000000000000000000000000000000000000000000000000000000000000000000000000000000000000000000000000000000000000000000000000000000000000000000000000000000000000000000000000000000000]
store_ln61     (store ) [ 0000000000000000000000000000000000000000000000000000000000000000000000000000000000000000000000000000000000000000000000000000000000000000000000000000000000000000000000000000000000000000000000000000000000000000000000000000000000000000000000000000000000000000000000000000000000000000000000000000000000000]
store_ln61     (store ) [ 0000000000000000000000000000000000000000000000000000000000000000000000000000000000000000000000000000000000000000000000000000000000000000000000000000000000000000000000000000000000000000000000000000000000000000000000000000000000000000000000000000000000000000000000000000000000000000000000000000000000000]
store_ln61     (store ) [ 0000000000000000000000000000000000000000000000000000000000000000000000000000000000000000000000000000000000000000000000000000000000000000000000000000000000000000000000000000000000000000000000000000000000000000000000000000000000000000000000000000000000000000000000000000000000000000000000000000000000000]
store_ln61     (store ) [ 0000000000000000000000000000000000000000000000000000000000000000000000000000000000000000000000000000000000000000000000000000000000000000000000000000000000000000000000000000000000000000000000000000000000000000000000000000000000000000000000000000000000000000000000000000000000000000000000000000000000000]
store_ln61     (store ) [ 0000000000000000000000000000000000000000000000000000000000000000000000000000000000000000000000000000000000000000000000000000000000000000000000000000000000000000000000000000000000000000000000000000000000000000000000000000000000000000000000000000000000000000000000000000000000000000000000000000000000000]
store_ln61     (store ) [ 0000000000000000000000000000000000000000000000000000000000000000000000000000000000000000000000000000000000000000000000000000000000000000000000000000000000000000000000000000000000000000000000000000000000000000000000000000000000000000000000000000000000000000000000000000000000000000000000000000000000000]
store_ln61     (store ) [ 0000000000000000000000000000000000000000000000000000000000000000000000000000000000000000000000000000000000000000000000000000000000000000000000000000000000000000000000000000000000000000000000000000000000000000000000000000000000000000000000000000000000000000000000000000000000000000000000000000000000000]
store_ln61     (store ) [ 0000000000000000000000000000000000000000000000000000000000000000000000000000000000000000000000000000000000000000000000000000000000000000000000000000000000000000000000000000000000000000000000000000000000000000000000000000000000000000000000000000000000000000000000000000000000000000000000000000000000000]
store_ln61     (store ) [ 0000000000000000000000000000000000000000000000000000000000000000000000000000000000000000000000000000000000000000000000000000000000000000000000000000000000000000000000000000000000000000000000000000000000000000000000000000000000000000000000000000000000000000000000000000000000000000000000000000000000000]
store_ln61     (store ) [ 0000000000000000000000000000000000000000000000000000000000000000000000000000000000000000000000000000000000000000000000000000000000000000000000000000000000000000000000000000000000000000000000000000000000000000000000000000000000000000000000000000000000000000000000000000000000000000000000000000000000000]
store_ln61     (store ) [ 0000000000000000000000000000000000000000000000000000000000000000000000000000000000000000000000000000000000000000000000000000000000000000000000000000000000000000000000000000000000000000000000000000000000000000000000000000000000000000000000000000000000000000000000000000000000000000000000000000000000000]
store_ln61     (store ) [ 0000000000000000000000000000000000000000000000000000000000000000000000000000000000000000000000000000000000000000000000000000000000000000000000000000000000000000000000000000000000000000000000000000000000000000000000000000000000000000000000000000000000000000000000000000000000000000000000000000000000000]
store_ln61     (store ) [ 0000000000000000000000000000000000000000000000000000000000000000000000000000000000000000000000000000000000000000000000000000000000000000000000000000000000000000000000000000000000000000000000000000000000000000000000000000000000000000000000000000000000000000000000000000000000000000000000000000000000000]
br_ln64        (br    ) [ 0000000000000000000000000000000000000000000000000000000000000000000000000000000000000000000000000000000000000000000000000000000000000000000000000000000000000000000000000000000000000000000000000000000000000000000000000000000000000000000000000000000000000000000000000000000000000000000000000000000000000]
y_write_assign (phi   ) [ 0000000000000000000000000000000000000000000000000000000000000000000000000000000000000000000000000000000000000000000000000000000000000000000000000000000000000000000000000000000000000000000000000000000000000000000000000000000000000000000000000000000000000000000000000000000000000000000000000000000000001]
ret_ln85       (ret   ) [ 0000000000000000000000000000000000000000000000000000000000000000000000000000000000000000000000000000000000000000000000000000000000000000000000000000000000000000000000000000000000000000000000000000000000000000000000000000000000000000000000000000000000000000000000000000000000000000000000000000000000000]
</LifeTime>

<model>

<comp_list>
<comp id="0" class="1000" name="c">
<pin_list>
<pin id="1" dir="1" index="0" bw="1" slack="0"/>
</pin_list>
<bind>
<StgValue><ssdm name="c"/><MemPortTyVec>1 3 </MemPortTyVec>
</StgValue>
</bind>
</comp>

<comp id="2" class="1000" name="x">
<pin_list>
<pin id="3" dir="1" index="0" bw="1" slack="0"/>
</pin_list>
<bind>
<StgValue><ssdm name="x"/></StgValue>
</bind>
</comp>

<comp id="4" class="1000" name="N">
<pin_list>
<pin id="5" dir="1" index="0" bw="1" slack="0"/>
</pin_list>
<bind>
<StgValue><ssdm name="N"/></StgValue>
</bind>
</comp>

<comp id="6" class="1000" name="reset">
<pin_list>
<pin id="7" dir="1" index="0" bw="1" slack="0"/>
</pin_list>
<bind>
<StgValue><ssdm name="reset"/></StgValue>
</bind>
</comp>

<comp id="8" class="1000" name="shift_reg">
<pin_list>
<pin id="9" dir="1" index="0" bw="1" slack="0"/>
</pin_list>
<bind>
<StgValue><ssdm name="shift_reg"/><MemPortTyVec>2 0 </MemPortTyVec>
</StgValue>
</bind>
</comp>

<comp id="10" class="1001" name="const_10">
<pin_list>
<pin id="11" dir="1" index="0" bw="1" slack="0"/>
</pin_list>
<bind>
<StgValue><ssdm name="_ssdm_op_Read.ap_auto.i1"/></StgValue>
</bind>
</comp>

<comp id="12" class="1001" name="const_12">
<pin_list>
<pin id="13" dir="1" index="0" bw="1" slack="0"/>
</pin_list>
<bind>
<StgValue><ssdm name="_ssdm_op_Read.ap_auto.i32"/></StgValue>
</bind>
</comp>

<comp id="14" class="1001" name="const_14">
<pin_list>
<pin id="15" dir="1" index="0" bw="1" slack="0"/>
</pin_list>
<bind>
<StgValue><ssdm name="_ssdm_op_Read.ap_auto.double"/></StgValue>
</bind>
</comp>

<comp id="16" class="1001" name="const_16">
<pin_list>
<pin id="17" dir="1" index="0" bw="1" slack="0"/>
</pin_list>
<bind>
<StgValue><ssdm name=""/></StgValue>
</bind>
</comp>

<comp id="18" class="1001" name="const_18">
<pin_list>
<pin id="19" dir="1" index="0" bw="1" slack="0"/>
</pin_list>
<bind>
<StgValue><ssdm name=""/></StgValue>
</bind>
</comp>

<comp id="20" class="1001" name="const_20">
<pin_list>
<pin id="21" dir="1" index="0" bw="1" slack="0"/>
</pin_list>
<bind>
<StgValue><ssdm name="fir_Pipeline_Shift_Accum_Loop"/></StgValue>
</bind>
</comp>

<comp id="22" class="1001" name="const_22">
<pin_list>
<pin id="23" dir="1" index="0" bw="1" slack="0"/>
</pin_list>
<bind>
<StgValue><ssdm name=""/></StgValue>
</bind>
</comp>

<comp id="24" class="1001" name="const_24">
<pin_list>
<pin id="25" dir="1" index="0" bw="1" slack="0"/>
</pin_list>
<bind>
<StgValue><ssdm name=""/></StgValue>
</bind>
</comp>

<comp id="26" class="1001" name="const_26">
<pin_list>
<pin id="27" dir="1" index="0" bw="1" slack="0"/>
</pin_list>
<bind>
<StgValue><ssdm name=""/></StgValue>
</bind>
</comp>

<comp id="28" class="1001" name="const_28">
<pin_list>
<pin id="29" dir="1" index="0" bw="1" slack="0"/>
</pin_list>
<bind>
<StgValue><ssdm name=""/></StgValue>
</bind>
</comp>

<comp id="30" class="1001" name="const_30">
<pin_list>
<pin id="31" dir="1" index="0" bw="1" slack="0"/>
</pin_list>
<bind>
<StgValue><ssdm name=""/></StgValue>
</bind>
</comp>

<comp id="32" class="1001" name="const_32">
<pin_list>
<pin id="33" dir="1" index="0" bw="1" slack="0"/>
</pin_list>
<bind>
<StgValue><ssdm name=""/></StgValue>
</bind>
</comp>

<comp id="34" class="1001" name="const_34">
<pin_list>
<pin id="35" dir="1" index="0" bw="1" slack="0"/>
</pin_list>
<bind>
<StgValue><ssdm name=""/></StgValue>
</bind>
</comp>

<comp id="36" class="1001" name="const_36">
<pin_list>
<pin id="37" dir="1" index="0" bw="1" slack="0"/>
</pin_list>
<bind>
<StgValue><ssdm name=""/></StgValue>
</bind>
</comp>

<comp id="38" class="1001" name="const_38">
<pin_list>
<pin id="39" dir="1" index="0" bw="1" slack="0"/>
</pin_list>
<bind>
<StgValue><ssdm name=""/></StgValue>
</bind>
</comp>

<comp id="40" class="1001" name="const_40">
<pin_list>
<pin id="41" dir="1" index="0" bw="1" slack="0"/>
</pin_list>
<bind>
<StgValue><ssdm name=""/></StgValue>
</bind>
</comp>

<comp id="42" class="1001" name="const_42">
<pin_list>
<pin id="43" dir="1" index="0" bw="1" slack="0"/>
</pin_list>
<bind>
<StgValue><ssdm name=""/></StgValue>
</bind>
</comp>

<comp id="44" class="1001" name="const_44">
<pin_list>
<pin id="45" dir="1" index="0" bw="1" slack="0"/>
</pin_list>
<bind>
<StgValue><ssdm name=""/></StgValue>
</bind>
</comp>

<comp id="46" class="1001" name="const_46">
<pin_list>
<pin id="47" dir="1" index="0" bw="1" slack="0"/>
</pin_list>
<bind>
<StgValue><ssdm name=""/></StgValue>
</bind>
</comp>

<comp id="48" class="1001" name="const_48">
<pin_list>
<pin id="49" dir="1" index="0" bw="1" slack="0"/>
</pin_list>
<bind>
<StgValue><ssdm name=""/></StgValue>
</bind>
</comp>

<comp id="50" class="1001" name="const_50">
<pin_list>
<pin id="51" dir="1" index="0" bw="1" slack="0"/>
</pin_list>
<bind>
<StgValue><ssdm name=""/></StgValue>
</bind>
</comp>

<comp id="52" class="1001" name="const_52">
<pin_list>
<pin id="53" dir="1" index="0" bw="1" slack="0"/>
</pin_list>
<bind>
<StgValue><ssdm name=""/></StgValue>
</bind>
</comp>

<comp id="54" class="1001" name="const_54">
<pin_list>
<pin id="55" dir="1" index="0" bw="1" slack="0"/>
</pin_list>
<bind>
<StgValue><ssdm name=""/></StgValue>
</bind>
</comp>

<comp id="56" class="1001" name="const_56">
<pin_list>
<pin id="57" dir="1" index="0" bw="1" slack="0"/>
</pin_list>
<bind>
<StgValue><ssdm name=""/></StgValue>
</bind>
</comp>

<comp id="58" class="1001" name="const_58">
<pin_list>
<pin id="59" dir="1" index="0" bw="1" slack="0"/>
</pin_list>
<bind>
<StgValue><ssdm name=""/></StgValue>
</bind>
</comp>

<comp id="60" class="1001" name="const_60">
<pin_list>
<pin id="61" dir="1" index="0" bw="1" slack="0"/>
</pin_list>
<bind>
<StgValue><ssdm name=""/></StgValue>
</bind>
</comp>

<comp id="62" class="1001" name="const_62">
<pin_list>
<pin id="63" dir="1" index="0" bw="1" slack="0"/>
</pin_list>
<bind>
<StgValue><ssdm name=""/></StgValue>
</bind>
</comp>

<comp id="64" class="1001" name="const_64">
<pin_list>
<pin id="65" dir="1" index="0" bw="1" slack="0"/>
</pin_list>
<bind>
<StgValue><ssdm name=""/></StgValue>
</bind>
</comp>

<comp id="66" class="1001" name="const_66">
<pin_list>
<pin id="67" dir="1" index="0" bw="1" slack="0"/>
</pin_list>
<bind>
<StgValue><ssdm name=""/></StgValue>
</bind>
</comp>

<comp id="68" class="1001" name="const_68">
<pin_list>
<pin id="69" dir="1" index="0" bw="1" slack="0"/>
</pin_list>
<bind>
<StgValue><ssdm name=""/></StgValue>
</bind>
</comp>

<comp id="70" class="1001" name="const_70">
<pin_list>
<pin id="71" dir="1" index="0" bw="1" slack="0"/>
</pin_list>
<bind>
<StgValue><ssdm name=""/></StgValue>
</bind>
</comp>

<comp id="72" class="1001" name="const_72">
<pin_list>
<pin id="73" dir="1" index="0" bw="1" slack="0"/>
</pin_list>
<bind>
<StgValue><ssdm name=""/></StgValue>
</bind>
</comp>

<comp id="74" class="1001" name="const_74">
<pin_list>
<pin id="75" dir="1" index="0" bw="1" slack="0"/>
</pin_list>
<bind>
<StgValue><ssdm name=""/></StgValue>
</bind>
</comp>

<comp id="76" class="1001" name="const_76">
<pin_list>
<pin id="77" dir="1" index="0" bw="1" slack="0"/>
</pin_list>
<bind>
<StgValue><ssdm name=""/></StgValue>
</bind>
</comp>

<comp id="78" class="1001" name="const_78">
<pin_list>
<pin id="79" dir="1" index="0" bw="1" slack="0"/>
</pin_list>
<bind>
<StgValue><ssdm name=""/></StgValue>
</bind>
</comp>

<comp id="80" class="1001" name="const_80">
<pin_list>
<pin id="81" dir="1" index="0" bw="1" slack="0"/>
</pin_list>
<bind>
<StgValue><ssdm name=""/></StgValue>
</bind>
</comp>

<comp id="82" class="1001" name="const_82">
<pin_list>
<pin id="83" dir="1" index="0" bw="1" slack="0"/>
</pin_list>
<bind>
<StgValue><ssdm name=""/></StgValue>
</bind>
</comp>

<comp id="84" class="1001" name="const_84">
<pin_list>
<pin id="85" dir="1" index="0" bw="1" slack="0"/>
</pin_list>
<bind>
<StgValue><ssdm name=""/></StgValue>
</bind>
</comp>

<comp id="86" class="1001" name="const_86">
<pin_list>
<pin id="87" dir="1" index="0" bw="1" slack="0"/>
</pin_list>
<bind>
<StgValue><ssdm name=""/></StgValue>
</bind>
</comp>

<comp id="88" class="1001" name="const_88">
<pin_list>
<pin id="89" dir="1" index="0" bw="1" slack="0"/>
</pin_list>
<bind>
<StgValue><ssdm name=""/></StgValue>
</bind>
</comp>

<comp id="90" class="1001" name="const_90">
<pin_list>
<pin id="91" dir="1" index="0" bw="1" slack="0"/>
</pin_list>
<bind>
<StgValue><ssdm name=""/></StgValue>
</bind>
</comp>

<comp id="92" class="1001" name="const_92">
<pin_list>
<pin id="93" dir="1" index="0" bw="1" slack="0"/>
</pin_list>
<bind>
<StgValue><ssdm name=""/></StgValue>
</bind>
</comp>

<comp id="94" class="1001" name="const_94">
<pin_list>
<pin id="95" dir="1" index="0" bw="1" slack="0"/>
</pin_list>
<bind>
<StgValue><ssdm name=""/></StgValue>
</bind>
</comp>

<comp id="96" class="1001" name="const_96">
<pin_list>
<pin id="97" dir="1" index="0" bw="1" slack="0"/>
</pin_list>
<bind>
<StgValue><ssdm name=""/></StgValue>
</bind>
</comp>

<comp id="98" class="1001" name="const_98">
<pin_list>
<pin id="99" dir="1" index="0" bw="1" slack="0"/>
</pin_list>
<bind>
<StgValue><ssdm name=""/></StgValue>
</bind>
</comp>

<comp id="100" class="1001" name="const_100">
<pin_list>
<pin id="101" dir="1" index="0" bw="1" slack="0"/>
</pin_list>
<bind>
<StgValue><ssdm name=""/></StgValue>
</bind>
</comp>

<comp id="102" class="1001" name="const_102">
<pin_list>
<pin id="103" dir="1" index="0" bw="1" slack="0"/>
</pin_list>
<bind>
<StgValue><ssdm name=""/></StgValue>
</bind>
</comp>

<comp id="104" class="1001" name="const_104">
<pin_list>
<pin id="105" dir="1" index="0" bw="1" slack="0"/>
</pin_list>
<bind>
<StgValue><ssdm name=""/></StgValue>
</bind>
</comp>

<comp id="106" class="1001" name="const_106">
<pin_list>
<pin id="107" dir="1" index="0" bw="1" slack="0"/>
</pin_list>
<bind>
<StgValue><ssdm name=""/></StgValue>
</bind>
</comp>

<comp id="108" class="1001" name="const_108">
<pin_list>
<pin id="109" dir="1" index="0" bw="1" slack="0"/>
</pin_list>
<bind>
<StgValue><ssdm name=""/></StgValue>
</bind>
</comp>

<comp id="110" class="1001" name="const_110">
<pin_list>
<pin id="111" dir="1" index="0" bw="1" slack="0"/>
</pin_list>
<bind>
<StgValue><ssdm name=""/></StgValue>
</bind>
</comp>

<comp id="112" class="1001" name="const_112">
<pin_list>
<pin id="113" dir="1" index="0" bw="1" slack="0"/>
</pin_list>
<bind>
<StgValue><ssdm name=""/></StgValue>
</bind>
</comp>

<comp id="114" class="1001" name="const_114">
<pin_list>
<pin id="115" dir="1" index="0" bw="1" slack="0"/>
</pin_list>
<bind>
<StgValue><ssdm name=""/></StgValue>
</bind>
</comp>

<comp id="116" class="1001" name="const_116">
<pin_list>
<pin id="117" dir="1" index="0" bw="1" slack="0"/>
</pin_list>
<bind>
<StgValue><ssdm name=""/></StgValue>
</bind>
</comp>

<comp id="118" class="1001" name="const_118">
<pin_list>
<pin id="119" dir="1" index="0" bw="1" slack="0"/>
</pin_list>
<bind>
<StgValue><ssdm name=""/></StgValue>
</bind>
</comp>

<comp id="120" class="1001" name="const_120">
<pin_list>
<pin id="121" dir="1" index="0" bw="1" slack="0"/>
</pin_list>
<bind>
<StgValue><ssdm name=""/></StgValue>
</bind>
</comp>

<comp id="122" class="1001" name="const_122">
<pin_list>
<pin id="123" dir="1" index="0" bw="1" slack="0"/>
</pin_list>
<bind>
<StgValue><ssdm name=""/></StgValue>
</bind>
</comp>

<comp id="124" class="1001" name="const_124">
<pin_list>
<pin id="125" dir="1" index="0" bw="1" slack="0"/>
</pin_list>
<bind>
<StgValue><ssdm name=""/></StgValue>
</bind>
</comp>

<comp id="126" class="1001" name="const_126">
<pin_list>
<pin id="127" dir="1" index="0" bw="1" slack="0"/>
</pin_list>
<bind>
<StgValue><ssdm name=""/></StgValue>
</bind>
</comp>

<comp id="128" class="1001" name="const_128">
<pin_list>
<pin id="129" dir="1" index="0" bw="1" slack="0"/>
</pin_list>
<bind>
<StgValue><ssdm name=""/></StgValue>
</bind>
</comp>

<comp id="130" class="1001" name="const_130">
<pin_list>
<pin id="131" dir="1" index="0" bw="1" slack="0"/>
</pin_list>
<bind>
<StgValue><ssdm name=""/></StgValue>
</bind>
</comp>

<comp id="132" class="1001" name="const_132">
<pin_list>
<pin id="133" dir="1" index="0" bw="1" slack="0"/>
</pin_list>
<bind>
<StgValue><ssdm name=""/></StgValue>
</bind>
</comp>

<comp id="134" class="1001" name="const_134">
<pin_list>
<pin id="135" dir="1" index="0" bw="1" slack="0"/>
</pin_list>
<bind>
<StgValue><ssdm name=""/></StgValue>
</bind>
</comp>

<comp id="136" class="1001" name="const_136">
<pin_list>
<pin id="137" dir="1" index="0" bw="1" slack="0"/>
</pin_list>
<bind>
<StgValue><ssdm name=""/></StgValue>
</bind>
</comp>

<comp id="138" class="1001" name="const_138">
<pin_list>
<pin id="139" dir="1" index="0" bw="1" slack="0"/>
</pin_list>
<bind>
<StgValue><ssdm name=""/></StgValue>
</bind>
</comp>

<comp id="140" class="1001" name="const_140">
<pin_list>
<pin id="141" dir="1" index="0" bw="1" slack="0"/>
</pin_list>
<bind>
<StgValue><ssdm name=""/></StgValue>
</bind>
</comp>

<comp id="142" class="1001" name="const_142">
<pin_list>
<pin id="143" dir="1" index="0" bw="1" slack="0"/>
</pin_list>
<bind>
<StgValue><ssdm name=""/></StgValue>
</bind>
</comp>

<comp id="144" class="1001" name="const_144">
<pin_list>
<pin id="145" dir="1" index="0" bw="1" slack="0"/>
</pin_list>
<bind>
<StgValue><ssdm name=""/></StgValue>
</bind>
</comp>

<comp id="146" class="1001" name="const_146">
<pin_list>
<pin id="147" dir="1" index="0" bw="1" slack="0"/>
</pin_list>
<bind>
<StgValue><ssdm name=""/></StgValue>
</bind>
</comp>

<comp id="148" class="1001" name="const_148">
<pin_list>
<pin id="149" dir="1" index="0" bw="1" slack="0"/>
</pin_list>
<bind>
<StgValue><ssdm name=""/></StgValue>
</bind>
</comp>

<comp id="150" class="1001" name="const_150">
<pin_list>
<pin id="151" dir="1" index="0" bw="1" slack="0"/>
</pin_list>
<bind>
<StgValue><ssdm name=""/></StgValue>
</bind>
</comp>

<comp id="152" class="1001" name="const_152">
<pin_list>
<pin id="153" dir="1" index="0" bw="1" slack="0"/>
</pin_list>
<bind>
<StgValue><ssdm name=""/></StgValue>
</bind>
</comp>

<comp id="154" class="1001" name="const_154">
<pin_list>
<pin id="155" dir="1" index="0" bw="1" slack="0"/>
</pin_list>
<bind>
<StgValue><ssdm name=""/></StgValue>
</bind>
</comp>

<comp id="156" class="1001" name="const_156">
<pin_list>
<pin id="157" dir="1" index="0" bw="1" slack="0"/>
</pin_list>
<bind>
<StgValue><ssdm name=""/></StgValue>
</bind>
</comp>

<comp id="158" class="1001" name="const_158">
<pin_list>
<pin id="159" dir="1" index="0" bw="1" slack="0"/>
</pin_list>
<bind>
<StgValue><ssdm name=""/></StgValue>
</bind>
</comp>

<comp id="160" class="1001" name="const_160">
<pin_list>
<pin id="161" dir="1" index="0" bw="1" slack="0"/>
</pin_list>
<bind>
<StgValue><ssdm name=""/></StgValue>
</bind>
</comp>

<comp id="162" class="1001" name="const_162">
<pin_list>
<pin id="163" dir="1" index="0" bw="1" slack="0"/>
</pin_list>
<bind>
<StgValue><ssdm name=""/></StgValue>
</bind>
</comp>

<comp id="164" class="1001" name="const_164">
<pin_list>
<pin id="165" dir="1" index="0" bw="1" slack="0"/>
</pin_list>
<bind>
<StgValue><ssdm name=""/></StgValue>
</bind>
</comp>

<comp id="166" class="1001" name="const_166">
<pin_list>
<pin id="167" dir="1" index="0" bw="1" slack="0"/>
</pin_list>
<bind>
<StgValue><ssdm name=""/></StgValue>
</bind>
</comp>

<comp id="168" class="1001" name="const_168">
<pin_list>
<pin id="169" dir="1" index="0" bw="1" slack="0"/>
</pin_list>
<bind>
<StgValue><ssdm name=""/></StgValue>
</bind>
</comp>

<comp id="170" class="1001" name="const_170">
<pin_list>
<pin id="171" dir="1" index="0" bw="1" slack="0"/>
</pin_list>
<bind>
<StgValue><ssdm name=""/></StgValue>
</bind>
</comp>

<comp id="172" class="1001" name="const_172">
<pin_list>
<pin id="173" dir="1" index="0" bw="1" slack="0"/>
</pin_list>
<bind>
<StgValue><ssdm name=""/></StgValue>
</bind>
</comp>

<comp id="174" class="1001" name="const_174">
<pin_list>
<pin id="175" dir="1" index="0" bw="1" slack="0"/>
</pin_list>
<bind>
<StgValue><ssdm name=""/></StgValue>
</bind>
</comp>

<comp id="176" class="1001" name="const_176">
<pin_list>
<pin id="177" dir="1" index="0" bw="1" slack="0"/>
</pin_list>
<bind>
<StgValue><ssdm name=""/></StgValue>
</bind>
</comp>

<comp id="178" class="1001" name="const_178">
<pin_list>
<pin id="179" dir="1" index="0" bw="1" slack="0"/>
</pin_list>
<bind>
<StgValue><ssdm name=""/></StgValue>
</bind>
</comp>

<comp id="180" class="1001" name="const_180">
<pin_list>
<pin id="181" dir="1" index="0" bw="1" slack="0"/>
</pin_list>
<bind>
<StgValue><ssdm name=""/></StgValue>
</bind>
</comp>

<comp id="182" class="1001" name="const_182">
<pin_list>
<pin id="183" dir="1" index="0" bw="1" slack="0"/>
</pin_list>
<bind>
<StgValue><ssdm name=""/></StgValue>
</bind>
</comp>

<comp id="184" class="1001" name="const_184">
<pin_list>
<pin id="185" dir="1" index="0" bw="1" slack="0"/>
</pin_list>
<bind>
<StgValue><ssdm name=""/></StgValue>
</bind>
</comp>

<comp id="186" class="1001" name="const_186">
<pin_list>
<pin id="187" dir="1" index="0" bw="1" slack="0"/>
</pin_list>
<bind>
<StgValue><ssdm name=""/></StgValue>
</bind>
</comp>

<comp id="188" class="1001" name="const_188">
<pin_list>
<pin id="189" dir="1" index="0" bw="1" slack="0"/>
</pin_list>
<bind>
<StgValue><ssdm name=""/></StgValue>
</bind>
</comp>

<comp id="190" class="1001" name="const_190">
<pin_list>
<pin id="191" dir="1" index="0" bw="1" slack="0"/>
</pin_list>
<bind>
<StgValue><ssdm name=""/></StgValue>
</bind>
</comp>

<comp id="192" class="1001" name="const_192">
<pin_list>
<pin id="193" dir="1" index="0" bw="1" slack="0"/>
</pin_list>
<bind>
<StgValue><ssdm name=""/></StgValue>
</bind>
</comp>

<comp id="194" class="1001" name="const_194">
<pin_list>
<pin id="195" dir="1" index="0" bw="1" slack="0"/>
</pin_list>
<bind>
<StgValue><ssdm name=""/></StgValue>
</bind>
</comp>

<comp id="196" class="1001" name="const_196">
<pin_list>
<pin id="197" dir="1" index="0" bw="1" slack="0"/>
</pin_list>
<bind>
<StgValue><ssdm name=""/></StgValue>
</bind>
</comp>

<comp id="198" class="1001" name="const_198">
<pin_list>
<pin id="199" dir="1" index="0" bw="1" slack="0"/>
</pin_list>
<bind>
<StgValue><ssdm name=""/></StgValue>
</bind>
</comp>

<comp id="200" class="1001" name="const_200">
<pin_list>
<pin id="201" dir="1" index="0" bw="1" slack="0"/>
</pin_list>
<bind>
<StgValue><ssdm name=""/></StgValue>
</bind>
</comp>

<comp id="202" class="1001" name="const_202">
<pin_list>
<pin id="203" dir="1" index="0" bw="1" slack="0"/>
</pin_list>
<bind>
<StgValue><ssdm name=""/></StgValue>
</bind>
</comp>

<comp id="204" class="1001" name="const_204">
<pin_list>
<pin id="205" dir="1" index="0" bw="1" slack="0"/>
</pin_list>
<bind>
<StgValue><ssdm name=""/></StgValue>
</bind>
</comp>

<comp id="206" class="1001" name="const_206">
<pin_list>
<pin id="207" dir="1" index="0" bw="1" slack="0"/>
</pin_list>
<bind>
<StgValue><ssdm name=""/></StgValue>
</bind>
</comp>

<comp id="208" class="1001" name="const_208">
<pin_list>
<pin id="209" dir="1" index="0" bw="1" slack="0"/>
</pin_list>
<bind>
<StgValue><ssdm name=""/></StgValue>
</bind>
</comp>

<comp id="210" class="1001" name="const_210">
<pin_list>
<pin id="211" dir="1" index="0" bw="1" slack="0"/>
</pin_list>
<bind>
<StgValue><ssdm name=""/></StgValue>
</bind>
</comp>

<comp id="212" class="1001" name="const_212">
<pin_list>
<pin id="213" dir="1" index="0" bw="1" slack="0"/>
</pin_list>
<bind>
<StgValue><ssdm name=""/></StgValue>
</bind>
</comp>

<comp id="214" class="1001" name="const_214">
<pin_list>
<pin id="215" dir="1" index="0" bw="1" slack="0"/>
</pin_list>
<bind>
<StgValue><ssdm name=""/></StgValue>
</bind>
</comp>

<comp id="216" class="1001" name="const_216">
<pin_list>
<pin id="217" dir="1" index="0" bw="1" slack="0"/>
</pin_list>
<bind>
<StgValue><ssdm name=""/></StgValue>
</bind>
</comp>

<comp id="218" class="1001" name="const_218">
<pin_list>
<pin id="219" dir="1" index="0" bw="1" slack="0"/>
</pin_list>
<bind>
<StgValue><ssdm name=""/></StgValue>
</bind>
</comp>

<comp id="220" class="1001" name="const_220">
<pin_list>
<pin id="221" dir="1" index="0" bw="1" slack="0"/>
</pin_list>
<bind>
<StgValue><ssdm name=""/></StgValue>
</bind>
</comp>

<comp id="222" class="1001" name="const_222">
<pin_list>
<pin id="223" dir="1" index="0" bw="1" slack="0"/>
</pin_list>
<bind>
<StgValue><ssdm name=""/></StgValue>
</bind>
</comp>

<comp id="224" class="1001" name="const_224">
<pin_list>
<pin id="225" dir="1" index="0" bw="1" slack="0"/>
</pin_list>
<bind>
<StgValue><ssdm name=""/></StgValue>
</bind>
</comp>

<comp id="226" class="1001" name="const_226">
<pin_list>
<pin id="227" dir="1" index="0" bw="1" slack="0"/>
</pin_list>
<bind>
<StgValue><ssdm name=""/></StgValue>
</bind>
</comp>

<comp id="228" class="1001" name="const_228">
<pin_list>
<pin id="229" dir="1" index="0" bw="1" slack="0"/>
</pin_list>
<bind>
<StgValue><ssdm name=""/></StgValue>
</bind>
</comp>

<comp id="230" class="1001" name="const_230">
<pin_list>
<pin id="231" dir="1" index="0" bw="1" slack="0"/>
</pin_list>
<bind>
<StgValue><ssdm name=""/></StgValue>
</bind>
</comp>

<comp id="232" class="1001" name="const_232">
<pin_list>
<pin id="233" dir="1" index="0" bw="1" slack="0"/>
</pin_list>
<bind>
<StgValue><ssdm name=""/></StgValue>
</bind>
</comp>

<comp id="234" class="1001" name="const_234">
<pin_list>
<pin id="235" dir="1" index="0" bw="1" slack="0"/>
</pin_list>
<bind>
<StgValue><ssdm name=""/></StgValue>
</bind>
</comp>

<comp id="236" class="1001" name="const_236">
<pin_list>
<pin id="237" dir="1" index="0" bw="1" slack="0"/>
</pin_list>
<bind>
<StgValue><ssdm name=""/></StgValue>
</bind>
</comp>

<comp id="238" class="1001" name="const_238">
<pin_list>
<pin id="239" dir="1" index="0" bw="1" slack="0"/>
</pin_list>
<bind>
<StgValue><ssdm name=""/></StgValue>
</bind>
</comp>

<comp id="240" class="1001" name="const_240">
<pin_list>
<pin id="241" dir="1" index="0" bw="1" slack="0"/>
</pin_list>
<bind>
<StgValue><ssdm name=""/></StgValue>
</bind>
</comp>

<comp id="242" class="1001" name="const_242">
<pin_list>
<pin id="243" dir="1" index="0" bw="1" slack="0"/>
</pin_list>
<bind>
<StgValue><ssdm name=""/></StgValue>
</bind>
</comp>

<comp id="244" class="1001" name="const_244">
<pin_list>
<pin id="245" dir="1" index="0" bw="1" slack="0"/>
</pin_list>
<bind>
<StgValue><ssdm name=""/></StgValue>
</bind>
</comp>

<comp id="246" class="1001" name="const_246">
<pin_list>
<pin id="247" dir="1" index="0" bw="1" slack="0"/>
</pin_list>
<bind>
<StgValue><ssdm name=""/></StgValue>
</bind>
</comp>

<comp id="248" class="1001" name="const_248">
<pin_list>
<pin id="249" dir="1" index="0" bw="1" slack="0"/>
</pin_list>
<bind>
<StgValue><ssdm name=""/></StgValue>
</bind>
</comp>

<comp id="250" class="1001" name="const_250">
<pin_list>
<pin id="251" dir="1" index="0" bw="1" slack="0"/>
</pin_list>
<bind>
<StgValue><ssdm name=""/></StgValue>
</bind>
</comp>

<comp id="252" class="1001" name="const_252">
<pin_list>
<pin id="253" dir="1" index="0" bw="1" slack="0"/>
</pin_list>
<bind>
<StgValue><ssdm name=""/></StgValue>
</bind>
</comp>

<comp id="254" class="1001" name="const_254">
<pin_list>
<pin id="255" dir="1" index="0" bw="1" slack="0"/>
</pin_list>
<bind>
<StgValue><ssdm name=""/></StgValue>
</bind>
</comp>

<comp id="256" class="1001" name="const_256">
<pin_list>
<pin id="257" dir="1" index="0" bw="1" slack="0"/>
</pin_list>
<bind>
<StgValue><ssdm name=""/></StgValue>
</bind>
</comp>

<comp id="258" class="1001" name="const_258">
<pin_list>
<pin id="259" dir="1" index="0" bw="1" slack="0"/>
</pin_list>
<bind>
<StgValue><ssdm name=""/></StgValue>
</bind>
</comp>

<comp id="260" class="1001" name="const_260">
<pin_list>
<pin id="261" dir="1" index="0" bw="1" slack="0"/>
</pin_list>
<bind>
<StgValue><ssdm name=""/></StgValue>
</bind>
</comp>

<comp id="262" class="1001" name="const_262">
<pin_list>
<pin id="263" dir="1" index="0" bw="1" slack="0"/>
</pin_list>
<bind>
<StgValue><ssdm name=""/></StgValue>
</bind>
</comp>

<comp id="264" class="1001" name="const_264">
<pin_list>
<pin id="265" dir="1" index="0" bw="1" slack="0"/>
</pin_list>
<bind>
<StgValue><ssdm name=""/></StgValue>
</bind>
</comp>

<comp id="266" class="1001" name="const_266">
<pin_list>
<pin id="267" dir="1" index="0" bw="1" slack="0"/>
</pin_list>
<bind>
<StgValue><ssdm name=""/></StgValue>
</bind>
</comp>

<comp id="268" class="1001" name="const_268">
<pin_list>
<pin id="269" dir="1" index="0" bw="1" slack="0"/>
</pin_list>
<bind>
<StgValue><ssdm name=""/></StgValue>
</bind>
</comp>

<comp id="270" class="1001" name="const_270">
<pin_list>
<pin id="271" dir="1" index="0" bw="1" slack="0"/>
</pin_list>
<bind>
<StgValue><ssdm name=""/></StgValue>
</bind>
</comp>

<comp id="272" class="1001" name="const_272">
<pin_list>
<pin id="273" dir="1" index="0" bw="1" slack="0"/>
</pin_list>
<bind>
<StgValue><ssdm name=""/></StgValue>
</bind>
</comp>

<comp id="274" class="1001" name="const_274">
<pin_list>
<pin id="275" dir="1" index="0" bw="1" slack="0"/>
</pin_list>
<bind>
<StgValue><ssdm name=""/></StgValue>
</bind>
</comp>

<comp id="276" class="1001" name="const_276">
<pin_list>
<pin id="277" dir="1" index="0" bw="1" slack="0"/>
</pin_list>
<bind>
<StgValue><ssdm name=""/></StgValue>
</bind>
</comp>

<comp id="278" class="1001" name="const_278">
<pin_list>
<pin id="279" dir="1" index="0" bw="1" slack="0"/>
</pin_list>
<bind>
<StgValue><ssdm name=""/></StgValue>
</bind>
</comp>

<comp id="280" class="1001" name="const_280">
<pin_list>
<pin id="281" dir="1" index="0" bw="1" slack="0"/>
</pin_list>
<bind>
<StgValue><ssdm name=""/></StgValue>
</bind>
</comp>

<comp id="282" class="1001" name="const_282">
<pin_list>
<pin id="283" dir="1" index="0" bw="1" slack="0"/>
</pin_list>
<bind>
<StgValue><ssdm name=""/></StgValue>
</bind>
</comp>

<comp id="284" class="1001" name="const_284">
<pin_list>
<pin id="285" dir="1" index="0" bw="1" slack="0"/>
</pin_list>
<bind>
<StgValue><ssdm name=""/></StgValue>
</bind>
</comp>

<comp id="286" class="1001" name="const_286">
<pin_list>
<pin id="287" dir="1" index="0" bw="1" slack="0"/>
</pin_list>
<bind>
<StgValue><ssdm name=""/></StgValue>
</bind>
</comp>

<comp id="288" class="1001" name="const_288">
<pin_list>
<pin id="289" dir="1" index="0" bw="1" slack="0"/>
</pin_list>
<bind>
<StgValue><ssdm name=""/></StgValue>
</bind>
</comp>

<comp id="290" class="1001" name="const_290">
<pin_list>
<pin id="291" dir="1" index="0" bw="1" slack="0"/>
</pin_list>
<bind>
<StgValue><ssdm name=""/></StgValue>
</bind>
</comp>

<comp id="292" class="1001" name="const_292">
<pin_list>
<pin id="293" dir="1" index="0" bw="1" slack="0"/>
</pin_list>
<bind>
<StgValue><ssdm name=""/></StgValue>
</bind>
</comp>

<comp id="294" class="1001" name="const_294">
<pin_list>
<pin id="295" dir="1" index="0" bw="1" slack="0"/>
</pin_list>
<bind>
<StgValue><ssdm name=""/></StgValue>
</bind>
</comp>

<comp id="296" class="1001" name="const_296">
<pin_list>
<pin id="297" dir="1" index="0" bw="1" slack="0"/>
</pin_list>
<bind>
<StgValue><ssdm name=""/></StgValue>
</bind>
</comp>

<comp id="298" class="1001" name="const_298">
<pin_list>
<pin id="299" dir="1" index="0" bw="1" slack="0"/>
</pin_list>
<bind>
<StgValue><ssdm name=""/></StgValue>
</bind>
</comp>

<comp id="300" class="1001" name="const_300">
<pin_list>
<pin id="301" dir="1" index="0" bw="1" slack="0"/>
</pin_list>
<bind>
<StgValue><ssdm name=""/></StgValue>
</bind>
</comp>

<comp id="302" class="1001" name="const_302">
<pin_list>
<pin id="303" dir="1" index="0" bw="1" slack="0"/>
</pin_list>
<bind>
<StgValue><ssdm name=""/></StgValue>
</bind>
</comp>

<comp id="304" class="1001" name="const_304">
<pin_list>
<pin id="305" dir="1" index="0" bw="1" slack="0"/>
</pin_list>
<bind>
<StgValue><ssdm name=""/></StgValue>
</bind>
</comp>

<comp id="306" class="1001" name="const_306">
<pin_list>
<pin id="307" dir="1" index="0" bw="1" slack="0"/>
</pin_list>
<bind>
<StgValue><ssdm name=""/></StgValue>
</bind>
</comp>

<comp id="308" class="1001" name="const_308">
<pin_list>
<pin id="309" dir="1" index="0" bw="1" slack="0"/>
</pin_list>
<bind>
<StgValue><ssdm name=""/></StgValue>
</bind>
</comp>

<comp id="310" class="1001" name="const_310">
<pin_list>
<pin id="311" dir="1" index="0" bw="1" slack="0"/>
</pin_list>
<bind>
<StgValue><ssdm name=""/></StgValue>
</bind>
</comp>

<comp id="312" class="1001" name="const_312">
<pin_list>
<pin id="313" dir="1" index="0" bw="1" slack="0"/>
</pin_list>
<bind>
<StgValue><ssdm name=""/></StgValue>
</bind>
</comp>

<comp id="314" class="1001" name="const_314">
<pin_list>
<pin id="315" dir="1" index="0" bw="1" slack="0"/>
</pin_list>
<bind>
<StgValue><ssdm name=""/></StgValue>
</bind>
</comp>

<comp id="316" class="1001" name="const_316">
<pin_list>
<pin id="317" dir="1" index="0" bw="1" slack="0"/>
</pin_list>
<bind>
<StgValue><ssdm name=""/></StgValue>
</bind>
</comp>

<comp id="318" class="1001" name="const_318">
<pin_list>
<pin id="319" dir="1" index="0" bw="1" slack="0"/>
</pin_list>
<bind>
<StgValue><ssdm name=""/></StgValue>
</bind>
</comp>

<comp id="320" class="1001" name="const_320">
<pin_list>
<pin id="321" dir="1" index="0" bw="1" slack="0"/>
</pin_list>
<bind>
<StgValue><ssdm name=""/></StgValue>
</bind>
</comp>

<comp id="322" class="1001" name="const_322">
<pin_list>
<pin id="323" dir="1" index="0" bw="1" slack="0"/>
</pin_list>
<bind>
<StgValue><ssdm name=""/></StgValue>
</bind>
</comp>

<comp id="324" class="1001" name="const_324">
<pin_list>
<pin id="325" dir="1" index="0" bw="1" slack="0"/>
</pin_list>
<bind>
<StgValue><ssdm name=""/></StgValue>
</bind>
</comp>

<comp id="326" class="1001" name="const_326">
<pin_list>
<pin id="327" dir="1" index="0" bw="1" slack="0"/>
</pin_list>
<bind>
<StgValue><ssdm name=""/></StgValue>
</bind>
</comp>

<comp id="328" class="1001" name="const_328">
<pin_list>
<pin id="329" dir="1" index="0" bw="1" slack="0"/>
</pin_list>
<bind>
<StgValue><ssdm name=""/></StgValue>
</bind>
</comp>

<comp id="330" class="1001" name="const_330">
<pin_list>
<pin id="331" dir="1" index="0" bw="1" slack="0"/>
</pin_list>
<bind>
<StgValue><ssdm name=""/></StgValue>
</bind>
</comp>

<comp id="332" class="1001" name="const_332">
<pin_list>
<pin id="333" dir="1" index="0" bw="1" slack="0"/>
</pin_list>
<bind>
<StgValue><ssdm name=""/></StgValue>
</bind>
</comp>

<comp id="334" class="1001" name="const_334">
<pin_list>
<pin id="335" dir="1" index="0" bw="1" slack="0"/>
</pin_list>
<bind>
<StgValue><ssdm name=""/></StgValue>
</bind>
</comp>

<comp id="336" class="1001" name="const_336">
<pin_list>
<pin id="337" dir="1" index="0" bw="1" slack="0"/>
</pin_list>
<bind>
<StgValue><ssdm name=""/></StgValue>
</bind>
</comp>

<comp id="338" class="1001" name="const_338">
<pin_list>
<pin id="339" dir="1" index="0" bw="1" slack="0"/>
</pin_list>
<bind>
<StgValue><ssdm name=""/></StgValue>
</bind>
</comp>

<comp id="340" class="1001" name="const_340">
<pin_list>
<pin id="341" dir="1" index="0" bw="1" slack="0"/>
</pin_list>
<bind>
<StgValue><ssdm name=""/></StgValue>
</bind>
</comp>

<comp id="342" class="1001" name="const_342">
<pin_list>
<pin id="343" dir="1" index="0" bw="1" slack="0"/>
</pin_list>
<bind>
<StgValue><ssdm name=""/></StgValue>
</bind>
</comp>

<comp id="344" class="1001" name="const_344">
<pin_list>
<pin id="345" dir="1" index="0" bw="1" slack="0"/>
</pin_list>
<bind>
<StgValue><ssdm name=""/></StgValue>
</bind>
</comp>

<comp id="346" class="1001" name="const_346">
<pin_list>
<pin id="347" dir="1" index="0" bw="1" slack="0"/>
</pin_list>
<bind>
<StgValue><ssdm name=""/></StgValue>
</bind>
</comp>

<comp id="348" class="1001" name="const_348">
<pin_list>
<pin id="349" dir="1" index="0" bw="1" slack="0"/>
</pin_list>
<bind>
<StgValue><ssdm name=""/></StgValue>
</bind>
</comp>

<comp id="350" class="1001" name="const_350">
<pin_list>
<pin id="351" dir="1" index="0" bw="1" slack="0"/>
</pin_list>
<bind>
<StgValue><ssdm name=""/></StgValue>
</bind>
</comp>

<comp id="352" class="1001" name="const_352">
<pin_list>
<pin id="353" dir="1" index="0" bw="1" slack="0"/>
</pin_list>
<bind>
<StgValue><ssdm name=""/></StgValue>
</bind>
</comp>

<comp id="354" class="1001" name="const_354">
<pin_list>
<pin id="355" dir="1" index="0" bw="1" slack="0"/>
</pin_list>
<bind>
<StgValue><ssdm name=""/></StgValue>
</bind>
</comp>

<comp id="356" class="1001" name="const_356">
<pin_list>
<pin id="357" dir="1" index="0" bw="1" slack="0"/>
</pin_list>
<bind>
<StgValue><ssdm name=""/></StgValue>
</bind>
</comp>

<comp id="358" class="1001" name="const_358">
<pin_list>
<pin id="359" dir="1" index="0" bw="1" slack="0"/>
</pin_list>
<bind>
<StgValue><ssdm name=""/></StgValue>
</bind>
</comp>

<comp id="360" class="1001" name="const_360">
<pin_list>
<pin id="361" dir="1" index="0" bw="1" slack="0"/>
</pin_list>
<bind>
<StgValue><ssdm name=""/></StgValue>
</bind>
</comp>

<comp id="362" class="1001" name="const_362">
<pin_list>
<pin id="363" dir="1" index="0" bw="1" slack="0"/>
</pin_list>
<bind>
<StgValue><ssdm name=""/></StgValue>
</bind>
</comp>

<comp id="364" class="1001" name="const_364">
<pin_list>
<pin id="365" dir="1" index="0" bw="1" slack="0"/>
</pin_list>
<bind>
<StgValue><ssdm name=""/></StgValue>
</bind>
</comp>

<comp id="366" class="1001" name="const_366">
<pin_list>
<pin id="367" dir="1" index="0" bw="1" slack="0"/>
</pin_list>
<bind>
<StgValue><ssdm name=""/></StgValue>
</bind>
</comp>

<comp id="368" class="1001" name="const_368">
<pin_list>
<pin id="369" dir="1" index="0" bw="1" slack="0"/>
</pin_list>
<bind>
<StgValue><ssdm name=""/></StgValue>
</bind>
</comp>

<comp id="370" class="1001" name="const_370">
<pin_list>
<pin id="371" dir="1" index="0" bw="1" slack="0"/>
</pin_list>
<bind>
<StgValue><ssdm name=""/></StgValue>
</bind>
</comp>

<comp id="372" class="1001" name="const_372">
<pin_list>
<pin id="373" dir="1" index="0" bw="1" slack="0"/>
</pin_list>
<bind>
<StgValue><ssdm name=""/></StgValue>
</bind>
</comp>

<comp id="374" class="1001" name="const_374">
<pin_list>
<pin id="375" dir="1" index="0" bw="1" slack="0"/>
</pin_list>
<bind>
<StgValue><ssdm name=""/></StgValue>
</bind>
</comp>

<comp id="376" class="1001" name="const_376">
<pin_list>
<pin id="377" dir="1" index="0" bw="1" slack="0"/>
</pin_list>
<bind>
<StgValue><ssdm name=""/></StgValue>
</bind>
</comp>

<comp id="378" class="1001" name="const_378">
<pin_list>
<pin id="379" dir="1" index="0" bw="1" slack="0"/>
</pin_list>
<bind>
<StgValue><ssdm name=""/></StgValue>
</bind>
</comp>

<comp id="380" class="1001" name="const_380">
<pin_list>
<pin id="381" dir="1" index="0" bw="1" slack="0"/>
</pin_list>
<bind>
<StgValue><ssdm name=""/></StgValue>
</bind>
</comp>

<comp id="382" class="1001" name="const_382">
<pin_list>
<pin id="383" dir="1" index="0" bw="1" slack="0"/>
</pin_list>
<bind>
<StgValue><ssdm name=""/></StgValue>
</bind>
</comp>

<comp id="384" class="1001" name="const_384">
<pin_list>
<pin id="385" dir="1" index="0" bw="1" slack="0"/>
</pin_list>
<bind>
<StgValue><ssdm name=""/></StgValue>
</bind>
</comp>

<comp id="386" class="1001" name="const_386">
<pin_list>
<pin id="387" dir="1" index="0" bw="1" slack="0"/>
</pin_list>
<bind>
<StgValue><ssdm name=""/></StgValue>
</bind>
</comp>

<comp id="388" class="1001" name="const_388">
<pin_list>
<pin id="389" dir="1" index="0" bw="1" slack="0"/>
</pin_list>
<bind>
<StgValue><ssdm name=""/></StgValue>
</bind>
</comp>

<comp id="390" class="1001" name="const_390">
<pin_list>
<pin id="391" dir="1" index="0" bw="1" slack="0"/>
</pin_list>
<bind>
<StgValue><ssdm name=""/></StgValue>
</bind>
</comp>

<comp id="392" class="1001" name="const_392">
<pin_list>
<pin id="393" dir="1" index="0" bw="1" slack="0"/>
</pin_list>
<bind>
<StgValue><ssdm name=""/></StgValue>
</bind>
</comp>

<comp id="394" class="1001" name="const_394">
<pin_list>
<pin id="395" dir="1" index="0" bw="1" slack="0"/>
</pin_list>
<bind>
<StgValue><ssdm name=""/></StgValue>
</bind>
</comp>

<comp id="396" class="1001" name="const_396">
<pin_list>
<pin id="397" dir="1" index="0" bw="1" slack="0"/>
</pin_list>
<bind>
<StgValue><ssdm name=""/></StgValue>
</bind>
</comp>

<comp id="398" class="1001" name="const_398">
<pin_list>
<pin id="399" dir="1" index="0" bw="1" slack="0"/>
</pin_list>
<bind>
<StgValue><ssdm name=""/></StgValue>
</bind>
</comp>

<comp id="400" class="1001" name="const_400">
<pin_list>
<pin id="401" dir="1" index="0" bw="1" slack="0"/>
</pin_list>
<bind>
<StgValue><ssdm name=""/></StgValue>
</bind>
</comp>

<comp id="402" class="1001" name="const_402">
<pin_list>
<pin id="403" dir="1" index="0" bw="1" slack="0"/>
</pin_list>
<bind>
<StgValue><ssdm name=""/></StgValue>
</bind>
</comp>

<comp id="404" class="1001" name="const_404">
<pin_list>
<pin id="405" dir="1" index="0" bw="1" slack="0"/>
</pin_list>
<bind>
<StgValue><ssdm name=""/></StgValue>
</bind>
</comp>

<comp id="406" class="1001" name="const_406">
<pin_list>
<pin id="407" dir="1" index="0" bw="1" slack="0"/>
</pin_list>
<bind>
<StgValue><ssdm name=""/></StgValue>
</bind>
</comp>

<comp id="408" class="1001" name="const_408">
<pin_list>
<pin id="409" dir="1" index="0" bw="1" slack="0"/>
</pin_list>
<bind>
<StgValue><ssdm name=""/></StgValue>
</bind>
</comp>

<comp id="410" class="1001" name="const_410">
<pin_list>
<pin id="411" dir="1" index="0" bw="1" slack="0"/>
</pin_list>
<bind>
<StgValue><ssdm name=""/></StgValue>
</bind>
</comp>

<comp id="412" class="1001" name="const_412">
<pin_list>
<pin id="413" dir="1" index="0" bw="1" slack="0"/>
</pin_list>
<bind>
<StgValue><ssdm name=""/></StgValue>
</bind>
</comp>

<comp id="414" class="1001" name="const_414">
<pin_list>
<pin id="415" dir="1" index="0" bw="1" slack="0"/>
</pin_list>
<bind>
<StgValue><ssdm name=""/></StgValue>
</bind>
</comp>

<comp id="416" class="1001" name="const_416">
<pin_list>
<pin id="417" dir="1" index="0" bw="1" slack="0"/>
</pin_list>
<bind>
<StgValue><ssdm name=""/></StgValue>
</bind>
</comp>

<comp id="418" class="1001" name="const_418">
<pin_list>
<pin id="419" dir="1" index="0" bw="1" slack="0"/>
</pin_list>
<bind>
<StgValue><ssdm name=""/></StgValue>
</bind>
</comp>

<comp id="420" class="1001" name="const_420">
<pin_list>
<pin id="421" dir="1" index="0" bw="1" slack="0"/>
</pin_list>
<bind>
<StgValue><ssdm name=""/></StgValue>
</bind>
</comp>

<comp id="422" class="1001" name="const_422">
<pin_list>
<pin id="423" dir="1" index="0" bw="1" slack="0"/>
</pin_list>
<bind>
<StgValue><ssdm name=""/></StgValue>
</bind>
</comp>

<comp id="424" class="1001" name="const_424">
<pin_list>
<pin id="425" dir="1" index="0" bw="1" slack="0"/>
</pin_list>
<bind>
<StgValue><ssdm name=""/></StgValue>
</bind>
</comp>

<comp id="426" class="1001" name="const_426">
<pin_list>
<pin id="427" dir="1" index="0" bw="1" slack="0"/>
</pin_list>
<bind>
<StgValue><ssdm name=""/></StgValue>
</bind>
</comp>

<comp id="428" class="1001" name="const_428">
<pin_list>
<pin id="429" dir="1" index="0" bw="1" slack="0"/>
</pin_list>
<bind>
<StgValue><ssdm name=""/></StgValue>
</bind>
</comp>

<comp id="430" class="1001" name="const_430">
<pin_list>
<pin id="431" dir="1" index="0" bw="1" slack="0"/>
</pin_list>
<bind>
<StgValue><ssdm name=""/></StgValue>
</bind>
</comp>

<comp id="432" class="1001" name="const_432">
<pin_list>
<pin id="433" dir="1" index="0" bw="1" slack="0"/>
</pin_list>
<bind>
<StgValue><ssdm name=""/></StgValue>
</bind>
</comp>

<comp id="434" class="1001" name="const_434">
<pin_list>
<pin id="435" dir="1" index="0" bw="1" slack="0"/>
</pin_list>
<bind>
<StgValue><ssdm name=""/></StgValue>
</bind>
</comp>

<comp id="436" class="1001" name="const_436">
<pin_list>
<pin id="437" dir="1" index="0" bw="1" slack="0"/>
</pin_list>
<bind>
<StgValue><ssdm name=""/></StgValue>
</bind>
</comp>

<comp id="438" class="1001" name="const_438">
<pin_list>
<pin id="439" dir="1" index="0" bw="1" slack="0"/>
</pin_list>
<bind>
<StgValue><ssdm name=""/></StgValue>
</bind>
</comp>

<comp id="440" class="1001" name="const_440">
<pin_list>
<pin id="441" dir="1" index="0" bw="1" slack="0"/>
</pin_list>
<bind>
<StgValue><ssdm name=""/></StgValue>
</bind>
</comp>

<comp id="442" class="1001" name="const_442">
<pin_list>
<pin id="443" dir="1" index="0" bw="1" slack="0"/>
</pin_list>
<bind>
<StgValue><ssdm name=""/></StgValue>
</bind>
</comp>

<comp id="444" class="1001" name="const_444">
<pin_list>
<pin id="445" dir="1" index="0" bw="1" slack="0"/>
</pin_list>
<bind>
<StgValue><ssdm name=""/></StgValue>
</bind>
</comp>

<comp id="446" class="1001" name="const_446">
<pin_list>
<pin id="447" dir="1" index="0" bw="1" slack="0"/>
</pin_list>
<bind>
<StgValue><ssdm name=""/></StgValue>
</bind>
</comp>

<comp id="448" class="1001" name="const_448">
<pin_list>
<pin id="449" dir="1" index="0" bw="1" slack="0"/>
</pin_list>
<bind>
<StgValue><ssdm name=""/></StgValue>
</bind>
</comp>

<comp id="450" class="1001" name="const_450">
<pin_list>
<pin id="451" dir="1" index="0" bw="1" slack="0"/>
</pin_list>
<bind>
<StgValue><ssdm name=""/></StgValue>
</bind>
</comp>

<comp id="452" class="1001" name="const_452">
<pin_list>
<pin id="453" dir="1" index="0" bw="1" slack="0"/>
</pin_list>
<bind>
<StgValue><ssdm name=""/></StgValue>
</bind>
</comp>

<comp id="454" class="1001" name="const_454">
<pin_list>
<pin id="455" dir="1" index="0" bw="1" slack="0"/>
</pin_list>
<bind>
<StgValue><ssdm name=""/></StgValue>
</bind>
</comp>

<comp id="456" class="1001" name="const_456">
<pin_list>
<pin id="457" dir="1" index="0" bw="1" slack="0"/>
</pin_list>
<bind>
<StgValue><ssdm name=""/></StgValue>
</bind>
</comp>

<comp id="458" class="1001" name="const_458">
<pin_list>
<pin id="459" dir="1" index="0" bw="1" slack="0"/>
</pin_list>
<bind>
<StgValue><ssdm name=""/></StgValue>
</bind>
</comp>

<comp id="460" class="1001" name="const_460">
<pin_list>
<pin id="461" dir="1" index="0" bw="1" slack="0"/>
</pin_list>
<bind>
<StgValue><ssdm name=""/></StgValue>
</bind>
</comp>

<comp id="462" class="1001" name="const_462">
<pin_list>
<pin id="463" dir="1" index="0" bw="1" slack="0"/>
</pin_list>
<bind>
<StgValue><ssdm name=""/></StgValue>
</bind>
</comp>

<comp id="464" class="1001" name="const_464">
<pin_list>
<pin id="465" dir="1" index="0" bw="1" slack="0"/>
</pin_list>
<bind>
<StgValue><ssdm name=""/></StgValue>
</bind>
</comp>

<comp id="466" class="1001" name="const_466">
<pin_list>
<pin id="467" dir="1" index="0" bw="1" slack="0"/>
</pin_list>
<bind>
<StgValue><ssdm name=""/></StgValue>
</bind>
</comp>

<comp id="468" class="1001" name="const_468">
<pin_list>
<pin id="469" dir="1" index="0" bw="1" slack="0"/>
</pin_list>
<bind>
<StgValue><ssdm name=""/></StgValue>
</bind>
</comp>

<comp id="470" class="1001" name="const_470">
<pin_list>
<pin id="471" dir="1" index="0" bw="1" slack="0"/>
</pin_list>
<bind>
<StgValue><ssdm name=""/></StgValue>
</bind>
</comp>

<comp id="472" class="1001" name="const_472">
<pin_list>
<pin id="473" dir="1" index="0" bw="1" slack="0"/>
</pin_list>
<bind>
<StgValue><ssdm name=""/></StgValue>
</bind>
</comp>

<comp id="474" class="1001" name="const_474">
<pin_list>
<pin id="475" dir="1" index="0" bw="1" slack="0"/>
</pin_list>
<bind>
<StgValue><ssdm name=""/></StgValue>
</bind>
</comp>

<comp id="476" class="1001" name="const_476">
<pin_list>
<pin id="477" dir="1" index="0" bw="1" slack="0"/>
</pin_list>
<bind>
<StgValue><ssdm name=""/></StgValue>
</bind>
</comp>

<comp id="478" class="1001" name="const_478">
<pin_list>
<pin id="479" dir="1" index="0" bw="1" slack="0"/>
</pin_list>
<bind>
<StgValue><ssdm name=""/></StgValue>
</bind>
</comp>

<comp id="480" class="1001" name="const_480">
<pin_list>
<pin id="481" dir="1" index="0" bw="1" slack="0"/>
</pin_list>
<bind>
<StgValue><ssdm name=""/></StgValue>
</bind>
</comp>

<comp id="482" class="1001" name="const_482">
<pin_list>
<pin id="483" dir="1" index="0" bw="1" slack="0"/>
</pin_list>
<bind>
<StgValue><ssdm name=""/></StgValue>
</bind>
</comp>

<comp id="484" class="1001" name="const_484">
<pin_list>
<pin id="485" dir="1" index="0" bw="1" slack="0"/>
</pin_list>
<bind>
<StgValue><ssdm name=""/></StgValue>
</bind>
</comp>

<comp id="486" class="1001" name="const_486">
<pin_list>
<pin id="487" dir="1" index="0" bw="1" slack="0"/>
</pin_list>
<bind>
<StgValue><ssdm name=""/></StgValue>
</bind>
</comp>

<comp id="488" class="1001" name="const_488">
<pin_list>
<pin id="489" dir="1" index="0" bw="1" slack="0"/>
</pin_list>
<bind>
<StgValue><ssdm name=""/></StgValue>
</bind>
</comp>

<comp id="490" class="1001" name="const_490">
<pin_list>
<pin id="491" dir="1" index="0" bw="1" slack="0"/>
</pin_list>
<bind>
<StgValue><ssdm name=""/></StgValue>
</bind>
</comp>

<comp id="492" class="1001" name="const_492">
<pin_list>
<pin id="493" dir="1" index="0" bw="1" slack="0"/>
</pin_list>
<bind>
<StgValue><ssdm name=""/></StgValue>
</bind>
</comp>

<comp id="494" class="1001" name="const_494">
<pin_list>
<pin id="495" dir="1" index="0" bw="1" slack="0"/>
</pin_list>
<bind>
<StgValue><ssdm name=""/></StgValue>
</bind>
</comp>

<comp id="496" class="1001" name="const_496">
<pin_list>
<pin id="497" dir="1" index="0" bw="1" slack="0"/>
</pin_list>
<bind>
<StgValue><ssdm name=""/></StgValue>
</bind>
</comp>

<comp id="498" class="1001" name="const_498">
<pin_list>
<pin id="499" dir="1" index="0" bw="1" slack="0"/>
</pin_list>
<bind>
<StgValue><ssdm name=""/></StgValue>
</bind>
</comp>

<comp id="500" class="1001" name="const_500">
<pin_list>
<pin id="501" dir="1" index="0" bw="1" slack="0"/>
</pin_list>
<bind>
<StgValue><ssdm name=""/></StgValue>
</bind>
</comp>

<comp id="502" class="1001" name="const_502">
<pin_list>
<pin id="503" dir="1" index="0" bw="1" slack="0"/>
</pin_list>
<bind>
<StgValue><ssdm name=""/></StgValue>
</bind>
</comp>

<comp id="504" class="1001" name="const_504">
<pin_list>
<pin id="505" dir="1" index="0" bw="1" slack="0"/>
</pin_list>
<bind>
<StgValue><ssdm name=""/></StgValue>
</bind>
</comp>

<comp id="506" class="1001" name="const_506">
<pin_list>
<pin id="507" dir="1" index="0" bw="1" slack="0"/>
</pin_list>
<bind>
<StgValue><ssdm name=""/></StgValue>
</bind>
</comp>

<comp id="508" class="1001" name="const_508">
<pin_list>
<pin id="509" dir="1" index="0" bw="1" slack="0"/>
</pin_list>
<bind>
<StgValue><ssdm name=""/></StgValue>
</bind>
</comp>

<comp id="510" class="1001" name="const_510">
<pin_list>
<pin id="511" dir="1" index="0" bw="1" slack="0"/>
</pin_list>
<bind>
<StgValue><ssdm name=""/></StgValue>
</bind>
</comp>

<comp id="512" class="1001" name="const_512">
<pin_list>
<pin id="513" dir="1" index="0" bw="1" slack="0"/>
</pin_list>
<bind>
<StgValue><ssdm name=""/></StgValue>
</bind>
</comp>

<comp id="514" class="1001" name="const_514">
<pin_list>
<pin id="515" dir="1" index="0" bw="1" slack="0"/>
</pin_list>
<bind>
<StgValue><ssdm name=""/></StgValue>
</bind>
</comp>

<comp id="516" class="1001" name="const_516">
<pin_list>
<pin id="517" dir="1" index="0" bw="1" slack="0"/>
</pin_list>
<bind>
<StgValue><ssdm name=""/></StgValue>
</bind>
</comp>

<comp id="518" class="1001" name="const_518">
<pin_list>
<pin id="519" dir="1" index="0" bw="1" slack="0"/>
</pin_list>
<bind>
<StgValue><ssdm name=""/></StgValue>
</bind>
</comp>

<comp id="520" class="1001" name="const_520">
<pin_list>
<pin id="521" dir="1" index="0" bw="1" slack="0"/>
</pin_list>
<bind>
<StgValue><ssdm name=""/></StgValue>
</bind>
</comp>

<comp id="522" class="1001" name="const_522">
<pin_list>
<pin id="523" dir="1" index="0" bw="1" slack="0"/>
</pin_list>
<bind>
<StgValue><ssdm name=""/></StgValue>
</bind>
</comp>

<comp id="524" class="1001" name="const_524">
<pin_list>
<pin id="525" dir="1" index="0" bw="1" slack="0"/>
</pin_list>
<bind>
<StgValue><ssdm name=""/></StgValue>
</bind>
</comp>

<comp id="526" class="1001" name="const_526">
<pin_list>
<pin id="527" dir="1" index="0" bw="1" slack="0"/>
</pin_list>
<bind>
<StgValue><ssdm name=""/></StgValue>
</bind>
</comp>

<comp id="528" class="1001" name="const_528">
<pin_list>
<pin id="529" dir="1" index="0" bw="1" slack="0"/>
</pin_list>
<bind>
<StgValue><ssdm name=""/></StgValue>
</bind>
</comp>

<comp id="530" class="1001" name="const_530">
<pin_list>
<pin id="531" dir="1" index="0" bw="1" slack="0"/>
</pin_list>
<bind>
<StgValue><ssdm name=""/></StgValue>
</bind>
</comp>

<comp id="532" class="1001" name="const_532">
<pin_list>
<pin id="533" dir="1" index="0" bw="1" slack="0"/>
</pin_list>
<bind>
<StgValue><ssdm name=""/></StgValue>
</bind>
</comp>

<comp id="534" class="1001" name="const_534">
<pin_list>
<pin id="535" dir="1" index="0" bw="1" slack="0"/>
</pin_list>
<bind>
<StgValue><ssdm name=""/></StgValue>
</bind>
</comp>

<comp id="536" class="1001" name="const_536">
<pin_list>
<pin id="537" dir="1" index="0" bw="1" slack="0"/>
</pin_list>
<bind>
<StgValue><ssdm name=""/></StgValue>
</bind>
</comp>

<comp id="538" class="1001" name="const_538">
<pin_list>
<pin id="539" dir="1" index="0" bw="1" slack="0"/>
</pin_list>
<bind>
<StgValue><ssdm name=""/></StgValue>
</bind>
</comp>

<comp id="540" class="1001" name="const_540">
<pin_list>
<pin id="541" dir="1" index="0" bw="1" slack="0"/>
</pin_list>
<bind>
<StgValue><ssdm name=""/></StgValue>
</bind>
</comp>

<comp id="542" class="1001" name="const_542">
<pin_list>
<pin id="543" dir="1" index="0" bw="1" slack="0"/>
</pin_list>
<bind>
<StgValue><ssdm name=""/></StgValue>
</bind>
</comp>

<comp id="544" class="1001" name="const_544">
<pin_list>
<pin id="545" dir="1" index="0" bw="1" slack="0"/>
</pin_list>
<bind>
<StgValue><ssdm name=""/></StgValue>
</bind>
</comp>

<comp id="546" class="1001" name="const_546">
<pin_list>
<pin id="547" dir="1" index="0" bw="1" slack="0"/>
</pin_list>
<bind>
<StgValue><ssdm name=""/></StgValue>
</bind>
</comp>

<comp id="548" class="1001" name="const_548">
<pin_list>
<pin id="549" dir="1" index="0" bw="1" slack="0"/>
</pin_list>
<bind>
<StgValue><ssdm name=""/></StgValue>
</bind>
</comp>

<comp id="550" class="1001" name="const_550">
<pin_list>
<pin id="551" dir="1" index="0" bw="1" slack="0"/>
</pin_list>
<bind>
<StgValue><ssdm name=""/></StgValue>
</bind>
</comp>

<comp id="552" class="1001" name="const_552">
<pin_list>
<pin id="553" dir="1" index="0" bw="1" slack="0"/>
</pin_list>
<bind>
<StgValue><ssdm name=""/></StgValue>
</bind>
</comp>

<comp id="554" class="1001" name="const_554">
<pin_list>
<pin id="555" dir="1" index="0" bw="1" slack="0"/>
</pin_list>
<bind>
<StgValue><ssdm name=""/></StgValue>
</bind>
</comp>

<comp id="556" class="1001" name="const_556">
<pin_list>
<pin id="557" dir="1" index="0" bw="1" slack="0"/>
</pin_list>
<bind>
<StgValue><ssdm name=""/></StgValue>
</bind>
</comp>

<comp id="558" class="1001" name="const_558">
<pin_list>
<pin id="559" dir="1" index="0" bw="1" slack="0"/>
</pin_list>
<bind>
<StgValue><ssdm name=""/></StgValue>
</bind>
</comp>

<comp id="560" class="1001" name="const_560">
<pin_list>
<pin id="561" dir="1" index="0" bw="1" slack="0"/>
</pin_list>
<bind>
<StgValue><ssdm name=""/></StgValue>
</bind>
</comp>

<comp id="562" class="1001" name="const_562">
<pin_list>
<pin id="563" dir="1" index="0" bw="1" slack="0"/>
</pin_list>
<bind>
<StgValue><ssdm name=""/></StgValue>
</bind>
</comp>

<comp id="564" class="1001" name="const_564">
<pin_list>
<pin id="565" dir="1" index="0" bw="1" slack="0"/>
</pin_list>
<bind>
<StgValue><ssdm name=""/></StgValue>
</bind>
</comp>

<comp id="566" class="1001" name="const_566">
<pin_list>
<pin id="567" dir="1" index="0" bw="1" slack="0"/>
</pin_list>
<bind>
<StgValue><ssdm name=""/></StgValue>
</bind>
</comp>

<comp id="568" class="1001" name="const_568">
<pin_list>
<pin id="569" dir="1" index="0" bw="1" slack="0"/>
</pin_list>
<bind>
<StgValue><ssdm name=""/></StgValue>
</bind>
</comp>

<comp id="570" class="1001" name="const_570">
<pin_list>
<pin id="571" dir="1" index="0" bw="1" slack="0"/>
</pin_list>
<bind>
<StgValue><ssdm name=""/></StgValue>
</bind>
</comp>

<comp id="572" class="1001" name="const_572">
<pin_list>
<pin id="573" dir="1" index="0" bw="1" slack="0"/>
</pin_list>
<bind>
<StgValue><ssdm name=""/></StgValue>
</bind>
</comp>

<comp id="574" class="1001" name="const_574">
<pin_list>
<pin id="575" dir="1" index="0" bw="1" slack="0"/>
</pin_list>
<bind>
<StgValue><ssdm name=""/></StgValue>
</bind>
</comp>

<comp id="576" class="1001" name="const_576">
<pin_list>
<pin id="577" dir="1" index="0" bw="1" slack="0"/>
</pin_list>
<bind>
<StgValue><ssdm name=""/></StgValue>
</bind>
</comp>

<comp id="578" class="1001" name="const_578">
<pin_list>
<pin id="579" dir="1" index="0" bw="1" slack="0"/>
</pin_list>
<bind>
<StgValue><ssdm name=""/></StgValue>
</bind>
</comp>

<comp id="580" class="1001" name="const_580">
<pin_list>
<pin id="581" dir="1" index="0" bw="1" slack="0"/>
</pin_list>
<bind>
<StgValue><ssdm name=""/></StgValue>
</bind>
</comp>

<comp id="582" class="1001" name="const_582">
<pin_list>
<pin id="583" dir="1" index="0" bw="1" slack="0"/>
</pin_list>
<bind>
<StgValue><ssdm name=""/></StgValue>
</bind>
</comp>

<comp id="584" class="1001" name="const_584">
<pin_list>
<pin id="585" dir="1" index="0" bw="1" slack="0"/>
</pin_list>
<bind>
<StgValue><ssdm name=""/></StgValue>
</bind>
</comp>

<comp id="586" class="1001" name="const_586">
<pin_list>
<pin id="587" dir="1" index="0" bw="1" slack="0"/>
</pin_list>
<bind>
<StgValue><ssdm name=""/></StgValue>
</bind>
</comp>

<comp id="588" class="1001" name="const_588">
<pin_list>
<pin id="589" dir="1" index="0" bw="1" slack="0"/>
</pin_list>
<bind>
<StgValue><ssdm name=""/></StgValue>
</bind>
</comp>

<comp id="590" class="1001" name="const_590">
<pin_list>
<pin id="591" dir="1" index="0" bw="1" slack="0"/>
</pin_list>
<bind>
<StgValue><ssdm name=""/></StgValue>
</bind>
</comp>

<comp id="592" class="1001" name="const_592">
<pin_list>
<pin id="593" dir="1" index="0" bw="1" slack="0"/>
</pin_list>
<bind>
<StgValue><ssdm name=""/></StgValue>
</bind>
</comp>

<comp id="594" class="1001" name="const_594">
<pin_list>
<pin id="595" dir="1" index="0" bw="1" slack="0"/>
</pin_list>
<bind>
<StgValue><ssdm name=""/></StgValue>
</bind>
</comp>

<comp id="596" class="1001" name="const_596">
<pin_list>
<pin id="597" dir="1" index="0" bw="1" slack="0"/>
</pin_list>
<bind>
<StgValue><ssdm name=""/></StgValue>
</bind>
</comp>

<comp id="598" class="1001" name="const_598">
<pin_list>
<pin id="599" dir="1" index="0" bw="1" slack="0"/>
</pin_list>
<bind>
<StgValue><ssdm name=""/></StgValue>
</bind>
</comp>

<comp id="600" class="1001" name="const_600">
<pin_list>
<pin id="601" dir="1" index="0" bw="1" slack="0"/>
</pin_list>
<bind>
<StgValue><ssdm name=""/></StgValue>
</bind>
</comp>

<comp id="602" class="1001" name="const_602">
<pin_list>
<pin id="603" dir="1" index="0" bw="1" slack="0"/>
</pin_list>
<bind>
<StgValue><ssdm name=""/></StgValue>
</bind>
</comp>

<comp id="604" class="1001" name="const_604">
<pin_list>
<pin id="605" dir="1" index="0" bw="1" slack="0"/>
</pin_list>
<bind>
<StgValue><ssdm name=""/></StgValue>
</bind>
</comp>

<comp id="606" class="1001" name="const_606">
<pin_list>
<pin id="607" dir="1" index="0" bw="1" slack="0"/>
</pin_list>
<bind>
<StgValue><ssdm name=""/></StgValue>
</bind>
</comp>

<comp id="608" class="1001" name="const_608">
<pin_list>
<pin id="609" dir="1" index="0" bw="1" slack="0"/>
</pin_list>
<bind>
<StgValue><ssdm name=""/></StgValue>
</bind>
</comp>

<comp id="610" class="1001" name="const_610">
<pin_list>
<pin id="611" dir="1" index="0" bw="1" slack="0"/>
</pin_list>
<bind>
<StgValue><ssdm name=""/></StgValue>
</bind>
</comp>

<comp id="612" class="1001" name="const_612">
<pin_list>
<pin id="613" dir="1" index="0" bw="1" slack="0"/>
</pin_list>
<bind>
<StgValue><ssdm name=""/></StgValue>
</bind>
</comp>

<comp id="614" class="1001" name="const_614">
<pin_list>
<pin id="615" dir="1" index="0" bw="1" slack="0"/>
</pin_list>
<bind>
<StgValue><ssdm name=""/></StgValue>
</bind>
</comp>

<comp id="616" class="1001" name="const_616">
<pin_list>
<pin id="617" dir="1" index="0" bw="1" slack="0"/>
</pin_list>
<bind>
<StgValue><ssdm name=""/></StgValue>
</bind>
</comp>

<comp id="618" class="1001" name="const_618">
<pin_list>
<pin id="619" dir="1" index="0" bw="1" slack="0"/>
</pin_list>
<bind>
<StgValue><ssdm name=""/></StgValue>
</bind>
</comp>

<comp id="620" class="1001" name="const_620">
<pin_list>
<pin id="621" dir="1" index="0" bw="1" slack="0"/>
</pin_list>
<bind>
<StgValue><ssdm name=""/></StgValue>
</bind>
</comp>

<comp id="622" class="1001" name="const_622">
<pin_list>
<pin id="623" dir="1" index="0" bw="1" slack="0"/>
</pin_list>
<bind>
<StgValue><ssdm name=""/></StgValue>
</bind>
</comp>

<comp id="624" class="1001" name="const_624">
<pin_list>
<pin id="625" dir="1" index="0" bw="1" slack="0"/>
</pin_list>
<bind>
<StgValue><ssdm name=""/></StgValue>
</bind>
</comp>

<comp id="626" class="1004" name="acc_loc_fu_626">
<pin_list>
<pin id="627" dir="0" index="0" bw="2" slack="0"/>
<pin id="628" dir="1" index="1" bw="64" slack="0"/>
</pin_list>
<bind>
<opcode="alloca(26) " fcode="alloca"/>
<opset="acc_loc/1 "/>
</bind>
</comp>

<comp id="630" class="1004" name="reset_read_read_fu_630">
<pin_list>
<pin id="631" dir="0" index="0" bw="1" slack="0"/>
<pin id="632" dir="0" index="1" bw="1" slack="0"/>
<pin id="633" dir="1" index="2" bw="1" slack="150"/>
</pin_list>
<bind>
<opcode="read(1150) " fcode="read"/>
<opset="reset_read/1 "/>
</bind>
</comp>

<comp id="636" class="1004" name="N_read_read_fu_636">
<pin_list>
<pin id="637" dir="0" index="0" bw="32" slack="0"/>
<pin id="638" dir="0" index="1" bw="32" slack="0"/>
<pin id="639" dir="1" index="2" bw="32" slack="0"/>
</pin_list>
<bind>
<opcode="read(1150) " fcode="read"/>
<opset="N_read/1 "/>
</bind>
</comp>

<comp id="642" class="1004" name="x_read_read_fu_642">
<pin_list>
<pin id="643" dir="0" index="0" bw="64" slack="0"/>
<pin id="644" dir="0" index="1" bw="64" slack="0"/>
<pin id="645" dir="1" index="2" bw="64" slack="0"/>
</pin_list>
<bind>
<opcode="read(1150) " fcode="read"/>
<opset="x_read/1 "/>
</bind>
</comp>

<comp id="648" class="1004" name="grp_access_fu_648">
<pin_list>
<pin id="649" dir="0" index="0" bw="64" slack="0"/>
<pin id="650" dir="0" index="1" bw="64" slack="0"/>
<pin id="651" dir="0" index="2" bw="0" slack="0"/>
<pin id="653" dir="0" index="4" bw="64" slack="0"/>
<pin id="654" dir="0" index="5" bw="64" slack="2147483647"/>
<pin id="655" dir="0" index="6" bw="0" slack="2147483647"/>
<pin id="652" dir="1" index="3" bw="64" slack="2147483647"/>
<pin id="656" dir="1" index="7" bw="64" slack="2147483647"/>
</pin_list>
<bind>
<opcode="store(28) " fcode="store"/>
<opset="store_ln61/1 store_ln61/1 store_ln61/151 store_ln61/151 store_ln61/152 store_ln61/152 store_ln61/153 store_ln61/153 store_ln61/154 store_ln61/154 store_ln61/155 store_ln61/155 store_ln61/156 store_ln61/156 store_ln61/157 store_ln61/157 store_ln61/158 store_ln61/158 store_ln61/159 store_ln61/159 store_ln61/160 store_ln61/160 store_ln61/161 store_ln61/161 store_ln61/162 store_ln61/162 store_ln61/163 store_ln61/163 store_ln61/164 store_ln61/164 store_ln61/165 store_ln61/165 store_ln61/166 store_ln61/166 store_ln61/167 store_ln61/167 store_ln61/168 store_ln61/168 store_ln61/169 store_ln61/169 store_ln61/170 store_ln61/170 store_ln61/171 store_ln61/171 store_ln61/172 store_ln61/172 store_ln61/173 store_ln61/173 store_ln61/174 store_ln61/174 store_ln61/175 store_ln61/175 store_ln61/176 store_ln61/176 store_ln61/177 store_ln61/177 store_ln61/178 store_ln61/178 store_ln61/179 store_ln61/179 store_ln61/180 store_ln61/180 store_ln61/181 store_ln61/181 store_ln61/182 store_ln61/182 store_ln61/183 store_ln61/183 store_ln61/184 store_ln61/184 store_ln61/185 store_ln61/185 store_ln61/186 store_ln61/186 store_ln61/187 store_ln61/187 store_ln61/188 store_ln61/188 store_ln61/189 store_ln61/189 store_ln61/190 store_ln61/190 store_ln61/191 store_ln61/191 store_ln61/192 store_ln61/192 store_ln61/193 store_ln61/193 store_ln61/194 store_ln61/194 store_ln61/195 store_ln61/195 store_ln61/196 store_ln61/196 store_ln61/197 store_ln61/197 store_ln61/198 store_ln61/198 store_ln61/199 store_ln61/199 store_ln61/200 store_ln61/200 store_ln61/201 store_ln61/201 store_ln61/202 store_ln61/202 store_ln61/203 store_ln61/203 store_ln61/204 store_ln61/204 store_ln61/205 store_ln61/205 store_ln61/206 store_ln61/206 store_ln61/207 store_ln61/207 store_ln61/208 store_ln61/208 store_ln61/209 store_ln61/209 store_ln61/210 store_ln61/210 store_ln61/211 store_ln61/211 store_ln61/212 store_ln61/212 store_ln61/213 store_ln61/213 store_ln61/214 store_ln61/214 store_ln61/215 store_ln61/215 store_ln61/216 store_ln61/216 store_ln61/217 store_ln61/217 store_ln61/218 store_ln61/218 store_ln61/219 store_ln61/219 store_ln61/220 store_ln61/220 store_ln61/221 store_ln61/221 store_ln61/222 store_ln61/222 store_ln61/223 store_ln61/223 store_ln61/224 store_ln61/224 store_ln61/225 store_ln61/225 store_ln61/226 store_ln61/226 store_ln61/227 store_ln61/227 store_ln61/228 store_ln61/228 store_ln61/229 store_ln61/229 store_ln61/230 store_ln61/230 store_ln61/231 store_ln61/231 store_ln61/232 store_ln61/232 store_ln61/233 store_ln61/233 store_ln61/234 store_ln61/234 store_ln61/235 store_ln61/235 store_ln61/236 store_ln61/236 store_ln61/237 store_ln61/237 store_ln61/238 store_ln61/238 store_ln61/239 store_ln61/239 store_ln61/240 store_ln61/240 store_ln61/241 store_ln61/241 store_ln61/242 store_ln61/242 store_ln61/243 store_ln61/243 store_ln61/244 store_ln61/244 store_ln61/245 store_ln61/245 store_ln61/246 store_ln61/246 store_ln61/247 store_ln61/247 store_ln61/248 store_ln61/248 store_ln61/249 store_ln61/249 store_ln61/250 store_ln61/250 store_ln61/251 store_ln61/251 store_ln61/252 store_ln61/252 store_ln61/253 store_ln61/253 store_ln61/254 store_ln61/254 store_ln61/255 store_ln61/255 store_ln61/256 store_ln61/256 store_ln61/257 store_ln61/257 store_ln61/258 store_ln61/258 store_ln61/259 store_ln61/259 store_ln61/260 store_ln61/260 store_ln61/261 store_ln61/261 store_ln61/262 store_ln61/262 store_ln61/263 store_ln61/263 store_ln61/264 store_ln61/264 store_ln61/265 store_ln61/265 store_ln61/266 store_ln61/266 store_ln61/267 store_ln61/267 store_ln61/268 store_ln61/268 store_ln61/269 store_ln61/269 store_ln61/270 store_ln61/270 store_ln61/271 store_ln61/271 store_ln61/272 store_ln61/272 store_ln61/273 store_ln61/273 store_ln61/274 store_ln61/274 store_ln61/275 store_ln61/275 store_ln61/276 store_ln61/276 store_ln61/277 store_ln61/277 store_ln61/278 store_ln61/278 store_ln61/279 store_ln61/279 store_ln61/280 store_ln61/280 store_ln61/281 store_ln61/281 store_ln61/282 store_ln61/282 store_ln61/283 store_ln61/283 store_ln61/284 store_ln61/284 store_ln61/285 store_ln61/285 store_ln61/286 store_ln61/286 store_ln61/287 store_ln61/287 store_ln61/288 store_ln61/288 store_ln61/289 store_ln61/289 store_ln61/290 store_ln61/290 store_ln61/291 store_ln61/291 store_ln61/292 store_ln61/292 store_ln61/293 store_ln61/293 store_ln61/294 store_ln61/294 store_ln61/295 store_ln61/296 store_ln61/296 store_ln61/297 store_ln61/297 store_ln61/298 store_ln61/298 store_ln61/299 store_ln61/299 store_ln61/300 store_ln61/300 "/>
</bind>
</comp>

<comp id="960" class="1005" name="y_write_assign_reg_960">
<pin_list>
<pin id="961" dir="0" index="0" bw="64" slack="2147483647"/>
<pin id="962" dir="1" index="1" bw="64" slack="2147483647"/>
</pin_list>
<bind>
<opset="y_write_assign (phireg) "/>
</bind>
</comp>

<comp id="963" class="1004" name="y_write_assign_phi_fu_963">
<pin_list>
<pin id="964" dir="0" index="0" bw="64" slack="0"/>
<pin id="965" dir="0" index="1" bw="0" slack="2147483647"/>
<pin id="966" dir="0" index="2" bw="64" slack="2147483647"/>
<pin id="967" dir="0" index="3" bw="0" slack="2147483647"/>
<pin id="968" dir="1" index="4" bw="64" slack="2147483647"/>
</pin_list>
<bind>
<opcode="phi(47) " fcode="phi"/>
<opset="y_write_assign/300 "/>
</bind>
</comp>

<comp id="970" class="1004" name="grp_fir_Pipeline_Shift_Accum_Loop_fu_970">
<pin_list>
<pin id="971" dir="0" index="0" bw="0" slack="0"/>
<pin id="972" dir="0" index="1" bw="32" slack="0"/>
<pin id="973" dir="0" index="2" bw="64" slack="0"/>
<pin id="974" dir="0" index="3" bw="64" slack="0"/>
<pin id="975" dir="0" index="4" bw="64" slack="0"/>
<pin id="976" dir="0" index="5" bw="64" slack="0"/>
<pin id="977" dir="1" index="6" bw="0" slack="2147483647"/>
</pin_list>
<bind>
<opcode="call(48) " fcode="call"/>
<opset="call_ln68/1 "/>
</bind>
</comp>

<comp id="982" class="1004" name="i_fu_982">
<pin_list>
<pin id="983" dir="0" index="0" bw="32" slack="0"/>
<pin id="984" dir="0" index="1" bw="1" slack="0"/>
<pin id="985" dir="1" index="2" bw="32" slack="0"/>
</pin_list>
<bind>
<opcode="add(8) " fcode="add"/>
<opset="i/1 "/>
</bind>
</comp>

<comp id="989" class="1004" name="acc_loc_load_load_fu_989">
<pin_list>
<pin id="990" dir="0" index="0" bw="64" slack="149"/>
<pin id="991" dir="1" index="1" bw="64" slack="2147483647"/>
</pin_list>
<bind>
<opcode="load(27) " fcode="load"/>
<opset="acc_loc_load/150 "/>
</bind>
</comp>

<comp id="992" class="1005" name="reset_read_reg_992">
<pin_list>
<pin id="993" dir="0" index="0" bw="1" slack="150"/>
<pin id="994" dir="1" index="1" bw="1" slack="2147483647"/>
</pin_list>
<bind>
<opset="reset_read "/>
</bind>
</comp>

<comp id="996" class="1005" name="x_read_reg_996">
<pin_list>
<pin id="997" dir="0" index="0" bw="64" slack="1"/>
<pin id="998" dir="1" index="1" bw="64" slack="1"/>
</pin_list>
<bind>
<opset="x_read "/>
</bind>
</comp>

<comp id="1001" class="1005" name="acc_loc_reg_1001">
<pin_list>
<pin id="1002" dir="0" index="0" bw="64" slack="0"/>
<pin id="1003" dir="1" index="1" bw="64" slack="0"/>
</pin_list>
<bind>
<opset="acc_loc "/>
</bind>
</comp>

<comp id="1007" class="1005" name="i_reg_1007">
<pin_list>
<pin id="1008" dir="0" index="0" bw="32" slack="1"/>
<pin id="1009" dir="1" index="1" bw="32" slack="1"/>
</pin_list>
<bind>
<opset="i "/>
</bind>
</comp>

</comp_list>

<net_list>
<net id="629"><net_src comp="16" pin="0"/><net_sink comp="626" pin=0"/></net>

<net id="634"><net_src comp="10" pin="0"/><net_sink comp="630" pin=0"/></net>

<net id="635"><net_src comp="6" pin="0"/><net_sink comp="630" pin=1"/></net>

<net id="640"><net_src comp="12" pin="0"/><net_sink comp="636" pin=0"/></net>

<net id="641"><net_src comp="4" pin="0"/><net_sink comp="636" pin=1"/></net>

<net id="646"><net_src comp="14" pin="0"/><net_sink comp="642" pin=0"/></net>

<net id="647"><net_src comp="2" pin="0"/><net_sink comp="642" pin=1"/></net>

<net id="657"><net_src comp="22" pin="0"/><net_sink comp="648" pin=4"/></net>

<net id="658"><net_src comp="24" pin="0"/><net_sink comp="648" pin=2"/></net>

<net id="659"><net_src comp="22" pin="0"/><net_sink comp="648" pin=1"/></net>

<net id="660"><net_src comp="26" pin="0"/><net_sink comp="648" pin=0"/></net>

<net id="661"><net_src comp="28" pin="0"/><net_sink comp="648" pin=2"/></net>

<net id="662"><net_src comp="30" pin="0"/><net_sink comp="648" pin=0"/></net>

<net id="663"><net_src comp="32" pin="0"/><net_sink comp="648" pin=2"/></net>

<net id="664"><net_src comp="34" pin="0"/><net_sink comp="648" pin=0"/></net>

<net id="665"><net_src comp="36" pin="0"/><net_sink comp="648" pin=2"/></net>

<net id="666"><net_src comp="38" pin="0"/><net_sink comp="648" pin=0"/></net>

<net id="667"><net_src comp="40" pin="0"/><net_sink comp="648" pin=2"/></net>

<net id="668"><net_src comp="42" pin="0"/><net_sink comp="648" pin=0"/></net>

<net id="669"><net_src comp="44" pin="0"/><net_sink comp="648" pin=2"/></net>

<net id="670"><net_src comp="46" pin="0"/><net_sink comp="648" pin=0"/></net>

<net id="671"><net_src comp="48" pin="0"/><net_sink comp="648" pin=2"/></net>

<net id="672"><net_src comp="50" pin="0"/><net_sink comp="648" pin=0"/></net>

<net id="673"><net_src comp="52" pin="0"/><net_sink comp="648" pin=2"/></net>

<net id="674"><net_src comp="54" pin="0"/><net_sink comp="648" pin=0"/></net>

<net id="675"><net_src comp="56" pin="0"/><net_sink comp="648" pin=2"/></net>

<net id="676"><net_src comp="58" pin="0"/><net_sink comp="648" pin=0"/></net>

<net id="677"><net_src comp="60" pin="0"/><net_sink comp="648" pin=2"/></net>

<net id="678"><net_src comp="62" pin="0"/><net_sink comp="648" pin=0"/></net>

<net id="679"><net_src comp="64" pin="0"/><net_sink comp="648" pin=2"/></net>

<net id="680"><net_src comp="66" pin="0"/><net_sink comp="648" pin=0"/></net>

<net id="681"><net_src comp="68" pin="0"/><net_sink comp="648" pin=2"/></net>

<net id="682"><net_src comp="70" pin="0"/><net_sink comp="648" pin=0"/></net>

<net id="683"><net_src comp="72" pin="0"/><net_sink comp="648" pin=2"/></net>

<net id="684"><net_src comp="74" pin="0"/><net_sink comp="648" pin=0"/></net>

<net id="685"><net_src comp="76" pin="0"/><net_sink comp="648" pin=2"/></net>

<net id="686"><net_src comp="78" pin="0"/><net_sink comp="648" pin=0"/></net>

<net id="687"><net_src comp="80" pin="0"/><net_sink comp="648" pin=2"/></net>

<net id="688"><net_src comp="82" pin="0"/><net_sink comp="648" pin=0"/></net>

<net id="689"><net_src comp="84" pin="0"/><net_sink comp="648" pin=2"/></net>

<net id="690"><net_src comp="86" pin="0"/><net_sink comp="648" pin=0"/></net>

<net id="691"><net_src comp="88" pin="0"/><net_sink comp="648" pin=2"/></net>

<net id="692"><net_src comp="90" pin="0"/><net_sink comp="648" pin=0"/></net>

<net id="693"><net_src comp="92" pin="0"/><net_sink comp="648" pin=2"/></net>

<net id="694"><net_src comp="94" pin="0"/><net_sink comp="648" pin=0"/></net>

<net id="695"><net_src comp="96" pin="0"/><net_sink comp="648" pin=2"/></net>

<net id="696"><net_src comp="98" pin="0"/><net_sink comp="648" pin=0"/></net>

<net id="697"><net_src comp="100" pin="0"/><net_sink comp="648" pin=2"/></net>

<net id="698"><net_src comp="102" pin="0"/><net_sink comp="648" pin=0"/></net>

<net id="699"><net_src comp="104" pin="0"/><net_sink comp="648" pin=2"/></net>

<net id="700"><net_src comp="106" pin="0"/><net_sink comp="648" pin=0"/></net>

<net id="701"><net_src comp="108" pin="0"/><net_sink comp="648" pin=2"/></net>

<net id="702"><net_src comp="110" pin="0"/><net_sink comp="648" pin=0"/></net>

<net id="703"><net_src comp="112" pin="0"/><net_sink comp="648" pin=2"/></net>

<net id="704"><net_src comp="114" pin="0"/><net_sink comp="648" pin=0"/></net>

<net id="705"><net_src comp="116" pin="0"/><net_sink comp="648" pin=2"/></net>

<net id="706"><net_src comp="118" pin="0"/><net_sink comp="648" pin=0"/></net>

<net id="707"><net_src comp="120" pin="0"/><net_sink comp="648" pin=2"/></net>

<net id="708"><net_src comp="122" pin="0"/><net_sink comp="648" pin=0"/></net>

<net id="709"><net_src comp="124" pin="0"/><net_sink comp="648" pin=2"/></net>

<net id="710"><net_src comp="126" pin="0"/><net_sink comp="648" pin=0"/></net>

<net id="711"><net_src comp="128" pin="0"/><net_sink comp="648" pin=2"/></net>

<net id="712"><net_src comp="130" pin="0"/><net_sink comp="648" pin=0"/></net>

<net id="713"><net_src comp="132" pin="0"/><net_sink comp="648" pin=2"/></net>

<net id="714"><net_src comp="134" pin="0"/><net_sink comp="648" pin=0"/></net>

<net id="715"><net_src comp="136" pin="0"/><net_sink comp="648" pin=2"/></net>

<net id="716"><net_src comp="138" pin="0"/><net_sink comp="648" pin=0"/></net>

<net id="717"><net_src comp="140" pin="0"/><net_sink comp="648" pin=2"/></net>

<net id="718"><net_src comp="142" pin="0"/><net_sink comp="648" pin=0"/></net>

<net id="719"><net_src comp="144" pin="0"/><net_sink comp="648" pin=2"/></net>

<net id="720"><net_src comp="146" pin="0"/><net_sink comp="648" pin=0"/></net>

<net id="721"><net_src comp="148" pin="0"/><net_sink comp="648" pin=2"/></net>

<net id="722"><net_src comp="150" pin="0"/><net_sink comp="648" pin=0"/></net>

<net id="723"><net_src comp="152" pin="0"/><net_sink comp="648" pin=2"/></net>

<net id="724"><net_src comp="154" pin="0"/><net_sink comp="648" pin=0"/></net>

<net id="725"><net_src comp="156" pin="0"/><net_sink comp="648" pin=2"/></net>

<net id="726"><net_src comp="158" pin="0"/><net_sink comp="648" pin=0"/></net>

<net id="727"><net_src comp="160" pin="0"/><net_sink comp="648" pin=2"/></net>

<net id="728"><net_src comp="162" pin="0"/><net_sink comp="648" pin=0"/></net>

<net id="729"><net_src comp="164" pin="0"/><net_sink comp="648" pin=2"/></net>

<net id="730"><net_src comp="166" pin="0"/><net_sink comp="648" pin=0"/></net>

<net id="731"><net_src comp="168" pin="0"/><net_sink comp="648" pin=2"/></net>

<net id="732"><net_src comp="170" pin="0"/><net_sink comp="648" pin=0"/></net>

<net id="733"><net_src comp="172" pin="0"/><net_sink comp="648" pin=2"/></net>

<net id="734"><net_src comp="174" pin="0"/><net_sink comp="648" pin=0"/></net>

<net id="735"><net_src comp="176" pin="0"/><net_sink comp="648" pin=2"/></net>

<net id="736"><net_src comp="178" pin="0"/><net_sink comp="648" pin=0"/></net>

<net id="737"><net_src comp="180" pin="0"/><net_sink comp="648" pin=2"/></net>

<net id="738"><net_src comp="182" pin="0"/><net_sink comp="648" pin=0"/></net>

<net id="739"><net_src comp="184" pin="0"/><net_sink comp="648" pin=2"/></net>

<net id="740"><net_src comp="186" pin="0"/><net_sink comp="648" pin=0"/></net>

<net id="741"><net_src comp="188" pin="0"/><net_sink comp="648" pin=2"/></net>

<net id="742"><net_src comp="190" pin="0"/><net_sink comp="648" pin=0"/></net>

<net id="743"><net_src comp="192" pin="0"/><net_sink comp="648" pin=2"/></net>

<net id="744"><net_src comp="194" pin="0"/><net_sink comp="648" pin=0"/></net>

<net id="745"><net_src comp="196" pin="0"/><net_sink comp="648" pin=2"/></net>

<net id="746"><net_src comp="198" pin="0"/><net_sink comp="648" pin=0"/></net>

<net id="747"><net_src comp="200" pin="0"/><net_sink comp="648" pin=2"/></net>

<net id="748"><net_src comp="202" pin="0"/><net_sink comp="648" pin=0"/></net>

<net id="749"><net_src comp="204" pin="0"/><net_sink comp="648" pin=2"/></net>

<net id="750"><net_src comp="206" pin="0"/><net_sink comp="648" pin=0"/></net>

<net id="751"><net_src comp="208" pin="0"/><net_sink comp="648" pin=2"/></net>

<net id="752"><net_src comp="210" pin="0"/><net_sink comp="648" pin=0"/></net>

<net id="753"><net_src comp="212" pin="0"/><net_sink comp="648" pin=2"/></net>

<net id="754"><net_src comp="214" pin="0"/><net_sink comp="648" pin=0"/></net>

<net id="755"><net_src comp="216" pin="0"/><net_sink comp="648" pin=2"/></net>

<net id="756"><net_src comp="218" pin="0"/><net_sink comp="648" pin=0"/></net>

<net id="757"><net_src comp="220" pin="0"/><net_sink comp="648" pin=2"/></net>

<net id="758"><net_src comp="222" pin="0"/><net_sink comp="648" pin=0"/></net>

<net id="759"><net_src comp="224" pin="0"/><net_sink comp="648" pin=2"/></net>

<net id="760"><net_src comp="226" pin="0"/><net_sink comp="648" pin=0"/></net>

<net id="761"><net_src comp="228" pin="0"/><net_sink comp="648" pin=2"/></net>

<net id="762"><net_src comp="230" pin="0"/><net_sink comp="648" pin=0"/></net>

<net id="763"><net_src comp="232" pin="0"/><net_sink comp="648" pin=2"/></net>

<net id="764"><net_src comp="234" pin="0"/><net_sink comp="648" pin=0"/></net>

<net id="765"><net_src comp="236" pin="0"/><net_sink comp="648" pin=2"/></net>

<net id="766"><net_src comp="238" pin="0"/><net_sink comp="648" pin=0"/></net>

<net id="767"><net_src comp="240" pin="0"/><net_sink comp="648" pin=2"/></net>

<net id="768"><net_src comp="242" pin="0"/><net_sink comp="648" pin=0"/></net>

<net id="769"><net_src comp="244" pin="0"/><net_sink comp="648" pin=2"/></net>

<net id="770"><net_src comp="246" pin="0"/><net_sink comp="648" pin=0"/></net>

<net id="771"><net_src comp="248" pin="0"/><net_sink comp="648" pin=2"/></net>

<net id="772"><net_src comp="250" pin="0"/><net_sink comp="648" pin=0"/></net>

<net id="773"><net_src comp="252" pin="0"/><net_sink comp="648" pin=2"/></net>

<net id="774"><net_src comp="254" pin="0"/><net_sink comp="648" pin=0"/></net>

<net id="775"><net_src comp="256" pin="0"/><net_sink comp="648" pin=2"/></net>

<net id="776"><net_src comp="258" pin="0"/><net_sink comp="648" pin=0"/></net>

<net id="777"><net_src comp="260" pin="0"/><net_sink comp="648" pin=2"/></net>

<net id="778"><net_src comp="262" pin="0"/><net_sink comp="648" pin=0"/></net>

<net id="779"><net_src comp="264" pin="0"/><net_sink comp="648" pin=2"/></net>

<net id="780"><net_src comp="266" pin="0"/><net_sink comp="648" pin=0"/></net>

<net id="781"><net_src comp="268" pin="0"/><net_sink comp="648" pin=2"/></net>

<net id="782"><net_src comp="270" pin="0"/><net_sink comp="648" pin=0"/></net>

<net id="783"><net_src comp="272" pin="0"/><net_sink comp="648" pin=2"/></net>

<net id="784"><net_src comp="274" pin="0"/><net_sink comp="648" pin=0"/></net>

<net id="785"><net_src comp="276" pin="0"/><net_sink comp="648" pin=2"/></net>

<net id="786"><net_src comp="278" pin="0"/><net_sink comp="648" pin=0"/></net>

<net id="787"><net_src comp="280" pin="0"/><net_sink comp="648" pin=2"/></net>

<net id="788"><net_src comp="282" pin="0"/><net_sink comp="648" pin=0"/></net>

<net id="789"><net_src comp="284" pin="0"/><net_sink comp="648" pin=2"/></net>

<net id="790"><net_src comp="286" pin="0"/><net_sink comp="648" pin=0"/></net>

<net id="791"><net_src comp="288" pin="0"/><net_sink comp="648" pin=2"/></net>

<net id="792"><net_src comp="290" pin="0"/><net_sink comp="648" pin=0"/></net>

<net id="793"><net_src comp="292" pin="0"/><net_sink comp="648" pin=2"/></net>

<net id="794"><net_src comp="294" pin="0"/><net_sink comp="648" pin=0"/></net>

<net id="795"><net_src comp="296" pin="0"/><net_sink comp="648" pin=2"/></net>

<net id="796"><net_src comp="298" pin="0"/><net_sink comp="648" pin=0"/></net>

<net id="797"><net_src comp="300" pin="0"/><net_sink comp="648" pin=2"/></net>

<net id="798"><net_src comp="302" pin="0"/><net_sink comp="648" pin=0"/></net>

<net id="799"><net_src comp="304" pin="0"/><net_sink comp="648" pin=2"/></net>

<net id="800"><net_src comp="306" pin="0"/><net_sink comp="648" pin=0"/></net>

<net id="801"><net_src comp="308" pin="0"/><net_sink comp="648" pin=2"/></net>

<net id="802"><net_src comp="310" pin="0"/><net_sink comp="648" pin=0"/></net>

<net id="803"><net_src comp="312" pin="0"/><net_sink comp="648" pin=2"/></net>

<net id="804"><net_src comp="314" pin="0"/><net_sink comp="648" pin=0"/></net>

<net id="805"><net_src comp="316" pin="0"/><net_sink comp="648" pin=2"/></net>

<net id="806"><net_src comp="318" pin="0"/><net_sink comp="648" pin=0"/></net>

<net id="807"><net_src comp="320" pin="0"/><net_sink comp="648" pin=2"/></net>

<net id="808"><net_src comp="322" pin="0"/><net_sink comp="648" pin=0"/></net>

<net id="809"><net_src comp="324" pin="0"/><net_sink comp="648" pin=2"/></net>

<net id="810"><net_src comp="326" pin="0"/><net_sink comp="648" pin=0"/></net>

<net id="811"><net_src comp="328" pin="0"/><net_sink comp="648" pin=2"/></net>

<net id="812"><net_src comp="330" pin="0"/><net_sink comp="648" pin=0"/></net>

<net id="813"><net_src comp="332" pin="0"/><net_sink comp="648" pin=2"/></net>

<net id="814"><net_src comp="334" pin="0"/><net_sink comp="648" pin=0"/></net>

<net id="815"><net_src comp="336" pin="0"/><net_sink comp="648" pin=2"/></net>

<net id="816"><net_src comp="338" pin="0"/><net_sink comp="648" pin=0"/></net>

<net id="817"><net_src comp="340" pin="0"/><net_sink comp="648" pin=2"/></net>

<net id="818"><net_src comp="342" pin="0"/><net_sink comp="648" pin=0"/></net>

<net id="819"><net_src comp="344" pin="0"/><net_sink comp="648" pin=2"/></net>

<net id="820"><net_src comp="346" pin="0"/><net_sink comp="648" pin=0"/></net>

<net id="821"><net_src comp="348" pin="0"/><net_sink comp="648" pin=2"/></net>

<net id="822"><net_src comp="350" pin="0"/><net_sink comp="648" pin=0"/></net>

<net id="823"><net_src comp="352" pin="0"/><net_sink comp="648" pin=2"/></net>

<net id="824"><net_src comp="354" pin="0"/><net_sink comp="648" pin=0"/></net>

<net id="825"><net_src comp="356" pin="0"/><net_sink comp="648" pin=2"/></net>

<net id="826"><net_src comp="358" pin="0"/><net_sink comp="648" pin=0"/></net>

<net id="827"><net_src comp="360" pin="0"/><net_sink comp="648" pin=2"/></net>

<net id="828"><net_src comp="362" pin="0"/><net_sink comp="648" pin=0"/></net>

<net id="829"><net_src comp="364" pin="0"/><net_sink comp="648" pin=2"/></net>

<net id="830"><net_src comp="366" pin="0"/><net_sink comp="648" pin=0"/></net>

<net id="831"><net_src comp="368" pin="0"/><net_sink comp="648" pin=2"/></net>

<net id="832"><net_src comp="370" pin="0"/><net_sink comp="648" pin=0"/></net>

<net id="833"><net_src comp="372" pin="0"/><net_sink comp="648" pin=2"/></net>

<net id="834"><net_src comp="374" pin="0"/><net_sink comp="648" pin=0"/></net>

<net id="835"><net_src comp="376" pin="0"/><net_sink comp="648" pin=2"/></net>

<net id="836"><net_src comp="378" pin="0"/><net_sink comp="648" pin=0"/></net>

<net id="837"><net_src comp="380" pin="0"/><net_sink comp="648" pin=2"/></net>

<net id="838"><net_src comp="382" pin="0"/><net_sink comp="648" pin=0"/></net>

<net id="839"><net_src comp="384" pin="0"/><net_sink comp="648" pin=2"/></net>

<net id="840"><net_src comp="386" pin="0"/><net_sink comp="648" pin=0"/></net>

<net id="841"><net_src comp="388" pin="0"/><net_sink comp="648" pin=2"/></net>

<net id="842"><net_src comp="390" pin="0"/><net_sink comp="648" pin=0"/></net>

<net id="843"><net_src comp="392" pin="0"/><net_sink comp="648" pin=2"/></net>

<net id="844"><net_src comp="394" pin="0"/><net_sink comp="648" pin=0"/></net>

<net id="845"><net_src comp="396" pin="0"/><net_sink comp="648" pin=2"/></net>

<net id="846"><net_src comp="398" pin="0"/><net_sink comp="648" pin=0"/></net>

<net id="847"><net_src comp="400" pin="0"/><net_sink comp="648" pin=2"/></net>

<net id="848"><net_src comp="402" pin="0"/><net_sink comp="648" pin=0"/></net>

<net id="849"><net_src comp="404" pin="0"/><net_sink comp="648" pin=2"/></net>

<net id="850"><net_src comp="406" pin="0"/><net_sink comp="648" pin=0"/></net>

<net id="851"><net_src comp="408" pin="0"/><net_sink comp="648" pin=2"/></net>

<net id="852"><net_src comp="410" pin="0"/><net_sink comp="648" pin=0"/></net>

<net id="853"><net_src comp="412" pin="0"/><net_sink comp="648" pin=2"/></net>

<net id="854"><net_src comp="414" pin="0"/><net_sink comp="648" pin=0"/></net>

<net id="855"><net_src comp="416" pin="0"/><net_sink comp="648" pin=2"/></net>

<net id="856"><net_src comp="418" pin="0"/><net_sink comp="648" pin=0"/></net>

<net id="857"><net_src comp="420" pin="0"/><net_sink comp="648" pin=2"/></net>

<net id="858"><net_src comp="422" pin="0"/><net_sink comp="648" pin=0"/></net>

<net id="859"><net_src comp="424" pin="0"/><net_sink comp="648" pin=2"/></net>

<net id="860"><net_src comp="426" pin="0"/><net_sink comp="648" pin=0"/></net>

<net id="861"><net_src comp="428" pin="0"/><net_sink comp="648" pin=2"/></net>

<net id="862"><net_src comp="430" pin="0"/><net_sink comp="648" pin=0"/></net>

<net id="863"><net_src comp="432" pin="0"/><net_sink comp="648" pin=2"/></net>

<net id="864"><net_src comp="434" pin="0"/><net_sink comp="648" pin=0"/></net>

<net id="865"><net_src comp="436" pin="0"/><net_sink comp="648" pin=2"/></net>

<net id="866"><net_src comp="438" pin="0"/><net_sink comp="648" pin=0"/></net>

<net id="867"><net_src comp="440" pin="0"/><net_sink comp="648" pin=2"/></net>

<net id="868"><net_src comp="442" pin="0"/><net_sink comp="648" pin=0"/></net>

<net id="869"><net_src comp="444" pin="0"/><net_sink comp="648" pin=2"/></net>

<net id="870"><net_src comp="446" pin="0"/><net_sink comp="648" pin=0"/></net>

<net id="871"><net_src comp="448" pin="0"/><net_sink comp="648" pin=2"/></net>

<net id="872"><net_src comp="450" pin="0"/><net_sink comp="648" pin=0"/></net>

<net id="873"><net_src comp="452" pin="0"/><net_sink comp="648" pin=2"/></net>

<net id="874"><net_src comp="454" pin="0"/><net_sink comp="648" pin=0"/></net>

<net id="875"><net_src comp="456" pin="0"/><net_sink comp="648" pin=2"/></net>

<net id="876"><net_src comp="458" pin="0"/><net_sink comp="648" pin=0"/></net>

<net id="877"><net_src comp="460" pin="0"/><net_sink comp="648" pin=2"/></net>

<net id="878"><net_src comp="462" pin="0"/><net_sink comp="648" pin=0"/></net>

<net id="879"><net_src comp="464" pin="0"/><net_sink comp="648" pin=2"/></net>

<net id="880"><net_src comp="466" pin="0"/><net_sink comp="648" pin=0"/></net>

<net id="881"><net_src comp="468" pin="0"/><net_sink comp="648" pin=2"/></net>

<net id="882"><net_src comp="470" pin="0"/><net_sink comp="648" pin=0"/></net>

<net id="883"><net_src comp="472" pin="0"/><net_sink comp="648" pin=2"/></net>

<net id="884"><net_src comp="474" pin="0"/><net_sink comp="648" pin=0"/></net>

<net id="885"><net_src comp="476" pin="0"/><net_sink comp="648" pin=2"/></net>

<net id="886"><net_src comp="478" pin="0"/><net_sink comp="648" pin=0"/></net>

<net id="887"><net_src comp="480" pin="0"/><net_sink comp="648" pin=2"/></net>

<net id="888"><net_src comp="482" pin="0"/><net_sink comp="648" pin=0"/></net>

<net id="889"><net_src comp="484" pin="0"/><net_sink comp="648" pin=2"/></net>

<net id="890"><net_src comp="486" pin="0"/><net_sink comp="648" pin=0"/></net>

<net id="891"><net_src comp="488" pin="0"/><net_sink comp="648" pin=2"/></net>

<net id="892"><net_src comp="490" pin="0"/><net_sink comp="648" pin=0"/></net>

<net id="893"><net_src comp="492" pin="0"/><net_sink comp="648" pin=2"/></net>

<net id="894"><net_src comp="494" pin="0"/><net_sink comp="648" pin=0"/></net>

<net id="895"><net_src comp="496" pin="0"/><net_sink comp="648" pin=2"/></net>

<net id="896"><net_src comp="498" pin="0"/><net_sink comp="648" pin=0"/></net>

<net id="897"><net_src comp="500" pin="0"/><net_sink comp="648" pin=2"/></net>

<net id="898"><net_src comp="502" pin="0"/><net_sink comp="648" pin=0"/></net>

<net id="899"><net_src comp="504" pin="0"/><net_sink comp="648" pin=2"/></net>

<net id="900"><net_src comp="506" pin="0"/><net_sink comp="648" pin=0"/></net>

<net id="901"><net_src comp="508" pin="0"/><net_sink comp="648" pin=2"/></net>

<net id="902"><net_src comp="510" pin="0"/><net_sink comp="648" pin=0"/></net>

<net id="903"><net_src comp="512" pin="0"/><net_sink comp="648" pin=2"/></net>

<net id="904"><net_src comp="514" pin="0"/><net_sink comp="648" pin=0"/></net>

<net id="905"><net_src comp="516" pin="0"/><net_sink comp="648" pin=2"/></net>

<net id="906"><net_src comp="518" pin="0"/><net_sink comp="648" pin=0"/></net>

<net id="907"><net_src comp="520" pin="0"/><net_sink comp="648" pin=2"/></net>

<net id="908"><net_src comp="522" pin="0"/><net_sink comp="648" pin=0"/></net>

<net id="909"><net_src comp="524" pin="0"/><net_sink comp="648" pin=2"/></net>

<net id="910"><net_src comp="526" pin="0"/><net_sink comp="648" pin=0"/></net>

<net id="911"><net_src comp="528" pin="0"/><net_sink comp="648" pin=2"/></net>

<net id="912"><net_src comp="530" pin="0"/><net_sink comp="648" pin=0"/></net>

<net id="913"><net_src comp="532" pin="0"/><net_sink comp="648" pin=2"/></net>

<net id="914"><net_src comp="534" pin="0"/><net_sink comp="648" pin=0"/></net>

<net id="915"><net_src comp="536" pin="0"/><net_sink comp="648" pin=2"/></net>

<net id="916"><net_src comp="538" pin="0"/><net_sink comp="648" pin=0"/></net>

<net id="917"><net_src comp="540" pin="0"/><net_sink comp="648" pin=2"/></net>

<net id="918"><net_src comp="542" pin="0"/><net_sink comp="648" pin=0"/></net>

<net id="919"><net_src comp="544" pin="0"/><net_sink comp="648" pin=2"/></net>

<net id="920"><net_src comp="546" pin="0"/><net_sink comp="648" pin=0"/></net>

<net id="921"><net_src comp="548" pin="0"/><net_sink comp="648" pin=2"/></net>

<net id="922"><net_src comp="550" pin="0"/><net_sink comp="648" pin=0"/></net>

<net id="923"><net_src comp="552" pin="0"/><net_sink comp="648" pin=2"/></net>

<net id="924"><net_src comp="554" pin="0"/><net_sink comp="648" pin=0"/></net>

<net id="925"><net_src comp="556" pin="0"/><net_sink comp="648" pin=2"/></net>

<net id="926"><net_src comp="558" pin="0"/><net_sink comp="648" pin=0"/></net>

<net id="927"><net_src comp="560" pin="0"/><net_sink comp="648" pin=2"/></net>

<net id="928"><net_src comp="562" pin="0"/><net_sink comp="648" pin=0"/></net>

<net id="929"><net_src comp="564" pin="0"/><net_sink comp="648" pin=2"/></net>

<net id="930"><net_src comp="566" pin="0"/><net_sink comp="648" pin=0"/></net>

<net id="931"><net_src comp="568" pin="0"/><net_sink comp="648" pin=2"/></net>

<net id="932"><net_src comp="570" pin="0"/><net_sink comp="648" pin=0"/></net>

<net id="933"><net_src comp="572" pin="0"/><net_sink comp="648" pin=2"/></net>

<net id="934"><net_src comp="574" pin="0"/><net_sink comp="648" pin=0"/></net>

<net id="935"><net_src comp="576" pin="0"/><net_sink comp="648" pin=2"/></net>

<net id="936"><net_src comp="578" pin="0"/><net_sink comp="648" pin=0"/></net>

<net id="937"><net_src comp="580" pin="0"/><net_sink comp="648" pin=2"/></net>

<net id="938"><net_src comp="582" pin="0"/><net_sink comp="648" pin=0"/></net>

<net id="939"><net_src comp="584" pin="0"/><net_sink comp="648" pin=2"/></net>

<net id="940"><net_src comp="586" pin="0"/><net_sink comp="648" pin=0"/></net>

<net id="941"><net_src comp="588" pin="0"/><net_sink comp="648" pin=2"/></net>

<net id="942"><net_src comp="590" pin="0"/><net_sink comp="648" pin=0"/></net>

<net id="943"><net_src comp="592" pin="0"/><net_sink comp="648" pin=2"/></net>

<net id="944"><net_src comp="594" pin="0"/><net_sink comp="648" pin=0"/></net>

<net id="945"><net_src comp="596" pin="0"/><net_sink comp="648" pin=2"/></net>

<net id="946"><net_src comp="598" pin="0"/><net_sink comp="648" pin=0"/></net>

<net id="947"><net_src comp="600" pin="0"/><net_sink comp="648" pin=2"/></net>

<net id="948"><net_src comp="602" pin="0"/><net_sink comp="648" pin=0"/></net>

<net id="949"><net_src comp="604" pin="0"/><net_sink comp="648" pin=0"/></net>

<net id="950"><net_src comp="606" pin="0"/><net_sink comp="648" pin=0"/></net>

<net id="951"><net_src comp="608" pin="0"/><net_sink comp="648" pin=2"/></net>

<net id="952"><net_src comp="610" pin="0"/><net_sink comp="648" pin=0"/></net>

<net id="953"><net_src comp="612" pin="0"/><net_sink comp="648" pin=2"/></net>

<net id="954"><net_src comp="614" pin="0"/><net_sink comp="648" pin=0"/></net>

<net id="955"><net_src comp="616" pin="0"/><net_sink comp="648" pin=2"/></net>

<net id="956"><net_src comp="618" pin="0"/><net_sink comp="648" pin=0"/></net>

<net id="957"><net_src comp="620" pin="0"/><net_sink comp="648" pin=2"/></net>

<net id="958"><net_src comp="622" pin="0"/><net_sink comp="648" pin=0"/></net>

<net id="959"><net_src comp="624" pin="0"/><net_sink comp="648" pin=2"/></net>

<net id="969"><net_src comp="22" pin="0"/><net_sink comp="963" pin=0"/></net>

<net id="978"><net_src comp="20" pin="0"/><net_sink comp="970" pin=0"/></net>

<net id="979"><net_src comp="642" pin="2"/><net_sink comp="970" pin=2"/></net>

<net id="980"><net_src comp="0" pin="0"/><net_sink comp="970" pin=3"/></net>

<net id="981"><net_src comp="8" pin="0"/><net_sink comp="970" pin=5"/></net>

<net id="986"><net_src comp="636" pin="2"/><net_sink comp="982" pin=0"/></net>

<net id="987"><net_src comp="18" pin="0"/><net_sink comp="982" pin=1"/></net>

<net id="988"><net_src comp="982" pin="2"/><net_sink comp="970" pin=1"/></net>

<net id="995"><net_src comp="630" pin="2"/><net_sink comp="992" pin=0"/></net>

<net id="999"><net_src comp="642" pin="2"/><net_sink comp="996" pin=0"/></net>

<net id="1000"><net_src comp="996" pin="1"/><net_sink comp="970" pin=2"/></net>

<net id="1004"><net_src comp="626" pin="1"/><net_sink comp="1001" pin=0"/></net>

<net id="1005"><net_src comp="1001" pin="1"/><net_sink comp="970" pin=4"/></net>

<net id="1006"><net_src comp="1001" pin="1"/><net_sink comp="989" pin=0"/></net>

<net id="1010"><net_src comp="982" pin="2"/><net_sink comp="1007" pin=0"/></net>

<net id="1011"><net_src comp="1007" pin="1"/><net_sink comp="970" pin=1"/></net>

</net_list>

</model> 
---------------- Datapath Model END ------------------

* FSMD analyzer results:
  - Output states:
	Port: shift_reg | {1 2 151 152 153 154 155 156 157 158 159 160 161 162 163 164 165 166 167 168 169 170 171 172 173 174 175 176 177 178 179 180 181 182 183 184 185 186 187 188 189 190 191 192 193 194 195 196 197 198 199 200 201 202 203 204 205 206 207 208 209 210 211 212 213 214 215 216 217 218 219 220 221 222 223 224 225 226 227 228 229 230 231 232 233 234 235 236 237 238 239 240 241 242 243 244 245 246 247 248 249 250 251 252 253 254 255 256 257 258 259 260 261 262 263 264 265 266 267 268 269 270 271 272 273 274 275 276 277 278 279 280 281 282 283 284 285 286 287 288 289 290 291 292 293 294 295 296 297 298 299 300 }
 - Input state : 
	Port: fir : c | {1 2 }
	Port: fir : x | {1 }
	Port: fir : N | {1 }
	Port: fir : reset | {1 }
	Port: fir : shift_reg | {1 2 }
  - Chain level:
	State 1
		call_ln68 : 1
	State 2
	State 3
	State 4
	State 5
	State 6
	State 7
	State 8
	State 9
	State 10
	State 11
	State 12
	State 13
	State 14
	State 15
	State 16
	State 17
	State 18
	State 19
	State 20
	State 21
	State 22
	State 23
	State 24
	State 25
	State 26
	State 27
	State 28
	State 29
	State 30
	State 31
	State 32
	State 33
	State 34
	State 35
	State 36
	State 37
	State 38
	State 39
	State 40
	State 41
	State 42
	State 43
	State 44
	State 45
	State 46
	State 47
	State 48
	State 49
	State 50
	State 51
	State 52
	State 53
	State 54
	State 55
	State 56
	State 57
	State 58
	State 59
	State 60
	State 61
	State 62
	State 63
	State 64
	State 65
	State 66
	State 67
	State 68
	State 69
	State 70
	State 71
	State 72
	State 73
	State 74
	State 75
	State 76
	State 77
	State 78
	State 79
	State 80
	State 81
	State 82
	State 83
	State 84
	State 85
	State 86
	State 87
	State 88
	State 89
	State 90
	State 91
	State 92
	State 93
	State 94
	State 95
	State 96
	State 97
	State 98
	State 99
	State 100
	State 101
	State 102
	State 103
	State 104
	State 105
	State 106
	State 107
	State 108
	State 109
	State 110
	State 111
	State 112
	State 113
	State 114
	State 115
	State 116
	State 117
	State 118
	State 119
	State 120
	State 121
	State 122
	State 123
	State 124
	State 125
	State 126
	State 127
	State 128
	State 129
	State 130
	State 131
	State 132
	State 133
	State 134
	State 135
	State 136
	State 137
	State 138
	State 139
	State 140
	State 141
	State 142
	State 143
	State 144
	State 145
	State 146
	State 147
	State 148
	State 149
	State 150
	State 151
	State 152
	State 153
	State 154
	State 155
	State 156
	State 157
	State 158
	State 159
	State 160
	State 161
	State 162
	State 163
	State 164
	State 165
	State 166
	State 167
	State 168
	State 169
	State 170
	State 171
	State 172
	State 173
	State 174
	State 175
	State 176
	State 177
	State 178
	State 179
	State 180
	State 181
	State 182
	State 183
	State 184
	State 185
	State 186
	State 187
	State 188
	State 189
	State 190
	State 191
	State 192
	State 193
	State 194
	State 195
	State 196
	State 197
	State 198
	State 199
	State 200
	State 201
	State 202
	State 203
	State 204
	State 205
	State 206
	State 207
	State 208
	State 209
	State 210
	State 211
	State 212
	State 213
	State 214
	State 215
	State 216
	State 217
	State 218
	State 219
	State 220
	State 221
	State 222
	State 223
	State 224
	State 225
	State 226
	State 227
	State 228
	State 229
	State 230
	State 231
	State 232
	State 233
	State 234
	State 235
	State 236
	State 237
	State 238
	State 239
	State 240
	State 241
	State 242
	State 243
	State 244
	State 245
	State 246
	State 247
	State 248
	State 249
	State 250
	State 251
	State 252
	State 253
	State 254
	State 255
	State 256
	State 257
	State 258
	State 259
	State 260
	State 261
	State 262
	State 263
	State 264
	State 265
	State 266
	State 267
	State 268
	State 269
	State 270
	State 271
	State 272
	State 273
	State 274
	State 275
	State 276
	State 277
	State 278
	State 279
	State 280
	State 281
	State 282
	State 283
	State 284
	State 285
	State 286
	State 287
	State 288
	State 289
	State 290
	State 291
	State 292
	State 293
	State 294
	State 295
	State 296
	State 297
	State 298
	State 299
	State 300
		y_write_assign : 1
		ret_ln85 : 2


============================================================
+ Verbose Summary: Datapath Resource usage 
============================================================

* Functional unit list:
|----------|------------------------------------------|---------|---------|---------|---------|
| Operation|              Functional Unit             |   DSP   |  Delay  |    FF   |   LUT   |
|----------|------------------------------------------|---------|---------|---------|---------|
|   call   | grp_fir_Pipeline_Shift_Accum_Loop_fu_970 |    11   |  1.806  |   1223  |   1218  |
|----------|------------------------------------------|---------|---------|---------|---------|
|    add   |                 i_fu_982                 |    0    |    0    |    0    |    39   |
|----------|------------------------------------------|---------|---------|---------|---------|
|          |          reset_read_read_fu_630          |    0    |    0    |    0    |    0    |
|   read   |            N_read_read_fu_636            |    0    |    0    |    0    |    0    |
|          |            x_read_read_fu_642            |    0    |    0    |    0    |    0    |
|----------|------------------------------------------|---------|---------|---------|---------|
|   Total  |                                          |    11   |  1.806  |   1223  |   1257  |
|----------|------------------------------------------|---------|---------|---------|---------|

Memories:
N/A

* Register list:
+----------------------+--------+
|                      |   FF   |
+----------------------+--------+
|   acc_loc_reg_1001   |   64   |
|      i_reg_1007      |   32   |
|  reset_read_reg_992  |    1   |
|    x_read_reg_996    |   64   |
|y_write_assign_reg_960|   64   |
+----------------------+--------+
|         Total        |   225  |
+----------------------+--------+

* Multiplexer (MUX) list: 
|------------------------------------------|------|------|------|--------||---------||---------||---------|
|                   Comp                   |  Pin | Size |  BW  | S x BW ||  Delay  ||    FF   ||   LUT   |
|------------------------------------------|------|------|------|--------||---------||---------||---------|
|             grp_access_fu_648            |  p0  |  151 |  64  |  9664  ||    0    ||   229   |
|             grp_access_fu_648            |  p2  |  150 |   0  |    0   ||    0    ||   225   |
| grp_fir_Pipeline_Shift_Accum_Loop_fu_970 |  p1  |   2  |  32  |   64   ||    0    ||    9    |
| grp_fir_Pipeline_Shift_Accum_Loop_fu_970 |  p2  |   2  |  64  |   128  ||    0    ||    9    |
|------------------------------------------|------|------|------|--------||---------||---------||---------|
|                   Total                  |      |      |      |  9856  || 3.48505 ||    0    ||   472   |
|------------------------------------------|------|------|------|--------||---------||---------||---------|



* Summary:
+-----------+--------+--------+--------+--------+
|           |   DSP  |  Delay |   FF   |   LUT  |
+-----------+--------+--------+--------+--------+
|  Function |   11   |    1   |  1223  |  1257  |
|   Memory  |    -   |    -   |    -   |    -   |
|Multiplexer|    -   |    3   |    0   |   472  |
|  Register |    -   |    -   |   225  |    -   |
+-----------+--------+--------+--------+--------+
|   Total   |   11   |    5   |  1448  |  1729  |
+-----------+--------+--------+--------+--------+
