

================================================================
== Vitis HLS Report for 'firTop'
================================================================
* Date:           Tue Apr 14 18:08:20 2026

* Version:        2024.1 (Build 5069499 on May 21 2024)
* Project:        calculateCoefficients
* Solution:       hls (Vivado IP Flow Target)
* Product family: zynquplus
* Target device:  xczu3eg-sfvc784-2-e


================================================================
== Performance Estimates
================================================================
+ Timing: 
    * Summary: 
    +--------+----------+----------+------------+
    |  Clock |  Target  | Estimated| Uncertainty|
    +--------+----------+----------+------------+
    |ap_clk  |  10.00 ns|  7.300 ns|     2.70 ns|
    +--------+----------+----------+------------+

+ Latency: 
    * Summary: 
    +---------+---------+----------+----------+-----+-----+---------+
    |  Latency (cycles) |  Latency (absolute) |  Interval | Pipeline|
    |   min   |   max   |    min   |    max   | min | max |   Type  |
    +---------+---------+----------+----------+-----+-----+---------+
    |        ?|        ?|         ?|         ?|    ?|    ?|       no|
    +---------+---------+----------+----------+-----+-----+---------+

    + Detail: 
        * Instance: 
        +---------------------------------------------+----------------------------------+---------+---------+-----------+-----------+-----+-----+-----------------------------------------------+
        |                                             |                                  |  Latency (cycles) |   Latency (absolute)  |  Interval |                    Pipeline                   |
        |                   Instance                  |              Module              |   min   |   max   |    min    |    max    | min | max |                      Type                     |
        +---------------------------------------------+----------------------------------+---------+---------+-----------+-----------+-----+-----+-----------------------------------------------+
        |grp_firTop_Pipeline_VITIS_LOOP_14_1_fu_708   |firTop_Pipeline_VITIS_LOOP_14_1   |        6|        6|  60.000 ns|  60.000 ns|    5|    5|  loop auto-rewind stp(delay=0 clock cycles(s))|
        |grp_firTop_Pipeline_VITIS_LOOP_92_1_fu_719   |firTop_Pipeline_VITIS_LOOP_92_1   |        ?|        ?|          ?|          ?|    0|    0|  loop auto-rewind stp(delay=0 clock cycles(s))|
        |grp_firTop_Pipeline_VITIS_LOOP_113_2_fu_742  |firTop_Pipeline_VITIS_LOOP_113_2  |        5|      534|  50.000 ns|   5.340 us|    4|  512|  loop auto-rewind stp(delay=0 clock cycles(s))|
        |grp_firTop_Pipeline_VITIS_LOOP_119_3_fu_763  |firTop_Pipeline_VITIS_LOOP_119_3  |        2|      150|  20.000 ns|   1.500 us|    1|  128|  loop auto-rewind stp(delay=0 clock cycles(s))|
        +---------------------------------------------+----------------------------------+---------+---------+-----------+-----------+-----+-----+-----------------------------------------------+

        * Loop: 
        +---------------------+---------+---------+----------+-----------+-----------+------+----------+
        |                     |  Latency (cycles) | Iteration|  Initiation Interval  | Trip |          |
        |      Loop Name      |   min   |   max   |  Latency |  achieved |   target  | Count| Pipelined|
        +---------------------+---------+---------+----------+-----------+-----------+------+----------+
        |- VITIS_LOOP_26_2    |        ?|        ?|         ?|          -|          -|     ?|        no|
        | + Shift_Accum_Loop  |        ?|        ?|        13|          -|          -|     ?|        no|
        +---------------------+---------+---------+----------+-----------+-----------+------+----------+



================================================================
== Utilization Estimates
================================================================
* Summary: 
+-----------------+---------+-----+--------+-------+-----+
|       Name      | BRAM_18K| DSP |   FF   |  LUT  | URAM|
+-----------------+---------+-----+--------+-------+-----+
|DSP              |        -|    -|       -|      -|    -|
|Expression       |        -|    -|       0|   1642|    -|
|FIFO             |        -|    -|       -|      -|    -|
|Instance         |       28|  356|   15686|  22158|    0|
|Memory           |        8|    -|       0|      0|    0|
|Multiplexer      |        -|    -|       0|   1962|    -|
|Register         |        -|    -|    1585|      -|    -|
+-----------------+---------+-----+--------+-------+-----+
|Total            |       36|  356|   17271|  25762|    0|
+-----------------+---------+-----+--------+-------+-----+
|Available        |      432|  360|  141120|  70560|    0|
+-----------------+---------+-----+--------+-------+-----+
|Utilization (%)  |        8|   98|      12|     36|    0|
+-----------------+---------+-----+--------+-------+-----+

+ Detail: 
    * Instance: 
    +---------------------------------------------+------------------------------------+---------+-----+-------+-------+-----+
    |                   Instance                  |               Module               | BRAM_18K| DSP |   FF  |  LUT  | URAM|
    +---------------------------------------------+------------------------------------+---------+-----+-------+-------+-----+
    |control_s_axi_U                              |control_s_axi                       |        0|    0|    106|    168|    0|
    |dadddsub_64ns_64ns_64_5_full_dsp_1_U75       |dadddsub_64ns_64ns_64_5_full_dsp_1  |        0|    3|    445|    782|    0|
    |dcmp_64ns_64ns_1_2_no_dsp_1_U80              |dcmp_64ns_64ns_1_2_no_dsp_1         |        0|    0|      0|      0|    0|
    |ddiv_64ns_64ns_64_22_no_dsp_1_U78            |ddiv_64ns_64ns_64_22_no_dsp_1       |        0|    0|      0|      0|    0|
    |ddiv_64ns_64ns_64_22_no_dsp_1_U79            |ddiv_64ns_64ns_64_22_no_dsp_1       |        0|    0|      0|      0|    0|
    |dmul_64ns_64ns_64_5_max_dsp_1_U76            |dmul_64ns_64ns_64_5_max_dsp_1       |        0|   11|    299|    203|    0|
    |dmul_64ns_64ns_64_5_max_dsp_1_U77            |dmul_64ns_64ns_64_5_max_dsp_1       |        0|   11|    299|    203|    0|
    |grp_firTop_Pipeline_VITIS_LOOP_113_2_fu_742  |firTop_Pipeline_VITIS_LOOP_113_2    |        0|    0|    546|    338|    0|
    |grp_firTop_Pipeline_VITIS_LOOP_119_3_fu_763  |firTop_Pipeline_VITIS_LOOP_119_3    |        0|    0|    123|    123|    0|
    |grp_firTop_Pipeline_VITIS_LOOP_14_1_fu_708   |firTop_Pipeline_VITIS_LOOP_14_1     |        0|    0|    136|     71|    0|
    |grp_firTop_Pipeline_VITIS_LOOP_92_1_fu_719   |firTop_Pipeline_VITIS_LOOP_92_1     |       16|  240|  10799|  13774|    0|
    |gmem_m_axi_U                                 |gmem_m_axi                          |        4|    0|    824|    682|    0|
    |grp_sin_or_cos_double_s_fu_1453              |sin_or_cos_double_s                 |        8|   91|   2109|   5814|    0|
    |sitodp_32ns_64_4_no_dsp_1_U81                |sitodp_32ns_64_4_no_dsp_1           |        0|    0|      0|      0|    0|
    |sitodp_32ns_64_4_no_dsp_1_U82                |sitodp_32ns_64_4_no_dsp_1           |        0|    0|      0|      0|    0|
    +---------------------------------------------+------------------------------------+---------+-----+-------+-------+-----+
    |Total                                        |                                    |       28|  356|  15686|  22158|    0|
    +---------------------------------------------+------------------------------------+---------+-----+-------+-------+-----+

    * DSP: 
    N/A

    * Memory: 
    +-------------+-------------------------+---------+---+----+-----+------+-----+------+-------------+
    |    Memory   |          Module         | BRAM_18K| FF| LUT| URAM| Words| Bits| Banks| W*Bits*Banks|
    +-------------+-------------------------+---------+---+----+-----+------+-----+------+-------------+
    |shift_reg_U  |shift_reg_RAM_AUTO_1R1W  |        4|  0|   0|    0|   101|   64|     1|         6464|
    |taps_U       |taps_RAM_AUTO_1R1W       |        4|  0|   0|    0|   101|   64|     1|         6464|
    +-------------+-------------------------+---------+---+----+-----+------+-----+------+-------------+
    |Total        |                         |        8|  0|   0|    0|   202|  128|     2|        12928|
    +-------------+-------------------------+---------+---+----+-----+------+-----+------+-------------+

    * FIFO: 
    N/A

    * Expression: 
    +----------------------------------+----------+----+---+-----+------------+------------+
    |           Variable Name          | Operation| DSP| FF| LUT | Bitwidth P0| Bitwidth P1|
    +----------------------------------+----------+----+---+-----+------------+------------+
    |add_ln16_fu_850_p2                |         +|   0|  0|   71|          64|           5|
    |add_ln486_fu_1102_p2              |         +|   0|  0|   19|          12|          11|
    |add_ln70_fu_1226_p2               |         +|   0|  0|   71|          64|           2|
    |add_ln75_fu_1215_p2               |         +|   0|  0|   14|           7|           2|
    |empty_58_fu_996_p2                |         +|   0|  0|   71|          64|           5|
    |i_fu_890_p2                       |         +|   0|  0|   39|          32|           2|
    |result_2_fu_1182_p2               |         -|   0|  0|   39|           1|          32|
    |sub_ln18_fu_1116_p2               |         -|   0|  0|   18|          10|          11|
    |sub_ln86_1_fu_934_p2              |         -|   0|  0|   39|           1|          32|
    |sub_ln86_fu_915_p2                |         -|   0|  0|   39|           1|          32|
    |and_ln118_fu_990_p2               |       and|   0|  0|    2|           1|           1|
    |ap_block_state76_on_subcall_done  |       and|   0|  0|    2|           1|           1|
    |doReset_fu_1053_p2                |      icmp|   0|  0|   39|          32|           1|
    |icmp_ln118_1_fu_978_p2            |      icmp|   0|  0|   59|          52|           1|
    |icmp_ln118_fu_972_p2              |      icmp|   0|  0|   18|          11|           2|
    |icmp_ln71_fu_1209_p2              |      icmp|   0|  0|   71|          64|           1|
    |lshr_ln18_fu_1142_p2              |      lshr|   0|  0|  460|         137|         137|
    |ap_block_state150                 |        or|   0|  0|    2|           1|           1|
    |or_ln118_fu_984_p2                |        or|   0|  0|    2|           1|           1|
    |M_fu_943_p3                       |    select|   0|  0|   32|           1|          32|
    |out_stream_TDATA_int_regslice     |    select|   0|  0|   32|           1|          32|
    |select_ln18_fu_1126_p3            |    select|   0|  0|   11|           1|          12|
    |val_fu_1174_p3                    |    select|   0|  0|   32|           1|          32|
    |shl_ln18_fu_1148_p2               |       shl|   0|  0|  460|         137|         137|
    +----------------------------------+----------+----+---+-----+------------+------------+
    |Total                             |          |   0|  0| 1642|         697|         525|
    +----------------------------------+----------+----+---+-----+------------+------------+

    * Multiplexer: 
    +----------------------------------------+-----+-----------+-----+-----------+
    |                  Name                  | LUT | Input Size| Bits| Total Bits|
    +----------------------------------------+-----+-----------+-----+-----------+
    |acc_reg_685                             |    9|          2|   64|        128|
    |ap_NS_fsm                               |  796|        151|    1|        151|
    |ap_phi_mux_dc_phi_fu_663_p6             |    9|          2|   64|        128|
    |data_3_reg_698                          |    9|          2|   64|        128|
    |dc_reg_659                              |    9|          2|   64|        128|
    |gmem_ARADDR                             |   20|          4|   64|        256|
    |gmem_ARLEN                              |   20|          4|   32|        128|
    |gmem_ARVALID                            |   14|          3|    1|          3|
    |gmem_AWADDR                             |   14|          3|   64|        192|
    |gmem_RREADY                             |   14|          3|    1|          3|
    |gmem_WDATA                              |   14|          3|   32|         96|
    |gmem_blk_n_AR                           |    9|          2|    1|          2|
    |gmem_blk_n_AW                           |    9|          2|    1|          2|
    |gmem_blk_n_B                            |    9|          2|    1|          2|
    |gmem_blk_n_R                            |    9|          2|    1|          2|
    |gmem_blk_n_W                            |    9|          2|    1|          2|
    |grp_fu_770_ce                           |   14|          3|    1|          3|
    |grp_fu_770_opcode                       |   26|          5|    2|         10|
    |grp_fu_770_p0                           |   31|          6|   64|        384|
    |grp_fu_770_p1                           |   31|          6|   64|        384|
    |grp_fu_775_p0                           |   20|          4|   64|        256|
    |grp_fu_775_p1                           |   20|          4|   64|        256|
    |grp_fu_780_ce                           |   20|          4|    1|          4|
    |grp_fu_780_p0                           |   20|          4|   64|        256|
    |grp_fu_780_p1                           |   20|          4|   64|        256|
    |grp_fu_787_ce                           |   14|          3|    1|          3|
    |grp_fu_787_p0                           |   26|          5|   64|        320|
    |grp_fu_787_p1                           |   26|          5|   64|        320|
    |grp_fu_791_ce                           |    9|          2|    1|          2|
    |grp_fu_791_p0                           |   14|          3|   64|        192|
    |grp_fu_791_p1                           |   14|          3|   64|        192|
    |grp_fu_801_ce                           |   20|          4|    1|          4|
    |grp_fu_801_p0                           |   37|          7|   32|        224|
    |grp_sin_or_cos_double_s_fu_1453_do_cos  |   14|          3|    1|          3|
    |grp_sin_or_cos_double_s_fu_1453_t_in    |   14|          3|   64|        192|
    |i_4_reg_673                             |    9|          2|   64|        128|
    |in_stream_TDATA_blk_n                   |    9|          2|    1|          2|
    |out_stream_TDATA_blk_n                  |    9|          2|    1|          2|
    |shift_reg_address0_local                |  235|         53|    7|        371|
    |shift_reg_address1_local                |  232|         52|    7|        364|
    |shift_reg_d0_local                      |   14|          3|   64|        192|
    |shift_reg_d1_local                      |   14|          3|   64|        192|
    |taps_address0                           |   20|          4|    7|         28|
    |taps_ce0                                |   20|          4|    1|          4|
    |taps_ce1                                |    9|          2|    1|          2|
    |taps_d0                                 |   14|          3|   64|        192|
    |taps_we0                                |   14|          3|    1|          3|
    +----------------------------------------+-----+-----------+-----+-----------+
    |Total                                   | 1962|        400| 1482|       6092|
    +----------------------------------------+-----+-----------+-----+-----------+

    * Register: 
    +----------------------------------------------------------+-----+----+-----+-----------+
    |                           Name                           |  FF | LUT| Bits| Const Bits|
    +----------------------------------------------------------+-----+----+-----+-----------+
    |M_reg_1347                                                |   32|   0|   32|          0|
    |acc_reg_685                                               |   64|   0|   64|          0|
    |add_i_reg_1337                                            |   64|   0|   64|          0|
    |add_ln70_reg_1443                                         |   64|   0|   64|          0|
    |and_ln118_reg_1356                                        |    1|   0|    1|          0|
    |ap_CS_fsm                                                 |  150|   0|  150|          0|
    |bram_read_reg_1232                                        |   64|   0|   64|          0|
    |c_load_reg_1448                                           |   64|   0|   64|          0|
    |conv3_i_reg_1291                                          |   64|   0|   64|          0|
    |data_3_reg_698                                            |   64|   0|   64|          0|
    |dc_reg_659                                                |   64|   0|   64|          0|
    |div10_i_reg_1342                                          |   64|   0|   64|          0|
    |doReset_reg_1412                                          |    1|   0|    1|          0|
    |gmem_addr_1_reg_1279                                      |   64|   0|   64|          0|
    |gmem_addr_2_read_reg_1407                                 |   32|   0|   32|          0|
    |gmem_addr_2_reg_1360                                      |   64|   0|   64|          0|
    |grp_firTop_Pipeline_VITIS_LOOP_113_2_fu_742_ap_start_reg  |    1|   0|    1|          0|
    |grp_firTop_Pipeline_VITIS_LOOP_119_3_fu_763_ap_start_reg  |    1|   0|    1|          0|
    |grp_firTop_Pipeline_VITIS_LOOP_14_1_fu_708_ap_start_reg   |    1|   0|    1|          0|
    |grp_firTop_Pipeline_VITIS_LOOP_92_1_fu_719_ap_start_reg   |    1|   0|    1|          0|
    |i_4_cast_reg_1367                                         |   64|   0|   64|          0|
    |i_4_reg_673                                               |   64|   0|   64|          0|
    |i_reg_1321                                                |   32|   0|   32|          0|
    |icmp_ln71_reg_1424                                        |    1|   0|    1|          0|
    |lshr_ln86_2_reg_1332                                      |   31|   0|   31|          0|
    |mul4_i_reg_1299                                           |   64|   0|   64|          0|
    |omegaLower_reg_1304                                       |   64|   0|   64|          0|
    |omegaUpper_reg_1311                                       |   64|   0|   64|          0|
    |reg_807                                                   |   64|   0|   64|          0|
    |reg_817                                                   |   64|   0|   64|          0|
    |reg_824                                                   |   64|   0|   64|          0|
    |tmp_dest_reg_1402                                         |    6|   0|    6|          0|
    |tmp_id_reg_1397                                           |    5|   0|    5|          0|
    |tmp_keep_reg_1377                                         |    4|   0|    4|          0|
    |tmp_last_reg_1392                                         |    1|   0|    1|          0|
    |tmp_reg_1327                                              |    1|   0|    1|          0|
    |tmp_strb_reg_1382                                         |    4|   0|    4|          0|
    |tmp_user_reg_1387                                         |    2|   0|    2|          0|
    |trunc_ln_reg_1268                                         |   62|   0|   62|          0|
    +----------------------------------------------------------+-----+----+-----+-----------+
    |Total                                                     | 1585|   0| 1585|          0|
    +----------------------------------------------------------+-----+----+-----+-----------+



================================================================
== Interface
================================================================
* Summary: 
+-----------------------+-----+-----+--------------+---------------------+--------------+
|       RTL Ports       | Dir | Bits|   Protocol   |    Source Object    |    C Type    |
+-----------------------+-----+-----+--------------+---------------------+--------------+
|s_axi_control_AWVALID  |   in|    1|         s_axi|              control|        scalar|
|s_axi_control_AWREADY  |  out|    1|         s_axi|              control|        scalar|
|s_axi_control_AWADDR   |   in|    5|         s_axi|              control|        scalar|
|s_axi_control_WVALID   |   in|    1|         s_axi|              control|        scalar|
|s_axi_control_WREADY   |  out|    1|         s_axi|              control|        scalar|
|s_axi_control_WDATA    |   in|   32|         s_axi|              control|        scalar|
|s_axi_control_WSTRB    |   in|    4|         s_axi|              control|        scalar|
|s_axi_control_ARVALID  |   in|    1|         s_axi|              control|        scalar|
|s_axi_control_ARREADY  |  out|    1|         s_axi|              control|        scalar|
|s_axi_control_ARADDR   |   in|    5|         s_axi|              control|        scalar|
|s_axi_control_RVALID   |  out|    1|         s_axi|              control|        scalar|
|s_axi_control_RREADY   |   in|    1|         s_axi|              control|        scalar|
|s_axi_control_RDATA    |  out|   32|         s_axi|              control|        scalar|
|s_axi_control_RRESP    |  out|    2|         s_axi|              control|        scalar|
|s_axi_control_BVALID   |  out|    1|         s_axi|              control|        scalar|
|s_axi_control_BREADY   |   in|    1|         s_axi|              control|        scalar|
|s_axi_control_BRESP    |  out|    2|         s_axi|              control|        scalar|
|ap_clk                 |   in|    1|  ap_ctrl_none|               firTop|  return value|
|ap_rst_n               |   in|    1|  ap_ctrl_none|               firTop|  return value|
|m_axi_gmem_AWVALID     |  out|    1|         m_axi|                 gmem|       pointer|
|m_axi_gmem_AWREADY     |   in|    1|         m_axi|                 gmem|       pointer|
|m_axi_gmem_AWADDR      |  out|   64|         m_axi|                 gmem|       pointer|
|m_axi_gmem_AWID        |  out|    1|         m_axi|                 gmem|       pointer|
|m_axi_gmem_AWLEN       |  out|    8|         m_axi|                 gmem|       pointer|
|m_axi_gmem_AWSIZE      |  out|    3|         m_axi|                 gmem|       pointer|
|m_axi_gmem_AWBURST     |  out|    2|         m_axi|                 gmem|       pointer|
|m_axi_gmem_AWLOCK      |  out|    2|         m_axi|                 gmem|       pointer|
|m_axi_gmem_AWCACHE     |  out|    4|         m_axi|                 gmem|       pointer|
|m_axi_gmem_AWPROT      |  out|    3|         m_axi|                 gmem|       pointer|
|m_axi_gmem_AWQOS       |  out|    4|         m_axi|                 gmem|       pointer|
|m_axi_gmem_AWREGION    |  out|    4|         m_axi|                 gmem|       pointer|
|m_axi_gmem_AWUSER      |  out|    1|         m_axi|                 gmem|       pointer|
|m_axi_gmem_WVALID      |  out|    1|         m_axi|                 gmem|       pointer|
|m_axi_gmem_WREADY      |   in|    1|         m_axi|                 gmem|       pointer|
|m_axi_gmem_WDATA       |  out|   32|         m_axi|                 gmem|       pointer|
|m_axi_gmem_WSTRB       |  out|    4|         m_axi|                 gmem|       pointer|
|m_axi_gmem_WLAST       |  out|    1|         m_axi|                 gmem|       pointer|
|m_axi_gmem_WID         |  out|    1|         m_axi|                 gmem|       pointer|
|m_axi_gmem_WUSER       |  out|    1|         m_axi|                 gmem|       pointer|
|m_axi_gmem_ARVALID     |  out|    1|         m_axi|                 gmem|       pointer|
|m_axi_gmem_ARREADY     |   in|    1|         m_axi|                 gmem|       pointer|
|m_axi_gmem_ARADDR      |  out|   64|         m_axi|                 gmem|       pointer|
|m_axi_gmem_ARID        |  out|    1|         m_axi|                 gmem|       pointer|
|m_axi_gmem_ARLEN       |  out|    8|         m_axi|                 gmem|       pointer|
|m_axi_gmem_ARSIZE      |  out|    3|         m_axi|                 gmem|       pointer|
|m_axi_gmem_ARBURST     |  out|    2|         m_axi|                 gmem|       pointer|
|m_axi_gmem_ARLOCK      |  out|    2|         m_axi|                 gmem|       pointer|
|m_axi_gmem_ARCACHE     |  out|    4|         m_axi|                 gmem|       pointer|
|m_axi_gmem_ARPROT      |  out|    3|         m_axi|                 gmem|       pointer|
|m_axi_gmem_ARQOS       |  out|    4|         m_axi|                 gmem|       pointer|
|m_axi_gmem_ARREGION    |  out|    4|         m_axi|                 gmem|       pointer|
|m_axi_gmem_ARUSER      |  out|    1|         m_axi|                 gmem|       pointer|
|m_axi_gmem_RVALID      |   in|    1|         m_axi|                 gmem|       pointer|
|m_axi_gmem_RREADY      |  out|    1|         m_axi|                 gmem|       pointer|
|m_axi_gmem_RDATA       |   in|   32|         m_axi|                 gmem|       pointer|
|m_axi_gmem_RLAST       |   in|    1|         m_axi|                 gmem|       pointer|
|m_axi_gmem_RID         |   in|    1|         m_axi|                 gmem|       pointer|
|m_axi_gmem_RUSER       |   in|    1|         m_axi|                 gmem|       pointer|
|m_axi_gmem_RRESP       |   in|    2|         m_axi|                 gmem|       pointer|
|m_axi_gmem_BVALID      |   in|    1|         m_axi|                 gmem|       pointer|
|m_axi_gmem_BREADY      |  out|    1|         m_axi|                 gmem|       pointer|
|m_axi_gmem_BRESP       |   in|    2|         m_axi|                 gmem|       pointer|
|m_axi_gmem_BID         |   in|    1|         m_axi|                 gmem|       pointer|
|m_axi_gmem_BUSER       |   in|    1|         m_axi|                 gmem|       pointer|
|in_stream_TDATA        |   in|   32|          axis|   in_stream_V_data_V|       pointer|
|in_stream_TVALID       |   in|    1|          axis|   in_stream_V_dest_V|       pointer|
|in_stream_TREADY       |  out|    1|          axis|   in_stream_V_dest_V|       pointer|
|in_stream_TDEST        |   in|    6|          axis|   in_stream_V_dest_V|       pointer|
|in_stream_TKEEP        |   in|    4|          axis|   in_stream_V_keep_V|       pointer|
|in_stream_TSTRB        |   in|    4|          axis|   in_stream_V_strb_V|       pointer|
|in_stream_TUSER        |   in|    2|          axis|   in_stream_V_user_V|       pointer|
|in_stream_TLAST        |   in|    1|          axis|   in_stream_V_last_V|       pointer|
|in_stream_TID          |   in|    5|          axis|     in_stream_V_id_V|       pointer|
|out_stream_TDATA       |  out|   32|          axis|  out_stream_V_data_V|       pointer|
|out_stream_TVALID      |  out|    1|          axis|  out_stream_V_dest_V|       pointer|
|out_stream_TREADY      |   in|    1|          axis|  out_stream_V_dest_V|       pointer|
|out_stream_TDEST       |  out|    6|          axis|  out_stream_V_dest_V|       pointer|
|out_stream_TKEEP       |  out|    4|          axis|  out_stream_V_keep_V|       pointer|
|out_stream_TSTRB       |  out|    4|          axis|  out_stream_V_strb_V|       pointer|
|out_stream_TUSER       |  out|    2|          axis|  out_stream_V_user_V|       pointer|
|out_stream_TLAST       |  out|    1|          axis|  out_stream_V_last_V|       pointer|
|out_stream_TID         |  out|    5|          axis|    out_stream_V_id_V|       pointer|
+-----------------------+-----+-----+--------------+---------------------+--------------+

============================================================
+ Verbose Summary: Synthesis Manager
============================================================
InlineROM: 1
ExposeGlobal: 0
============================================================
+ Verbose Summary: CDFG Model
============================================================
IsTopModel: 1
ResetActiveHigh: 1
IsCombinational: 2
IsDatapathOnly: 2
HasWiredReturn: 1
HasMFsm: 0
HasVarLatency: 1
IsPipeline: 0
IsRtlPipelined: 0
IsInstanceOverlapped: 0
IsDontTouch: 0
HasImplIP: 0
IsGatedGlobalClock: 0


============================================================
+ Verbose Summary: Schedule
============================================================
* Number of FSM states : 150
* Pipeline : 0
* Dataflow Pipeline: 0

* FSM state transitions: 
1 --> 2 
2 --> 3 
3 --> 4 
4 --> 5 
5 --> 6 
6 --> 7 
7 --> 8 
8 --> 9 
9 --> 10 
10 --> 11 
11 --> 12 
12 --> 13 
13 --> 14 
14 --> 15 
15 --> 16 
16 --> 17 
17 --> 18 
18 --> 19 
19 --> 20 
20 --> 21 
21 --> 22 
22 --> 23 
23 --> 24 
24 --> 25 
25 --> 26 
26 --> 27 
27 --> 28 
28 --> 29 
29 --> 30 
30 --> 31 
31 --> 32 
32 --> 33 
33 --> 34 
34 --> 35 
35 --> 36 
36 --> 37 
37 --> 38 
38 --> 39 
39 --> 40 
40 --> 41 
41 --> 42 
42 --> 43 
43 --> 44 
44 --> 45 
45 --> 46 
46 --> 47 
47 --> 48 
48 --> 49 
49 --> 50 
50 --> 51 
51 --> 52 
52 --> 53 
53 --> 54 
54 --> 55 
55 --> 56 
56 --> 57 
57 --> 58 
58 --> 59 
59 --> 60 
60 --> 61 
61 --> 62 
62 --> 63 
63 --> 64 
64 --> 65 
65 --> 66 
66 --> 67 
67 --> 68 
68 --> 69 
69 --> 70 
70 --> 71 
71 --> 72 
72 --> 73 
73 --> 74 
74 --> 75 
75 --> 76 
76 --> 77 
77 --> 78 
78 --> 79 
79 --> 80 
80 --> 81 
81 --> 82 
82 --> 83 
83 --> 84 
84 --> 85 
85 --> 86 
86 --> 87 136 137 
87 --> 88 
88 --> 89 
89 --> 90 
90 --> 91 
91 --> 92 
92 --> 93 
93 --> 94 
94 --> 95 
95 --> 96 
96 --> 97 
97 --> 98 
98 --> 99 
99 --> 100 
100 --> 101 
101 --> 102 
102 --> 103 
103 --> 104 
104 --> 105 
105 --> 106 
106 --> 107 
107 --> 108 
108 --> 109 
109 --> 110 
110 --> 111 
111 --> 112 
112 --> 113 
113 --> 114 
114 --> 115 
115 --> 116 
116 --> 117 
117 --> 118 
118 --> 119 
119 --> 120 
120 --> 121 
121 --> 122 
122 --> 123 
123 --> 124 
124 --> 125 
125 --> 126 
126 --> 127 
127 --> 128 
128 --> 129 
129 --> 130 
130 --> 131 
131 --> 132 
132 --> 133 
133 --> 134 
134 --> 135 
135 --> 136 
136 --> 150 
137 --> 138 136 
138 --> 139 
139 --> 140 
140 --> 141 
141 --> 142 
142 --> 143 
143 --> 144 
144 --> 145 
145 --> 146 
146 --> 147 
147 --> 148 
148 --> 149 
149 --> 137 
150 --> 77 

* FSM state operations: 

State 1 <SV = 0> <Delay = 1.23>
ST_1 : Operation 151 [1/1] (1.00ns)   --->   "%bram_read = read i64 @_ssdm_op_Read.s_axilite.i64, i64 %bram"   --->   Operation 151 'read' 'bram_read' <Predicate = true> <Delay = 1.00> <CoreInst = "s_axilite">   --->   Core 120 's_axilite' <Latency = 0> <II = 1> <Delay = 1.00> <Adapter> <Opcode : 'read' 'write'>
ST_1 : Operation 152 [1/1] (0.00ns)   --->   "%gain_re_loc = alloca i64 1"   --->   Operation 152 'alloca' 'gain_re_loc' <Predicate = true> <Delay = 0.00>
ST_1 : Operation 153 [1/1] (0.00ns)   --->   "%p_loc117 = alloca i64 1"   --->   Operation 153 'alloca' 'p_loc117' <Predicate = true> <Delay = 0.00>
ST_1 : Operation 154 [1/1] (0.00ns)   --->   "%p_loc116 = alloca i64 1"   --->   Operation 154 'alloca' 'p_loc116' <Predicate = true> <Delay = 0.00>
ST_1 : Operation 155 [1/1] (0.00ns)   --->   "%p_loc115 = alloca i64 1"   --->   Operation 155 'alloca' 'p_loc115' <Predicate = true> <Delay = 0.00>
ST_1 : Operation 156 [1/1] (0.00ns)   --->   "%p_loc = alloca i64 1"   --->   Operation 156 'alloca' 'p_loc' <Predicate = true> <Delay = 0.00>
ST_1 : Operation 157 [1/1] (1.23ns)   --->   "%taps = alloca i64 1" [Coefficients.cpp:12]   --->   Operation 157 'alloca' 'taps' <Predicate = true> <Delay = 1.23> <CoreInst = "RAM">   --->   Core 82 'RAM' <Latency = 1> <II = 1> <Delay = 1.23> <Storage> <Opcode : 'load' 'store'> <Ports = 2> <Width = 64> <Depth = 101> <RAM>
ST_1 : Operation 158 [1/1] (0.00ns)   --->   "%trunc_ln = partselect i62 @_ssdm_op_PartSelect.i62.i64.i32.i32, i64 %bram_read, i32 2, i32 63" [Coefficients.cpp:14]   --->   Operation 158 'partselect' 'trunc_ln' <Predicate = true> <Delay = 0.00>

State 2 <SV = 1> <Delay = 7.30>
ST_2 : Operation 159 [1/1] (0.00ns)   --->   "%sext_ln14 = sext i62 %trunc_ln" [Coefficients.cpp:14]   --->   Operation 159 'sext' 'sext_ln14' <Predicate = true> <Delay = 0.00>
ST_2 : Operation 160 [1/1] (0.00ns)   --->   "%gmem_addr = getelementptr i32 %gmem, i64 %sext_ln14" [Coefficients.cpp:14]   --->   Operation 160 'getelementptr' 'gmem_addr' <Predicate = true> <Delay = 0.00>
ST_2 : Operation 161 [8/8] (7.30ns)   --->   "%empty = readreq i1 @_ssdm_op_ReadReq.m_axi.p1i32, i64 %gmem_addr, i64 4" [Coefficients.cpp:14]   --->   Operation 161 'readreq' 'empty' <Predicate = true> <Delay = 7.30> <CoreInst = "m_axi">   --->   Core 119 'm_axi' <Latency = 0> <II = 1> <Delay = 1.00> <Adapter> <Opcode : 'read' 'write' 'readreq' 'writereq' 'writeresp'>

State 3 <SV = 2> <Delay = 7.30>
ST_3 : Operation 162 [7/8] (7.30ns)   --->   "%empty = readreq i1 @_ssdm_op_ReadReq.m_axi.p1i32, i64 %gmem_addr, i64 4" [Coefficients.cpp:14]   --->   Operation 162 'readreq' 'empty' <Predicate = true> <Delay = 7.30> <CoreInst = "m_axi">   --->   Core 119 'm_axi' <Latency = 0> <II = 1> <Delay = 1.00> <Adapter> <Opcode : 'read' 'write' 'readreq' 'writereq' 'writeresp'>

State 4 <SV = 3> <Delay = 7.30>
ST_4 : Operation 163 [6/8] (7.30ns)   --->   "%empty = readreq i1 @_ssdm_op_ReadReq.m_axi.p1i32, i64 %gmem_addr, i64 4" [Coefficients.cpp:14]   --->   Operation 163 'readreq' 'empty' <Predicate = true> <Delay = 7.30> <CoreInst = "m_axi">   --->   Core 119 'm_axi' <Latency = 0> <II = 1> <Delay = 1.00> <Adapter> <Opcode : 'read' 'write' 'readreq' 'writereq' 'writeresp'>

State 5 <SV = 4> <Delay = 7.30>
ST_5 : Operation 164 [5/8] (7.30ns)   --->   "%empty = readreq i1 @_ssdm_op_ReadReq.m_axi.p1i32, i64 %gmem_addr, i64 4" [Coefficients.cpp:14]   --->   Operation 164 'readreq' 'empty' <Predicate = true> <Delay = 7.30> <CoreInst = "m_axi">   --->   Core 119 'm_axi' <Latency = 0> <II = 1> <Delay = 1.00> <Adapter> <Opcode : 'read' 'write' 'readreq' 'writereq' 'writeresp'>

State 6 <SV = 5> <Delay = 7.30>
ST_6 : Operation 165 [4/8] (7.30ns)   --->   "%empty = readreq i1 @_ssdm_op_ReadReq.m_axi.p1i32, i64 %gmem_addr, i64 4" [Coefficients.cpp:14]   --->   Operation 165 'readreq' 'empty' <Predicate = true> <Delay = 7.30> <CoreInst = "m_axi">   --->   Core 119 'm_axi' <Latency = 0> <II = 1> <Delay = 1.00> <Adapter> <Opcode : 'read' 'write' 'readreq' 'writereq' 'writeresp'>

State 7 <SV = 6> <Delay = 7.30>
ST_7 : Operation 166 [3/8] (7.30ns)   --->   "%empty = readreq i1 @_ssdm_op_ReadReq.m_axi.p1i32, i64 %gmem_addr, i64 4" [Coefficients.cpp:14]   --->   Operation 166 'readreq' 'empty' <Predicate = true> <Delay = 7.30> <CoreInst = "m_axi">   --->   Core 119 'm_axi' <Latency = 0> <II = 1> <Delay = 1.00> <Adapter> <Opcode : 'read' 'write' 'readreq' 'writereq' 'writeresp'>

State 8 <SV = 7> <Delay = 7.30>
ST_8 : Operation 167 [2/8] (7.30ns)   --->   "%empty = readreq i1 @_ssdm_op_ReadReq.m_axi.p1i32, i64 %gmem_addr, i64 4" [Coefficients.cpp:14]   --->   Operation 167 'readreq' 'empty' <Predicate = true> <Delay = 7.30> <CoreInst = "m_axi">   --->   Core 119 'm_axi' <Latency = 0> <II = 1> <Delay = 1.00> <Adapter> <Opcode : 'read' 'write' 'readreq' 'writereq' 'writeresp'>

State 9 <SV = 8> <Delay = 7.30>
ST_9 : Operation 168 [1/8] (7.30ns)   --->   "%empty = readreq i1 @_ssdm_op_ReadReq.m_axi.p1i32, i64 %gmem_addr, i64 4" [Coefficients.cpp:14]   --->   Operation 168 'readreq' 'empty' <Predicate = true> <Delay = 7.30> <CoreInst = "m_axi">   --->   Core 119 'm_axi' <Latency = 0> <II = 1> <Delay = 1.00> <Adapter> <Opcode : 'read' 'write' 'readreq' 'writereq' 'writeresp'>

State 10 <SV = 9> <Delay = 0.00>
ST_10 : Operation 169 [2/2] (0.00ns)   --->   "%call_ln14 = call void @firTop_Pipeline_VITIS_LOOP_14_1, i32 %gmem, i62 %trunc_ln, i32 %p_loc, i32 %p_loc115, i32 %p_loc116, i32 %p_loc117" [Coefficients.cpp:14]   --->   Operation 169 'call' 'call_ln14' <Predicate = true> <Delay = 0.00> <CoreType = "Generic">   --->   Core 0 '' <Latency = 0> <II = 1> <Delay = 1.00> <Generic> <Opcode : >

State 11 <SV = 10> <Delay = 1.52>
ST_11 : Operation 170 [1/2] (1.52ns)   --->   "%call_ln14 = call void @firTop_Pipeline_VITIS_LOOP_14_1, i32 %gmem, i62 %trunc_ln, i32 %p_loc, i32 %p_loc115, i32 %p_loc116, i32 %p_loc117" [Coefficients.cpp:14]   --->   Operation 170 'call' 'call_ln14' <Predicate = true> <Delay = 1.52> <CoreType = "Generic">   --->   Core 0 '' <Latency = 0> <II = 1> <Delay = 1.00> <Generic> <Opcode : >
ST_11 : Operation 171 [1/1] (1.08ns)   --->   "%add_ln16 = add i64 %bram_read, i64 16" [Coefficients.cpp:16]   --->   Operation 171 'add' 'add_ln16' <Predicate = true> <Delay = 1.08> <CoreInst = "Adder">   --->   Core 1 'Adder' <Latency = 0> <II = 1> <Delay = 1.08> <FuncUnit> <Opcode : 'add' 'sub'> <InPorts = 2> <OutPorts = 1>
ST_11 : Operation 172 [1/1] (0.00ns)   --->   "%trunc_ln3 = partselect i62 @_ssdm_op_PartSelect.i62.i64.i32.i32, i64 %add_ln16, i32 2, i32 63" [Coefficients.cpp:16]   --->   Operation 172 'partselect' 'trunc_ln3' <Predicate = true> <Delay = 0.00>
ST_11 : Operation 173 [1/1] (0.00ns)   --->   "%sext_ln16 = sext i62 %trunc_ln3" [Coefficients.cpp:16]   --->   Operation 173 'sext' 'sext_ln16' <Predicate = true> <Delay = 0.00>
ST_11 : Operation 174 [1/1] (0.00ns)   --->   "%gmem_addr_1 = getelementptr i32 %gmem, i64 %sext_ln16" [Coefficients.cpp:16]   --->   Operation 174 'getelementptr' 'gmem_addr_1' <Predicate = true> <Delay = 0.00>

State 12 <SV = 11> <Delay = 7.30>
ST_12 : Operation 175 [1/1] (0.00ns)   --->   "%p_loc115_load = load i32 %p_loc115"   --->   Operation 175 'load' 'p_loc115_load' <Predicate = true> <Delay = 0.00>
ST_12 : Operation 176 [1/1] (0.00ns)   --->   "%p_loc116_load = load i32 %p_loc116"   --->   Operation 176 'load' 'p_loc116_load' <Predicate = true> <Delay = 0.00>
ST_12 : Operation 177 [1/1] (7.30ns)   --->   "%gmem_addr_1_req = writereq i1 @_ssdm_op_WriteReq.m_axi.i32P1A, i64 %gmem_addr_1, i64 1" [Coefficients.cpp:16]   --->   Operation 177 'writereq' 'gmem_addr_1_req' <Predicate = true> <Delay = 7.30> <CoreInst = "m_axi">   --->   Core 119 'm_axi' <Latency = 0> <II = 1> <Delay = 1.00> <Adapter> <Opcode : 'read' 'write' 'readreq' 'writereq' 'writeresp'>
ST_12 : Operation 178 [4/4] (5.62ns)   --->   "%conv_i = sitodp i32 %p_loc116_load" [Coefficients.cpp:89->Coefficients.cpp:24]   --->   Operation 178 'sitodp' 'conv_i' <Predicate = true> <Delay = 5.62> <CoreInst = "Int2Double">   --->   Core 66 'Int2Double' <Latency = 3> <II = 1> <Delay = 5.62> <FuncUnit> <Opcode : 'uitodp' 'sitodp'> <InPorts = 1> <OutPorts = 1>
ST_12 : Operation 179 [4/4] (5.62ns)   --->   "%conv3_i = sitodp i32 %p_loc115_load" [Coefficients.cpp:90->Coefficients.cpp:24]   --->   Operation 179 'sitodp' 'conv3_i' <Predicate = true> <Delay = 5.62> <CoreInst = "Int2Double">   --->   Core 66 'Int2Double' <Latency = 3> <II = 1> <Delay = 5.62> <FuncUnit> <Opcode : 'uitodp' 'sitodp'> <InPorts = 1> <OutPorts = 1>

State 13 <SV = 12> <Delay = 7.30>
ST_13 : Operation 180 [1/1] (7.30ns)   --->   "%write_ln16 = write void @_ssdm_op_Write.m_axi.i32P1A, i64 %gmem_addr_1, i32 1, i4 15" [Coefficients.cpp:16]   --->   Operation 180 'write' 'write_ln16' <Predicate = true> <Delay = 7.30> <CoreInst = "m_axi">   --->   Core 119 'm_axi' <Latency = 0> <II = 1> <Delay = 1.00> <Adapter> <Opcode : 'read' 'write' 'readreq' 'writereq' 'writeresp'>
ST_13 : Operation 181 [3/4] (5.62ns)   --->   "%conv_i = sitodp i32 %p_loc116_load" [Coefficients.cpp:89->Coefficients.cpp:24]   --->   Operation 181 'sitodp' 'conv_i' <Predicate = true> <Delay = 5.62> <CoreInst = "Int2Double">   --->   Core 66 'Int2Double' <Latency = 3> <II = 1> <Delay = 5.62> <FuncUnit> <Opcode : 'uitodp' 'sitodp'> <InPorts = 1> <OutPorts = 1>
ST_13 : Operation 182 [3/4] (5.62ns)   --->   "%conv3_i = sitodp i32 %p_loc115_load" [Coefficients.cpp:90->Coefficients.cpp:24]   --->   Operation 182 'sitodp' 'conv3_i' <Predicate = true> <Delay = 5.62> <CoreInst = "Int2Double">   --->   Core 66 'Int2Double' <Latency = 3> <II = 1> <Delay = 5.62> <FuncUnit> <Opcode : 'uitodp' 'sitodp'> <InPorts = 1> <OutPorts = 1>

State 14 <SV = 13> <Delay = 7.30>
ST_14 : Operation 183 [5/5] (7.30ns)   --->   "%gmem_addr_1_resp = writeresp i1 @_ssdm_op_WriteResp.m_axi.i32P1A, i64 %gmem_addr_1" [Coefficients.cpp:16]   --->   Operation 183 'writeresp' 'gmem_addr_1_resp' <Predicate = true> <Delay = 7.30> <CoreInst = "m_axi">   --->   Core 119 'm_axi' <Latency = 0> <II = 1> <Delay = 1.00> <Adapter> <Opcode : 'read' 'write' 'readreq' 'writereq' 'writeresp'>
ST_14 : Operation 184 [2/4] (5.62ns)   --->   "%conv_i = sitodp i32 %p_loc116_load" [Coefficients.cpp:89->Coefficients.cpp:24]   --->   Operation 184 'sitodp' 'conv_i' <Predicate = true> <Delay = 5.62> <CoreInst = "Int2Double">   --->   Core 66 'Int2Double' <Latency = 3> <II = 1> <Delay = 5.62> <FuncUnit> <Opcode : 'uitodp' 'sitodp'> <InPorts = 1> <OutPorts = 1>
ST_14 : Operation 185 [2/4] (5.62ns)   --->   "%conv3_i = sitodp i32 %p_loc115_load" [Coefficients.cpp:90->Coefficients.cpp:24]   --->   Operation 185 'sitodp' 'conv3_i' <Predicate = true> <Delay = 5.62> <CoreInst = "Int2Double">   --->   Core 66 'Int2Double' <Latency = 3> <II = 1> <Delay = 5.62> <FuncUnit> <Opcode : 'uitodp' 'sitodp'> <InPorts = 1> <OutPorts = 1>

State 15 <SV = 14> <Delay = 7.30>
ST_15 : Operation 186 [4/5] (7.30ns)   --->   "%gmem_addr_1_resp = writeresp i1 @_ssdm_op_WriteResp.m_axi.i32P1A, i64 %gmem_addr_1" [Coefficients.cpp:16]   --->   Operation 186 'writeresp' 'gmem_addr_1_resp' <Predicate = true> <Delay = 7.30> <CoreInst = "m_axi">   --->   Core 119 'm_axi' <Latency = 0> <II = 1> <Delay = 1.00> <Adapter> <Opcode : 'read' 'write' 'readreq' 'writereq' 'writeresp'>
ST_15 : Operation 187 [1/4] (5.62ns)   --->   "%conv_i = sitodp i32 %p_loc116_load" [Coefficients.cpp:89->Coefficients.cpp:24]   --->   Operation 187 'sitodp' 'conv_i' <Predicate = true> <Delay = 5.62> <CoreInst = "Int2Double">   --->   Core 66 'Int2Double' <Latency = 3> <II = 1> <Delay = 5.62> <FuncUnit> <Opcode : 'uitodp' 'sitodp'> <InPorts = 1> <OutPorts = 1>
ST_15 : Operation 188 [1/4] (5.62ns)   --->   "%conv3_i = sitodp i32 %p_loc115_load" [Coefficients.cpp:90->Coefficients.cpp:24]   --->   Operation 188 'sitodp' 'conv3_i' <Predicate = true> <Delay = 5.62> <CoreInst = "Int2Double">   --->   Core 66 'Int2Double' <Latency = 3> <II = 1> <Delay = 5.62> <FuncUnit> <Opcode : 'uitodp' 'sitodp'> <InPorts = 1> <OutPorts = 1>

State 16 <SV = 15> <Delay = 7.30>
ST_16 : Operation 189 [3/5] (7.30ns)   --->   "%gmem_addr_1_resp = writeresp i1 @_ssdm_op_WriteResp.m_axi.i32P1A, i64 %gmem_addr_1" [Coefficients.cpp:16]   --->   Operation 189 'writeresp' 'gmem_addr_1_resp' <Predicate = true> <Delay = 7.30> <CoreInst = "m_axi">   --->   Core 119 'm_axi' <Latency = 0> <II = 1> <Delay = 1.00> <Adapter> <Opcode : 'read' 'write' 'readreq' 'writereq' 'writeresp'>
ST_16 : Operation 190 [5/5] (7.04ns)   --->   "%mul_i = dmul i64 %conv_i, i64 6.28319" [Coefficients.cpp:89->Coefficients.cpp:24]   --->   Operation 190 'dmul' 'mul_i' <Predicate = true> <Delay = 7.04> <CoreInst = "DMul_maxdsp">   --->   Core 49 'DMul_maxdsp' <Latency = 4> <II = 1> <Delay = 7.04> <FuncUnit> <Opcode : 'dmul'> <InPorts = 2> <OutPorts = 1>
ST_16 : Operation 191 [5/5] (7.04ns)   --->   "%mul4_i = dmul i64 %conv3_i, i64 6.28319" [Coefficients.cpp:90->Coefficients.cpp:24]   --->   Operation 191 'dmul' 'mul4_i' <Predicate = true> <Delay = 7.04> <CoreInst = "DMul_maxdsp">   --->   Core 49 'DMul_maxdsp' <Latency = 4> <II = 1> <Delay = 7.04> <FuncUnit> <Opcode : 'dmul'> <InPorts = 2> <OutPorts = 1>

State 17 <SV = 16> <Delay = 7.30>
ST_17 : Operation 192 [1/1] (0.00ns)   --->   "%p_loc_load = load i32 %p_loc"   --->   Operation 192 'load' 'p_loc_load' <Predicate = true> <Delay = 0.00>
ST_17 : Operation 193 [2/5] (7.30ns)   --->   "%gmem_addr_1_resp = writeresp i1 @_ssdm_op_WriteResp.m_axi.i32P1A, i64 %gmem_addr_1" [Coefficients.cpp:16]   --->   Operation 193 'writeresp' 'gmem_addr_1_resp' <Predicate = true> <Delay = 7.30> <CoreInst = "m_axi">   --->   Core 119 'm_axi' <Latency = 0> <II = 1> <Delay = 1.00> <Adapter> <Opcode : 'read' 'write' 'readreq' 'writereq' 'writeresp'>
ST_17 : Operation 194 [4/5] (7.04ns)   --->   "%mul_i = dmul i64 %conv_i, i64 6.28319" [Coefficients.cpp:89->Coefficients.cpp:24]   --->   Operation 194 'dmul' 'mul_i' <Predicate = true> <Delay = 7.04> <CoreInst = "DMul_maxdsp">   --->   Core 49 'DMul_maxdsp' <Latency = 4> <II = 1> <Delay = 7.04> <FuncUnit> <Opcode : 'dmul'> <InPorts = 2> <OutPorts = 1>
ST_17 : Operation 195 [4/4] (5.62ns)   --->   "%conv1_i = sitodp i32 %p_loc_load" [Coefficients.cpp:89->Coefficients.cpp:24]   --->   Operation 195 'sitodp' 'conv1_i' <Predicate = true> <Delay = 5.62> <CoreInst = "Int2Double">   --->   Core 66 'Int2Double' <Latency = 3> <II = 1> <Delay = 5.62> <FuncUnit> <Opcode : 'uitodp' 'sitodp'> <InPorts = 1> <OutPorts = 1>
ST_17 : Operation 196 [4/5] (7.04ns)   --->   "%mul4_i = dmul i64 %conv3_i, i64 6.28319" [Coefficients.cpp:90->Coefficients.cpp:24]   --->   Operation 196 'dmul' 'mul4_i' <Predicate = true> <Delay = 7.04> <CoreInst = "DMul_maxdsp">   --->   Core 49 'DMul_maxdsp' <Latency = 4> <II = 1> <Delay = 7.04> <FuncUnit> <Opcode : 'dmul'> <InPorts = 2> <OutPorts = 1>

State 18 <SV = 17> <Delay = 7.30>
ST_18 : Operation 197 [1/5] (7.30ns)   --->   "%gmem_addr_1_resp = writeresp i1 @_ssdm_op_WriteResp.m_axi.i32P1A, i64 %gmem_addr_1" [Coefficients.cpp:16]   --->   Operation 197 'writeresp' 'gmem_addr_1_resp' <Predicate = true> <Delay = 7.30> <CoreInst = "m_axi">   --->   Core 119 'm_axi' <Latency = 0> <II = 1> <Delay = 1.00> <Adapter> <Opcode : 'read' 'write' 'readreq' 'writereq' 'writeresp'>
ST_18 : Operation 198 [3/5] (7.04ns)   --->   "%mul_i = dmul i64 %conv_i, i64 6.28319" [Coefficients.cpp:89->Coefficients.cpp:24]   --->   Operation 198 'dmul' 'mul_i' <Predicate = true> <Delay = 7.04> <CoreInst = "DMul_maxdsp">   --->   Core 49 'DMul_maxdsp' <Latency = 4> <II = 1> <Delay = 7.04> <FuncUnit> <Opcode : 'dmul'> <InPorts = 2> <OutPorts = 1>
ST_18 : Operation 199 [3/4] (5.62ns)   --->   "%conv1_i = sitodp i32 %p_loc_load" [Coefficients.cpp:89->Coefficients.cpp:24]   --->   Operation 199 'sitodp' 'conv1_i' <Predicate = true> <Delay = 5.62> <CoreInst = "Int2Double">   --->   Core 66 'Int2Double' <Latency = 3> <II = 1> <Delay = 5.62> <FuncUnit> <Opcode : 'uitodp' 'sitodp'> <InPorts = 1> <OutPorts = 1>
ST_18 : Operation 200 [3/5] (7.04ns)   --->   "%mul4_i = dmul i64 %conv3_i, i64 6.28319" [Coefficients.cpp:90->Coefficients.cpp:24]   --->   Operation 200 'dmul' 'mul4_i' <Predicate = true> <Delay = 7.04> <CoreInst = "DMul_maxdsp">   --->   Core 49 'DMul_maxdsp' <Latency = 4> <II = 1> <Delay = 7.04> <FuncUnit> <Opcode : 'dmul'> <InPorts = 2> <OutPorts = 1>

State 19 <SV = 18> <Delay = 7.04>
ST_19 : Operation 201 [2/5] (7.04ns)   --->   "%mul_i = dmul i64 %conv_i, i64 6.28319" [Coefficients.cpp:89->Coefficients.cpp:24]   --->   Operation 201 'dmul' 'mul_i' <Predicate = true> <Delay = 7.04> <CoreInst = "DMul_maxdsp">   --->   Core 49 'DMul_maxdsp' <Latency = 4> <II = 1> <Delay = 7.04> <FuncUnit> <Opcode : 'dmul'> <InPorts = 2> <OutPorts = 1>
ST_19 : Operation 202 [2/4] (5.62ns)   --->   "%conv1_i = sitodp i32 %p_loc_load" [Coefficients.cpp:89->Coefficients.cpp:24]   --->   Operation 202 'sitodp' 'conv1_i' <Predicate = true> <Delay = 5.62> <CoreInst = "Int2Double">   --->   Core 66 'Int2Double' <Latency = 3> <II = 1> <Delay = 5.62> <FuncUnit> <Opcode : 'uitodp' 'sitodp'> <InPorts = 1> <OutPorts = 1>
ST_19 : Operation 203 [2/5] (7.04ns)   --->   "%mul4_i = dmul i64 %conv3_i, i64 6.28319" [Coefficients.cpp:90->Coefficients.cpp:24]   --->   Operation 203 'dmul' 'mul4_i' <Predicate = true> <Delay = 7.04> <CoreInst = "DMul_maxdsp">   --->   Core 49 'DMul_maxdsp' <Latency = 4> <II = 1> <Delay = 7.04> <FuncUnit> <Opcode : 'dmul'> <InPorts = 2> <OutPorts = 1>

State 20 <SV = 19> <Delay = 7.04>
ST_20 : Operation 204 [1/5] (7.04ns)   --->   "%mul_i = dmul i64 %conv_i, i64 6.28319" [Coefficients.cpp:89->Coefficients.cpp:24]   --->   Operation 204 'dmul' 'mul_i' <Predicate = true> <Delay = 7.04> <CoreInst = "DMul_maxdsp">   --->   Core 49 'DMul_maxdsp' <Latency = 4> <II = 1> <Delay = 7.04> <FuncUnit> <Opcode : 'dmul'> <InPorts = 2> <OutPorts = 1>
ST_20 : Operation 205 [1/4] (5.62ns)   --->   "%conv1_i = sitodp i32 %p_loc_load" [Coefficients.cpp:89->Coefficients.cpp:24]   --->   Operation 205 'sitodp' 'conv1_i' <Predicate = true> <Delay = 5.62> <CoreInst = "Int2Double">   --->   Core 66 'Int2Double' <Latency = 3> <II = 1> <Delay = 5.62> <FuncUnit> <Opcode : 'uitodp' 'sitodp'> <InPorts = 1> <OutPorts = 1>
ST_20 : Operation 206 [1/5] (7.04ns)   --->   "%mul4_i = dmul i64 %conv3_i, i64 6.28319" [Coefficients.cpp:90->Coefficients.cpp:24]   --->   Operation 206 'dmul' 'mul4_i' <Predicate = true> <Delay = 7.04> <CoreInst = "DMul_maxdsp">   --->   Core 49 'DMul_maxdsp' <Latency = 4> <II = 1> <Delay = 7.04> <FuncUnit> <Opcode : 'dmul'> <InPorts = 2> <OutPorts = 1>

State 21 <SV = 20> <Delay = 5.92>
ST_21 : Operation 207 [22/22] (5.92ns)   --->   "%omegaLower = ddiv i64 %mul_i, i64 %conv1_i" [Coefficients.cpp:89->Coefficients.cpp:24]   --->   Operation 207 'ddiv' 'omegaLower' <Predicate = true> <Delay = 5.92> <CoreInst = "DDiv">   --->   Core 39 'DDiv' <Latency = 21> <II = 1> <Delay = 5.92> <FuncUnit> <Opcode : 'ddiv' 'drem'> <InPorts = 2> <OutPorts = 1>
ST_21 : Operation 208 [22/22] (5.92ns)   --->   "%omegaUpper = ddiv i64 %mul4_i, i64 %conv1_i" [Coefficients.cpp:90->Coefficients.cpp:24]   --->   Operation 208 'ddiv' 'omegaUpper' <Predicate = true> <Delay = 5.92> <CoreInst = "DDiv">   --->   Core 39 'DDiv' <Latency = 21> <II = 1> <Delay = 5.92> <FuncUnit> <Opcode : 'ddiv' 'drem'> <InPorts = 2> <OutPorts = 1>

State 22 <SV = 21> <Delay = 5.92>
ST_22 : Operation 209 [21/22] (5.92ns)   --->   "%omegaLower = ddiv i64 %mul_i, i64 %conv1_i" [Coefficients.cpp:89->Coefficients.cpp:24]   --->   Operation 209 'ddiv' 'omegaLower' <Predicate = true> <Delay = 5.92> <CoreInst = "DDiv">   --->   Core 39 'DDiv' <Latency = 21> <II = 1> <Delay = 5.92> <FuncUnit> <Opcode : 'ddiv' 'drem'> <InPorts = 2> <OutPorts = 1>
ST_22 : Operation 210 [21/22] (5.92ns)   --->   "%omegaUpper = ddiv i64 %mul4_i, i64 %conv1_i" [Coefficients.cpp:90->Coefficients.cpp:24]   --->   Operation 210 'ddiv' 'omegaUpper' <Predicate = true> <Delay = 5.92> <CoreInst = "DDiv">   --->   Core 39 'DDiv' <Latency = 21> <II = 1> <Delay = 5.92> <FuncUnit> <Opcode : 'ddiv' 'drem'> <InPorts = 2> <OutPorts = 1>

State 23 <SV = 22> <Delay = 5.92>
ST_23 : Operation 211 [20/22] (5.92ns)   --->   "%omegaLower = ddiv i64 %mul_i, i64 %conv1_i" [Coefficients.cpp:89->Coefficients.cpp:24]   --->   Operation 211 'ddiv' 'omegaLower' <Predicate = true> <Delay = 5.92> <CoreInst = "DDiv">   --->   Core 39 'DDiv' <Latency = 21> <II = 1> <Delay = 5.92> <FuncUnit> <Opcode : 'ddiv' 'drem'> <InPorts = 2> <OutPorts = 1>
ST_23 : Operation 212 [20/22] (5.92ns)   --->   "%omegaUpper = ddiv i64 %mul4_i, i64 %conv1_i" [Coefficients.cpp:90->Coefficients.cpp:24]   --->   Operation 212 'ddiv' 'omegaUpper' <Predicate = true> <Delay = 5.92> <CoreInst = "DDiv">   --->   Core 39 'DDiv' <Latency = 21> <II = 1> <Delay = 5.92> <FuncUnit> <Opcode : 'ddiv' 'drem'> <InPorts = 2> <OutPorts = 1>

State 24 <SV = 23> <Delay = 5.92>
ST_24 : Operation 213 [19/22] (5.92ns)   --->   "%omegaLower = ddiv i64 %mul_i, i64 %conv1_i" [Coefficients.cpp:89->Coefficients.cpp:24]   --->   Operation 213 'ddiv' 'omegaLower' <Predicate = true> <Delay = 5.92> <CoreInst = "DDiv">   --->   Core 39 'DDiv' <Latency = 21> <II = 1> <Delay = 5.92> <FuncUnit> <Opcode : 'ddiv' 'drem'> <InPorts = 2> <OutPorts = 1>
ST_24 : Operation 214 [19/22] (5.92ns)   --->   "%omegaUpper = ddiv i64 %mul4_i, i64 %conv1_i" [Coefficients.cpp:90->Coefficients.cpp:24]   --->   Operation 214 'ddiv' 'omegaUpper' <Predicate = true> <Delay = 5.92> <CoreInst = "DDiv">   --->   Core 39 'DDiv' <Latency = 21> <II = 1> <Delay = 5.92> <FuncUnit> <Opcode : 'ddiv' 'drem'> <InPorts = 2> <OutPorts = 1>

State 25 <SV = 24> <Delay = 5.92>
ST_25 : Operation 215 [18/22] (5.92ns)   --->   "%omegaLower = ddiv i64 %mul_i, i64 %conv1_i" [Coefficients.cpp:89->Coefficients.cpp:24]   --->   Operation 215 'ddiv' 'omegaLower' <Predicate = true> <Delay = 5.92> <CoreInst = "DDiv">   --->   Core 39 'DDiv' <Latency = 21> <II = 1> <Delay = 5.92> <FuncUnit> <Opcode : 'ddiv' 'drem'> <InPorts = 2> <OutPorts = 1>
ST_25 : Operation 216 [18/22] (5.92ns)   --->   "%omegaUpper = ddiv i64 %mul4_i, i64 %conv1_i" [Coefficients.cpp:90->Coefficients.cpp:24]   --->   Operation 216 'ddiv' 'omegaUpper' <Predicate = true> <Delay = 5.92> <CoreInst = "DDiv">   --->   Core 39 'DDiv' <Latency = 21> <II = 1> <Delay = 5.92> <FuncUnit> <Opcode : 'ddiv' 'drem'> <InPorts = 2> <OutPorts = 1>

State 26 <SV = 25> <Delay = 5.92>
ST_26 : Operation 217 [17/22] (5.92ns)   --->   "%omegaLower = ddiv i64 %mul_i, i64 %conv1_i" [Coefficients.cpp:89->Coefficients.cpp:24]   --->   Operation 217 'ddiv' 'omegaLower' <Predicate = true> <Delay = 5.92> <CoreInst = "DDiv">   --->   Core 39 'DDiv' <Latency = 21> <II = 1> <Delay = 5.92> <FuncUnit> <Opcode : 'ddiv' 'drem'> <InPorts = 2> <OutPorts = 1>
ST_26 : Operation 218 [17/22] (5.92ns)   --->   "%omegaUpper = ddiv i64 %mul4_i, i64 %conv1_i" [Coefficients.cpp:90->Coefficients.cpp:24]   --->   Operation 218 'ddiv' 'omegaUpper' <Predicate = true> <Delay = 5.92> <CoreInst = "DDiv">   --->   Core 39 'DDiv' <Latency = 21> <II = 1> <Delay = 5.92> <FuncUnit> <Opcode : 'ddiv' 'drem'> <InPorts = 2> <OutPorts = 1>

State 27 <SV = 26> <Delay = 5.92>
ST_27 : Operation 219 [16/22] (5.92ns)   --->   "%omegaLower = ddiv i64 %mul_i, i64 %conv1_i" [Coefficients.cpp:89->Coefficients.cpp:24]   --->   Operation 219 'ddiv' 'omegaLower' <Predicate = true> <Delay = 5.92> <CoreInst = "DDiv">   --->   Core 39 'DDiv' <Latency = 21> <II = 1> <Delay = 5.92> <FuncUnit> <Opcode : 'ddiv' 'drem'> <InPorts = 2> <OutPorts = 1>
ST_27 : Operation 220 [16/22] (5.92ns)   --->   "%omegaUpper = ddiv i64 %mul4_i, i64 %conv1_i" [Coefficients.cpp:90->Coefficients.cpp:24]   --->   Operation 220 'ddiv' 'omegaUpper' <Predicate = true> <Delay = 5.92> <CoreInst = "DDiv">   --->   Core 39 'DDiv' <Latency = 21> <II = 1> <Delay = 5.92> <FuncUnit> <Opcode : 'ddiv' 'drem'> <InPorts = 2> <OutPorts = 1>

State 28 <SV = 27> <Delay = 5.92>
ST_28 : Operation 221 [15/22] (5.92ns)   --->   "%omegaLower = ddiv i64 %mul_i, i64 %conv1_i" [Coefficients.cpp:89->Coefficients.cpp:24]   --->   Operation 221 'ddiv' 'omegaLower' <Predicate = true> <Delay = 5.92> <CoreInst = "DDiv">   --->   Core 39 'DDiv' <Latency = 21> <II = 1> <Delay = 5.92> <FuncUnit> <Opcode : 'ddiv' 'drem'> <InPorts = 2> <OutPorts = 1>
ST_28 : Operation 222 [15/22] (5.92ns)   --->   "%omegaUpper = ddiv i64 %mul4_i, i64 %conv1_i" [Coefficients.cpp:90->Coefficients.cpp:24]   --->   Operation 222 'ddiv' 'omegaUpper' <Predicate = true> <Delay = 5.92> <CoreInst = "DDiv">   --->   Core 39 'DDiv' <Latency = 21> <II = 1> <Delay = 5.92> <FuncUnit> <Opcode : 'ddiv' 'drem'> <InPorts = 2> <OutPorts = 1>

State 29 <SV = 28> <Delay = 5.92>
ST_29 : Operation 223 [14/22] (5.92ns)   --->   "%omegaLower = ddiv i64 %mul_i, i64 %conv1_i" [Coefficients.cpp:89->Coefficients.cpp:24]   --->   Operation 223 'ddiv' 'omegaLower' <Predicate = true> <Delay = 5.92> <CoreInst = "DDiv">   --->   Core 39 'DDiv' <Latency = 21> <II = 1> <Delay = 5.92> <FuncUnit> <Opcode : 'ddiv' 'drem'> <InPorts = 2> <OutPorts = 1>
ST_29 : Operation 224 [14/22] (5.92ns)   --->   "%omegaUpper = ddiv i64 %mul4_i, i64 %conv1_i" [Coefficients.cpp:90->Coefficients.cpp:24]   --->   Operation 224 'ddiv' 'omegaUpper' <Predicate = true> <Delay = 5.92> <CoreInst = "DDiv">   --->   Core 39 'DDiv' <Latency = 21> <II = 1> <Delay = 5.92> <FuncUnit> <Opcode : 'ddiv' 'drem'> <InPorts = 2> <OutPorts = 1>

State 30 <SV = 29> <Delay = 5.92>
ST_30 : Operation 225 [13/22] (5.92ns)   --->   "%omegaLower = ddiv i64 %mul_i, i64 %conv1_i" [Coefficients.cpp:89->Coefficients.cpp:24]   --->   Operation 225 'ddiv' 'omegaLower' <Predicate = true> <Delay = 5.92> <CoreInst = "DDiv">   --->   Core 39 'DDiv' <Latency = 21> <II = 1> <Delay = 5.92> <FuncUnit> <Opcode : 'ddiv' 'drem'> <InPorts = 2> <OutPorts = 1>
ST_30 : Operation 226 [13/22] (5.92ns)   --->   "%omegaUpper = ddiv i64 %mul4_i, i64 %conv1_i" [Coefficients.cpp:90->Coefficients.cpp:24]   --->   Operation 226 'ddiv' 'omegaUpper' <Predicate = true> <Delay = 5.92> <CoreInst = "DDiv">   --->   Core 39 'DDiv' <Latency = 21> <II = 1> <Delay = 5.92> <FuncUnit> <Opcode : 'ddiv' 'drem'> <InPorts = 2> <OutPorts = 1>

State 31 <SV = 30> <Delay = 5.92>
ST_31 : Operation 227 [12/22] (5.92ns)   --->   "%omegaLower = ddiv i64 %mul_i, i64 %conv1_i" [Coefficients.cpp:89->Coefficients.cpp:24]   --->   Operation 227 'ddiv' 'omegaLower' <Predicate = true> <Delay = 5.92> <CoreInst = "DDiv">   --->   Core 39 'DDiv' <Latency = 21> <II = 1> <Delay = 5.92> <FuncUnit> <Opcode : 'ddiv' 'drem'> <InPorts = 2> <OutPorts = 1>
ST_31 : Operation 228 [12/22] (5.92ns)   --->   "%omegaUpper = ddiv i64 %mul4_i, i64 %conv1_i" [Coefficients.cpp:90->Coefficients.cpp:24]   --->   Operation 228 'ddiv' 'omegaUpper' <Predicate = true> <Delay = 5.92> <CoreInst = "DDiv">   --->   Core 39 'DDiv' <Latency = 21> <II = 1> <Delay = 5.92> <FuncUnit> <Opcode : 'ddiv' 'drem'> <InPorts = 2> <OutPorts = 1>

State 32 <SV = 31> <Delay = 5.92>
ST_32 : Operation 229 [11/22] (5.92ns)   --->   "%omegaLower = ddiv i64 %mul_i, i64 %conv1_i" [Coefficients.cpp:89->Coefficients.cpp:24]   --->   Operation 229 'ddiv' 'omegaLower' <Predicate = true> <Delay = 5.92> <CoreInst = "DDiv">   --->   Core 39 'DDiv' <Latency = 21> <II = 1> <Delay = 5.92> <FuncUnit> <Opcode : 'ddiv' 'drem'> <InPorts = 2> <OutPorts = 1>
ST_32 : Operation 230 [11/22] (5.92ns)   --->   "%omegaUpper = ddiv i64 %mul4_i, i64 %conv1_i" [Coefficients.cpp:90->Coefficients.cpp:24]   --->   Operation 230 'ddiv' 'omegaUpper' <Predicate = true> <Delay = 5.92> <CoreInst = "DDiv">   --->   Core 39 'DDiv' <Latency = 21> <II = 1> <Delay = 5.92> <FuncUnit> <Opcode : 'ddiv' 'drem'> <InPorts = 2> <OutPorts = 1>

State 33 <SV = 32> <Delay = 5.92>
ST_33 : Operation 231 [10/22] (5.92ns)   --->   "%omegaLower = ddiv i64 %mul_i, i64 %conv1_i" [Coefficients.cpp:89->Coefficients.cpp:24]   --->   Operation 231 'ddiv' 'omegaLower' <Predicate = true> <Delay = 5.92> <CoreInst = "DDiv">   --->   Core 39 'DDiv' <Latency = 21> <II = 1> <Delay = 5.92> <FuncUnit> <Opcode : 'ddiv' 'drem'> <InPorts = 2> <OutPorts = 1>
ST_33 : Operation 232 [10/22] (5.92ns)   --->   "%omegaUpper = ddiv i64 %mul4_i, i64 %conv1_i" [Coefficients.cpp:90->Coefficients.cpp:24]   --->   Operation 232 'ddiv' 'omegaUpper' <Predicate = true> <Delay = 5.92> <CoreInst = "DDiv">   --->   Core 39 'DDiv' <Latency = 21> <II = 1> <Delay = 5.92> <FuncUnit> <Opcode : 'ddiv' 'drem'> <InPorts = 2> <OutPorts = 1>

State 34 <SV = 33> <Delay = 5.92>
ST_34 : Operation 233 [9/22] (5.92ns)   --->   "%omegaLower = ddiv i64 %mul_i, i64 %conv1_i" [Coefficients.cpp:89->Coefficients.cpp:24]   --->   Operation 233 'ddiv' 'omegaLower' <Predicate = true> <Delay = 5.92> <CoreInst = "DDiv">   --->   Core 39 'DDiv' <Latency = 21> <II = 1> <Delay = 5.92> <FuncUnit> <Opcode : 'ddiv' 'drem'> <InPorts = 2> <OutPorts = 1>
ST_34 : Operation 234 [9/22] (5.92ns)   --->   "%omegaUpper = ddiv i64 %mul4_i, i64 %conv1_i" [Coefficients.cpp:90->Coefficients.cpp:24]   --->   Operation 234 'ddiv' 'omegaUpper' <Predicate = true> <Delay = 5.92> <CoreInst = "DDiv">   --->   Core 39 'DDiv' <Latency = 21> <II = 1> <Delay = 5.92> <FuncUnit> <Opcode : 'ddiv' 'drem'> <InPorts = 2> <OutPorts = 1>

State 35 <SV = 34> <Delay = 5.92>
ST_35 : Operation 235 [8/22] (5.92ns)   --->   "%omegaLower = ddiv i64 %mul_i, i64 %conv1_i" [Coefficients.cpp:89->Coefficients.cpp:24]   --->   Operation 235 'ddiv' 'omegaLower' <Predicate = true> <Delay = 5.92> <CoreInst = "DDiv">   --->   Core 39 'DDiv' <Latency = 21> <II = 1> <Delay = 5.92> <FuncUnit> <Opcode : 'ddiv' 'drem'> <InPorts = 2> <OutPorts = 1>
ST_35 : Operation 236 [8/22] (5.92ns)   --->   "%omegaUpper = ddiv i64 %mul4_i, i64 %conv1_i" [Coefficients.cpp:90->Coefficients.cpp:24]   --->   Operation 236 'ddiv' 'omegaUpper' <Predicate = true> <Delay = 5.92> <CoreInst = "DDiv">   --->   Core 39 'DDiv' <Latency = 21> <II = 1> <Delay = 5.92> <FuncUnit> <Opcode : 'ddiv' 'drem'> <InPorts = 2> <OutPorts = 1>

State 36 <SV = 35> <Delay = 5.92>
ST_36 : Operation 237 [7/22] (5.92ns)   --->   "%omegaLower = ddiv i64 %mul_i, i64 %conv1_i" [Coefficients.cpp:89->Coefficients.cpp:24]   --->   Operation 237 'ddiv' 'omegaLower' <Predicate = true> <Delay = 5.92> <CoreInst = "DDiv">   --->   Core 39 'DDiv' <Latency = 21> <II = 1> <Delay = 5.92> <FuncUnit> <Opcode : 'ddiv' 'drem'> <InPorts = 2> <OutPorts = 1>
ST_36 : Operation 238 [7/22] (5.92ns)   --->   "%omegaUpper = ddiv i64 %mul4_i, i64 %conv1_i" [Coefficients.cpp:90->Coefficients.cpp:24]   --->   Operation 238 'ddiv' 'omegaUpper' <Predicate = true> <Delay = 5.92> <CoreInst = "DDiv">   --->   Core 39 'DDiv' <Latency = 21> <II = 1> <Delay = 5.92> <FuncUnit> <Opcode : 'ddiv' 'drem'> <InPorts = 2> <OutPorts = 1>

State 37 <SV = 36> <Delay = 5.92>
ST_37 : Operation 239 [6/22] (5.92ns)   --->   "%omegaLower = ddiv i64 %mul_i, i64 %conv1_i" [Coefficients.cpp:89->Coefficients.cpp:24]   --->   Operation 239 'ddiv' 'omegaLower' <Predicate = true> <Delay = 5.92> <CoreInst = "DDiv">   --->   Core 39 'DDiv' <Latency = 21> <II = 1> <Delay = 5.92> <FuncUnit> <Opcode : 'ddiv' 'drem'> <InPorts = 2> <OutPorts = 1>
ST_37 : Operation 240 [6/22] (5.92ns)   --->   "%omegaUpper = ddiv i64 %mul4_i, i64 %conv1_i" [Coefficients.cpp:90->Coefficients.cpp:24]   --->   Operation 240 'ddiv' 'omegaUpper' <Predicate = true> <Delay = 5.92> <CoreInst = "DDiv">   --->   Core 39 'DDiv' <Latency = 21> <II = 1> <Delay = 5.92> <FuncUnit> <Opcode : 'ddiv' 'drem'> <InPorts = 2> <OutPorts = 1>

State 38 <SV = 37> <Delay = 5.92>
ST_38 : Operation 241 [5/22] (5.92ns)   --->   "%omegaLower = ddiv i64 %mul_i, i64 %conv1_i" [Coefficients.cpp:89->Coefficients.cpp:24]   --->   Operation 241 'ddiv' 'omegaLower' <Predicate = true> <Delay = 5.92> <CoreInst = "DDiv">   --->   Core 39 'DDiv' <Latency = 21> <II = 1> <Delay = 5.92> <FuncUnit> <Opcode : 'ddiv' 'drem'> <InPorts = 2> <OutPorts = 1>
ST_38 : Operation 242 [5/22] (5.92ns)   --->   "%omegaUpper = ddiv i64 %mul4_i, i64 %conv1_i" [Coefficients.cpp:90->Coefficients.cpp:24]   --->   Operation 242 'ddiv' 'omegaUpper' <Predicate = true> <Delay = 5.92> <CoreInst = "DDiv">   --->   Core 39 'DDiv' <Latency = 21> <II = 1> <Delay = 5.92> <FuncUnit> <Opcode : 'ddiv' 'drem'> <InPorts = 2> <OutPorts = 1>

State 39 <SV = 38> <Delay = 5.92>
ST_39 : Operation 243 [4/22] (5.92ns)   --->   "%omegaLower = ddiv i64 %mul_i, i64 %conv1_i" [Coefficients.cpp:89->Coefficients.cpp:24]   --->   Operation 243 'ddiv' 'omegaLower' <Predicate = true> <Delay = 5.92> <CoreInst = "DDiv">   --->   Core 39 'DDiv' <Latency = 21> <II = 1> <Delay = 5.92> <FuncUnit> <Opcode : 'ddiv' 'drem'> <InPorts = 2> <OutPorts = 1>
ST_39 : Operation 244 [4/22] (5.92ns)   --->   "%omegaUpper = ddiv i64 %mul4_i, i64 %conv1_i" [Coefficients.cpp:90->Coefficients.cpp:24]   --->   Operation 244 'ddiv' 'omegaUpper' <Predicate = true> <Delay = 5.92> <CoreInst = "DDiv">   --->   Core 39 'DDiv' <Latency = 21> <II = 1> <Delay = 5.92> <FuncUnit> <Opcode : 'ddiv' 'drem'> <InPorts = 2> <OutPorts = 1>

State 40 <SV = 39> <Delay = 5.92>
ST_40 : Operation 245 [3/22] (5.92ns)   --->   "%omegaLower = ddiv i64 %mul_i, i64 %conv1_i" [Coefficients.cpp:89->Coefficients.cpp:24]   --->   Operation 245 'ddiv' 'omegaLower' <Predicate = true> <Delay = 5.92> <CoreInst = "DDiv">   --->   Core 39 'DDiv' <Latency = 21> <II = 1> <Delay = 5.92> <FuncUnit> <Opcode : 'ddiv' 'drem'> <InPorts = 2> <OutPorts = 1>
ST_40 : Operation 246 [3/22] (5.92ns)   --->   "%omegaUpper = ddiv i64 %mul4_i, i64 %conv1_i" [Coefficients.cpp:90->Coefficients.cpp:24]   --->   Operation 246 'ddiv' 'omegaUpper' <Predicate = true> <Delay = 5.92> <CoreInst = "DDiv">   --->   Core 39 'DDiv' <Latency = 21> <II = 1> <Delay = 5.92> <FuncUnit> <Opcode : 'ddiv' 'drem'> <InPorts = 2> <OutPorts = 1>

State 41 <SV = 40> <Delay = 5.92>
ST_41 : Operation 247 [2/22] (5.92ns)   --->   "%omegaLower = ddiv i64 %mul_i, i64 %conv1_i" [Coefficients.cpp:89->Coefficients.cpp:24]   --->   Operation 247 'ddiv' 'omegaLower' <Predicate = true> <Delay = 5.92> <CoreInst = "DDiv">   --->   Core 39 'DDiv' <Latency = 21> <II = 1> <Delay = 5.92> <FuncUnit> <Opcode : 'ddiv' 'drem'> <InPorts = 2> <OutPorts = 1>
ST_41 : Operation 248 [2/22] (5.92ns)   --->   "%omegaUpper = ddiv i64 %mul4_i, i64 %conv1_i" [Coefficients.cpp:90->Coefficients.cpp:24]   --->   Operation 248 'ddiv' 'omegaUpper' <Predicate = true> <Delay = 5.92> <CoreInst = "DDiv">   --->   Core 39 'DDiv' <Latency = 21> <II = 1> <Delay = 5.92> <FuncUnit> <Opcode : 'ddiv' 'drem'> <InPorts = 2> <OutPorts = 1>

State 42 <SV = 41> <Delay = 5.92>
ST_42 : Operation 249 [1/22] (5.92ns)   --->   "%omegaLower = ddiv i64 %mul_i, i64 %conv1_i" [Coefficients.cpp:89->Coefficients.cpp:24]   --->   Operation 249 'ddiv' 'omegaLower' <Predicate = true> <Delay = 5.92> <CoreInst = "DDiv">   --->   Core 39 'DDiv' <Latency = 21> <II = 1> <Delay = 5.92> <FuncUnit> <Opcode : 'ddiv' 'drem'> <InPorts = 2> <OutPorts = 1>
ST_42 : Operation 250 [1/22] (5.92ns)   --->   "%omegaUpper = ddiv i64 %mul4_i, i64 %conv1_i" [Coefficients.cpp:90->Coefficients.cpp:24]   --->   Operation 250 'ddiv' 'omegaUpper' <Predicate = true> <Delay = 5.92> <CoreInst = "DDiv">   --->   Core 39 'DDiv' <Latency = 21> <II = 1> <Delay = 5.92> <FuncUnit> <Opcode : 'ddiv' 'drem'> <InPorts = 2> <OutPorts = 1>

State 43 <SV = 42> <Delay = 5.06>
ST_43 : Operation 251 [5/5] (5.06ns)   --->   "%sub9_i = dsub i64 %omegaUpper, i64 %omegaLower" [Coefficients.cpp:90->Coefficients.cpp:24]   --->   Operation 251 'dsub' 'sub9_i' <Predicate = true> <Delay = 5.06> <CoreInst = "DAddSub_fulldsp">   --->   Core 37 'DAddSub_fulldsp' <Latency = 4> <II = 1> <Delay = 5.06> <FuncUnit> <Opcode : 'dadd' 'dsub'> <InPorts = 2> <OutPorts = 1>

State 44 <SV = 43> <Delay = 5.06>
ST_44 : Operation 252 [4/5] (5.06ns)   --->   "%sub9_i = dsub i64 %omegaUpper, i64 %omegaLower" [Coefficients.cpp:90->Coefficients.cpp:24]   --->   Operation 252 'dsub' 'sub9_i' <Predicate = true> <Delay = 5.06> <CoreInst = "DAddSub_fulldsp">   --->   Core 37 'DAddSub_fulldsp' <Latency = 4> <II = 1> <Delay = 5.06> <FuncUnit> <Opcode : 'dadd' 'dsub'> <InPorts = 2> <OutPorts = 1>

State 45 <SV = 44> <Delay = 5.06>
ST_45 : Operation 253 [3/5] (5.06ns)   --->   "%sub9_i = dsub i64 %omegaUpper, i64 %omegaLower" [Coefficients.cpp:90->Coefficients.cpp:24]   --->   Operation 253 'dsub' 'sub9_i' <Predicate = true> <Delay = 5.06> <CoreInst = "DAddSub_fulldsp">   --->   Core 37 'DAddSub_fulldsp' <Latency = 4> <II = 1> <Delay = 5.06> <FuncUnit> <Opcode : 'dadd' 'dsub'> <InPorts = 2> <OutPorts = 1>

State 46 <SV = 45> <Delay = 5.06>
ST_46 : Operation 254 [2/5] (5.06ns)   --->   "%sub9_i = dsub i64 %omegaUpper, i64 %omegaLower" [Coefficients.cpp:90->Coefficients.cpp:24]   --->   Operation 254 'dsub' 'sub9_i' <Predicate = true> <Delay = 5.06> <CoreInst = "DAddSub_fulldsp">   --->   Core 37 'DAddSub_fulldsp' <Latency = 4> <II = 1> <Delay = 5.06> <FuncUnit> <Opcode : 'dadd' 'dsub'> <InPorts = 2> <OutPorts = 1>

State 47 <SV = 46> <Delay = 5.06>
ST_47 : Operation 255 [1/5] (5.06ns)   --->   "%sub9_i = dsub i64 %omegaUpper, i64 %omegaLower" [Coefficients.cpp:90->Coefficients.cpp:24]   --->   Operation 255 'dsub' 'sub9_i' <Predicate = true> <Delay = 5.06> <CoreInst = "DAddSub_fulldsp">   --->   Core 37 'DAddSub_fulldsp' <Latency = 4> <II = 1> <Delay = 5.06> <FuncUnit> <Opcode : 'dadd' 'dsub'> <InPorts = 2> <OutPorts = 1>

State 48 <SV = 47> <Delay = 5.92>
ST_48 : Operation 256 [22/22] (5.92ns)   --->   "%div10_i = ddiv i64 %sub9_i, i64 3.14159" [Coefficients.cpp:90->Coefficients.cpp:24]   --->   Operation 256 'ddiv' 'div10_i' <Predicate = true> <Delay = 5.92> <CoreInst = "DDiv">   --->   Core 39 'DDiv' <Latency = 21> <II = 1> <Delay = 5.92> <FuncUnit> <Opcode : 'ddiv' 'drem'> <InPorts = 2> <OutPorts = 1>

State 49 <SV = 48> <Delay = 5.92>
ST_49 : Operation 257 [21/22] (5.92ns)   --->   "%div10_i = ddiv i64 %sub9_i, i64 3.14159" [Coefficients.cpp:90->Coefficients.cpp:24]   --->   Operation 257 'ddiv' 'div10_i' <Predicate = true> <Delay = 5.92> <CoreInst = "DDiv">   --->   Core 39 'DDiv' <Latency = 21> <II = 1> <Delay = 5.92> <FuncUnit> <Opcode : 'ddiv' 'drem'> <InPorts = 2> <OutPorts = 1>

State 50 <SV = 49> <Delay = 5.92>
ST_50 : Operation 258 [20/22] (5.92ns)   --->   "%div10_i = ddiv i64 %sub9_i, i64 3.14159" [Coefficients.cpp:90->Coefficients.cpp:24]   --->   Operation 258 'ddiv' 'div10_i' <Predicate = true> <Delay = 5.92> <CoreInst = "DDiv">   --->   Core 39 'DDiv' <Latency = 21> <II = 1> <Delay = 5.92> <FuncUnit> <Opcode : 'ddiv' 'drem'> <InPorts = 2> <OutPorts = 1>

State 51 <SV = 50> <Delay = 5.92>
ST_51 : Operation 259 [19/22] (5.92ns)   --->   "%div10_i = ddiv i64 %sub9_i, i64 3.14159" [Coefficients.cpp:90->Coefficients.cpp:24]   --->   Operation 259 'ddiv' 'div10_i' <Predicate = true> <Delay = 5.92> <CoreInst = "DDiv">   --->   Core 39 'DDiv' <Latency = 21> <II = 1> <Delay = 5.92> <FuncUnit> <Opcode : 'ddiv' 'drem'> <InPorts = 2> <OutPorts = 1>

State 52 <SV = 51> <Delay = 5.92>
ST_52 : Operation 260 [18/22] (5.92ns)   --->   "%div10_i = ddiv i64 %sub9_i, i64 3.14159" [Coefficients.cpp:90->Coefficients.cpp:24]   --->   Operation 260 'ddiv' 'div10_i' <Predicate = true> <Delay = 5.92> <CoreInst = "DDiv">   --->   Core 39 'DDiv' <Latency = 21> <II = 1> <Delay = 5.92> <FuncUnit> <Opcode : 'ddiv' 'drem'> <InPorts = 2> <OutPorts = 1>

State 53 <SV = 52> <Delay = 5.92>
ST_53 : Operation 261 [17/22] (5.92ns)   --->   "%div10_i = ddiv i64 %sub9_i, i64 3.14159" [Coefficients.cpp:90->Coefficients.cpp:24]   --->   Operation 261 'ddiv' 'div10_i' <Predicate = true> <Delay = 5.92> <CoreInst = "DDiv">   --->   Core 39 'DDiv' <Latency = 21> <II = 1> <Delay = 5.92> <FuncUnit> <Opcode : 'ddiv' 'drem'> <InPorts = 2> <OutPorts = 1>

State 54 <SV = 53> <Delay = 5.92>
ST_54 : Operation 262 [16/22] (5.92ns)   --->   "%div10_i = ddiv i64 %sub9_i, i64 3.14159" [Coefficients.cpp:90->Coefficients.cpp:24]   --->   Operation 262 'ddiv' 'div10_i' <Predicate = true> <Delay = 5.92> <CoreInst = "DDiv">   --->   Core 39 'DDiv' <Latency = 21> <II = 1> <Delay = 5.92> <FuncUnit> <Opcode : 'ddiv' 'drem'> <InPorts = 2> <OutPorts = 1>

State 55 <SV = 54> <Delay = 5.92>
ST_55 : Operation 263 [15/22] (5.92ns)   --->   "%div10_i = ddiv i64 %sub9_i, i64 3.14159" [Coefficients.cpp:90->Coefficients.cpp:24]   --->   Operation 263 'ddiv' 'div10_i' <Predicate = true> <Delay = 5.92> <CoreInst = "DDiv">   --->   Core 39 'DDiv' <Latency = 21> <II = 1> <Delay = 5.92> <FuncUnit> <Opcode : 'ddiv' 'drem'> <InPorts = 2> <OutPorts = 1>

State 56 <SV = 55> <Delay = 5.92>
ST_56 : Operation 264 [14/22] (5.92ns)   --->   "%div10_i = ddiv i64 %sub9_i, i64 3.14159" [Coefficients.cpp:90->Coefficients.cpp:24]   --->   Operation 264 'ddiv' 'div10_i' <Predicate = true> <Delay = 5.92> <CoreInst = "DDiv">   --->   Core 39 'DDiv' <Latency = 21> <II = 1> <Delay = 5.92> <FuncUnit> <Opcode : 'ddiv' 'drem'> <InPorts = 2> <OutPorts = 1>

State 57 <SV = 56> <Delay = 5.92>
ST_57 : Operation 265 [13/22] (5.92ns)   --->   "%div10_i = ddiv i64 %sub9_i, i64 3.14159" [Coefficients.cpp:90->Coefficients.cpp:24]   --->   Operation 265 'ddiv' 'div10_i' <Predicate = true> <Delay = 5.92> <CoreInst = "DDiv">   --->   Core 39 'DDiv' <Latency = 21> <II = 1> <Delay = 5.92> <FuncUnit> <Opcode : 'ddiv' 'drem'> <InPorts = 2> <OutPorts = 1>

State 58 <SV = 57> <Delay = 5.92>
ST_58 : Operation 266 [12/22] (5.92ns)   --->   "%div10_i = ddiv i64 %sub9_i, i64 3.14159" [Coefficients.cpp:90->Coefficients.cpp:24]   --->   Operation 266 'ddiv' 'div10_i' <Predicate = true> <Delay = 5.92> <CoreInst = "DDiv">   --->   Core 39 'DDiv' <Latency = 21> <II = 1> <Delay = 5.92> <FuncUnit> <Opcode : 'ddiv' 'drem'> <InPorts = 2> <OutPorts = 1>

State 59 <SV = 58> <Delay = 5.92>
ST_59 : Operation 267 [11/22] (5.92ns)   --->   "%div10_i = ddiv i64 %sub9_i, i64 3.14159" [Coefficients.cpp:90->Coefficients.cpp:24]   --->   Operation 267 'ddiv' 'div10_i' <Predicate = true> <Delay = 5.92> <CoreInst = "DDiv">   --->   Core 39 'DDiv' <Latency = 21> <II = 1> <Delay = 5.92> <FuncUnit> <Opcode : 'ddiv' 'drem'> <InPorts = 2> <OutPorts = 1>

State 60 <SV = 59> <Delay = 5.92>
ST_60 : Operation 268 [10/22] (5.92ns)   --->   "%div10_i = ddiv i64 %sub9_i, i64 3.14159" [Coefficients.cpp:90->Coefficients.cpp:24]   --->   Operation 268 'ddiv' 'div10_i' <Predicate = true> <Delay = 5.92> <CoreInst = "DDiv">   --->   Core 39 'DDiv' <Latency = 21> <II = 1> <Delay = 5.92> <FuncUnit> <Opcode : 'ddiv' 'drem'> <InPorts = 2> <OutPorts = 1>

State 61 <SV = 60> <Delay = 5.92>
ST_61 : Operation 269 [9/22] (5.92ns)   --->   "%div10_i = ddiv i64 %sub9_i, i64 3.14159" [Coefficients.cpp:90->Coefficients.cpp:24]   --->   Operation 269 'ddiv' 'div10_i' <Predicate = true> <Delay = 5.92> <CoreInst = "DDiv">   --->   Core 39 'DDiv' <Latency = 21> <II = 1> <Delay = 5.92> <FuncUnit> <Opcode : 'ddiv' 'drem'> <InPorts = 2> <OutPorts = 1>

State 62 <SV = 61> <Delay = 5.92>
ST_62 : Operation 270 [8/22] (5.92ns)   --->   "%div10_i = ddiv i64 %sub9_i, i64 3.14159" [Coefficients.cpp:90->Coefficients.cpp:24]   --->   Operation 270 'ddiv' 'div10_i' <Predicate = true> <Delay = 5.92> <CoreInst = "DDiv">   --->   Core 39 'DDiv' <Latency = 21> <II = 1> <Delay = 5.92> <FuncUnit> <Opcode : 'ddiv' 'drem'> <InPorts = 2> <OutPorts = 1>
ST_62 : Operation 271 [5/5] (5.06ns)   --->   "%add_i = dadd i64 %omegaLower, i64 %omegaUpper" [Coefficients.cpp:110->Coefficients.cpp:24]   --->   Operation 271 'dadd' 'add_i' <Predicate = true> <Delay = 5.06> <CoreInst = "DAddSub_fulldsp">   --->   Core 37 'DAddSub_fulldsp' <Latency = 4> <II = 1> <Delay = 5.06> <FuncUnit> <Opcode : 'dadd' 'dsub'> <InPorts = 2> <OutPorts = 1>

State 63 <SV = 62> <Delay = 5.92>
ST_63 : Operation 272 [7/22] (5.92ns)   --->   "%div10_i = ddiv i64 %sub9_i, i64 3.14159" [Coefficients.cpp:90->Coefficients.cpp:24]   --->   Operation 272 'ddiv' 'div10_i' <Predicate = true> <Delay = 5.92> <CoreInst = "DDiv">   --->   Core 39 'DDiv' <Latency = 21> <II = 1> <Delay = 5.92> <FuncUnit> <Opcode : 'ddiv' 'drem'> <InPorts = 2> <OutPorts = 1>
ST_63 : Operation 273 [4/5] (5.06ns)   --->   "%add_i = dadd i64 %omegaLower, i64 %omegaUpper" [Coefficients.cpp:110->Coefficients.cpp:24]   --->   Operation 273 'dadd' 'add_i' <Predicate = true> <Delay = 5.06> <CoreInst = "DAddSub_fulldsp">   --->   Core 37 'DAddSub_fulldsp' <Latency = 4> <II = 1> <Delay = 5.06> <FuncUnit> <Opcode : 'dadd' 'dsub'> <InPorts = 2> <OutPorts = 1>

State 64 <SV = 63> <Delay = 5.92>
ST_64 : Operation 274 [6/22] (5.92ns)   --->   "%div10_i = ddiv i64 %sub9_i, i64 3.14159" [Coefficients.cpp:90->Coefficients.cpp:24]   --->   Operation 274 'ddiv' 'div10_i' <Predicate = true> <Delay = 5.92> <CoreInst = "DDiv">   --->   Core 39 'DDiv' <Latency = 21> <II = 1> <Delay = 5.92> <FuncUnit> <Opcode : 'ddiv' 'drem'> <InPorts = 2> <OutPorts = 1>
ST_64 : Operation 275 [3/5] (5.06ns)   --->   "%add_i = dadd i64 %omegaLower, i64 %omegaUpper" [Coefficients.cpp:110->Coefficients.cpp:24]   --->   Operation 275 'dadd' 'add_i' <Predicate = true> <Delay = 5.06> <CoreInst = "DAddSub_fulldsp">   --->   Core 37 'DAddSub_fulldsp' <Latency = 4> <II = 1> <Delay = 5.06> <FuncUnit> <Opcode : 'dadd' 'dsub'> <InPorts = 2> <OutPorts = 1>

State 65 <SV = 64> <Delay = 5.92>
ST_65 : Operation 276 [5/22] (5.92ns)   --->   "%div10_i = ddiv i64 %sub9_i, i64 3.14159" [Coefficients.cpp:90->Coefficients.cpp:24]   --->   Operation 276 'ddiv' 'div10_i' <Predicate = true> <Delay = 5.92> <CoreInst = "DDiv">   --->   Core 39 'DDiv' <Latency = 21> <II = 1> <Delay = 5.92> <FuncUnit> <Opcode : 'ddiv' 'drem'> <InPorts = 2> <OutPorts = 1>
ST_65 : Operation 277 [2/5] (5.06ns)   --->   "%add_i = dadd i64 %omegaLower, i64 %omegaUpper" [Coefficients.cpp:110->Coefficients.cpp:24]   --->   Operation 277 'dadd' 'add_i' <Predicate = true> <Delay = 5.06> <CoreInst = "DAddSub_fulldsp">   --->   Core 37 'DAddSub_fulldsp' <Latency = 4> <II = 1> <Delay = 5.06> <FuncUnit> <Opcode : 'dadd' 'dsub'> <InPorts = 2> <OutPorts = 1>

State 66 <SV = 65> <Delay = 6.63>
ST_66 : Operation 278 [1/1] (0.00ns)   --->   "%p_loc117_load = load i32 %p_loc117"   --->   Operation 278 'load' 'p_loc117_load' <Predicate = true> <Delay = 0.00>
ST_66 : Operation 279 [1/1] (1.01ns)   --->   "%i = add i32 %p_loc117_load, i32 4294967295" [Coefficients.cpp:86->Coefficients.cpp:24]   --->   Operation 279 'add' 'i' <Predicate = true> <Delay = 1.01> <CoreInst = "Adder">   --->   Core 1 'Adder' <Latency = 0> <II = 1> <Delay = 1.01> <FuncUnit> <Opcode : 'add' 'sub'> <InPorts = 2> <OutPorts = 1>
ST_66 : Operation 280 [1/1] (0.00ns)   --->   "%tmp = bitselect i1 @_ssdm_op_BitSelect.i1.i32.i32, i32 %i, i32 31" [Coefficients.cpp:86->Coefficients.cpp:24]   --->   Operation 280 'bitselect' 'tmp' <Predicate = true> <Delay = 0.00>
ST_66 : Operation 281 [1/1] (0.00ns)   --->   "%lshr_ln86_2 = partselect i31 @_ssdm_op_PartSelect.i31.i32.i32.i32, i32 %i, i32 1, i32 31" [Coefficients.cpp:86->Coefficients.cpp:24]   --->   Operation 281 'partselect' 'lshr_ln86_2' <Predicate = true> <Delay = 0.00>
ST_66 : Operation 282 [4/22] (5.92ns)   --->   "%div10_i = ddiv i64 %sub9_i, i64 3.14159" [Coefficients.cpp:90->Coefficients.cpp:24]   --->   Operation 282 'ddiv' 'div10_i' <Predicate = true> <Delay = 5.92> <CoreInst = "DDiv">   --->   Core 39 'DDiv' <Latency = 21> <II = 1> <Delay = 5.92> <FuncUnit> <Opcode : 'ddiv' 'drem'> <InPorts = 2> <OutPorts = 1>
ST_66 : Operation 283 [4/4] (5.62ns)   --->   "%conv23_i = sitodp i32 %i" [Coefficients.cpp:86->Coefficients.cpp:24]   --->   Operation 283 'sitodp' 'conv23_i' <Predicate = true> <Delay = 5.62> <CoreInst = "Int2Double">   --->   Core 66 'Int2Double' <Latency = 3> <II = 1> <Delay = 5.62> <FuncUnit> <Opcode : 'uitodp' 'sitodp'> <InPorts = 1> <OutPorts = 1>
ST_66 : Operation 284 [1/5] (5.06ns)   --->   "%add_i = dadd i64 %omegaLower, i64 %omegaUpper" [Coefficients.cpp:110->Coefficients.cpp:24]   --->   Operation 284 'dadd' 'add_i' <Predicate = true> <Delay = 5.06> <CoreInst = "DAddSub_fulldsp">   --->   Core 37 'DAddSub_fulldsp' <Latency = 4> <II = 1> <Delay = 5.06> <FuncUnit> <Opcode : 'dadd' 'dsub'> <InPorts = 2> <OutPorts = 1>

State 67 <SV = 66> <Delay = 7.04>
ST_67 : Operation 285 [3/22] (5.92ns)   --->   "%div10_i = ddiv i64 %sub9_i, i64 3.14159" [Coefficients.cpp:90->Coefficients.cpp:24]   --->   Operation 285 'ddiv' 'div10_i' <Predicate = true> <Delay = 5.92> <CoreInst = "DDiv">   --->   Core 39 'DDiv' <Latency = 21> <II = 1> <Delay = 5.92> <FuncUnit> <Opcode : 'ddiv' 'drem'> <InPorts = 2> <OutPorts = 1>
ST_67 : Operation 286 [3/4] (5.62ns)   --->   "%conv23_i = sitodp i32 %i" [Coefficients.cpp:86->Coefficients.cpp:24]   --->   Operation 286 'sitodp' 'conv23_i' <Predicate = true> <Delay = 5.62> <CoreInst = "Int2Double">   --->   Core 66 'Int2Double' <Latency = 3> <II = 1> <Delay = 5.62> <FuncUnit> <Opcode : 'uitodp' 'sitodp'> <InPorts = 1> <OutPorts = 1>
ST_67 : Operation 287 [5/5] (7.04ns)   --->   "%centerOmega = dmul i64 %add_i, i64 0.5" [Coefficients.cpp:110->Coefficients.cpp:24]   --->   Operation 287 'dmul' 'centerOmega' <Predicate = true> <Delay = 7.04> <CoreInst = "DMul_maxdsp">   --->   Core 49 'DMul_maxdsp' <Latency = 4> <II = 1> <Delay = 7.04> <FuncUnit> <Opcode : 'dmul'> <InPorts = 2> <OutPorts = 1>

State 68 <SV = 67> <Delay = 7.04>
ST_68 : Operation 288 [2/22] (5.92ns)   --->   "%div10_i = ddiv i64 %sub9_i, i64 3.14159" [Coefficients.cpp:90->Coefficients.cpp:24]   --->   Operation 288 'ddiv' 'div10_i' <Predicate = true> <Delay = 5.92> <CoreInst = "DDiv">   --->   Core 39 'DDiv' <Latency = 21> <II = 1> <Delay = 5.92> <FuncUnit> <Opcode : 'ddiv' 'drem'> <InPorts = 2> <OutPorts = 1>
ST_68 : Operation 289 [2/4] (5.62ns)   --->   "%conv23_i = sitodp i32 %i" [Coefficients.cpp:86->Coefficients.cpp:24]   --->   Operation 289 'sitodp' 'conv23_i' <Predicate = true> <Delay = 5.62> <CoreInst = "Int2Double">   --->   Core 66 'Int2Double' <Latency = 3> <II = 1> <Delay = 5.62> <FuncUnit> <Opcode : 'uitodp' 'sitodp'> <InPorts = 1> <OutPorts = 1>
ST_68 : Operation 290 [4/5] (7.04ns)   --->   "%centerOmega = dmul i64 %add_i, i64 0.5" [Coefficients.cpp:110->Coefficients.cpp:24]   --->   Operation 290 'dmul' 'centerOmega' <Predicate = true> <Delay = 7.04> <CoreInst = "DMul_maxdsp">   --->   Core 49 'DMul_maxdsp' <Latency = 4> <II = 1> <Delay = 7.04> <FuncUnit> <Opcode : 'dmul'> <InPorts = 2> <OutPorts = 1>

State 69 <SV = 68> <Delay = 7.04>
ST_69 : Operation 291 [1/22] (5.92ns)   --->   "%div10_i = ddiv i64 %sub9_i, i64 3.14159" [Coefficients.cpp:90->Coefficients.cpp:24]   --->   Operation 291 'ddiv' 'div10_i' <Predicate = true> <Delay = 5.92> <CoreInst = "DDiv">   --->   Core 39 'DDiv' <Latency = 21> <II = 1> <Delay = 5.92> <FuncUnit> <Opcode : 'ddiv' 'drem'> <InPorts = 2> <OutPorts = 1>
ST_69 : Operation 292 [1/4] (5.62ns)   --->   "%conv23_i = sitodp i32 %i" [Coefficients.cpp:86->Coefficients.cpp:24]   --->   Operation 292 'sitodp' 'conv23_i' <Predicate = true> <Delay = 5.62> <CoreInst = "Int2Double">   --->   Core 66 'Int2Double' <Latency = 3> <II = 1> <Delay = 5.62> <FuncUnit> <Opcode : 'uitodp' 'sitodp'> <InPorts = 1> <OutPorts = 1>
ST_69 : Operation 293 [3/5] (7.04ns)   --->   "%centerOmega = dmul i64 %add_i, i64 0.5" [Coefficients.cpp:110->Coefficients.cpp:24]   --->   Operation 293 'dmul' 'centerOmega' <Predicate = true> <Delay = 7.04> <CoreInst = "DMul_maxdsp">   --->   Core 49 'DMul_maxdsp' <Latency = 4> <II = 1> <Delay = 7.04> <FuncUnit> <Opcode : 'dmul'> <InPorts = 2> <OutPorts = 1>

State 70 <SV = 69> <Delay = 7.04>
ST_70 : Operation 294 [1/1] (1.01ns)   --->   "%sub_ln86 = sub i32 1, i32 %p_loc117_load" [Coefficients.cpp:86->Coefficients.cpp:24]   --->   Operation 294 'sub' 'sub_ln86' <Predicate = (tmp)> <Delay = 1.01> <CoreInst = "Adder">   --->   Core 1 'Adder' <Latency = 0> <II = 1> <Delay = 1.01> <FuncUnit> <Opcode : 'add' 'sub'> <InPorts = 2> <OutPorts = 1>
ST_70 : Operation 295 [1/1] (0.00ns)   --->   "%lshr_ln86_1 = partselect i31 @_ssdm_op_PartSelect.i31.i32.i32.i32, i32 %sub_ln86, i32 1, i32 31" [Coefficients.cpp:86->Coefficients.cpp:24]   --->   Operation 295 'partselect' 'lshr_ln86_1' <Predicate = (tmp)> <Delay = 0.00>
ST_70 : Operation 296 [1/1] (0.00ns)   --->   "%zext_ln86 = zext i31 %lshr_ln86_1" [Coefficients.cpp:86->Coefficients.cpp:24]   --->   Operation 296 'zext' 'zext_ln86' <Predicate = (tmp)> <Delay = 0.00>
ST_70 : Operation 297 [1/1] (1.00ns)   --->   "%sub_ln86_1 = sub i32 0, i32 %zext_ln86" [Coefficients.cpp:86->Coefficients.cpp:24]   --->   Operation 297 'sub' 'sub_ln86_1' <Predicate = (tmp)> <Delay = 1.00> <CoreInst = "Adder">   --->   Core 1 'Adder' <Latency = 0> <II = 1> <Delay = 1.01> <FuncUnit> <Opcode : 'add' 'sub'> <InPorts = 2> <OutPorts = 1>
ST_70 : Operation 298 [1/1] (0.00ns)   --->   "%zext_ln86_1 = zext i31 %lshr_ln86_2" [Coefficients.cpp:86->Coefficients.cpp:24]   --->   Operation 298 'zext' 'zext_ln86_1' <Predicate = (!tmp)> <Delay = 0.00>
ST_70 : Operation 299 [1/1] (0.44ns)   --->   "%M = select i1 %tmp, i32 %sub_ln86_1, i32 %zext_ln86_1" [Coefficients.cpp:86->Coefficients.cpp:24]   --->   Operation 299 'select' 'M' <Predicate = true> <Delay = 0.44> <CoreInst = "Sel">   --->   Core 73 'Sel' <Latency = 0> <II = 1> <Delay = 0.44> <FuncUnit> <Opcode : 'select'> <InPorts = 3> <OutPorts = 1>
ST_70 : Operation 300 [2/2] (1.44ns)   --->   "%call_ln90 = call void @firTop_Pipeline_VITIS_LOOP_92_1, i32 %p_loc117_load, i64 %div10_i, i64 %conv23_i, i64 %taps, i32 %M, i64 %omegaUpper, i64 %omegaLower, i256 %ref_4oPi_table_256, i59 %fourth_order_double_sin_cos_K0, i52 %fourth_order_double_sin_cos_K1, i44 %fourth_order_double_sin_cos_K2, i33 %fourth_order_double_sin_cos_K3, i25 %fourth_order_double_sin_cos_K4" [Coefficients.cpp:90->Coefficients.cpp:24]   --->   Operation 300 'call' 'call_ln90' <Predicate = true> <Delay = 1.44> <CoreType = "Generic">   --->   Core 0 '' <Latency = 0> <II = 1> <Delay = 1.00> <Generic> <Opcode : >
ST_70 : Operation 301 [2/5] (7.04ns)   --->   "%centerOmega = dmul i64 %add_i, i64 0.5" [Coefficients.cpp:110->Coefficients.cpp:24]   --->   Operation 301 'dmul' 'centerOmega' <Predicate = true> <Delay = 7.04> <CoreInst = "DMul_maxdsp">   --->   Core 49 'DMul_maxdsp' <Latency = 4> <II = 1> <Delay = 7.04> <FuncUnit> <Opcode : 'dmul'> <InPorts = 2> <OutPorts = 1>

State 71 <SV = 70> <Delay = 7.04>
ST_71 : Operation 302 [1/2] (0.00ns)   --->   "%call_ln90 = call void @firTop_Pipeline_VITIS_LOOP_92_1, i32 %p_loc117_load, i64 %div10_i, i64 %conv23_i, i64 %taps, i32 %M, i64 %omegaUpper, i64 %omegaLower, i256 %ref_4oPi_table_256, i59 %fourth_order_double_sin_cos_K0, i52 %fourth_order_double_sin_cos_K1, i44 %fourth_order_double_sin_cos_K2, i33 %fourth_order_double_sin_cos_K3, i25 %fourth_order_double_sin_cos_K4" [Coefficients.cpp:90->Coefficients.cpp:24]   --->   Operation 302 'call' 'call_ln90' <Predicate = true> <Delay = 0.00> <CoreType = "Generic">   --->   Core 0 '' <Latency = 0> <II = 1> <Delay = 1.00> <Generic> <Opcode : >
ST_71 : Operation 303 [1/5] (7.04ns)   --->   "%centerOmega = dmul i64 %add_i, i64 0.5" [Coefficients.cpp:110->Coefficients.cpp:24]   --->   Operation 303 'dmul' 'centerOmega' <Predicate = true> <Delay = 7.04> <CoreInst = "DMul_maxdsp">   --->   Core 49 'DMul_maxdsp' <Latency = 4> <II = 1> <Delay = 7.04> <FuncUnit> <Opcode : 'dmul'> <InPorts = 2> <OutPorts = 1>

State 72 <SV = 71> <Delay = 6.63>
ST_72 : Operation 304 [2/2] (6.63ns)   --->   "%call_ln86 = call void @firTop_Pipeline_VITIS_LOOP_113_2, i32 %p_loc117_load, i64 %taps, i32 %M, i64 %centerOmega, i64 %gain_re_loc, i256 %ref_4oPi_table_256, i59 %fourth_order_double_sin_cos_K0, i52 %fourth_order_double_sin_cos_K1, i44 %fourth_order_double_sin_cos_K2, i33 %fourth_order_double_sin_cos_K3, i25 %fourth_order_double_sin_cos_K4" [Coefficients.cpp:86->Coefficients.cpp:24]   --->   Operation 304 'call' 'call_ln86' <Predicate = true> <Delay = 6.63> <CoreType = "Generic">   --->   Core 0 '' <Latency = 0> <II = 1> <Delay = 1.00> <Generic> <Opcode : >

State 73 <SV = 72> <Delay = 0.00>
ST_73 : Operation 305 [1/2] (0.00ns)   --->   "%call_ln86 = call void @firTop_Pipeline_VITIS_LOOP_113_2, i32 %p_loc117_load, i64 %taps, i32 %M, i64 %centerOmega, i64 %gain_re_loc, i256 %ref_4oPi_table_256, i59 %fourth_order_double_sin_cos_K0, i52 %fourth_order_double_sin_cos_K1, i44 %fourth_order_double_sin_cos_K2, i33 %fourth_order_double_sin_cos_K3, i25 %fourth_order_double_sin_cos_K4" [Coefficients.cpp:86->Coefficients.cpp:24]   --->   Operation 305 'call' 'call_ln86' <Predicate = true> <Delay = 0.00> <CoreType = "Generic">   --->   Core 0 '' <Latency = 0> <II = 1> <Delay = 1.00> <Generic> <Opcode : >

State 74 <SV = 73> <Delay = 2.81>
ST_74 : Operation 306 [1/1] (0.00ns)   --->   "%gain_re_loc_load = load i64 %gain_re_loc"   --->   Operation 306 'load' 'gain_re_loc_load' <Predicate = true> <Delay = 0.00>
ST_74 : Operation 307 [2/2] (2.81ns)   --->   "%tmp_2 = fcmp_ogt  i64 %gain_re_loc_load, i64 1e-10" [Coefficients.cpp:118->Coefficients.cpp:24]   --->   Operation 307 'dcmp' 'tmp_2' <Predicate = true> <Delay = 2.81> <CoreInst = "DCompare">   --->   Core 38 'DCompare' <Latency = 1> <II = 1> <Delay = 2.81> <FuncUnit> <Opcode : 'dcmp'> <InPorts = 2> <OutPorts = 1>

State 75 <SV = 74> <Delay = 4.54>
ST_75 : Operation 308 [1/1] (0.00ns)   --->   "%spectopmodule_ln4 = spectopmodule void @_ssdm_op_SpecTopModule, void @empty_12" [Coefficients.cpp:4]   --->   Operation 308 'spectopmodule' 'spectopmodule_ln4' <Predicate = true> <Delay = 0.00>
ST_75 : Operation 309 [1/1] (0.00ns)   --->   "%specinterface_ln4 = specinterface void @_ssdm_op_SpecInterface, i32 0, void @empty_13, i32 0, i32 0, void @empty_0, i32 0, i32 0, void @empty_0, void @empty_0, void @empty_0, i32 0, i32 0, i32 0, i32 0, void @empty_0, void @empty_0, i32 4294967295, i32 0, i32 0" [Coefficients.cpp:4]   --->   Operation 309 'specinterface' 'specinterface_ln4' <Predicate = true> <Delay = 0.00>
ST_75 : Operation 310 [1/1] (0.00ns)   --->   "%specinterface_ln0 = specinterface void @_ssdm_op_SpecInterface, i32 %gmem, void @empty, i32 0, i32 0, void @empty_0, i32 0, i32 0, void @empty_1, void @empty_2, void @empty_0, i32 16, i32 16, i32 16, i32 16, void @empty_0, void @empty_0, i32 4294967295, i32 0, i32 0"   --->   Operation 310 'specinterface' 'specinterface_ln0' <Predicate = true> <Delay = 0.00>
ST_75 : Operation 311 [1/1] (0.00ns)   --->   "%specbitsmap_ln0 = specbitsmap void @_ssdm_op_SpecBitsMap, i32 %gmem"   --->   Operation 311 'specbitsmap' 'specbitsmap_ln0' <Predicate = true> <Delay = 0.00>
ST_75 : Operation 312 [1/1] (0.00ns)   --->   "%specinterface_ln0 = specinterface void @_ssdm_op_SpecInterface, i32 %in_stream_V_data_V, i4 %in_stream_V_keep_V, i4 %in_stream_V_strb_V, i2 %in_stream_V_user_V, i1 %in_stream_V_last_V, i5 %in_stream_V_id_V, i6 %in_stream_V_dest_V, void @empty_3, i32 1, i32 1, void @empty_4, i32 0, i32 0, void @empty_0, void @empty_0, void @empty_0, i32 0, i32 0, i32 0, i32 0, void @empty_0, void @empty_0, i32 4294967295, i32 0, i32 0"   --->   Operation 312 'specinterface' 'specinterface_ln0' <Predicate = true> <Delay = 0.00>
ST_75 : Operation 313 [1/1] (0.00ns)   --->   "%specbitsmap_ln0 = specbitsmap void @_ssdm_op_SpecBitsMap, i32 %in_stream_V_data_V"   --->   Operation 313 'specbitsmap' 'specbitsmap_ln0' <Predicate = true> <Delay = 0.00>
ST_75 : Operation 314 [1/1] (0.00ns)   --->   "%specbitsmap_ln0 = specbitsmap void @_ssdm_op_SpecBitsMap, i4 %in_stream_V_keep_V"   --->   Operation 314 'specbitsmap' 'specbitsmap_ln0' <Predicate = true> <Delay = 0.00>
ST_75 : Operation 315 [1/1] (0.00ns)   --->   "%specbitsmap_ln0 = specbitsmap void @_ssdm_op_SpecBitsMap, i4 %in_stream_V_strb_V"   --->   Operation 315 'specbitsmap' 'specbitsmap_ln0' <Predicate = true> <Delay = 0.00>
ST_75 : Operation 316 [1/1] (0.00ns)   --->   "%specbitsmap_ln0 = specbitsmap void @_ssdm_op_SpecBitsMap, i2 %in_stream_V_user_V"   --->   Operation 316 'specbitsmap' 'specbitsmap_ln0' <Predicate = true> <Delay = 0.00>
ST_75 : Operation 317 [1/1] (0.00ns)   --->   "%specbitsmap_ln0 = specbitsmap void @_ssdm_op_SpecBitsMap, i1 %in_stream_V_last_V"   --->   Operation 317 'specbitsmap' 'specbitsmap_ln0' <Predicate = true> <Delay = 0.00>
ST_75 : Operation 318 [1/1] (0.00ns)   --->   "%specbitsmap_ln0 = specbitsmap void @_ssdm_op_SpecBitsMap, i5 %in_stream_V_id_V"   --->   Operation 318 'specbitsmap' 'specbitsmap_ln0' <Predicate = true> <Delay = 0.00>
ST_75 : Operation 319 [1/1] (0.00ns)   --->   "%specbitsmap_ln0 = specbitsmap void @_ssdm_op_SpecBitsMap, i6 %in_stream_V_dest_V"   --->   Operation 319 'specbitsmap' 'specbitsmap_ln0' <Predicate = true> <Delay = 0.00>
ST_75 : Operation 320 [1/1] (0.00ns)   --->   "%specinterface_ln0 = specinterface void @_ssdm_op_SpecInterface, i32 %out_stream_V_data_V, i4 %out_stream_V_keep_V, i4 %out_stream_V_strb_V, i2 %out_stream_V_user_V, i1 %out_stream_V_last_V, i5 %out_stream_V_id_V, i6 %out_stream_V_dest_V, void @empty_3, i32 1, i32 1, void @empty_4, i32 0, i32 0, void @empty_0, void @empty_0, void @empty_0, i32 0, i32 0, i32 0, i32 0, void @empty_0, void @empty_0, i32 4294967295, i32 0, i32 0"   --->   Operation 320 'specinterface' 'specinterface_ln0' <Predicate = true> <Delay = 0.00>
ST_75 : Operation 321 [1/1] (0.00ns)   --->   "%specbitsmap_ln0 = specbitsmap void @_ssdm_op_SpecBitsMap, i32 %out_stream_V_data_V"   --->   Operation 321 'specbitsmap' 'specbitsmap_ln0' <Predicate = true> <Delay = 0.00>
ST_75 : Operation 322 [1/1] (0.00ns)   --->   "%specbitsmap_ln0 = specbitsmap void @_ssdm_op_SpecBitsMap, i4 %out_stream_V_keep_V"   --->   Operation 322 'specbitsmap' 'specbitsmap_ln0' <Predicate = true> <Delay = 0.00>
ST_75 : Operation 323 [1/1] (0.00ns)   --->   "%specbitsmap_ln0 = specbitsmap void @_ssdm_op_SpecBitsMap, i4 %out_stream_V_strb_V"   --->   Operation 323 'specbitsmap' 'specbitsmap_ln0' <Predicate = true> <Delay = 0.00>
ST_75 : Operation 324 [1/1] (0.00ns)   --->   "%specbitsmap_ln0 = specbitsmap void @_ssdm_op_SpecBitsMap, i2 %out_stream_V_user_V"   --->   Operation 324 'specbitsmap' 'specbitsmap_ln0' <Predicate = true> <Delay = 0.00>
ST_75 : Operation 325 [1/1] (0.00ns)   --->   "%specbitsmap_ln0 = specbitsmap void @_ssdm_op_SpecBitsMap, i1 %out_stream_V_last_V"   --->   Operation 325 'specbitsmap' 'specbitsmap_ln0' <Predicate = true> <Delay = 0.00>
ST_75 : Operation 326 [1/1] (0.00ns)   --->   "%specbitsmap_ln0 = specbitsmap void @_ssdm_op_SpecBitsMap, i5 %out_stream_V_id_V"   --->   Operation 326 'specbitsmap' 'specbitsmap_ln0' <Predicate = true> <Delay = 0.00>
ST_75 : Operation 327 [1/1] (0.00ns)   --->   "%specbitsmap_ln0 = specbitsmap void @_ssdm_op_SpecBitsMap, i6 %out_stream_V_dest_V"   --->   Operation 327 'specbitsmap' 'specbitsmap_ln0' <Predicate = true> <Delay = 0.00>
ST_75 : Operation 328 [1/1] (0.00ns)   --->   "%specinterface_ln0 = specinterface void @_ssdm_op_SpecInterface, i64 %bram, void @empty_5, i32 0, i32 0, void @empty_0, i32 0, i32 0, void @empty_6, void @empty_7, void @empty_0, i32 0, i32 0, i32 0, i32 0, void @empty_0, void @empty_8, i32 4294967295, i32 0, i32 0"   --->   Operation 328 'specinterface' 'specinterface_ln0' <Predicate = true> <Delay = 0.00>
ST_75 : Operation 329 [1/1] (0.00ns)   --->   "%specinterface_ln0 = specinterface void @_ssdm_op_SpecInterface, i64 %bram, void @empty_9, i32 0, i32 0, void @empty_0, i32 0, i32 0, void @empty_0, void @empty_0, void @empty_0, i32 0, i32 0, i32 0, i32 0, void @empty_0, void @empty_8, i32 4294967295, i32 0, i32 0"   --->   Operation 329 'specinterface' 'specinterface_ln0' <Predicate = true> <Delay = 0.00>
ST_75 : Operation 330 [1/1] (0.00ns)   --->   "%specinterface_ln0 = specinterface void @_ssdm_op_SpecInterface, i32 0, void @empty_5, i32 0, i32 0, void @empty_0, i32 0, i32 0, void @empty_6, void @empty_0, void @empty_0, i32 0, i32 0, i32 0, i32 0, void @empty_0, void @empty_0, i32 4294967295, i32 0, i32 0"   --->   Operation 330 'specinterface' 'specinterface_ln0' <Predicate = true> <Delay = 0.00>
ST_75 : Operation 331 [1/1] (0.00ns)   --->   "%specaxissidechannel_ln14 = specaxissidechannel void @_ssdm_op_SpecAXISSideChannel, i32 %out_stream_V_data_V, i4 %out_stream_V_keep_V, i4 %out_stream_V_strb_V, i2 %out_stream_V_user_V, i1 %out_stream_V_last_V, i5 %out_stream_V_id_V, i6 %out_stream_V_dest_V, void @empty_10" [Coefficients.cpp:14]   --->   Operation 331 'specaxissidechannel' 'specaxissidechannel_ln14' <Predicate = true> <Delay = 0.00>
ST_75 : Operation 332 [1/1] (0.00ns)   --->   "%specaxissidechannel_ln14 = specaxissidechannel void @_ssdm_op_SpecAXISSideChannel, i32 %in_stream_V_data_V, i4 %in_stream_V_keep_V, i4 %in_stream_V_strb_V, i2 %in_stream_V_user_V, i1 %in_stream_V_last_V, i5 %in_stream_V_id_V, i6 %in_stream_V_dest_V, void @empty_11" [Coefficients.cpp:14]   --->   Operation 332 'specaxissidechannel' 'specaxissidechannel_ln14' <Predicate = true> <Delay = 0.00>
ST_75 : Operation 333 [1/1] (0.00ns)   --->   "%bitcast_ln118 = bitcast i64 %gain_re_loc_load" [Coefficients.cpp:118->Coefficients.cpp:24]   --->   Operation 333 'bitcast' 'bitcast_ln118' <Predicate = true> <Delay = 0.00>
ST_75 : Operation 334 [1/1] (0.00ns)   --->   "%tmp_1 = partselect i11 @_ssdm_op_PartSelect.i11.i64.i32.i32, i64 %bitcast_ln118, i32 52, i32 62" [Coefficients.cpp:118->Coefficients.cpp:24]   --->   Operation 334 'partselect' 'tmp_1' <Predicate = true> <Delay = 0.00>
ST_75 : Operation 335 [1/1] (0.00ns)   --->   "%trunc_ln118 = trunc i64 %bitcast_ln118" [Coefficients.cpp:118->Coefficients.cpp:24]   --->   Operation 335 'trunc' 'trunc_ln118' <Predicate = true> <Delay = 0.00>
ST_75 : Operation 336 [1/1] (0.79ns)   --->   "%icmp_ln118 = icmp_ne  i11 %tmp_1, i11 2047" [Coefficients.cpp:118->Coefficients.cpp:24]   --->   Operation 336 'icmp' 'icmp_ln118' <Predicate = true> <Delay = 0.79> <CoreInst = "Cmp">   --->   Core 9 'Cmp' <Latency = 0> <II = 1> <Delay = 0.79> <FuncUnit> <Opcode : 'seteq' 'setne' 'setle' 'setge' 'setlt' 'setgt'> <InPorts = 2> <OutPorts = 1>
ST_75 : Operation 337 [1/1] (1.10ns)   --->   "%icmp_ln118_1 = icmp_eq  i52 %trunc_ln118, i52 0" [Coefficients.cpp:118->Coefficients.cpp:24]   --->   Operation 337 'icmp' 'icmp_ln118_1' <Predicate = true> <Delay = 1.10> <CoreInst = "Cmp">   --->   Core 9 'Cmp' <Latency = 0> <II = 1> <Delay = 1.10> <FuncUnit> <Opcode : 'seteq' 'setne' 'setle' 'setge' 'setlt' 'setgt'> <InPorts = 2> <OutPorts = 1>
ST_75 : Operation 338 [1/1] (0.00ns) (grouped into LUT with out node and_ln118)   --->   "%or_ln118 = or i1 %icmp_ln118_1, i1 %icmp_ln118" [Coefficients.cpp:118->Coefficients.cpp:24]   --->   Operation 338 'or' 'or_ln118' <Predicate = true> <Delay = 0.00> <CoreInst = "LogicGate">   --->   Core 74 'LogicGate' <Latency = 0> <II = 1> <Delay = 0.28> <FuncUnit> <Opcode : 'and' 'or' 'xor'> <InPorts = 2> <OutPorts = 1>
ST_75 : Operation 339 [1/2] (2.81ns)   --->   "%tmp_2 = fcmp_ogt  i64 %gain_re_loc_load, i64 1e-10" [Coefficients.cpp:118->Coefficients.cpp:24]   --->   Operation 339 'dcmp' 'tmp_2' <Predicate = true> <Delay = 2.81> <CoreInst = "DCompare">   --->   Core 38 'DCompare' <Latency = 1> <II = 1> <Delay = 2.81> <FuncUnit> <Opcode : 'dcmp'> <InPorts = 2> <OutPorts = 1>
ST_75 : Operation 340 [1/1] (0.28ns) (out node of the LUT)   --->   "%and_ln118 = and i1 %or_ln118, i1 %tmp_2" [Coefficients.cpp:118->Coefficients.cpp:24]   --->   Operation 340 'and' 'and_ln118' <Predicate = true> <Delay = 0.28> <CoreInst = "LogicGate">   --->   Core 74 'LogicGate' <Latency = 0> <II = 1> <Delay = 0.28> <FuncUnit> <Opcode : 'and' 'or' 'xor'> <InPorts = 2> <OutPorts = 1>
ST_75 : Operation 341 [1/1] (0.00ns)   --->   "%br_ln118 = br i1 %and_ln118, void %_Z21calculateCoefficientsiiiiPd.exit, void %for.inc56.i.preheader" [Coefficients.cpp:118->Coefficients.cpp:24]   --->   Operation 341 'br' 'br_ln118' <Predicate = true> <Delay = 0.00>
ST_75 : Operation 342 [2/2] (1.44ns)   --->   "%call_ln0 = call void @firTop_Pipeline_VITIS_LOOP_119_3, i32 %p_loc117_load, i64 %taps, i64 %gain_re_loc_load"   --->   Operation 342 'call' 'call_ln0' <Predicate = (and_ln118)> <Delay = 1.44> <CoreType = "Generic">   --->   Core 0 '' <Latency = 0> <II = 1> <Delay = 1.00> <Generic> <Opcode : >

State 76 <SV = 75> <Delay = 1.08>
ST_76 : Operation 343 [1/2] (0.00ns)   --->   "%call_ln0 = call void @firTop_Pipeline_VITIS_LOOP_119_3, i32 %p_loc117_load, i64 %taps, i64 %gain_re_loc_load"   --->   Operation 343 'call' 'call_ln0' <Predicate = (and_ln118)> <Delay = 0.00> <CoreType = "Generic">   --->   Core 0 '' <Latency = 0> <II = 1> <Delay = 1.00> <Generic> <Opcode : >
ST_76 : Operation 344 [1/1] (0.00ns)   --->   "%br_ln0 = br void %_Z21calculateCoefficientsiiiiPd.exit"   --->   Operation 344 'br' 'br_ln0' <Predicate = (and_ln118)> <Delay = 0.00>
ST_76 : Operation 345 [1/1] (1.08ns)   --->   "%empty_58 = add i64 %bram_read, i64 20"   --->   Operation 345 'add' 'empty_58' <Predicate = true> <Delay = 1.08> <CoreInst = "Adder">   --->   Core 1 'Adder' <Latency = 0> <II = 1> <Delay = 1.08> <FuncUnit> <Opcode : 'add' 'sub'> <InPorts = 2> <OutPorts = 1>
ST_76 : Operation 346 [1/1] (0.00ns)   --->   "%p_cast = partselect i62 @_ssdm_op_PartSelect.i62.i64.i32.i32, i64 %empty_58, i32 2, i32 63"   --->   Operation 346 'partselect' 'p_cast' <Predicate = true> <Delay = 0.00>
ST_76 : Operation 347 [1/1] (0.00ns)   --->   "%p_cast_cast = sext i62 %p_cast"   --->   Operation 347 'sext' 'p_cast_cast' <Predicate = true> <Delay = 0.00>
ST_76 : Operation 348 [1/1] (0.00ns)   --->   "%gmem_addr_2 = getelementptr i32 %gmem, i64 %p_cast_cast"   --->   Operation 348 'getelementptr' 'gmem_addr_2' <Predicate = true> <Delay = 0.00>
ST_76 : Operation 349 [1/1] (0.00ns)   --->   "%i_4_cast = sext i32 %i" [Coefficients.cpp:86->Coefficients.cpp:24]   --->   Operation 349 'sext' 'i_4_cast' <Predicate = true> <Delay = 0.00>
ST_76 : Operation 350 [1/1] (0.00ns)   --->   "%br_ln26 = br void %while.body" [Coefficients.cpp:26]   --->   Operation 350 'br' 'br_ln26' <Predicate = true> <Delay = 0.00>

State 77 <SV = 76> <Delay = 7.30>
ST_77 : Operation 351 [8/8] (7.30ns)   --->   "%gmem_load_req = readreq i1 @_ssdm_op_ReadReq.m_axi.i32P1A, i64 %gmem_addr_2, i64 1" [Coefficients.cpp:29]   --->   Operation 351 'readreq' 'gmem_load_req' <Predicate = true> <Delay = 7.30> <CoreInst = "m_axi">   --->   Core 119 'm_axi' <Latency = 0> <II = 1> <Delay = 1.00> <Adapter> <Opcode : 'read' 'write' 'readreq' 'writereq' 'writeresp'>

State 78 <SV = 77> <Delay = 7.30>
ST_78 : Operation 352 [7/8] (7.30ns)   --->   "%gmem_load_req = readreq i1 @_ssdm_op_ReadReq.m_axi.i32P1A, i64 %gmem_addr_2, i64 1" [Coefficients.cpp:29]   --->   Operation 352 'readreq' 'gmem_load_req' <Predicate = true> <Delay = 7.30> <CoreInst = "m_axi">   --->   Core 119 'm_axi' <Latency = 0> <II = 1> <Delay = 1.00> <Adapter> <Opcode : 'read' 'write' 'readreq' 'writereq' 'writeresp'>

State 79 <SV = 78> <Delay = 7.30>
ST_79 : Operation 353 [6/8] (7.30ns)   --->   "%gmem_load_req = readreq i1 @_ssdm_op_ReadReq.m_axi.i32P1A, i64 %gmem_addr_2, i64 1" [Coefficients.cpp:29]   --->   Operation 353 'readreq' 'gmem_load_req' <Predicate = true> <Delay = 7.30> <CoreInst = "m_axi">   --->   Core 119 'm_axi' <Latency = 0> <II = 1> <Delay = 1.00> <Adapter> <Opcode : 'read' 'write' 'readreq' 'writereq' 'writeresp'>

State 80 <SV = 79> <Delay = 7.30>
ST_80 : Operation 354 [5/8] (7.30ns)   --->   "%gmem_load_req = readreq i1 @_ssdm_op_ReadReq.m_axi.i32P1A, i64 %gmem_addr_2, i64 1" [Coefficients.cpp:29]   --->   Operation 354 'readreq' 'gmem_load_req' <Predicate = true> <Delay = 7.30> <CoreInst = "m_axi">   --->   Core 119 'm_axi' <Latency = 0> <II = 1> <Delay = 1.00> <Adapter> <Opcode : 'read' 'write' 'readreq' 'writereq' 'writeresp'>

State 81 <SV = 80> <Delay = 7.30>
ST_81 : Operation 355 [4/8] (7.30ns)   --->   "%gmem_load_req = readreq i1 @_ssdm_op_ReadReq.m_axi.i32P1A, i64 %gmem_addr_2, i64 1" [Coefficients.cpp:29]   --->   Operation 355 'readreq' 'gmem_load_req' <Predicate = true> <Delay = 7.30> <CoreInst = "m_axi">   --->   Core 119 'm_axi' <Latency = 0> <II = 1> <Delay = 1.00> <Adapter> <Opcode : 'read' 'write' 'readreq' 'writereq' 'writeresp'>

State 82 <SV = 81> <Delay = 7.30>
ST_82 : Operation 356 [3/8] (7.30ns)   --->   "%gmem_load_req = readreq i1 @_ssdm_op_ReadReq.m_axi.i32P1A, i64 %gmem_addr_2, i64 1" [Coefficients.cpp:29]   --->   Operation 356 'readreq' 'gmem_load_req' <Predicate = true> <Delay = 7.30> <CoreInst = "m_axi">   --->   Core 119 'm_axi' <Latency = 0> <II = 1> <Delay = 1.00> <Adapter> <Opcode : 'read' 'write' 'readreq' 'writereq' 'writeresp'>

State 83 <SV = 82> <Delay = 7.30>
ST_83 : Operation 357 [2/8] (7.30ns)   --->   "%gmem_load_req = readreq i1 @_ssdm_op_ReadReq.m_axi.i32P1A, i64 %gmem_addr_2, i64 1" [Coefficients.cpp:29]   --->   Operation 357 'readreq' 'gmem_load_req' <Predicate = true> <Delay = 7.30> <CoreInst = "m_axi">   --->   Core 119 'm_axi' <Latency = 0> <II = 1> <Delay = 1.00> <Adapter> <Opcode : 'read' 'write' 'readreq' 'writereq' 'writeresp'>
ST_83 : Operation 358 [1/1] (0.07ns)   --->   "%empty_59 = read i54 @_ssdm_op_Read.axis.volatile.i32P0A.i4P0A.i4P0A.i2P0A.i1P0A.i5P0A.i6P0A, i32 %in_stream_V_data_V, i4 %in_stream_V_keep_V, i4 %in_stream_V_strb_V, i2 %in_stream_V_user_V, i1 %in_stream_V_last_V, i5 %in_stream_V_id_V, i6 %in_stream_V_dest_V" [Coefficients.cpp:34]   --->   Operation 358 'read' 'empty_59' <Predicate = true> <Delay = 0.07> <CoreInst = "regslice">   --->   Core 148 'regslice' <Latency = 0> <II = 1> <Delay = 0.65> <Adapter> <Opcode : 'read' 'write'>
ST_83 : Operation 359 [1/1] (0.00ns)   --->   "%tmp_data_1 = extractvalue i54 %empty_59" [Coefficients.cpp:34]   --->   Operation 359 'extractvalue' 'tmp_data_1' <Predicate = true> <Delay = 0.00>
ST_83 : Operation 360 [1/1] (0.00ns)   --->   "%tmp_keep = extractvalue i54 %empty_59" [Coefficients.cpp:34]   --->   Operation 360 'extractvalue' 'tmp_keep' <Predicate = true> <Delay = 0.00>
ST_83 : Operation 361 [1/1] (0.00ns)   --->   "%tmp_strb = extractvalue i54 %empty_59" [Coefficients.cpp:34]   --->   Operation 361 'extractvalue' 'tmp_strb' <Predicate = true> <Delay = 0.00>
ST_83 : Operation 362 [1/1] (0.00ns)   --->   "%tmp_user = extractvalue i54 %empty_59" [Coefficients.cpp:34]   --->   Operation 362 'extractvalue' 'tmp_user' <Predicate = true> <Delay = 0.00>
ST_83 : Operation 363 [1/1] (0.00ns)   --->   "%tmp_last = extractvalue i54 %empty_59" [Coefficients.cpp:34]   --->   Operation 363 'extractvalue' 'tmp_last' <Predicate = true> <Delay = 0.00>
ST_83 : Operation 364 [1/1] (0.00ns)   --->   "%tmp_id = extractvalue i54 %empty_59" [Coefficients.cpp:34]   --->   Operation 364 'extractvalue' 'tmp_id' <Predicate = true> <Delay = 0.00>
ST_83 : Operation 365 [1/1] (0.00ns)   --->   "%tmp_dest = extractvalue i54 %empty_59" [Coefficients.cpp:34]   --->   Operation 365 'extractvalue' 'tmp_dest' <Predicate = true> <Delay = 0.00>
ST_83 : Operation 366 [4/4] (5.62ns)   --->   "%x = sitodp i32 %tmp_data_1" [Coefficients.cpp:41]   --->   Operation 366 'sitodp' 'x' <Predicate = true> <Delay = 5.62> <CoreInst = "Int2Double">   --->   Core 66 'Int2Double' <Latency = 3> <II = 1> <Delay = 5.62> <FuncUnit> <Opcode : 'uitodp' 'sitodp'> <InPorts = 1> <OutPorts = 1>

State 84 <SV = 83> <Delay = 7.30>
ST_84 : Operation 367 [1/8] (7.30ns)   --->   "%gmem_load_req = readreq i1 @_ssdm_op_ReadReq.m_axi.i32P1A, i64 %gmem_addr_2, i64 1" [Coefficients.cpp:29]   --->   Operation 367 'readreq' 'gmem_load_req' <Predicate = true> <Delay = 7.30> <CoreInst = "m_axi">   --->   Core 119 'm_axi' <Latency = 0> <II = 1> <Delay = 1.00> <Adapter> <Opcode : 'read' 'write' 'readreq' 'writereq' 'writeresp'>
ST_84 : Operation 368 [3/4] (5.62ns)   --->   "%x = sitodp i32 %tmp_data_1" [Coefficients.cpp:41]   --->   Operation 368 'sitodp' 'x' <Predicate = true> <Delay = 5.62> <CoreInst = "Int2Double">   --->   Core 66 'Int2Double' <Latency = 3> <II = 1> <Delay = 5.62> <FuncUnit> <Opcode : 'uitodp' 'sitodp'> <InPorts = 1> <OutPorts = 1>

State 85 <SV = 84> <Delay = 7.30>
ST_85 : Operation 369 [1/1] (7.30ns)   --->   "%gmem_addr_2_read = read i32 @_ssdm_op_Read.m_axi.i32P1A, i64 %gmem_addr_2" [Coefficients.cpp:29]   --->   Operation 369 'read' 'gmem_addr_2_read' <Predicate = true> <Delay = 7.30> <CoreInst = "m_axi">   --->   Core 119 'm_axi' <Latency = 0> <II = 1> <Delay = 1.00> <Adapter> <Opcode : 'read' 'write' 'readreq' 'writereq' 'writeresp'>
ST_85 : Operation 370 [2/4] (5.62ns)   --->   "%x = sitodp i32 %tmp_data_1" [Coefficients.cpp:41]   --->   Operation 370 'sitodp' 'x' <Predicate = true> <Delay = 5.62> <CoreInst = "Int2Double">   --->   Core 66 'Int2Double' <Latency = 3> <II = 1> <Delay = 5.62> <FuncUnit> <Opcode : 'uitodp' 'sitodp'> <InPorts = 1> <OutPorts = 1>

State 86 <SV = 85> <Delay = 5.62>
ST_86 : Operation 371 [1/1] (0.00ns)   --->   "%specpipeline_ln27 = specpipeline void @_ssdm_op_SpecPipeline, i32 1, i32 0, i32 0, i32 0, void @empty_0" [Coefficients.cpp:27]   --->   Operation 371 'specpipeline' 'specpipeline_ln27' <Predicate = true> <Delay = 0.00>
ST_86 : Operation 372 [1/1] (0.00ns)   --->   "%specloopname_ln26 = specloopname void @_ssdm_op_SpecLoopName, void @empty_15" [Coefficients.cpp:26]   --->   Operation 372 'specloopname' 'specloopname_ln26' <Predicate = true> <Delay = 0.00>
ST_86 : Operation 373 [1/1] (1.01ns)   --->   "%doReset = icmp_eq  i32 %gmem_addr_2_read, i32 0" [Coefficients.cpp:29]   --->   Operation 373 'icmp' 'doReset' <Predicate = true> <Delay = 1.01> <CoreInst = "Cmp">   --->   Core 9 'Cmp' <Latency = 0> <II = 1> <Delay = 1.01> <FuncUnit> <Opcode : 'seteq' 'setne' 'setle' 'setge' 'setlt' 'setgt'> <InPorts = 2> <OutPorts = 1>
ST_86 : Operation 374 [1/4] (5.62ns)   --->   "%x = sitodp i32 %tmp_data_1" [Coefficients.cpp:41]   --->   Operation 374 'sitodp' 'x' <Predicate = true> <Delay = 5.62> <CoreInst = "Int2Double">   --->   Core 66 'Int2Double' <Latency = 3> <II = 1> <Delay = 5.62> <FuncUnit> <Opcode : 'uitodp' 'sitodp'> <InPorts = 1> <OutPorts = 1>
ST_86 : Operation 375 [1/1] (0.00ns)   --->   "%br_ln30 = br i1 %doReset, void %for.inc.i7, void %Shift_Accum_Loop.i" [Coefficients.cpp:30]   --->   Operation 375 'br' 'br_ln30' <Predicate = true> <Delay = 0.00>
ST_86 : Operation 376 [1/1] (1.23ns)   --->   "%store_ln63 = store i64 0, i64 0" [Coefficients.cpp:63->Coefficients.cpp:41]   --->   Operation 376 'store' 'store_ln63' <Predicate = (!doReset)> <Delay = 1.23> <CoreInst = "RAM">   --->   Core 82 'RAM' <Latency = 1> <II = 1> <Delay = 1.23> <Storage> <Opcode : 'load' 'store'> <Ports = 2> <Width = 64> <Depth = 101> <RAM>
ST_86 : Operation 377 [1/1] (1.23ns)   --->   "%store_ln63 = store i64 0, i64 1" [Coefficients.cpp:63->Coefficients.cpp:41]   --->   Operation 377 'store' 'store_ln63' <Predicate = (!doReset)> <Delay = 1.23> <CoreInst = "RAM">   --->   Core 82 'RAM' <Latency = 1> <II = 1> <Delay = 1.23> <Storage> <Opcode : 'load' 'store'> <Ports = 2> <Width = 64> <Depth = 101> <RAM>
ST_86 : Operation 378 [1/1] (0.42ns)   --->   "%br_ln70 = br i1 %tmp, void %for.body4.i.preheader, void %_Z3firPdS_dib.exit" [Coefficients.cpp:70->Coefficients.cpp:41]   --->   Operation 378 'br' 'br_ln70' <Predicate = (doReset)> <Delay = 0.42>
ST_86 : Operation 379 [1/1] (0.42ns)   --->   "%br_ln70 = br void %for.body4.i" [Coefficients.cpp:70->Coefficients.cpp:41]   --->   Operation 379 'br' 'br_ln70' <Predicate = (doReset & !tmp)> <Delay = 0.42>

State 87 <SV = 86> <Delay = 7.30>
ST_87 : Operation 380 [1/1] (7.30ns)   --->   "%gmem_addr_2_req = writereq i1 @_ssdm_op_WriteReq.m_axi.i32P1A, i64 %gmem_addr_2, i64 1" [Coefficients.cpp:31]   --->   Operation 380 'writereq' 'gmem_addr_2_req' <Predicate = true> <Delay = 7.30> <CoreInst = "m_axi">   --->   Core 119 'm_axi' <Latency = 0> <II = 1> <Delay = 1.00> <Adapter> <Opcode : 'read' 'write' 'readreq' 'writereq' 'writeresp'>
ST_87 : Operation 381 [1/1] (1.23ns)   --->   "%store_ln63 = store i64 0, i64 2" [Coefficients.cpp:63->Coefficients.cpp:41]   --->   Operation 381 'store' 'store_ln63' <Predicate = true> <Delay = 1.23> <CoreInst = "RAM">   --->   Core 82 'RAM' <Latency = 1> <II = 1> <Delay = 1.23> <Storage> <Opcode : 'load' 'store'> <Ports = 2> <Width = 64> <Depth = 101> <RAM>
ST_87 : Operation 382 [1/1] (1.23ns)   --->   "%store_ln63 = store i64 0, i64 3" [Coefficients.cpp:63->Coefficients.cpp:41]   --->   Operation 382 'store' 'store_ln63' <Predicate = true> <Delay = 1.23> <CoreInst = "RAM">   --->   Core 82 'RAM' <Latency = 1> <II = 1> <Delay = 1.23> <Storage> <Opcode : 'load' 'store'> <Ports = 2> <Width = 64> <Depth = 101> <RAM>

State 88 <SV = 87> <Delay = 7.30>
ST_88 : Operation 383 [1/1] (7.30ns)   --->   "%write_ln31 = write void @_ssdm_op_Write.m_axi.i32P1A, i64 %gmem_addr_2, i32 0, i4 15" [Coefficients.cpp:31]   --->   Operation 383 'write' 'write_ln31' <Predicate = true> <Delay = 7.30> <CoreInst = "m_axi">   --->   Core 119 'm_axi' <Latency = 0> <II = 1> <Delay = 1.00> <Adapter> <Opcode : 'read' 'write' 'readreq' 'writereq' 'writeresp'>
ST_88 : Operation 384 [1/1] (1.23ns)   --->   "%store_ln63 = store i64 0, i64 4" [Coefficients.cpp:63->Coefficients.cpp:41]   --->   Operation 384 'store' 'store_ln63' <Predicate = true> <Delay = 1.23> <CoreInst = "RAM">   --->   Core 82 'RAM' <Latency = 1> <II = 1> <Delay = 1.23> <Storage> <Opcode : 'load' 'store'> <Ports = 2> <Width = 64> <Depth = 101> <RAM>
ST_88 : Operation 385 [1/1] (1.23ns)   --->   "%store_ln63 = store i64 0, i64 5" [Coefficients.cpp:63->Coefficients.cpp:41]   --->   Operation 385 'store' 'store_ln63' <Predicate = true> <Delay = 1.23> <CoreInst = "RAM">   --->   Core 82 'RAM' <Latency = 1> <II = 1> <Delay = 1.23> <Storage> <Opcode : 'load' 'store'> <Ports = 2> <Width = 64> <Depth = 101> <RAM>

State 89 <SV = 88> <Delay = 7.30>
ST_89 : Operation 386 [5/5] (7.30ns)   --->   "%gmem_addr_2_resp = writeresp i1 @_ssdm_op_WriteResp.m_axi.i32P1A, i64 %gmem_addr_2" [Coefficients.cpp:31]   --->   Operation 386 'writeresp' 'gmem_addr_2_resp' <Predicate = true> <Delay = 7.30> <CoreInst = "m_axi">   --->   Core 119 'm_axi' <Latency = 0> <II = 1> <Delay = 1.00> <Adapter> <Opcode : 'read' 'write' 'readreq' 'writereq' 'writeresp'>
ST_89 : Operation 387 [1/1] (1.23ns)   --->   "%store_ln63 = store i64 0, i64 6" [Coefficients.cpp:63->Coefficients.cpp:41]   --->   Operation 387 'store' 'store_ln63' <Predicate = true> <Delay = 1.23> <CoreInst = "RAM">   --->   Core 82 'RAM' <Latency = 1> <II = 1> <Delay = 1.23> <Storage> <Opcode : 'load' 'store'> <Ports = 2> <Width = 64> <Depth = 101> <RAM>
ST_89 : Operation 388 [1/1] (1.23ns)   --->   "%store_ln63 = store i64 0, i64 7" [Coefficients.cpp:63->Coefficients.cpp:41]   --->   Operation 388 'store' 'store_ln63' <Predicate = true> <Delay = 1.23> <CoreInst = "RAM">   --->   Core 82 'RAM' <Latency = 1> <II = 1> <Delay = 1.23> <Storage> <Opcode : 'load' 'store'> <Ports = 2> <Width = 64> <Depth = 101> <RAM>

State 90 <SV = 89> <Delay = 7.30>
ST_90 : Operation 389 [4/5] (7.30ns)   --->   "%gmem_addr_2_resp = writeresp i1 @_ssdm_op_WriteResp.m_axi.i32P1A, i64 %gmem_addr_2" [Coefficients.cpp:31]   --->   Operation 389 'writeresp' 'gmem_addr_2_resp' <Predicate = true> <Delay = 7.30> <CoreInst = "m_axi">   --->   Core 119 'm_axi' <Latency = 0> <II = 1> <Delay = 1.00> <Adapter> <Opcode : 'read' 'write' 'readreq' 'writereq' 'writeresp'>
ST_90 : Operation 390 [1/1] (1.23ns)   --->   "%store_ln63 = store i64 0, i64 8" [Coefficients.cpp:63->Coefficients.cpp:41]   --->   Operation 390 'store' 'store_ln63' <Predicate = true> <Delay = 1.23> <CoreInst = "RAM">   --->   Core 82 'RAM' <Latency = 1> <II = 1> <Delay = 1.23> <Storage> <Opcode : 'load' 'store'> <Ports = 2> <Width = 64> <Depth = 101> <RAM>
ST_90 : Operation 391 [1/1] (1.23ns)   --->   "%store_ln63 = store i64 0, i64 9" [Coefficients.cpp:63->Coefficients.cpp:41]   --->   Operation 391 'store' 'store_ln63' <Predicate = true> <Delay = 1.23> <CoreInst = "RAM">   --->   Core 82 'RAM' <Latency = 1> <II = 1> <Delay = 1.23> <Storage> <Opcode : 'load' 'store'> <Ports = 2> <Width = 64> <Depth = 101> <RAM>

State 91 <SV = 90> <Delay = 7.30>
ST_91 : Operation 392 [3/5] (7.30ns)   --->   "%gmem_addr_2_resp = writeresp i1 @_ssdm_op_WriteResp.m_axi.i32P1A, i64 %gmem_addr_2" [Coefficients.cpp:31]   --->   Operation 392 'writeresp' 'gmem_addr_2_resp' <Predicate = true> <Delay = 7.30> <CoreInst = "m_axi">   --->   Core 119 'm_axi' <Latency = 0> <II = 1> <Delay = 1.00> <Adapter> <Opcode : 'read' 'write' 'readreq' 'writereq' 'writeresp'>
ST_91 : Operation 393 [1/1] (1.23ns)   --->   "%store_ln63 = store i64 0, i64 10" [Coefficients.cpp:63->Coefficients.cpp:41]   --->   Operation 393 'store' 'store_ln63' <Predicate = true> <Delay = 1.23> <CoreInst = "RAM">   --->   Core 82 'RAM' <Latency = 1> <II = 1> <Delay = 1.23> <Storage> <Opcode : 'load' 'store'> <Ports = 2> <Width = 64> <Depth = 101> <RAM>
ST_91 : Operation 394 [1/1] (1.23ns)   --->   "%store_ln63 = store i64 0, i64 11" [Coefficients.cpp:63->Coefficients.cpp:41]   --->   Operation 394 'store' 'store_ln63' <Predicate = true> <Delay = 1.23> <CoreInst = "RAM">   --->   Core 82 'RAM' <Latency = 1> <II = 1> <Delay = 1.23> <Storage> <Opcode : 'load' 'store'> <Ports = 2> <Width = 64> <Depth = 101> <RAM>

State 92 <SV = 91> <Delay = 7.30>
ST_92 : Operation 395 [2/5] (7.30ns)   --->   "%gmem_addr_2_resp = writeresp i1 @_ssdm_op_WriteResp.m_axi.i32P1A, i64 %gmem_addr_2" [Coefficients.cpp:31]   --->   Operation 395 'writeresp' 'gmem_addr_2_resp' <Predicate = true> <Delay = 7.30> <CoreInst = "m_axi">   --->   Core 119 'm_axi' <Latency = 0> <II = 1> <Delay = 1.00> <Adapter> <Opcode : 'read' 'write' 'readreq' 'writereq' 'writeresp'>
ST_92 : Operation 396 [1/1] (1.23ns)   --->   "%store_ln63 = store i64 0, i64 12" [Coefficients.cpp:63->Coefficients.cpp:41]   --->   Operation 396 'store' 'store_ln63' <Predicate = true> <Delay = 1.23> <CoreInst = "RAM">   --->   Core 82 'RAM' <Latency = 1> <II = 1> <Delay = 1.23> <Storage> <Opcode : 'load' 'store'> <Ports = 2> <Width = 64> <Depth = 101> <RAM>
ST_92 : Operation 397 [1/1] (1.23ns)   --->   "%store_ln63 = store i64 0, i64 13" [Coefficients.cpp:63->Coefficients.cpp:41]   --->   Operation 397 'store' 'store_ln63' <Predicate = true> <Delay = 1.23> <CoreInst = "RAM">   --->   Core 82 'RAM' <Latency = 1> <II = 1> <Delay = 1.23> <Storage> <Opcode : 'load' 'store'> <Ports = 2> <Width = 64> <Depth = 101> <RAM>

State 93 <SV = 92> <Delay = 7.30>
ST_93 : Operation 398 [1/5] (7.30ns)   --->   "%gmem_addr_2_resp = writeresp i1 @_ssdm_op_WriteResp.m_axi.i32P1A, i64 %gmem_addr_2" [Coefficients.cpp:31]   --->   Operation 398 'writeresp' 'gmem_addr_2_resp' <Predicate = true> <Delay = 7.30> <CoreInst = "m_axi">   --->   Core 119 'm_axi' <Latency = 0> <II = 1> <Delay = 1.00> <Adapter> <Opcode : 'read' 'write' 'readreq' 'writereq' 'writeresp'>
ST_93 : Operation 399 [1/1] (1.23ns)   --->   "%store_ln63 = store i64 0, i64 14" [Coefficients.cpp:63->Coefficients.cpp:41]   --->   Operation 399 'store' 'store_ln63' <Predicate = true> <Delay = 1.23> <CoreInst = "RAM">   --->   Core 82 'RAM' <Latency = 1> <II = 1> <Delay = 1.23> <Storage> <Opcode : 'load' 'store'> <Ports = 2> <Width = 64> <Depth = 101> <RAM>
ST_93 : Operation 400 [1/1] (1.23ns)   --->   "%store_ln63 = store i64 0, i64 15" [Coefficients.cpp:63->Coefficients.cpp:41]   --->   Operation 400 'store' 'store_ln63' <Predicate = true> <Delay = 1.23> <CoreInst = "RAM">   --->   Core 82 'RAM' <Latency = 1> <II = 1> <Delay = 1.23> <Storage> <Opcode : 'load' 'store'> <Ports = 2> <Width = 64> <Depth = 101> <RAM>

State 94 <SV = 93> <Delay = 1.23>
ST_94 : Operation 401 [1/1] (1.23ns)   --->   "%store_ln63 = store i64 0, i64 16" [Coefficients.cpp:63->Coefficients.cpp:41]   --->   Operation 401 'store' 'store_ln63' <Predicate = true> <Delay = 1.23> <CoreInst = "RAM">   --->   Core 82 'RAM' <Latency = 1> <II = 1> <Delay = 1.23> <Storage> <Opcode : 'load' 'store'> <Ports = 2> <Width = 64> <Depth = 101> <RAM>
ST_94 : Operation 402 [1/1] (1.23ns)   --->   "%store_ln63 = store i64 0, i64 17" [Coefficients.cpp:63->Coefficients.cpp:41]   --->   Operation 402 'store' 'store_ln63' <Predicate = true> <Delay = 1.23> <CoreInst = "RAM">   --->   Core 82 'RAM' <Latency = 1> <II = 1> <Delay = 1.23> <Storage> <Opcode : 'load' 'store'> <Ports = 2> <Width = 64> <Depth = 101> <RAM>

State 95 <SV = 94> <Delay = 1.23>
ST_95 : Operation 403 [1/1] (1.23ns)   --->   "%store_ln63 = store i64 0, i64 18" [Coefficients.cpp:63->Coefficients.cpp:41]   --->   Operation 403 'store' 'store_ln63' <Predicate = true> <Delay = 1.23> <CoreInst = "RAM">   --->   Core 82 'RAM' <Latency = 1> <II = 1> <Delay = 1.23> <Storage> <Opcode : 'load' 'store'> <Ports = 2> <Width = 64> <Depth = 101> <RAM>
ST_95 : Operation 404 [1/1] (1.23ns)   --->   "%store_ln63 = store i64 0, i64 19" [Coefficients.cpp:63->Coefficients.cpp:41]   --->   Operation 404 'store' 'store_ln63' <Predicate = true> <Delay = 1.23> <CoreInst = "RAM">   --->   Core 82 'RAM' <Latency = 1> <II = 1> <Delay = 1.23> <Storage> <Opcode : 'load' 'store'> <Ports = 2> <Width = 64> <Depth = 101> <RAM>

State 96 <SV = 95> <Delay = 1.23>
ST_96 : Operation 405 [1/1] (1.23ns)   --->   "%store_ln63 = store i64 0, i64 20" [Coefficients.cpp:63->Coefficients.cpp:41]   --->   Operation 405 'store' 'store_ln63' <Predicate = true> <Delay = 1.23> <CoreInst = "RAM">   --->   Core 82 'RAM' <Latency = 1> <II = 1> <Delay = 1.23> <Storage> <Opcode : 'load' 'store'> <Ports = 2> <Width = 64> <Depth = 101> <RAM>
ST_96 : Operation 406 [1/1] (1.23ns)   --->   "%store_ln63 = store i64 0, i64 21" [Coefficients.cpp:63->Coefficients.cpp:41]   --->   Operation 406 'store' 'store_ln63' <Predicate = true> <Delay = 1.23> <CoreInst = "RAM">   --->   Core 82 'RAM' <Latency = 1> <II = 1> <Delay = 1.23> <Storage> <Opcode : 'load' 'store'> <Ports = 2> <Width = 64> <Depth = 101> <RAM>

State 97 <SV = 96> <Delay = 1.23>
ST_97 : Operation 407 [1/1] (1.23ns)   --->   "%store_ln63 = store i64 0, i64 22" [Coefficients.cpp:63->Coefficients.cpp:41]   --->   Operation 407 'store' 'store_ln63' <Predicate = true> <Delay = 1.23> <CoreInst = "RAM">   --->   Core 82 'RAM' <Latency = 1> <II = 1> <Delay = 1.23> <Storage> <Opcode : 'load' 'store'> <Ports = 2> <Width = 64> <Depth = 101> <RAM>
ST_97 : Operation 408 [1/1] (1.23ns)   --->   "%store_ln63 = store i64 0, i64 23" [Coefficients.cpp:63->Coefficients.cpp:41]   --->   Operation 408 'store' 'store_ln63' <Predicate = true> <Delay = 1.23> <CoreInst = "RAM">   --->   Core 82 'RAM' <Latency = 1> <II = 1> <Delay = 1.23> <Storage> <Opcode : 'load' 'store'> <Ports = 2> <Width = 64> <Depth = 101> <RAM>

State 98 <SV = 97> <Delay = 1.23>
ST_98 : Operation 409 [1/1] (1.23ns)   --->   "%store_ln63 = store i64 0, i64 24" [Coefficients.cpp:63->Coefficients.cpp:41]   --->   Operation 409 'store' 'store_ln63' <Predicate = true> <Delay = 1.23> <CoreInst = "RAM">   --->   Core 82 'RAM' <Latency = 1> <II = 1> <Delay = 1.23> <Storage> <Opcode : 'load' 'store'> <Ports = 2> <Width = 64> <Depth = 101> <RAM>
ST_98 : Operation 410 [1/1] (1.23ns)   --->   "%store_ln63 = store i64 0, i64 25" [Coefficients.cpp:63->Coefficients.cpp:41]   --->   Operation 410 'store' 'store_ln63' <Predicate = true> <Delay = 1.23> <CoreInst = "RAM">   --->   Core 82 'RAM' <Latency = 1> <II = 1> <Delay = 1.23> <Storage> <Opcode : 'load' 'store'> <Ports = 2> <Width = 64> <Depth = 101> <RAM>

State 99 <SV = 98> <Delay = 1.23>
ST_99 : Operation 411 [1/1] (1.23ns)   --->   "%store_ln63 = store i64 0, i64 26" [Coefficients.cpp:63->Coefficients.cpp:41]   --->   Operation 411 'store' 'store_ln63' <Predicate = true> <Delay = 1.23> <CoreInst = "RAM">   --->   Core 82 'RAM' <Latency = 1> <II = 1> <Delay = 1.23> <Storage> <Opcode : 'load' 'store'> <Ports = 2> <Width = 64> <Depth = 101> <RAM>
ST_99 : Operation 412 [1/1] (1.23ns)   --->   "%store_ln63 = store i64 0, i64 27" [Coefficients.cpp:63->Coefficients.cpp:41]   --->   Operation 412 'store' 'store_ln63' <Predicate = true> <Delay = 1.23> <CoreInst = "RAM">   --->   Core 82 'RAM' <Latency = 1> <II = 1> <Delay = 1.23> <Storage> <Opcode : 'load' 'store'> <Ports = 2> <Width = 64> <Depth = 101> <RAM>

State 100 <SV = 99> <Delay = 1.23>
ST_100 : Operation 413 [1/1] (1.23ns)   --->   "%store_ln63 = store i64 0, i64 28" [Coefficients.cpp:63->Coefficients.cpp:41]   --->   Operation 413 'store' 'store_ln63' <Predicate = true> <Delay = 1.23> <CoreInst = "RAM">   --->   Core 82 'RAM' <Latency = 1> <II = 1> <Delay = 1.23> <Storage> <Opcode : 'load' 'store'> <Ports = 2> <Width = 64> <Depth = 101> <RAM>
ST_100 : Operation 414 [1/1] (1.23ns)   --->   "%store_ln63 = store i64 0, i64 29" [Coefficients.cpp:63->Coefficients.cpp:41]   --->   Operation 414 'store' 'store_ln63' <Predicate = true> <Delay = 1.23> <CoreInst = "RAM">   --->   Core 82 'RAM' <Latency = 1> <II = 1> <Delay = 1.23> <Storage> <Opcode : 'load' 'store'> <Ports = 2> <Width = 64> <Depth = 101> <RAM>

State 101 <SV = 100> <Delay = 1.23>
ST_101 : Operation 415 [1/1] (1.23ns)   --->   "%store_ln63 = store i64 0, i64 30" [Coefficients.cpp:63->Coefficients.cpp:41]   --->   Operation 415 'store' 'store_ln63' <Predicate = true> <Delay = 1.23> <CoreInst = "RAM">   --->   Core 82 'RAM' <Latency = 1> <II = 1> <Delay = 1.23> <Storage> <Opcode : 'load' 'store'> <Ports = 2> <Width = 64> <Depth = 101> <RAM>
ST_101 : Operation 416 [1/1] (1.23ns)   --->   "%store_ln63 = store i64 0, i64 31" [Coefficients.cpp:63->Coefficients.cpp:41]   --->   Operation 416 'store' 'store_ln63' <Predicate = true> <Delay = 1.23> <CoreInst = "RAM">   --->   Core 82 'RAM' <Latency = 1> <II = 1> <Delay = 1.23> <Storage> <Opcode : 'load' 'store'> <Ports = 2> <Width = 64> <Depth = 101> <RAM>

State 102 <SV = 101> <Delay = 1.23>
ST_102 : Operation 417 [1/1] (1.23ns)   --->   "%store_ln63 = store i64 0, i64 32" [Coefficients.cpp:63->Coefficients.cpp:41]   --->   Operation 417 'store' 'store_ln63' <Predicate = true> <Delay = 1.23> <CoreInst = "RAM">   --->   Core 82 'RAM' <Latency = 1> <II = 1> <Delay = 1.23> <Storage> <Opcode : 'load' 'store'> <Ports = 2> <Width = 64> <Depth = 101> <RAM>
ST_102 : Operation 418 [1/1] (1.23ns)   --->   "%store_ln63 = store i64 0, i64 33" [Coefficients.cpp:63->Coefficients.cpp:41]   --->   Operation 418 'store' 'store_ln63' <Predicate = true> <Delay = 1.23> <CoreInst = "RAM">   --->   Core 82 'RAM' <Latency = 1> <II = 1> <Delay = 1.23> <Storage> <Opcode : 'load' 'store'> <Ports = 2> <Width = 64> <Depth = 101> <RAM>

State 103 <SV = 102> <Delay = 1.23>
ST_103 : Operation 419 [1/1] (1.23ns)   --->   "%store_ln63 = store i64 0, i64 34" [Coefficients.cpp:63->Coefficients.cpp:41]   --->   Operation 419 'store' 'store_ln63' <Predicate = true> <Delay = 1.23> <CoreInst = "RAM">   --->   Core 82 'RAM' <Latency = 1> <II = 1> <Delay = 1.23> <Storage> <Opcode : 'load' 'store'> <Ports = 2> <Width = 64> <Depth = 101> <RAM>
ST_103 : Operation 420 [1/1] (1.23ns)   --->   "%store_ln63 = store i64 0, i64 35" [Coefficients.cpp:63->Coefficients.cpp:41]   --->   Operation 420 'store' 'store_ln63' <Predicate = true> <Delay = 1.23> <CoreInst = "RAM">   --->   Core 82 'RAM' <Latency = 1> <II = 1> <Delay = 1.23> <Storage> <Opcode : 'load' 'store'> <Ports = 2> <Width = 64> <Depth = 101> <RAM>

State 104 <SV = 103> <Delay = 1.23>
ST_104 : Operation 421 [1/1] (1.23ns)   --->   "%store_ln63 = store i64 0, i64 36" [Coefficients.cpp:63->Coefficients.cpp:41]   --->   Operation 421 'store' 'store_ln63' <Predicate = true> <Delay = 1.23> <CoreInst = "RAM">   --->   Core 82 'RAM' <Latency = 1> <II = 1> <Delay = 1.23> <Storage> <Opcode : 'load' 'store'> <Ports = 2> <Width = 64> <Depth = 101> <RAM>
ST_104 : Operation 422 [1/1] (1.23ns)   --->   "%store_ln63 = store i64 0, i64 37" [Coefficients.cpp:63->Coefficients.cpp:41]   --->   Operation 422 'store' 'store_ln63' <Predicate = true> <Delay = 1.23> <CoreInst = "RAM">   --->   Core 82 'RAM' <Latency = 1> <II = 1> <Delay = 1.23> <Storage> <Opcode : 'load' 'store'> <Ports = 2> <Width = 64> <Depth = 101> <RAM>

State 105 <SV = 104> <Delay = 1.23>
ST_105 : Operation 423 [1/1] (1.23ns)   --->   "%store_ln63 = store i64 0, i64 38" [Coefficients.cpp:63->Coefficients.cpp:41]   --->   Operation 423 'store' 'store_ln63' <Predicate = true> <Delay = 1.23> <CoreInst = "RAM">   --->   Core 82 'RAM' <Latency = 1> <II = 1> <Delay = 1.23> <Storage> <Opcode : 'load' 'store'> <Ports = 2> <Width = 64> <Depth = 101> <RAM>
ST_105 : Operation 424 [1/1] (1.23ns)   --->   "%store_ln63 = store i64 0, i64 39" [Coefficients.cpp:63->Coefficients.cpp:41]   --->   Operation 424 'store' 'store_ln63' <Predicate = true> <Delay = 1.23> <CoreInst = "RAM">   --->   Core 82 'RAM' <Latency = 1> <II = 1> <Delay = 1.23> <Storage> <Opcode : 'load' 'store'> <Ports = 2> <Width = 64> <Depth = 101> <RAM>

State 106 <SV = 105> <Delay = 1.23>
ST_106 : Operation 425 [1/1] (1.23ns)   --->   "%store_ln63 = store i64 0, i64 40" [Coefficients.cpp:63->Coefficients.cpp:41]   --->   Operation 425 'store' 'store_ln63' <Predicate = true> <Delay = 1.23> <CoreInst = "RAM">   --->   Core 82 'RAM' <Latency = 1> <II = 1> <Delay = 1.23> <Storage> <Opcode : 'load' 'store'> <Ports = 2> <Width = 64> <Depth = 101> <RAM>
ST_106 : Operation 426 [1/1] (1.23ns)   --->   "%store_ln63 = store i64 0, i64 41" [Coefficients.cpp:63->Coefficients.cpp:41]   --->   Operation 426 'store' 'store_ln63' <Predicate = true> <Delay = 1.23> <CoreInst = "RAM">   --->   Core 82 'RAM' <Latency = 1> <II = 1> <Delay = 1.23> <Storage> <Opcode : 'load' 'store'> <Ports = 2> <Width = 64> <Depth = 101> <RAM>

State 107 <SV = 106> <Delay = 1.23>
ST_107 : Operation 427 [1/1] (1.23ns)   --->   "%store_ln63 = store i64 0, i64 42" [Coefficients.cpp:63->Coefficients.cpp:41]   --->   Operation 427 'store' 'store_ln63' <Predicate = true> <Delay = 1.23> <CoreInst = "RAM">   --->   Core 82 'RAM' <Latency = 1> <II = 1> <Delay = 1.23> <Storage> <Opcode : 'load' 'store'> <Ports = 2> <Width = 64> <Depth = 101> <RAM>
ST_107 : Operation 428 [1/1] (1.23ns)   --->   "%store_ln63 = store i64 0, i64 43" [Coefficients.cpp:63->Coefficients.cpp:41]   --->   Operation 428 'store' 'store_ln63' <Predicate = true> <Delay = 1.23> <CoreInst = "RAM">   --->   Core 82 'RAM' <Latency = 1> <II = 1> <Delay = 1.23> <Storage> <Opcode : 'load' 'store'> <Ports = 2> <Width = 64> <Depth = 101> <RAM>

State 108 <SV = 107> <Delay = 1.23>
ST_108 : Operation 429 [1/1] (1.23ns)   --->   "%store_ln63 = store i64 0, i64 44" [Coefficients.cpp:63->Coefficients.cpp:41]   --->   Operation 429 'store' 'store_ln63' <Predicate = true> <Delay = 1.23> <CoreInst = "RAM">   --->   Core 82 'RAM' <Latency = 1> <II = 1> <Delay = 1.23> <Storage> <Opcode : 'load' 'store'> <Ports = 2> <Width = 64> <Depth = 101> <RAM>
ST_108 : Operation 430 [1/1] (1.23ns)   --->   "%store_ln63 = store i64 0, i64 45" [Coefficients.cpp:63->Coefficients.cpp:41]   --->   Operation 430 'store' 'store_ln63' <Predicate = true> <Delay = 1.23> <CoreInst = "RAM">   --->   Core 82 'RAM' <Latency = 1> <II = 1> <Delay = 1.23> <Storage> <Opcode : 'load' 'store'> <Ports = 2> <Width = 64> <Depth = 101> <RAM>

State 109 <SV = 108> <Delay = 1.23>
ST_109 : Operation 431 [1/1] (1.23ns)   --->   "%store_ln63 = store i64 0, i64 46" [Coefficients.cpp:63->Coefficients.cpp:41]   --->   Operation 431 'store' 'store_ln63' <Predicate = true> <Delay = 1.23> <CoreInst = "RAM">   --->   Core 82 'RAM' <Latency = 1> <II = 1> <Delay = 1.23> <Storage> <Opcode : 'load' 'store'> <Ports = 2> <Width = 64> <Depth = 101> <RAM>
ST_109 : Operation 432 [1/1] (1.23ns)   --->   "%store_ln63 = store i64 0, i64 47" [Coefficients.cpp:63->Coefficients.cpp:41]   --->   Operation 432 'store' 'store_ln63' <Predicate = true> <Delay = 1.23> <CoreInst = "RAM">   --->   Core 82 'RAM' <Latency = 1> <II = 1> <Delay = 1.23> <Storage> <Opcode : 'load' 'store'> <Ports = 2> <Width = 64> <Depth = 101> <RAM>

State 110 <SV = 109> <Delay = 1.23>
ST_110 : Operation 433 [1/1] (1.23ns)   --->   "%store_ln63 = store i64 0, i64 48" [Coefficients.cpp:63->Coefficients.cpp:41]   --->   Operation 433 'store' 'store_ln63' <Predicate = true> <Delay = 1.23> <CoreInst = "RAM">   --->   Core 82 'RAM' <Latency = 1> <II = 1> <Delay = 1.23> <Storage> <Opcode : 'load' 'store'> <Ports = 2> <Width = 64> <Depth = 101> <RAM>
ST_110 : Operation 434 [1/1] (1.23ns)   --->   "%store_ln63 = store i64 0, i64 49" [Coefficients.cpp:63->Coefficients.cpp:41]   --->   Operation 434 'store' 'store_ln63' <Predicate = true> <Delay = 1.23> <CoreInst = "RAM">   --->   Core 82 'RAM' <Latency = 1> <II = 1> <Delay = 1.23> <Storage> <Opcode : 'load' 'store'> <Ports = 2> <Width = 64> <Depth = 101> <RAM>

State 111 <SV = 110> <Delay = 1.23>
ST_111 : Operation 435 [1/1] (1.23ns)   --->   "%store_ln63 = store i64 0, i64 50" [Coefficients.cpp:63->Coefficients.cpp:41]   --->   Operation 435 'store' 'store_ln63' <Predicate = true> <Delay = 1.23> <CoreInst = "RAM">   --->   Core 82 'RAM' <Latency = 1> <II = 1> <Delay = 1.23> <Storage> <Opcode : 'load' 'store'> <Ports = 2> <Width = 64> <Depth = 101> <RAM>
ST_111 : Operation 436 [1/1] (1.23ns)   --->   "%store_ln63 = store i64 0, i64 51" [Coefficients.cpp:63->Coefficients.cpp:41]   --->   Operation 436 'store' 'store_ln63' <Predicate = true> <Delay = 1.23> <CoreInst = "RAM">   --->   Core 82 'RAM' <Latency = 1> <II = 1> <Delay = 1.23> <Storage> <Opcode : 'load' 'store'> <Ports = 2> <Width = 64> <Depth = 101> <RAM>

State 112 <SV = 111> <Delay = 1.23>
ST_112 : Operation 437 [1/1] (1.23ns)   --->   "%store_ln63 = store i64 0, i64 52" [Coefficients.cpp:63->Coefficients.cpp:41]   --->   Operation 437 'store' 'store_ln63' <Predicate = true> <Delay = 1.23> <CoreInst = "RAM">   --->   Core 82 'RAM' <Latency = 1> <II = 1> <Delay = 1.23> <Storage> <Opcode : 'load' 'store'> <Ports = 2> <Width = 64> <Depth = 101> <RAM>
ST_112 : Operation 438 [1/1] (1.23ns)   --->   "%store_ln63 = store i64 0, i64 53" [Coefficients.cpp:63->Coefficients.cpp:41]   --->   Operation 438 'store' 'store_ln63' <Predicate = true> <Delay = 1.23> <CoreInst = "RAM">   --->   Core 82 'RAM' <Latency = 1> <II = 1> <Delay = 1.23> <Storage> <Opcode : 'load' 'store'> <Ports = 2> <Width = 64> <Depth = 101> <RAM>

State 113 <SV = 112> <Delay = 1.23>
ST_113 : Operation 439 [1/1] (1.23ns)   --->   "%store_ln63 = store i64 0, i64 54" [Coefficients.cpp:63->Coefficients.cpp:41]   --->   Operation 439 'store' 'store_ln63' <Predicate = true> <Delay = 1.23> <CoreInst = "RAM">   --->   Core 82 'RAM' <Latency = 1> <II = 1> <Delay = 1.23> <Storage> <Opcode : 'load' 'store'> <Ports = 2> <Width = 64> <Depth = 101> <RAM>
ST_113 : Operation 440 [1/1] (1.23ns)   --->   "%store_ln63 = store i64 0, i64 55" [Coefficients.cpp:63->Coefficients.cpp:41]   --->   Operation 440 'store' 'store_ln63' <Predicate = true> <Delay = 1.23> <CoreInst = "RAM">   --->   Core 82 'RAM' <Latency = 1> <II = 1> <Delay = 1.23> <Storage> <Opcode : 'load' 'store'> <Ports = 2> <Width = 64> <Depth = 101> <RAM>

State 114 <SV = 113> <Delay = 1.23>
ST_114 : Operation 441 [1/1] (1.23ns)   --->   "%store_ln63 = store i64 0, i64 56" [Coefficients.cpp:63->Coefficients.cpp:41]   --->   Operation 441 'store' 'store_ln63' <Predicate = true> <Delay = 1.23> <CoreInst = "RAM">   --->   Core 82 'RAM' <Latency = 1> <II = 1> <Delay = 1.23> <Storage> <Opcode : 'load' 'store'> <Ports = 2> <Width = 64> <Depth = 101> <RAM>
ST_114 : Operation 442 [1/1] (1.23ns)   --->   "%store_ln63 = store i64 0, i64 57" [Coefficients.cpp:63->Coefficients.cpp:41]   --->   Operation 442 'store' 'store_ln63' <Predicate = true> <Delay = 1.23> <CoreInst = "RAM">   --->   Core 82 'RAM' <Latency = 1> <II = 1> <Delay = 1.23> <Storage> <Opcode : 'load' 'store'> <Ports = 2> <Width = 64> <Depth = 101> <RAM>

State 115 <SV = 114> <Delay = 1.23>
ST_115 : Operation 443 [1/1] (1.23ns)   --->   "%store_ln63 = store i64 0, i64 58" [Coefficients.cpp:63->Coefficients.cpp:41]   --->   Operation 443 'store' 'store_ln63' <Predicate = true> <Delay = 1.23> <CoreInst = "RAM">   --->   Core 82 'RAM' <Latency = 1> <II = 1> <Delay = 1.23> <Storage> <Opcode : 'load' 'store'> <Ports = 2> <Width = 64> <Depth = 101> <RAM>
ST_115 : Operation 444 [1/1] (1.23ns)   --->   "%store_ln63 = store i64 0, i64 59" [Coefficients.cpp:63->Coefficients.cpp:41]   --->   Operation 444 'store' 'store_ln63' <Predicate = true> <Delay = 1.23> <CoreInst = "RAM">   --->   Core 82 'RAM' <Latency = 1> <II = 1> <Delay = 1.23> <Storage> <Opcode : 'load' 'store'> <Ports = 2> <Width = 64> <Depth = 101> <RAM>

State 116 <SV = 115> <Delay = 1.23>
ST_116 : Operation 445 [1/1] (1.23ns)   --->   "%store_ln63 = store i64 0, i64 60" [Coefficients.cpp:63->Coefficients.cpp:41]   --->   Operation 445 'store' 'store_ln63' <Predicate = true> <Delay = 1.23> <CoreInst = "RAM">   --->   Core 82 'RAM' <Latency = 1> <II = 1> <Delay = 1.23> <Storage> <Opcode : 'load' 'store'> <Ports = 2> <Width = 64> <Depth = 101> <RAM>
ST_116 : Operation 446 [1/1] (1.23ns)   --->   "%store_ln63 = store i64 0, i64 61" [Coefficients.cpp:63->Coefficients.cpp:41]   --->   Operation 446 'store' 'store_ln63' <Predicate = true> <Delay = 1.23> <CoreInst = "RAM">   --->   Core 82 'RAM' <Latency = 1> <II = 1> <Delay = 1.23> <Storage> <Opcode : 'load' 'store'> <Ports = 2> <Width = 64> <Depth = 101> <RAM>

State 117 <SV = 116> <Delay = 1.23>
ST_117 : Operation 447 [1/1] (1.23ns)   --->   "%store_ln63 = store i64 0, i64 62" [Coefficients.cpp:63->Coefficients.cpp:41]   --->   Operation 447 'store' 'store_ln63' <Predicate = true> <Delay = 1.23> <CoreInst = "RAM">   --->   Core 82 'RAM' <Latency = 1> <II = 1> <Delay = 1.23> <Storage> <Opcode : 'load' 'store'> <Ports = 2> <Width = 64> <Depth = 101> <RAM>
ST_117 : Operation 448 [1/1] (1.23ns)   --->   "%store_ln63 = store i64 0, i64 63" [Coefficients.cpp:63->Coefficients.cpp:41]   --->   Operation 448 'store' 'store_ln63' <Predicate = true> <Delay = 1.23> <CoreInst = "RAM">   --->   Core 82 'RAM' <Latency = 1> <II = 1> <Delay = 1.23> <Storage> <Opcode : 'load' 'store'> <Ports = 2> <Width = 64> <Depth = 101> <RAM>

State 118 <SV = 117> <Delay = 1.23>
ST_118 : Operation 449 [1/1] (1.23ns)   --->   "%store_ln63 = store i64 0, i64 64" [Coefficients.cpp:63->Coefficients.cpp:41]   --->   Operation 449 'store' 'store_ln63' <Predicate = true> <Delay = 1.23> <CoreInst = "RAM">   --->   Core 82 'RAM' <Latency = 1> <II = 1> <Delay = 1.23> <Storage> <Opcode : 'load' 'store'> <Ports = 2> <Width = 64> <Depth = 101> <RAM>
ST_118 : Operation 450 [1/1] (1.23ns)   --->   "%store_ln63 = store i64 0, i64 65" [Coefficients.cpp:63->Coefficients.cpp:41]   --->   Operation 450 'store' 'store_ln63' <Predicate = true> <Delay = 1.23> <CoreInst = "RAM">   --->   Core 82 'RAM' <Latency = 1> <II = 1> <Delay = 1.23> <Storage> <Opcode : 'load' 'store'> <Ports = 2> <Width = 64> <Depth = 101> <RAM>

State 119 <SV = 118> <Delay = 1.23>
ST_119 : Operation 451 [1/1] (1.23ns)   --->   "%store_ln63 = store i64 0, i64 66" [Coefficients.cpp:63->Coefficients.cpp:41]   --->   Operation 451 'store' 'store_ln63' <Predicate = true> <Delay = 1.23> <CoreInst = "RAM">   --->   Core 82 'RAM' <Latency = 1> <II = 1> <Delay = 1.23> <Storage> <Opcode : 'load' 'store'> <Ports = 2> <Width = 64> <Depth = 101> <RAM>
ST_119 : Operation 452 [1/1] (1.23ns)   --->   "%store_ln63 = store i64 0, i64 67" [Coefficients.cpp:63->Coefficients.cpp:41]   --->   Operation 452 'store' 'store_ln63' <Predicate = true> <Delay = 1.23> <CoreInst = "RAM">   --->   Core 82 'RAM' <Latency = 1> <II = 1> <Delay = 1.23> <Storage> <Opcode : 'load' 'store'> <Ports = 2> <Width = 64> <Depth = 101> <RAM>

State 120 <SV = 119> <Delay = 1.23>
ST_120 : Operation 453 [1/1] (1.23ns)   --->   "%store_ln63 = store i64 0, i64 68" [Coefficients.cpp:63->Coefficients.cpp:41]   --->   Operation 453 'store' 'store_ln63' <Predicate = true> <Delay = 1.23> <CoreInst = "RAM">   --->   Core 82 'RAM' <Latency = 1> <II = 1> <Delay = 1.23> <Storage> <Opcode : 'load' 'store'> <Ports = 2> <Width = 64> <Depth = 101> <RAM>
ST_120 : Operation 454 [1/1] (1.23ns)   --->   "%store_ln63 = store i64 0, i64 69" [Coefficients.cpp:63->Coefficients.cpp:41]   --->   Operation 454 'store' 'store_ln63' <Predicate = true> <Delay = 1.23> <CoreInst = "RAM">   --->   Core 82 'RAM' <Latency = 1> <II = 1> <Delay = 1.23> <Storage> <Opcode : 'load' 'store'> <Ports = 2> <Width = 64> <Depth = 101> <RAM>

State 121 <SV = 120> <Delay = 1.23>
ST_121 : Operation 455 [1/1] (1.23ns)   --->   "%store_ln63 = store i64 0, i64 70" [Coefficients.cpp:63->Coefficients.cpp:41]   --->   Operation 455 'store' 'store_ln63' <Predicate = true> <Delay = 1.23> <CoreInst = "RAM">   --->   Core 82 'RAM' <Latency = 1> <II = 1> <Delay = 1.23> <Storage> <Opcode : 'load' 'store'> <Ports = 2> <Width = 64> <Depth = 101> <RAM>
ST_121 : Operation 456 [1/1] (1.23ns)   --->   "%store_ln63 = store i64 0, i64 71" [Coefficients.cpp:63->Coefficients.cpp:41]   --->   Operation 456 'store' 'store_ln63' <Predicate = true> <Delay = 1.23> <CoreInst = "RAM">   --->   Core 82 'RAM' <Latency = 1> <II = 1> <Delay = 1.23> <Storage> <Opcode : 'load' 'store'> <Ports = 2> <Width = 64> <Depth = 101> <RAM>

State 122 <SV = 121> <Delay = 1.23>
ST_122 : Operation 457 [1/1] (1.23ns)   --->   "%store_ln63 = store i64 0, i64 72" [Coefficients.cpp:63->Coefficients.cpp:41]   --->   Operation 457 'store' 'store_ln63' <Predicate = true> <Delay = 1.23> <CoreInst = "RAM">   --->   Core 82 'RAM' <Latency = 1> <II = 1> <Delay = 1.23> <Storage> <Opcode : 'load' 'store'> <Ports = 2> <Width = 64> <Depth = 101> <RAM>
ST_122 : Operation 458 [1/1] (1.23ns)   --->   "%store_ln63 = store i64 0, i64 73" [Coefficients.cpp:63->Coefficients.cpp:41]   --->   Operation 458 'store' 'store_ln63' <Predicate = true> <Delay = 1.23> <CoreInst = "RAM">   --->   Core 82 'RAM' <Latency = 1> <II = 1> <Delay = 1.23> <Storage> <Opcode : 'load' 'store'> <Ports = 2> <Width = 64> <Depth = 101> <RAM>

State 123 <SV = 122> <Delay = 1.23>
ST_123 : Operation 459 [1/1] (1.23ns)   --->   "%store_ln63 = store i64 0, i64 74" [Coefficients.cpp:63->Coefficients.cpp:41]   --->   Operation 459 'store' 'store_ln63' <Predicate = true> <Delay = 1.23> <CoreInst = "RAM">   --->   Core 82 'RAM' <Latency = 1> <II = 1> <Delay = 1.23> <Storage> <Opcode : 'load' 'store'> <Ports = 2> <Width = 64> <Depth = 101> <RAM>
ST_123 : Operation 460 [1/1] (1.23ns)   --->   "%store_ln63 = store i64 0, i64 75" [Coefficients.cpp:63->Coefficients.cpp:41]   --->   Operation 460 'store' 'store_ln63' <Predicate = true> <Delay = 1.23> <CoreInst = "RAM">   --->   Core 82 'RAM' <Latency = 1> <II = 1> <Delay = 1.23> <Storage> <Opcode : 'load' 'store'> <Ports = 2> <Width = 64> <Depth = 101> <RAM>

State 124 <SV = 123> <Delay = 1.23>
ST_124 : Operation 461 [1/1] (1.23ns)   --->   "%store_ln63 = store i64 0, i64 76" [Coefficients.cpp:63->Coefficients.cpp:41]   --->   Operation 461 'store' 'store_ln63' <Predicate = true> <Delay = 1.23> <CoreInst = "RAM">   --->   Core 82 'RAM' <Latency = 1> <II = 1> <Delay = 1.23> <Storage> <Opcode : 'load' 'store'> <Ports = 2> <Width = 64> <Depth = 101> <RAM>
ST_124 : Operation 462 [1/1] (1.23ns)   --->   "%store_ln63 = store i64 0, i64 77" [Coefficients.cpp:63->Coefficients.cpp:41]   --->   Operation 462 'store' 'store_ln63' <Predicate = true> <Delay = 1.23> <CoreInst = "RAM">   --->   Core 82 'RAM' <Latency = 1> <II = 1> <Delay = 1.23> <Storage> <Opcode : 'load' 'store'> <Ports = 2> <Width = 64> <Depth = 101> <RAM>

State 125 <SV = 124> <Delay = 1.23>
ST_125 : Operation 463 [1/1] (1.23ns)   --->   "%store_ln63 = store i64 0, i64 78" [Coefficients.cpp:63->Coefficients.cpp:41]   --->   Operation 463 'store' 'store_ln63' <Predicate = true> <Delay = 1.23> <CoreInst = "RAM">   --->   Core 82 'RAM' <Latency = 1> <II = 1> <Delay = 1.23> <Storage> <Opcode : 'load' 'store'> <Ports = 2> <Width = 64> <Depth = 101> <RAM>
ST_125 : Operation 464 [1/1] (1.23ns)   --->   "%store_ln63 = store i64 0, i64 79" [Coefficients.cpp:63->Coefficients.cpp:41]   --->   Operation 464 'store' 'store_ln63' <Predicate = true> <Delay = 1.23> <CoreInst = "RAM">   --->   Core 82 'RAM' <Latency = 1> <II = 1> <Delay = 1.23> <Storage> <Opcode : 'load' 'store'> <Ports = 2> <Width = 64> <Depth = 101> <RAM>

State 126 <SV = 125> <Delay = 1.23>
ST_126 : Operation 465 [1/1] (1.23ns)   --->   "%store_ln63 = store i64 0, i64 80" [Coefficients.cpp:63->Coefficients.cpp:41]   --->   Operation 465 'store' 'store_ln63' <Predicate = true> <Delay = 1.23> <CoreInst = "RAM">   --->   Core 82 'RAM' <Latency = 1> <II = 1> <Delay = 1.23> <Storage> <Opcode : 'load' 'store'> <Ports = 2> <Width = 64> <Depth = 101> <RAM>
ST_126 : Operation 466 [1/1] (1.23ns)   --->   "%store_ln63 = store i64 0, i64 81" [Coefficients.cpp:63->Coefficients.cpp:41]   --->   Operation 466 'store' 'store_ln63' <Predicate = true> <Delay = 1.23> <CoreInst = "RAM">   --->   Core 82 'RAM' <Latency = 1> <II = 1> <Delay = 1.23> <Storage> <Opcode : 'load' 'store'> <Ports = 2> <Width = 64> <Depth = 101> <RAM>

State 127 <SV = 126> <Delay = 1.23>
ST_127 : Operation 467 [1/1] (1.23ns)   --->   "%store_ln63 = store i64 0, i64 82" [Coefficients.cpp:63->Coefficients.cpp:41]   --->   Operation 467 'store' 'store_ln63' <Predicate = true> <Delay = 1.23> <CoreInst = "RAM">   --->   Core 82 'RAM' <Latency = 1> <II = 1> <Delay = 1.23> <Storage> <Opcode : 'load' 'store'> <Ports = 2> <Width = 64> <Depth = 101> <RAM>
ST_127 : Operation 468 [1/1] (1.23ns)   --->   "%store_ln63 = store i64 0, i64 83" [Coefficients.cpp:63->Coefficients.cpp:41]   --->   Operation 468 'store' 'store_ln63' <Predicate = true> <Delay = 1.23> <CoreInst = "RAM">   --->   Core 82 'RAM' <Latency = 1> <II = 1> <Delay = 1.23> <Storage> <Opcode : 'load' 'store'> <Ports = 2> <Width = 64> <Depth = 101> <RAM>

State 128 <SV = 127> <Delay = 1.23>
ST_128 : Operation 469 [1/1] (1.23ns)   --->   "%store_ln63 = store i64 0, i64 84" [Coefficients.cpp:63->Coefficients.cpp:41]   --->   Operation 469 'store' 'store_ln63' <Predicate = true> <Delay = 1.23> <CoreInst = "RAM">   --->   Core 82 'RAM' <Latency = 1> <II = 1> <Delay = 1.23> <Storage> <Opcode : 'load' 'store'> <Ports = 2> <Width = 64> <Depth = 101> <RAM>
ST_128 : Operation 470 [1/1] (1.23ns)   --->   "%store_ln63 = store i64 0, i64 85" [Coefficients.cpp:63->Coefficients.cpp:41]   --->   Operation 470 'store' 'store_ln63' <Predicate = true> <Delay = 1.23> <CoreInst = "RAM">   --->   Core 82 'RAM' <Latency = 1> <II = 1> <Delay = 1.23> <Storage> <Opcode : 'load' 'store'> <Ports = 2> <Width = 64> <Depth = 101> <RAM>

State 129 <SV = 128> <Delay = 1.23>
ST_129 : Operation 471 [1/1] (1.23ns)   --->   "%store_ln63 = store i64 0, i64 86" [Coefficients.cpp:63->Coefficients.cpp:41]   --->   Operation 471 'store' 'store_ln63' <Predicate = true> <Delay = 1.23> <CoreInst = "RAM">   --->   Core 82 'RAM' <Latency = 1> <II = 1> <Delay = 1.23> <Storage> <Opcode : 'load' 'store'> <Ports = 2> <Width = 64> <Depth = 101> <RAM>
ST_129 : Operation 472 [1/1] (1.23ns)   --->   "%store_ln63 = store i64 0, i64 87" [Coefficients.cpp:63->Coefficients.cpp:41]   --->   Operation 472 'store' 'store_ln63' <Predicate = true> <Delay = 1.23> <CoreInst = "RAM">   --->   Core 82 'RAM' <Latency = 1> <II = 1> <Delay = 1.23> <Storage> <Opcode : 'load' 'store'> <Ports = 2> <Width = 64> <Depth = 101> <RAM>

State 130 <SV = 129> <Delay = 1.23>
ST_130 : Operation 473 [1/1] (1.23ns)   --->   "%store_ln63 = store i64 0, i64 88" [Coefficients.cpp:63->Coefficients.cpp:41]   --->   Operation 473 'store' 'store_ln63' <Predicate = true> <Delay = 1.23> <CoreInst = "RAM">   --->   Core 82 'RAM' <Latency = 1> <II = 1> <Delay = 1.23> <Storage> <Opcode : 'load' 'store'> <Ports = 2> <Width = 64> <Depth = 101> <RAM>
ST_130 : Operation 474 [1/1] (1.23ns)   --->   "%store_ln63 = store i64 0, i64 89" [Coefficients.cpp:63->Coefficients.cpp:41]   --->   Operation 474 'store' 'store_ln63' <Predicate = true> <Delay = 1.23> <CoreInst = "RAM">   --->   Core 82 'RAM' <Latency = 1> <II = 1> <Delay = 1.23> <Storage> <Opcode : 'load' 'store'> <Ports = 2> <Width = 64> <Depth = 101> <RAM>

State 131 <SV = 130> <Delay = 1.23>
ST_131 : Operation 475 [1/1] (1.23ns)   --->   "%store_ln63 = store i64 0, i64 90" [Coefficients.cpp:63->Coefficients.cpp:41]   --->   Operation 475 'store' 'store_ln63' <Predicate = true> <Delay = 1.23> <CoreInst = "RAM">   --->   Core 82 'RAM' <Latency = 1> <II = 1> <Delay = 1.23> <Storage> <Opcode : 'load' 'store'> <Ports = 2> <Width = 64> <Depth = 101> <RAM>

State 132 <SV = 131> <Delay = 1.23>
ST_132 : Operation 476 [1/1] (1.23ns)   --->   "%store_ln63 = store i64 0, i64 91" [Coefficients.cpp:63->Coefficients.cpp:41]   --->   Operation 476 'store' 'store_ln63' <Predicate = true> <Delay = 1.23> <CoreInst = "RAM">   --->   Core 82 'RAM' <Latency = 1> <II = 1> <Delay = 1.23> <Storage> <Opcode : 'load' 'store'> <Ports = 2> <Width = 64> <Depth = 101> <RAM>
ST_132 : Operation 477 [1/1] (1.23ns)   --->   "%store_ln63 = store i64 0, i64 92" [Coefficients.cpp:63->Coefficients.cpp:41]   --->   Operation 477 'store' 'store_ln63' <Predicate = true> <Delay = 1.23> <CoreInst = "RAM">   --->   Core 82 'RAM' <Latency = 1> <II = 1> <Delay = 1.23> <Storage> <Opcode : 'load' 'store'> <Ports = 2> <Width = 64> <Depth = 101> <RAM>

State 133 <SV = 132> <Delay = 1.23>
ST_133 : Operation 478 [1/1] (1.23ns)   --->   "%store_ln63 = store i64 0, i64 93" [Coefficients.cpp:63->Coefficients.cpp:41]   --->   Operation 478 'store' 'store_ln63' <Predicate = true> <Delay = 1.23> <CoreInst = "RAM">   --->   Core 82 'RAM' <Latency = 1> <II = 1> <Delay = 1.23> <Storage> <Opcode : 'load' 'store'> <Ports = 2> <Width = 64> <Depth = 101> <RAM>
ST_133 : Operation 479 [1/1] (1.23ns)   --->   "%store_ln63 = store i64 0, i64 94" [Coefficients.cpp:63->Coefficients.cpp:41]   --->   Operation 479 'store' 'store_ln63' <Predicate = true> <Delay = 1.23> <CoreInst = "RAM">   --->   Core 82 'RAM' <Latency = 1> <II = 1> <Delay = 1.23> <Storage> <Opcode : 'load' 'store'> <Ports = 2> <Width = 64> <Depth = 101> <RAM>

State 134 <SV = 133> <Delay = 1.23>
ST_134 : Operation 480 [1/1] (1.23ns)   --->   "%store_ln63 = store i64 0, i64 95" [Coefficients.cpp:63->Coefficients.cpp:41]   --->   Operation 480 'store' 'store_ln63' <Predicate = true> <Delay = 1.23> <CoreInst = "RAM">   --->   Core 82 'RAM' <Latency = 1> <II = 1> <Delay = 1.23> <Storage> <Opcode : 'load' 'store'> <Ports = 2> <Width = 64> <Depth = 101> <RAM>
ST_134 : Operation 481 [1/1] (1.23ns)   --->   "%store_ln63 = store i64 0, i64 96" [Coefficients.cpp:63->Coefficients.cpp:41]   --->   Operation 481 'store' 'store_ln63' <Predicate = true> <Delay = 1.23> <CoreInst = "RAM">   --->   Core 82 'RAM' <Latency = 1> <II = 1> <Delay = 1.23> <Storage> <Opcode : 'load' 'store'> <Ports = 2> <Width = 64> <Depth = 101> <RAM>

State 135 <SV = 134> <Delay = 1.23>
ST_135 : Operation 482 [1/1] (1.23ns)   --->   "%store_ln63 = store i64 0, i64 97" [Coefficients.cpp:63->Coefficients.cpp:41]   --->   Operation 482 'store' 'store_ln63' <Predicate = true> <Delay = 1.23> <CoreInst = "RAM">   --->   Core 82 'RAM' <Latency = 1> <II = 1> <Delay = 1.23> <Storage> <Opcode : 'load' 'store'> <Ports = 2> <Width = 64> <Depth = 101> <RAM>
ST_135 : Operation 483 [1/1] (1.23ns)   --->   "%store_ln63 = store i64 0, i64 98" [Coefficients.cpp:63->Coefficients.cpp:41]   --->   Operation 483 'store' 'store_ln63' <Predicate = true> <Delay = 1.23> <CoreInst = "RAM">   --->   Core 82 'RAM' <Latency = 1> <II = 1> <Delay = 1.23> <Storage> <Opcode : 'load' 'store'> <Ports = 2> <Width = 64> <Depth = 101> <RAM>

State 136 <SV = 135> <Delay = 5.51>
ST_136 : Operation 484 [1/1] (1.23ns)   --->   "%store_ln63 = store i64 0, i64 99" [Coefficients.cpp:63->Coefficients.cpp:41]   --->   Operation 484 'store' 'store_ln63' <Predicate = (!doReset)> <Delay = 1.23> <CoreInst = "RAM">   --->   Core 82 'RAM' <Latency = 1> <II = 1> <Delay = 1.23> <Storage> <Opcode : 'load' 'store'> <Ports = 2> <Width = 64> <Depth = 101> <RAM>
ST_136 : Operation 485 [1/1] (1.23ns)   --->   "%store_ln63 = store i64 0, i64 100" [Coefficients.cpp:63->Coefficients.cpp:41]   --->   Operation 485 'store' 'store_ln63' <Predicate = (!doReset)> <Delay = 1.23> <CoreInst = "RAM">   --->   Core 82 'RAM' <Latency = 1> <II = 1> <Delay = 1.23> <Storage> <Opcode : 'load' 'store'> <Ports = 2> <Width = 64> <Depth = 101> <RAM>
ST_136 : Operation 486 [1/1] (0.42ns)   --->   "%br_ln66 = br void %_Z3firPdS_dib.exit" [Coefficients.cpp:66->Coefficients.cpp:41]   --->   Operation 486 'br' 'br_ln66' <Predicate = (!doReset)> <Delay = 0.42>
ST_136 : Operation 487 [1/1] (0.00ns)   --->   "%dc = phi i64 0, void %for.inc.i7, i64 0, void %Shift_Accum_Loop.i, i64 %acc, void %_Z3firPdS_dib.exit.loopexit"   --->   Operation 487 'phi' 'dc' <Predicate = true> <Delay = 0.00>
ST_136 : Operation 488 [1/1] (0.00ns)   --->   "%data = bitcast i64 %dc" [C:\scratch\2024.1\hls_product\545\2024.1\src\shared\hls\clib/src/hls\utils/x_hls_utils.h:459->C:\scratch\2024.1\hls_product\545\2024.1\src\shared\hls\clib/hlsmath/include/FloatingPoint\hls_case_IEEE754.h:13->C:\scratch\2024.1\hls_product\545\2024.1\src\shared\hls\clib/hlsmath/include/FloatingPoint\hls_case_IEEE754.h:117->C:\scratch\2024.1\hls_product\545\2024.1\src\shared\hls\clib\hlsmath\src\lib_floatconversion.cpp:55->Coefficients.cpp:44]   --->   Operation 488 'bitcast' 'data' <Predicate = true> <Delay = 0.00>
ST_136 : Operation 489 [1/1] (0.00ns)   --->   "%xs_sign = bitselect i1 @_ssdm_op_BitSelect.i1.i64.i32, i64 %data, i32 63" [C:\scratch\2024.1\hls_product\545\2024.1\src\shared\hls\clib/src/hls\utils/x_hls_utils.h:460->C:\scratch\2024.1\hls_product\545\2024.1\src\shared\hls\clib/hlsmath/include/FloatingPoint\hls_case_IEEE754.h:13->C:\scratch\2024.1\hls_product\545\2024.1\src\shared\hls\clib/hlsmath/include/FloatingPoint\hls_case_IEEE754.h:117->C:\scratch\2024.1\hls_product\545\2024.1\src\shared\hls\clib\hlsmath\src\lib_floatconversion.cpp:55->Coefficients.cpp:44]   --->   Operation 489 'bitselect' 'xs_sign' <Predicate = true> <Delay = 0.00>
ST_136 : Operation 490 [1/1] (0.00ns)   --->   "%xs_exp = partselect i11 @_ssdm_op_PartSelect.i11.i64.i32.i32, i64 %data, i32 52, i32 62" [C:\scratch\2024.1\hls_product\545\2024.1\src\shared\hls\clib/src/hls\utils/x_hls_utils.h:461->C:\scratch\2024.1\hls_product\545\2024.1\src\shared\hls\clib/hlsmath/include/FloatingPoint\hls_case_IEEE754.h:13->C:\scratch\2024.1\hls_product\545\2024.1\src\shared\hls\clib/hlsmath/include/FloatingPoint\hls_case_IEEE754.h:117->C:\scratch\2024.1\hls_product\545\2024.1\src\shared\hls\clib\hlsmath\src\lib_floatconversion.cpp:55->Coefficients.cpp:44]   --->   Operation 490 'partselect' 'xs_exp' <Predicate = true> <Delay = 0.00>
ST_136 : Operation 491 [1/1] (0.00ns)   --->   "%trunc_ln505 = trunc i64 %data" [C:\scratch\2024.1\hls_product\545\2024.1\src\shared\hls\clib/src/hls\utils/x_hls_utils.h:505->C:\scratch\2024.1\hls_product\545\2024.1\src\shared\hls\clib/hlsmath/include/FloatingPoint\hls_case_IEEE754.h:15->C:\scratch\2024.1\hls_product\545\2024.1\src\shared\hls\clib/hlsmath/include/FloatingPoint\hls_case_IEEE754.h:117->C:\scratch\2024.1\hls_product\545\2024.1\src\shared\hls\clib\hlsmath\src\lib_floatconversion.cpp:55->Coefficients.cpp:44]   --->   Operation 491 'trunc' 'trunc_ln505' <Predicate = true> <Delay = 0.00>
ST_136 : Operation 492 [1/1] (0.00ns)   --->   "%mantissa = bitconcatenate i54 @_ssdm_op_BitConcatenate.i54.i1.i52.i1, i1 1, i52 %trunc_ln505, i1 0" [C:\scratch\2024.1\hls_product\545\2024.1\src\shared\hls\clib/hlsmath/include/FloatingPoint\hls_case_IEEE754.h:15->C:\scratch\2024.1\hls_product\545\2024.1\src\shared\hls\clib/hlsmath/include/FloatingPoint\hls_case_IEEE754.h:117->C:\scratch\2024.1\hls_product\545\2024.1\src\shared\hls\clib\hlsmath\src\lib_floatconversion.cpp:55->Coefficients.cpp:44]   --->   Operation 492 'bitconcatenate' 'mantissa' <Predicate = true> <Delay = 0.00>
ST_136 : Operation 493 [1/1] (0.00ns)   --->   "%zext_ln15 = zext i54 %mantissa" [C:\scratch\2024.1\hls_product\545\2024.1\src\shared\hls\clib/hlsmath/include/FloatingPoint\hls_case_IEEE754.h:15->C:\scratch\2024.1\hls_product\545\2024.1\src\shared\hls\clib/hlsmath/include/FloatingPoint\hls_case_IEEE754.h:117->C:\scratch\2024.1\hls_product\545\2024.1\src\shared\hls\clib\hlsmath\src\lib_floatconversion.cpp:55->Coefficients.cpp:44]   --->   Operation 493 'zext' 'zext_ln15' <Predicate = true> <Delay = 0.00>
ST_136 : Operation 494 [1/1] (0.00ns)   --->   "%zext_ln486 = zext i11 %xs_exp" [C:\scratch\2024.1\hls_product\545\2024.1\src\shared\hls\clib/src/hls\utils/x_hls_utils.h:486->C:\scratch\2024.1\hls_product\545\2024.1\src\shared\hls\clib/hlsmath/include/FloatingPoint\hls_case_IEEE754.h:18->C:\scratch\2024.1\hls_product\545\2024.1\src\shared\hls\clib/hlsmath/include/FloatingPoint\hls_case_IEEE754.h:117->C:\scratch\2024.1\hls_product\545\2024.1\src\shared\hls\clib\hlsmath\src\lib_floatconversion.cpp:55->Coefficients.cpp:44]   --->   Operation 494 'zext' 'zext_ln486' <Predicate = true> <Delay = 0.00>
ST_136 : Operation 495 [1/1] (0.79ns)   --->   "%add_ln486 = add i12 %zext_ln486, i12 3073" [C:\scratch\2024.1\hls_product\545\2024.1\src\shared\hls\clib/src/hls\utils/x_hls_utils.h:486->C:\scratch\2024.1\hls_product\545\2024.1\src\shared\hls\clib/hlsmath/include/FloatingPoint\hls_case_IEEE754.h:18->C:\scratch\2024.1\hls_product\545\2024.1\src\shared\hls\clib/hlsmath/include/FloatingPoint\hls_case_IEEE754.h:117->C:\scratch\2024.1\hls_product\545\2024.1\src\shared\hls\clib\hlsmath\src\lib_floatconversion.cpp:55->Coefficients.cpp:44]   --->   Operation 495 'add' 'add_ln486' <Predicate = true> <Delay = 0.79> <CoreInst = "Adder">   --->   Core 1 'Adder' <Latency = 0> <II = 1> <Delay = 0.80> <FuncUnit> <Opcode : 'add' 'sub'> <InPorts = 2> <OutPorts = 1>
ST_136 : Operation 496 [1/1] (0.00ns)   --->   "%tmp_25 = bitselect i1 @_ssdm_op_BitSelect.i1.i12.i32, i12 %add_ln486, i32 11" [C:\scratch\2024.1\hls_product\545\2024.1\src\shared\hls\clib/hlsmath/include/FloatingPoint\hls_case_IEEE754.h:18->C:\scratch\2024.1\hls_product\545\2024.1\src\shared\hls\clib/hlsmath/include/FloatingPoint\hls_case_IEEE754.h:117->C:\scratch\2024.1\hls_product\545\2024.1\src\shared\hls\clib\hlsmath\src\lib_floatconversion.cpp:55->Coefficients.cpp:44]   --->   Operation 496 'bitselect' 'tmp_25' <Predicate = true> <Delay = 0.00>
ST_136 : Operation 497 [1/1] (0.79ns)   --->   "%sub_ln18 = sub i11 1023, i11 %xs_exp" [C:\scratch\2024.1\hls_product\545\2024.1\src\shared\hls\clib/hlsmath/include/FloatingPoint\hls_case_IEEE754.h:18->C:\scratch\2024.1\hls_product\545\2024.1\src\shared\hls\clib/hlsmath/include/FloatingPoint\hls_case_IEEE754.h:117->C:\scratch\2024.1\hls_product\545\2024.1\src\shared\hls\clib\hlsmath\src\lib_floatconversion.cpp:55->Coefficients.cpp:44]   --->   Operation 497 'sub' 'sub_ln18' <Predicate = true> <Delay = 0.79> <CoreInst = "Adder">   --->   Core 1 'Adder' <Latency = 0> <II = 1> <Delay = 0.79> <FuncUnit> <Opcode : 'add' 'sub'> <InPorts = 2> <OutPorts = 1>
ST_136 : Operation 498 [1/1] (0.00ns)   --->   "%sext_ln18 = sext i11 %sub_ln18" [C:\scratch\2024.1\hls_product\545\2024.1\src\shared\hls\clib/hlsmath/include/FloatingPoint\hls_case_IEEE754.h:18->C:\scratch\2024.1\hls_product\545\2024.1\src\shared\hls\clib/hlsmath/include/FloatingPoint\hls_case_IEEE754.h:117->C:\scratch\2024.1\hls_product\545\2024.1\src\shared\hls\clib\hlsmath\src\lib_floatconversion.cpp:55->Coefficients.cpp:44]   --->   Operation 498 'sext' 'sext_ln18' <Predicate = true> <Delay = 0.00>
ST_136 : Operation 499 [1/1] (0.37ns)   --->   "%select_ln18 = select i1 %tmp_25, i12 %sext_ln18, i12 %add_ln486" [C:\scratch\2024.1\hls_product\545\2024.1\src\shared\hls\clib/hlsmath/include/FloatingPoint\hls_case_IEEE754.h:18->C:\scratch\2024.1\hls_product\545\2024.1\src\shared\hls\clib/hlsmath/include/FloatingPoint\hls_case_IEEE754.h:117->C:\scratch\2024.1\hls_product\545\2024.1\src\shared\hls\clib\hlsmath\src\lib_floatconversion.cpp:55->Coefficients.cpp:44]   --->   Operation 499 'select' 'select_ln18' <Predicate = true> <Delay = 0.37> <CoreInst = "Sel">   --->   Core 73 'Sel' <Latency = 0> <II = 1> <Delay = 0.37> <FuncUnit> <Opcode : 'select'> <InPorts = 3> <OutPorts = 1>
ST_136 : Operation 500 [1/1] (0.00ns)   --->   "%sext_ln18_1 = sext i12 %select_ln18" [C:\scratch\2024.1\hls_product\545\2024.1\src\shared\hls\clib/hlsmath/include/FloatingPoint\hls_case_IEEE754.h:18->C:\scratch\2024.1\hls_product\545\2024.1\src\shared\hls\clib/hlsmath/include/FloatingPoint\hls_case_IEEE754.h:117->C:\scratch\2024.1\hls_product\545\2024.1\src\shared\hls\clib\hlsmath\src\lib_floatconversion.cpp:55->Coefficients.cpp:44]   --->   Operation 500 'sext' 'sext_ln18_1' <Predicate = true> <Delay = 0.00>
ST_136 : Operation 501 [1/1] (0.00ns)   --->   "%zext_ln18 = zext i32 %sext_ln18_1" [C:\scratch\2024.1\hls_product\545\2024.1\src\shared\hls\clib/hlsmath/include/FloatingPoint\hls_case_IEEE754.h:18->C:\scratch\2024.1\hls_product\545\2024.1\src\shared\hls\clib/hlsmath/include/FloatingPoint\hls_case_IEEE754.h:117->C:\scratch\2024.1\hls_product\545\2024.1\src\shared\hls\clib\hlsmath\src\lib_floatconversion.cpp:55->Coefficients.cpp:44]   --->   Operation 501 'zext' 'zext_ln18' <Predicate = true> <Delay = 0.00>
ST_136 : Operation 502 [1/1] (1.50ns)   --->   "%lshr_ln18 = lshr i137 %zext_ln15, i137 %zext_ln18" [C:\scratch\2024.1\hls_product\545\2024.1\src\shared\hls\clib/hlsmath/include/FloatingPoint\hls_case_IEEE754.h:18->C:\scratch\2024.1\hls_product\545\2024.1\src\shared\hls\clib/hlsmath/include/FloatingPoint\hls_case_IEEE754.h:117->C:\scratch\2024.1\hls_product\545\2024.1\src\shared\hls\clib\hlsmath\src\lib_floatconversion.cpp:55->Coefficients.cpp:44]   --->   Operation 502 'lshr' 'lshr_ln18' <Predicate = true> <Delay = 1.50> <CoreInst = "Shifter">   --->   Core 75 'Shifter' <Latency = 0> <II = 1> <Delay = 1.51> <FuncUnit> <Opcode : 'shl' 'lshr' 'ashr'> <InPorts = 2> <OutPorts = 1>
ST_136 : Operation 503 [1/1] (1.50ns)   --->   "%shl_ln18 = shl i137 %zext_ln15, i137 %zext_ln18" [C:\scratch\2024.1\hls_product\545\2024.1\src\shared\hls\clib/hlsmath/include/FloatingPoint\hls_case_IEEE754.h:18->C:\scratch\2024.1\hls_product\545\2024.1\src\shared\hls\clib/hlsmath/include/FloatingPoint\hls_case_IEEE754.h:117->C:\scratch\2024.1\hls_product\545\2024.1\src\shared\hls\clib\hlsmath\src\lib_floatconversion.cpp:55->Coefficients.cpp:44]   --->   Operation 503 'shl' 'shl_ln18' <Predicate = true> <Delay = 1.50> <CoreInst = "Shifter">   --->   Core 75 'Shifter' <Latency = 0> <II = 1> <Delay = 1.51> <FuncUnit> <Opcode : 'shl' 'lshr' 'ashr'> <InPorts = 2> <OutPorts = 1>
ST_136 : Operation 504 [1/1] (0.00ns)   --->   "%tmp_s = partselect i32 @_ssdm_op_PartSelect.i32.i137.i32.i32, i137 %lshr_ln18, i32 53, i32 84" [C:\scratch\2024.1\hls_product\545\2024.1\src\shared\hls\clib/hlsmath/include/FloatingPoint\hls_case_IEEE754.h:21->C:\scratch\2024.1\hls_product\545\2024.1\src\shared\hls\clib/hlsmath/include/FloatingPoint\hls_case_IEEE754.h:117->C:\scratch\2024.1\hls_product\545\2024.1\src\shared\hls\clib\hlsmath\src\lib_floatconversion.cpp:55->Coefficients.cpp:44]   --->   Operation 504 'partselect' 'tmp_s' <Predicate = true> <Delay = 0.00>
ST_136 : Operation 505 [1/1] (0.00ns)   --->   "%tmp_20 = partselect i32 @_ssdm_op_PartSelect.i32.i137.i32.i32, i137 %shl_ln18, i32 53, i32 84" [C:\scratch\2024.1\hls_product\545\2024.1\src\shared\hls\clib/hlsmath/include/FloatingPoint\hls_case_IEEE754.h:21->C:\scratch\2024.1\hls_product\545\2024.1\src\shared\hls\clib/hlsmath/include/FloatingPoint\hls_case_IEEE754.h:117->C:\scratch\2024.1\hls_product\545\2024.1\src\shared\hls\clib\hlsmath\src\lib_floatconversion.cpp:55->Coefficients.cpp:44]   --->   Operation 505 'partselect' 'tmp_20' <Predicate = true> <Delay = 0.00>
ST_136 : Operation 506 [1/1] (0.44ns)   --->   "%val = select i1 %tmp_25, i32 %tmp_s, i32 %tmp_20" [C:\scratch\2024.1\hls_product\545\2024.1\src\shared\hls\clib/hlsmath/include/FloatingPoint\hls_case_IEEE754.h:18->C:\scratch\2024.1\hls_product\545\2024.1\src\shared\hls\clib/hlsmath/include/FloatingPoint\hls_case_IEEE754.h:117->C:\scratch\2024.1\hls_product\545\2024.1\src\shared\hls\clib\hlsmath\src\lib_floatconversion.cpp:55->Coefficients.cpp:44]   --->   Operation 506 'select' 'val' <Predicate = true> <Delay = 0.44> <CoreInst = "Sel">   --->   Core 73 'Sel' <Latency = 0> <II = 1> <Delay = 0.44> <FuncUnit> <Opcode : 'select'> <InPorts = 3> <OutPorts = 1>
ST_136 : Operation 507 [1/1] (1.01ns)   --->   "%result_2 = sub i32 0, i32 %val" [C:\scratch\2024.1\hls_product\545\2024.1\src\shared\hls\clib/hlsmath/include/FloatingPoint\hls_case_IEEE754.h:59->C:\scratch\2024.1\hls_product\545\2024.1\src\shared\hls\clib/hlsmath/include/FloatingPoint\hls_case_IEEE754.h:117->C:\scratch\2024.1\hls_product\545\2024.1\src\shared\hls\clib\hlsmath\src\lib_floatconversion.cpp:55->Coefficients.cpp:44]   --->   Operation 507 'sub' 'result_2' <Predicate = true> <Delay = 1.01> <CoreInst = "Adder">   --->   Core 1 'Adder' <Latency = 0> <II = 1> <Delay = 1.01> <FuncUnit> <Opcode : 'add' 'sub'> <InPorts = 2> <OutPorts = 1>
ST_136 : Operation 508 [1/1] (0.44ns)   --->   "%result = select i1 %xs_sign, i32 %result_2, i32 %val" [C:\scratch\2024.1\hls_product\545\2024.1\src\shared\hls\clib/hlsmath/include/FloatingPoint\hls_case_IEEE754.h:59->C:\scratch\2024.1\hls_product\545\2024.1\src\shared\hls\clib/hlsmath/include/FloatingPoint\hls_case_IEEE754.h:117->C:\scratch\2024.1\hls_product\545\2024.1\src\shared\hls\clib\hlsmath\src\lib_floatconversion.cpp:55->Coefficients.cpp:44]   --->   Operation 508 'select' 'result' <Predicate = true> <Delay = 0.44> <CoreInst = "Sel">   --->   Core 73 'Sel' <Latency = 0> <II = 1> <Delay = 0.44> <FuncUnit> <Opcode : 'select'> <InPorts = 3> <OutPorts = 1>
ST_136 : Operation 509 [2/2] (0.49ns)   --->   "%write_ln46 = write void @_ssdm_op_Write.axis.volatile.i32P0A.i4P0A.i4P0A.i2P0A.i1P0A.i5P0A.i6P0A, i32 %out_stream_V_data_V, i4 %out_stream_V_keep_V, i4 %out_stream_V_strb_V, i2 %out_stream_V_user_V, i1 %out_stream_V_last_V, i5 %out_stream_V_id_V, i6 %out_stream_V_dest_V, i32 %result, i4 %tmp_keep, i4 %tmp_strb, i2 %tmp_user, i1 %tmp_last, i5 %tmp_id, i6 %tmp_dest" [Coefficients.cpp:46]   --->   Operation 509 'write' 'write_ln46' <Predicate = true> <Delay = 0.49> <CoreInst = "regslice">   --->   Core 148 'regslice' <Latency = 0> <II = 1> <Delay = 0.65> <Adapter> <Opcode : 'read' 'write'>

State 137 <SV = 86> <Delay = 2.32>
ST_137 : Operation 510 [1/1] (0.00ns)   --->   "%i_4 = phi i64 %add_ln70, void %for.inc17.i, i64 %i_4_cast, void %for.body4.i.preheader" [Coefficients.cpp:70->Coefficients.cpp:41]   --->   Operation 510 'phi' 'i_4' <Predicate = true> <Delay = 0.00>
ST_137 : Operation 511 [1/1] (0.00ns)   --->   "%acc = phi i64 %acc_1, void %for.inc17.i, i64 0, void %for.body4.i.preheader"   --->   Operation 511 'phi' 'acc' <Predicate = true> <Delay = 0.00>
ST_137 : Operation 512 [1/1] (0.00ns)   --->   "%tmp_21 = bitselect i1 @_ssdm_op_BitSelect.i1.i64.i32, i64 %i_4, i32 63" [Coefficients.cpp:70->Coefficients.cpp:41]   --->   Operation 512 'bitselect' 'tmp_21' <Predicate = true> <Delay = 0.00>
ST_137 : Operation 513 [1/1] (0.00ns)   --->   "%br_ln70 = br i1 %tmp_21, void %for.body4.i.split, void %_Z3firPdS_dib.exit.loopexit" [Coefficients.cpp:70->Coefficients.cpp:41]   --->   Operation 513 'br' 'br_ln70' <Predicate = true> <Delay = 0.00>
ST_137 : Operation 514 [1/1] (0.00ns)   --->   "%trunc_ln70 = trunc i64 %i_4" [Coefficients.cpp:70->Coefficients.cpp:41]   --->   Operation 514 'trunc' 'trunc_ln70' <Predicate = (!tmp_21)> <Delay = 0.00>
ST_137 : Operation 515 [1/1] (0.00ns)   --->   "%specloopname_ln70 = specloopname void @_ssdm_op_SpecLoopName, void @empty_14" [Coefficients.cpp:70->Coefficients.cpp:41]   --->   Operation 515 'specloopname' 'specloopname_ln70' <Predicate = (!tmp_21)> <Delay = 0.00>
ST_137 : Operation 516 [1/1] (1.08ns)   --->   "%icmp_ln71 = icmp_eq  i64 %i_4, i64 0" [Coefficients.cpp:71->Coefficients.cpp:41]   --->   Operation 516 'icmp' 'icmp_ln71' <Predicate = (!tmp_21)> <Delay = 1.08> <CoreInst = "Cmp">   --->   Core 9 'Cmp' <Latency = 0> <II = 1> <Delay = 1.08> <FuncUnit> <Opcode : 'seteq' 'setne' 'setle' 'setge' 'setlt' 'setgt'> <InPorts = 2> <OutPorts = 1>
ST_137 : Operation 517 [1/1] (0.00ns)   --->   "%br_ln71 = br i1 %icmp_ln71, void %if.else.i10, void %if.then6.i" [Coefficients.cpp:71->Coefficients.cpp:41]   --->   Operation 517 'br' 'br_ln71' <Predicate = (!tmp_21)> <Delay = 0.00>
ST_137 : Operation 518 [1/1] (0.77ns)   --->   "%add_ln75 = add i7 %trunc_ln70, i7 127" [Coefficients.cpp:75->Coefficients.cpp:41]   --->   Operation 518 'add' 'add_ln75' <Predicate = (!tmp_21 & !icmp_ln71)> <Delay = 0.77> <CoreInst = "Adder">   --->   Core 1 'Adder' <Latency = 0> <II = 1> <Delay = 0.77> <FuncUnit> <Opcode : 'add' 'sub'> <InPorts = 2> <OutPorts = 1>
ST_137 : Operation 519 [1/1] (0.00ns)   --->   "%zext_ln75 = zext i7 %add_ln75" [Coefficients.cpp:75->Coefficients.cpp:41]   --->   Operation 519 'zext' 'zext_ln75' <Predicate = (!tmp_21 & !icmp_ln71)> <Delay = 0.00>
ST_137 : Operation 520 [1/1] (0.00ns)   --->   "%shift_reg_addr = getelementptr i64 %shift_reg, i64 0, i64 %zext_ln75" [Coefficients.cpp:75->Coefficients.cpp:41]   --->   Operation 520 'getelementptr' 'shift_reg_addr' <Predicate = (!tmp_21 & !icmp_ln71)> <Delay = 0.00>
ST_137 : Operation 521 [2/2] (1.23ns)   --->   "%data_4 = load i7 %shift_reg_addr" [Coefficients.cpp:75->Coefficients.cpp:41]   --->   Operation 521 'load' 'data_4' <Predicate = (!tmp_21 & !icmp_ln71)> <Delay = 1.23> <CoreInst = "RAM">   --->   Core 82 'RAM' <Latency = 1> <II = 1> <Delay = 1.23> <Storage> <Opcode : 'load' 'store'> <Ports = 2> <Width = 64> <Depth = 101> <RAM>
ST_137 : Operation 522 [1/1] (1.23ns)   --->   "%store_ln72 = store i64 %x, i64 0" [Coefficients.cpp:72->Coefficients.cpp:41]   --->   Operation 522 'store' 'store_ln72' <Predicate = (!tmp_21 & icmp_ln71)> <Delay = 1.23> <CoreInst = "RAM">   --->   Core 82 'RAM' <Latency = 1> <II = 1> <Delay = 1.23> <Storage> <Opcode : 'load' 'store'> <Ports = 2> <Width = 64> <Depth = 101> <RAM>
ST_137 : Operation 523 [1/1] (0.42ns)   --->   "%br_ln74 = br void %for.inc17.i" [Coefficients.cpp:74->Coefficients.cpp:41]   --->   Operation 523 'br' 'br_ln74' <Predicate = (!tmp_21 & icmp_ln71)> <Delay = 0.42>
ST_137 : Operation 524 [1/1] (0.42ns)   --->   "%br_ln0 = br void %_Z3firPdS_dib.exit"   --->   Operation 524 'br' 'br_ln0' <Predicate = (tmp_21)> <Delay = 0.42>

State 138 <SV = 87> <Delay = 2.47>
ST_138 : Operation 525 [1/2] (1.23ns)   --->   "%data_4 = load i7 %shift_reg_addr" [Coefficients.cpp:75->Coefficients.cpp:41]   --->   Operation 525 'load' 'data_4' <Predicate = (!icmp_ln71)> <Delay = 1.23> <CoreInst = "RAM">   --->   Core 82 'RAM' <Latency = 1> <II = 1> <Delay = 1.23> <Storage> <Opcode : 'load' 'store'> <Ports = 2> <Width = 64> <Depth = 101> <RAM>
ST_138 : Operation 526 [1/1] (0.00ns)   --->   "%shift_reg_addr_1 = getelementptr i64 %shift_reg, i64 0, i64 %i_4" [Coefficients.cpp:75->Coefficients.cpp:41]   --->   Operation 526 'getelementptr' 'shift_reg_addr_1' <Predicate = (!icmp_ln71)> <Delay = 0.00>
ST_138 : Operation 527 [1/1] (1.23ns)   --->   "%store_ln75 = store i64 %data_4, i7 %shift_reg_addr_1" [Coefficients.cpp:75->Coefficients.cpp:41]   --->   Operation 527 'store' 'store_ln75' <Predicate = (!icmp_ln71)> <Delay = 1.23> <CoreInst = "RAM">   --->   Core 82 'RAM' <Latency = 1> <II = 1> <Delay = 1.23> <Storage> <Opcode : 'load' 'store'> <Ports = 2> <Width = 64> <Depth = 101> <RAM>
ST_138 : Operation 528 [1/1] (0.42ns)   --->   "%br_ln0 = br void %for.inc17.i"   --->   Operation 528 'br' 'br_ln0' <Predicate = (!icmp_ln71)> <Delay = 0.42>
ST_138 : Operation 529 [1/1] (0.00ns)   --->   "%c_addr = getelementptr i64 %taps, i64 0, i64 %i_4" [Coefficients.cpp:78->Coefficients.cpp:41]   --->   Operation 529 'getelementptr' 'c_addr' <Predicate = true> <Delay = 0.00>
ST_138 : Operation 530 [2/2] (1.23ns)   --->   "%c_load = load i7 %c_addr" [Coefficients.cpp:78->Coefficients.cpp:41]   --->   Operation 530 'load' 'c_load' <Predicate = true> <Delay = 1.23> <CoreInst = "RAM">   --->   Core 82 'RAM' <Latency = 1> <II = 1> <Delay = 1.23> <Storage> <Opcode : 'load' 'store'> <Ports = 2> <Width = 64> <Depth = 101> <RAM>
ST_138 : Operation 531 [1/1] (1.08ns)   --->   "%add_ln70 = add i64 %i_4, i64 18446744073709551615" [Coefficients.cpp:70->Coefficients.cpp:41]   --->   Operation 531 'add' 'add_ln70' <Predicate = true> <Delay = 1.08> <CoreInst = "Adder">   --->   Core 1 'Adder' <Latency = 0> <II = 1> <Delay = 1.08> <FuncUnit> <Opcode : 'add' 'sub'> <InPorts = 2> <OutPorts = 1>

State 139 <SV = 88> <Delay = 1.23>
ST_139 : Operation 532 [1/1] (0.00ns)   --->   "%data_3 = phi i64 %x, void %if.then6.i, i64 %data_4, void %if.else.i10"   --->   Operation 532 'phi' 'data_3' <Predicate = true> <Delay = 0.00>
ST_139 : Operation 533 [1/2] (1.23ns)   --->   "%c_load = load i7 %c_addr" [Coefficients.cpp:78->Coefficients.cpp:41]   --->   Operation 533 'load' 'c_load' <Predicate = true> <Delay = 1.23> <CoreInst = "RAM">   --->   Core 82 'RAM' <Latency = 1> <II = 1> <Delay = 1.23> <Storage> <Opcode : 'load' 'store'> <Ports = 2> <Width = 64> <Depth = 101> <RAM>

State 140 <SV = 89> <Delay = 7.04>
ST_140 : Operation 534 [5/5] (7.04ns)   --->   "%mul_i1 = dmul i64 %data_3, i64 %c_load" [Coefficients.cpp:78->Coefficients.cpp:41]   --->   Operation 534 'dmul' 'mul_i1' <Predicate = true> <Delay = 7.04> <CoreInst = "DMul_maxdsp">   --->   Core 49 'DMul_maxdsp' <Latency = 4> <II = 1> <Delay = 7.04> <FuncUnit> <Opcode : 'dmul'> <InPorts = 2> <OutPorts = 1>

State 141 <SV = 90> <Delay = 7.04>
ST_141 : Operation 535 [4/5] (7.04ns)   --->   "%mul_i1 = dmul i64 %data_3, i64 %c_load" [Coefficients.cpp:78->Coefficients.cpp:41]   --->   Operation 535 'dmul' 'mul_i1' <Predicate = true> <Delay = 7.04> <CoreInst = "DMul_maxdsp">   --->   Core 49 'DMul_maxdsp' <Latency = 4> <II = 1> <Delay = 7.04> <FuncUnit> <Opcode : 'dmul'> <InPorts = 2> <OutPorts = 1>

State 142 <SV = 91> <Delay = 7.04>
ST_142 : Operation 536 [3/5] (7.04ns)   --->   "%mul_i1 = dmul i64 %data_3, i64 %c_load" [Coefficients.cpp:78->Coefficients.cpp:41]   --->   Operation 536 'dmul' 'mul_i1' <Predicate = true> <Delay = 7.04> <CoreInst = "DMul_maxdsp">   --->   Core 49 'DMul_maxdsp' <Latency = 4> <II = 1> <Delay = 7.04> <FuncUnit> <Opcode : 'dmul'> <InPorts = 2> <OutPorts = 1>

State 143 <SV = 92> <Delay = 7.04>
ST_143 : Operation 537 [2/5] (7.04ns)   --->   "%mul_i1 = dmul i64 %data_3, i64 %c_load" [Coefficients.cpp:78->Coefficients.cpp:41]   --->   Operation 537 'dmul' 'mul_i1' <Predicate = true> <Delay = 7.04> <CoreInst = "DMul_maxdsp">   --->   Core 49 'DMul_maxdsp' <Latency = 4> <II = 1> <Delay = 7.04> <FuncUnit> <Opcode : 'dmul'> <InPorts = 2> <OutPorts = 1>

State 144 <SV = 93> <Delay = 7.04>
ST_144 : Operation 538 [1/5] (7.04ns)   --->   "%mul_i1 = dmul i64 %data_3, i64 %c_load" [Coefficients.cpp:78->Coefficients.cpp:41]   --->   Operation 538 'dmul' 'mul_i1' <Predicate = true> <Delay = 7.04> <CoreInst = "DMul_maxdsp">   --->   Core 49 'DMul_maxdsp' <Latency = 4> <II = 1> <Delay = 7.04> <FuncUnit> <Opcode : 'dmul'> <InPorts = 2> <OutPorts = 1>

State 145 <SV = 94> <Delay = 5.06>
ST_145 : Operation 539 [5/5] (5.06ns)   --->   "%acc_1 = dadd i64 %acc, i64 %mul_i1" [Coefficients.cpp:78->Coefficients.cpp:41]   --->   Operation 539 'dadd' 'acc_1' <Predicate = true> <Delay = 5.06> <CoreInst = "DAddSub_fulldsp">   --->   Core 37 'DAddSub_fulldsp' <Latency = 4> <II = 1> <Delay = 5.06> <FuncUnit> <Opcode : 'dadd' 'dsub'> <InPorts = 2> <OutPorts = 1>

State 146 <SV = 95> <Delay = 5.06>
ST_146 : Operation 540 [4/5] (5.06ns)   --->   "%acc_1 = dadd i64 %acc, i64 %mul_i1" [Coefficients.cpp:78->Coefficients.cpp:41]   --->   Operation 540 'dadd' 'acc_1' <Predicate = true> <Delay = 5.06> <CoreInst = "DAddSub_fulldsp">   --->   Core 37 'DAddSub_fulldsp' <Latency = 4> <II = 1> <Delay = 5.06> <FuncUnit> <Opcode : 'dadd' 'dsub'> <InPorts = 2> <OutPorts = 1>

State 147 <SV = 96> <Delay = 5.06>
ST_147 : Operation 541 [3/5] (5.06ns)   --->   "%acc_1 = dadd i64 %acc, i64 %mul_i1" [Coefficients.cpp:78->Coefficients.cpp:41]   --->   Operation 541 'dadd' 'acc_1' <Predicate = true> <Delay = 5.06> <CoreInst = "DAddSub_fulldsp">   --->   Core 37 'DAddSub_fulldsp' <Latency = 4> <II = 1> <Delay = 5.06> <FuncUnit> <Opcode : 'dadd' 'dsub'> <InPorts = 2> <OutPorts = 1>

State 148 <SV = 97> <Delay = 5.06>
ST_148 : Operation 542 [2/5] (5.06ns)   --->   "%acc_1 = dadd i64 %acc, i64 %mul_i1" [Coefficients.cpp:78->Coefficients.cpp:41]   --->   Operation 542 'dadd' 'acc_1' <Predicate = true> <Delay = 5.06> <CoreInst = "DAddSub_fulldsp">   --->   Core 37 'DAddSub_fulldsp' <Latency = 4> <II = 1> <Delay = 5.06> <FuncUnit> <Opcode : 'dadd' 'dsub'> <InPorts = 2> <OutPorts = 1>

State 149 <SV = 98> <Delay = 5.06>
ST_149 : Operation 543 [1/5] (5.06ns)   --->   "%acc_1 = dadd i64 %acc, i64 %mul_i1" [Coefficients.cpp:78->Coefficients.cpp:41]   --->   Operation 543 'dadd' 'acc_1' <Predicate = true> <Delay = 5.06> <CoreInst = "DAddSub_fulldsp">   --->   Core 37 'DAddSub_fulldsp' <Latency = 4> <II = 1> <Delay = 5.06> <FuncUnit> <Opcode : 'dadd' 'dsub'> <InPorts = 2> <OutPorts = 1>
ST_149 : Operation 544 [1/1] (0.00ns)   --->   "%br_ln70 = br void %for.body4.i" [Coefficients.cpp:70->Coefficients.cpp:41]   --->   Operation 544 'br' 'br_ln70' <Predicate = true> <Delay = 0.00>

State 150 <SV = 136> <Delay = 0.49>
ST_150 : Operation 545 [1/2] (0.49ns)   --->   "%write_ln46 = write void @_ssdm_op_Write.axis.volatile.i32P0A.i4P0A.i4P0A.i2P0A.i1P0A.i5P0A.i6P0A, i32 %out_stream_V_data_V, i4 %out_stream_V_keep_V, i4 %out_stream_V_strb_V, i2 %out_stream_V_user_V, i1 %out_stream_V_last_V, i5 %out_stream_V_id_V, i6 %out_stream_V_dest_V, i32 %result, i4 %tmp_keep, i4 %tmp_strb, i2 %tmp_user, i1 %tmp_last, i5 %tmp_id, i6 %tmp_dest" [Coefficients.cpp:46]   --->   Operation 545 'write' 'write_ln46' <Predicate = true> <Delay = 0.49> <CoreInst = "regslice">   --->   Core 148 'regslice' <Latency = 0> <II = 1> <Delay = 0.65> <Adapter> <Opcode : 'read' 'write'>
ST_150 : Operation 546 [1/1] (0.00ns)   --->   "%br_ln34 = br i1 %tmp_last, void %cleanup.cont, void %while.end" [Coefficients.cpp:34]   --->   Operation 546 'br' 'br_ln34' <Predicate = true> <Delay = 0.00>
ST_150 : Operation 547 [1/1] (0.00ns)   --->   "%br_ln26 = br void %while.body" [Coefficients.cpp:26]   --->   Operation 547 'br' 'br_ln26' <Predicate = (!tmp_last)> <Delay = 0.00>
ST_150 : Operation 548 [1/1] (0.00ns)   --->   "%ret_ln52 = ret" [Coefficients.cpp:52]   --->   Operation 548 'ret' 'ret_ln52' <Predicate = (tmp_last)> <Delay = 0.00>


============================================================
+ Verbose Summary: Binding
============================================================
STG Binding: 
---------------- STG Properties BEGIN ----------------
- Is combinational: 0
- Is one-state seq: 0
- Is datapath-only: 0
- Is pipelined: 0
- Is top level: 1
Port [ Return ] is wired: 1; IO mode=ap_ctrl_none:ce=0
Port [ gmem]:  wired=1; compound=1; hidden=0; nouse=0; global=0; static=0; extern=0; dir=2; type=4; pingpong=0; private_global=0; IO mode=m_axi:ce=0
Port [ in_stream_V_data_V]:  wired=1; compound=1; hidden=0; nouse=0; global=0; static=0; extern=0; dir=0; type=0; pingpong=0; private_global=0; IO mode=axis:ce=0
Port [ in_stream_V_keep_V]:  wired=1; compound=1; hidden=0; nouse=0; global=0; static=0; extern=0; dir=0; type=0; pingpong=0; private_global=0; IO mode=axis:ce=0
Port [ in_stream_V_strb_V]:  wired=1; compound=1; hidden=0; nouse=0; global=0; static=0; extern=0; dir=0; type=0; pingpong=0; private_global=0; IO mode=axis:ce=0
Port [ in_stream_V_user_V]:  wired=1; compound=1; hidden=0; nouse=0; global=0; static=0; extern=0; dir=0; type=0; pingpong=0; private_global=0; IO mode=axis:ce=0
Port [ in_stream_V_last_V]:  wired=1; compound=1; hidden=0; nouse=0; global=0; static=0; extern=0; dir=0; type=0; pingpong=0; private_global=0; IO mode=axis:ce=0
Port [ in_stream_V_id_V]:  wired=1; compound=1; hidden=0; nouse=0; global=0; static=0; extern=0; dir=0; type=0; pingpong=0; private_global=0; IO mode=axis:ce=0
Port [ in_stream_V_dest_V]:  wired=1; compound=1; hidden=0; nouse=0; global=0; static=0; extern=0; dir=0; type=0; pingpong=0; private_global=0; IO mode=axis:ce=0
Port [ out_stream_V_data_V]:  wired=1; compound=1; hidden=0; nouse=0; global=0; static=0; extern=0; dir=1; type=0; pingpong=0; private_global=0; IO mode=axis:ce=0
Port [ out_stream_V_keep_V]:  wired=1; compound=1; hidden=0; nouse=0; global=0; static=0; extern=0; dir=1; type=0; pingpong=0; private_global=0; IO mode=axis:ce=0
Port [ out_stream_V_strb_V]:  wired=1; compound=1; hidden=0; nouse=0; global=0; static=0; extern=0; dir=1; type=0; pingpong=0; private_global=0; IO mode=axis:ce=0
Port [ out_stream_V_user_V]:  wired=1; compound=1; hidden=0; nouse=0; global=0; static=0; extern=0; dir=1; type=0; pingpong=0; private_global=0; IO mode=axis:ce=0
Port [ out_stream_V_last_V]:  wired=1; compound=1; hidden=0; nouse=0; global=0; static=0; extern=0; dir=1; type=0; pingpong=0; private_global=0; IO mode=axis:ce=0
Port [ out_stream_V_id_V]:  wired=1; compound=1; hidden=0; nouse=0; global=0; static=0; extern=0; dir=1; type=0; pingpong=0; private_global=0; IO mode=axis:ce=0
Port [ out_stream_V_dest_V]:  wired=1; compound=1; hidden=0; nouse=0; global=0; static=0; extern=0; dir=1; type=0; pingpong=0; private_global=0; IO mode=axis:ce=0
Port [ bram]:  wired=1; compound=0; hidden=0; nouse=0; global=0; static=0; extern=0; dir=0; type=0; pingpong=0; private_global=0; IO mode=ap_none:ce=0
Port [ ref_4oPi_table_256]:  wired=0; compound=1; hidden=1; nouse=1; global=1; static=1; extern=0; dir=0; type=1; pingpong=0; private_global=1; MemPort=[1]; IO mode=ap_memory:ce=0
Port [ fourth_order_double_sin_cos_K0]:  wired=0; compound=1; hidden=1; nouse=1; global=1; static=1; extern=0; dir=0; type=1; pingpong=0; private_global=1; MemPort=[1]; IO mode=ap_memory:ce=0
Port [ fourth_order_double_sin_cos_K1]:  wired=0; compound=1; hidden=1; nouse=1; global=1; static=1; extern=0; dir=0; type=1; pingpong=0; private_global=1; MemPort=[1]; IO mode=ap_memory:ce=0
Port [ fourth_order_double_sin_cos_K2]:  wired=0; compound=1; hidden=1; nouse=1; global=1; static=1; extern=0; dir=0; type=1; pingpong=0; private_global=1; MemPort=[1]; IO mode=ap_memory:ce=0
Port [ fourth_order_double_sin_cos_K3]:  wired=0; compound=1; hidden=1; nouse=1; global=1; static=1; extern=0; dir=0; type=1; pingpong=0; private_global=1; MemPort=[1]; IO mode=ap_memory:ce=0
Port [ fourth_order_double_sin_cos_K4]:  wired=0; compound=1; hidden=1; nouse=1; global=1; static=1; extern=0; dir=0; type=1; pingpong=0; private_global=1; MemPort=[1]; IO mode=ap_memory:ce=0
Port [ shift_reg]:  wired=0; compound=1; hidden=1; nouse=0; global=1; static=1; extern=0; dir=2; type=1; pingpong=0; private_global=1; MemPort=[02]; IO mode=ap_memory:ce=0
---------------- STG Properties END ------------------

---------------- Datapath Model BEGIN ----------------

<LifeTime>
<method=bitvector/>
bram_read                (read               ) [ 0011111111111111111111111111111111111111111111111111111111111111111111111111100000000000000000000000000000000000000000000000000000000000000000000000000]
gain_re_loc              (alloca             ) [ 0011111111111111111111111111111111111111111111111111111111111111111111111110000000000000000000000000000000000000000000000000000000000000000000000000000]
p_loc117                 (alloca             ) [ 0011111111111111111111111111111111111111111111111111111111111111111000000000000000000000000000000000000000000000000000000000000000000000000000000000000]
p_loc116                 (alloca             ) [ 0011111111111000000000000000000000000000000000000000000000000000000000000000000000000000000000000000000000000000000000000000000000000000000000000000000]
p_loc115                 (alloca             ) [ 0011111111111000000000000000000000000000000000000000000000000000000000000000000000000000000000000000000000000000000000000000000000000000000000000000000]
p_loc                    (alloca             ) [ 0011111111111111110000000000000000000000000000000000000000000000000000000000000000000000000000000000000000000000000000000000000000000000000000000000000]
taps                     (alloca             ) [ 0011111111111111111111111111111111111111111111111111111111111111111111111111111111111111111111111111111111111111111111111111111111111111111111111111111]
trunc_ln                 (partselect         ) [ 0011111111110000000000000000000000000000000000000000000000000000000000000000000000000000000000000000000000000000000000000000000000000000000000000000000]
sext_ln14                (sext               ) [ 0000000000000000000000000000000000000000000000000000000000000000000000000000000000000000000000000000000000000000000000000000000000000000000000000000000]
gmem_addr                (getelementptr      ) [ 0001111111000000000000000000000000000000000000000000000000000000000000000000000000000000000000000000000000000000000000000000000000000000000000000000000]
empty                    (readreq            ) [ 0000000000000000000000000000000000000000000000000000000000000000000000000000000000000000000000000000000000000000000000000000000000000000000000000000000]
call_ln14                (call               ) [ 0000000000000000000000000000000000000000000000000000000000000000000000000000000000000000000000000000000000000000000000000000000000000000000000000000000]
add_ln16                 (add                ) [ 0000000000000000000000000000000000000000000000000000000000000000000000000000000000000000000000000000000000000000000000000000000000000000000000000000000]
trunc_ln3                (partselect         ) [ 0000000000000000000000000000000000000000000000000000000000000000000000000000000000000000000000000000000000000000000000000000000000000000000000000000000]
sext_ln16                (sext               ) [ 0000000000000000000000000000000000000000000000000000000000000000000000000000000000000000000000000000000000000000000000000000000000000000000000000000000]
gmem_addr_1              (getelementptr      ) [ 0000000000001111111000000000000000000000000000000000000000000000000000000000000000000000000000000000000000000000000000000000000000000000000000000000000]
p_loc115_load            (load               ) [ 0000000000000111000000000000000000000000000000000000000000000000000000000000000000000000000000000000000000000000000000000000000000000000000000000000000]
p_loc116_load            (load               ) [ 0000000000000111000000000000000000000000000000000000000000000000000000000000000000000000000000000000000000000000000000000000000000000000000000000000000]
gmem_addr_1_req          (writereq           ) [ 0000000000000000000000000000000000000000000000000000000000000000000000000000000000000000000000000000000000000000000000000000000000000000000000000000000]
write_ln16               (write              ) [ 0000000000000000000000000000000000000000000000000000000000000000000000000000000000000000000000000000000000000000000000000000000000000000000000000000000]
conv_i                   (sitodp             ) [ 0000000000000000111110000000000000000000000000000000000000000000000000000000000000000000000000000000000000000000000000000000000000000000000000000000000]
conv3_i                  (sitodp             ) [ 0000000000000000111110000000000000000000000000000000000000000000000000000000000000000000000000000000000000000000000000000000000000000000000000000000000]
p_loc_load               (load               ) [ 0000000000000000001110000000000000000000000000000000000000000000000000000000000000000000000000000000000000000000000000000000000000000000000000000000000]
gmem_addr_1_resp         (writeresp          ) [ 0000000000000000000000000000000000000000000000000000000000000000000000000000000000000000000000000000000000000000000000000000000000000000000000000000000]
mul_i                    (dmul               ) [ 0000000000000000000001111111111111111111111000000000000000000000000000000000000000000000000000000000000000000000000000000000000000000000000000000000000]
conv1_i                  (sitodp             ) [ 0000000000000000000001111111111111111111111000000000000000000000000000000000000000000000000000000000000000000000000000000000000000000000000000000000000]
mul4_i                   (dmul               ) [ 0000000000000000000001111111111111111111111000000000000000000000000000000000000000000000000000000000000000000000000000000000000000000000000000000000000]
omegaLower               (ddiv               ) [ 0000000000000000000000000000000000000000000111111111111111111111111111110000000000000000000000000000000000000000000000000000000000000000000000000000000]
omegaUpper               (ddiv               ) [ 0000000000000000000000000000000000000000000111111111111111111111111111110000000000000000000000000000000000000000000000000000000000000000000000000000000]
sub9_i                   (dsub               ) [ 0000000000000000000000000000000000000000000000001111111111111111111111000000000000000000000000000000000000000000000000000000000000000000000000000000000]
p_loc117_load            (load               ) [ 0000000000000000000000000000000000000000000000000000000000000000000111111111100000000000000000000000000000000000000000000000000000000000000000000000000]
i                        (add                ) [ 0000000000000000000000000000000000000000000000000000000000000000000111111111100000000000000000000000000000000000000000000000000000000000000000000000000]
tmp                      (bitselect          ) [ 0000000000000000000000000000000000000000000000000000000000000000000111111111111111111111111111111111111111111111111111111111111111111111111111111111111]
lshr_ln86_2              (partselect         ) [ 0000000000000000000000000000000000000000000000000000000000000000000111100000000000000000000000000000000000000000000000000000000000000000000000000000000]
add_i                    (dadd               ) [ 0000000000000000000000000000000000000000000000000000000000000000000111110000000000000000000000000000000000000000000000000000000000000000000000000000000]
div10_i                  (ddiv               ) [ 0000000000000000000000000000000000000000000000000000000000000000000000110000000000000000000000000000000000000000000000000000000000000000000000000000000]
conv23_i                 (sitodp             ) [ 0000000000000000000000000000000000000000000000000000000000000000000000110000000000000000000000000000000000000000000000000000000000000000000000000000000]
sub_ln86                 (sub                ) [ 0000000000000000000000000000000000000000000000000000000000000000000000000000000000000000000000000000000000000000000000000000000000000000000000000000000]
lshr_ln86_1              (partselect         ) [ 0000000000000000000000000000000000000000000000000000000000000000000000000000000000000000000000000000000000000000000000000000000000000000000000000000000]
zext_ln86                (zext               ) [ 0000000000000000000000000000000000000000000000000000000000000000000000000000000000000000000000000000000000000000000000000000000000000000000000000000000]
sub_ln86_1               (sub                ) [ 0000000000000000000000000000000000000000000000000000000000000000000000000000000000000000000000000000000000000000000000000000000000000000000000000000000]
zext_ln86_1              (zext               ) [ 0000000000000000000000000000000000000000000000000000000000000000000000000000000000000000000000000000000000000000000000000000000000000000000000000000000]
M                        (select             ) [ 0000000000000000000000000000000000000000000000000000000000000000000000011100000000000000000000000000000000000000000000000000000000000000000000000000000]
call_ln90                (call               ) [ 0000000000000000000000000000000000000000000000000000000000000000000000000000000000000000000000000000000000000000000000000000000000000000000000000000000]
centerOmega              (dmul               ) [ 0000000000000000000000000000000000000000000000000000000000000000000000001100000000000000000000000000000000000000000000000000000000000000000000000000000]
call_ln86                (call               ) [ 0000000000000000000000000000000000000000000000000000000000000000000000000000000000000000000000000000000000000000000000000000000000000000000000000000000]
gain_re_loc_load         (load               ) [ 0000000000000000000000000000000000000000000000000000000000000000000000000001100000000000000000000000000000000000000000000000000000000000000000000000000]
spectopmodule_ln4        (spectopmodule      ) [ 0000000000000000000000000000000000000000000000000000000000000000000000000000000000000000000000000000000000000000000000000000000000000000000000000000000]
specinterface_ln4        (specinterface      ) [ 0000000000000000000000000000000000000000000000000000000000000000000000000000000000000000000000000000000000000000000000000000000000000000000000000000000]
specinterface_ln0        (specinterface      ) [ 0000000000000000000000000000000000000000000000000000000000000000000000000000000000000000000000000000000000000000000000000000000000000000000000000000000]
specbitsmap_ln0          (specbitsmap        ) [ 0000000000000000000000000000000000000000000000000000000000000000000000000000000000000000000000000000000000000000000000000000000000000000000000000000000]
specinterface_ln0        (specinterface      ) [ 0000000000000000000000000000000000000000000000000000000000000000000000000000000000000000000000000000000000000000000000000000000000000000000000000000000]
specbitsmap_ln0          (specbitsmap        ) [ 0000000000000000000000000000000000000000000000000000000000000000000000000000000000000000000000000000000000000000000000000000000000000000000000000000000]
specbitsmap_ln0          (specbitsmap        ) [ 0000000000000000000000000000000000000000000000000000000000000000000000000000000000000000000000000000000000000000000000000000000000000000000000000000000]
specbitsmap_ln0          (specbitsmap        ) [ 0000000000000000000000000000000000000000000000000000000000000000000000000000000000000000000000000000000000000000000000000000000000000000000000000000000]
specbitsmap_ln0          (specbitsmap        ) [ 0000000000000000000000000000000000000000000000000000000000000000000000000000000000000000000000000000000000000000000000000000000000000000000000000000000]
specbitsmap_ln0          (specbitsmap        ) [ 0000000000000000000000000000000000000000000000000000000000000000000000000000000000000000000000000000000000000000000000000000000000000000000000000000000]
specbitsmap_ln0          (specbitsmap        ) [ 0000000000000000000000000000000000000000000000000000000000000000000000000000000000000000000000000000000000000000000000000000000000000000000000000000000]
specbitsmap_ln0          (specbitsmap        ) [ 0000000000000000000000000000000000000000000000000000000000000000000000000000000000000000000000000000000000000000000000000000000000000000000000000000000]
specinterface_ln0        (specinterface      ) [ 0000000000000000000000000000000000000000000000000000000000000000000000000000000000000000000000000000000000000000000000000000000000000000000000000000000]
specbitsmap_ln0          (specbitsmap        ) [ 0000000000000000000000000000000000000000000000000000000000000000000000000000000000000000000000000000000000000000000000000000000000000000000000000000000]
specbitsmap_ln0          (specbitsmap        ) [ 0000000000000000000000000000000000000000000000000000000000000000000000000000000000000000000000000000000000000000000000000000000000000000000000000000000]
specbitsmap_ln0          (specbitsmap        ) [ 0000000000000000000000000000000000000000000000000000000000000000000000000000000000000000000000000000000000000000000000000000000000000000000000000000000]
specbitsmap_ln0          (specbitsmap        ) [ 0000000000000000000000000000000000000000000000000000000000000000000000000000000000000000000000000000000000000000000000000000000000000000000000000000000]
specbitsmap_ln0          (specbitsmap        ) [ 0000000000000000000000000000000000000000000000000000000000000000000000000000000000000000000000000000000000000000000000000000000000000000000000000000000]
specbitsmap_ln0          (specbitsmap        ) [ 0000000000000000000000000000000000000000000000000000000000000000000000000000000000000000000000000000000000000000000000000000000000000000000000000000000]
specbitsmap_ln0          (specbitsmap        ) [ 0000000000000000000000000000000000000000000000000000000000000000000000000000000000000000000000000000000000000000000000000000000000000000000000000000000]
specinterface_ln0        (specinterface      ) [ 0000000000000000000000000000000000000000000000000000000000000000000000000000000000000000000000000000000000000000000000000000000000000000000000000000000]
specinterface_ln0        (specinterface      ) [ 0000000000000000000000000000000000000000000000000000000000000000000000000000000000000000000000000000000000000000000000000000000000000000000000000000000]
specinterface_ln0        (specinterface      ) [ 0000000000000000000000000000000000000000000000000000000000000000000000000000000000000000000000000000000000000000000000000000000000000000000000000000000]
specaxissidechannel_ln14 (specaxissidechannel) [ 0000000000000000000000000000000000000000000000000000000000000000000000000000000000000000000000000000000000000000000000000000000000000000000000000000000]
specaxissidechannel_ln14 (specaxissidechannel) [ 0000000000000000000000000000000000000000000000000000000000000000000000000000000000000000000000000000000000000000000000000000000000000000000000000000000]
bitcast_ln118            (bitcast            ) [ 0000000000000000000000000000000000000000000000000000000000000000000000000000000000000000000000000000000000000000000000000000000000000000000000000000000]
tmp_1                    (partselect         ) [ 0000000000000000000000000000000000000000000000000000000000000000000000000000000000000000000000000000000000000000000000000000000000000000000000000000000]
trunc_ln118              (trunc              ) [ 0000000000000000000000000000000000000000000000000000000000000000000000000000000000000000000000000000000000000000000000000000000000000000000000000000000]
icmp_ln118               (icmp               ) [ 0000000000000000000000000000000000000000000000000000000000000000000000000000000000000000000000000000000000000000000000000000000000000000000000000000000]
icmp_ln118_1             (icmp               ) [ 0000000000000000000000000000000000000000000000000000000000000000000000000000000000000000000000000000000000000000000000000000000000000000000000000000000]
or_ln118                 (or                 ) [ 0000000000000000000000000000000000000000000000000000000000000000000000000000000000000000000000000000000000000000000000000000000000000000000000000000000]
tmp_2                    (dcmp               ) [ 0000000000000000000000000000000000000000000000000000000000000000000000000000000000000000000000000000000000000000000000000000000000000000000000000000000]
and_ln118                (and                ) [ 0000000000000000000000000000000000000000000000000000000000000000000000000001100000000000000000000000000000000000000000000000000000000000000000000000000]
br_ln118                 (br                 ) [ 0000000000000000000000000000000000000000000000000000000000000000000000000000000000000000000000000000000000000000000000000000000000000000000000000000000]
call_ln0                 (call               ) [ 0000000000000000000000000000000000000000000000000000000000000000000000000000000000000000000000000000000000000000000000000000000000000000000000000000000]
br_ln0                   (br                 ) [ 0000000000000000000000000000000000000000000000000000000000000000000000000000000000000000000000000000000000000000000000000000000000000000000000000000000]
empty_58                 (add                ) [ 0000000000000000000000000000000000000000000000000000000000000000000000000000000000000000000000000000000000000000000000000000000000000000000000000000000]
p_cast                   (partselect         ) [ 0000000000000000000000000000000000000000000000000000000000000000000000000000000000000000000000000000000000000000000000000000000000000000000000000000000]
p_cast_cast              (sext               ) [ 0000000000000000000000000000000000000000000000000000000000000000000000000000000000000000000000000000000000000000000000000000000000000000000000000000000]
gmem_addr_2              (getelementptr      ) [ 0000000000000000000000000000000000000000000000000000000000000000000000000000011111111111111111111111111111111111111111111111111111111111111111111111111]
i_4_cast                 (sext               ) [ 0000000000000000000000000000000000000000000000000000000000000000000000000000011111111111111111111111111111111111111111111111111111111111111111111111111]
br_ln26                  (br                 ) [ 0000000000000000000000000000000000000000000000000000000000000000000000000000000000000000000000000000000000000000000000000000000000000000000000000000000]
empty_59                 (read               ) [ 0000000000000000000000000000000000000000000000000000000000000000000000000000000000000000000000000000000000000000000000000000000000000000000000000000000]
tmp_data_1               (extractvalue       ) [ 0000000000000000000000000000000000000000000000000000000000000000000000000000000000001110000000000000000000000000000000000000000000000000000000000000000]
tmp_keep                 (extractvalue       ) [ 0000000000000000000000000000000000000000000000000000000000000000000000000000000000001111111111111111111111111111111111111111111111111111111111111111111]
tmp_strb                 (extractvalue       ) [ 0000000000000000000000000000000000000000000000000000000000000000000000000000000000001111111111111111111111111111111111111111111111111111111111111111111]
tmp_user                 (extractvalue       ) [ 0000000000000000000000000000000000000000000000000000000000000000000000000000000000001111111111111111111111111111111111111111111111111111111111111111111]
tmp_last                 (extractvalue       ) [ 0000000000000000000000000000000000000000000000000000000000000000000000000000000000001111111111111111111111111111111111111111111111111111111111111111111]
tmp_id                   (extractvalue       ) [ 0000000000000000000000000000000000000000000000000000000000000000000000000000000000001111111111111111111111111111111111111111111111111111111111111111111]
tmp_dest                 (extractvalue       ) [ 0000000000000000000000000000000000000000000000000000000000000000000000000000000000001111111111111111111111111111111111111111111111111111111111111111111]
gmem_load_req            (readreq            ) [ 0000000000000000000000000000000000000000000000000000000000000000000000000000000000000000000000000000000000000000000000000000000000000000000000000000000]
gmem_addr_2_read         (read               ) [ 0000000000000000000000000000000000000000000000000000000000000000000000000000000000000010000000000000000000000000000000000000000000000000000000000000000]
specpipeline_ln27        (specpipeline       ) [ 0000000000000000000000000000000000000000000000000000000000000000000000000000000000000000000000000000000000000000000000000000000000000000000000000000000]
specloopname_ln26        (specloopname       ) [ 0000000000000000000000000000000000000000000000000000000000000000000000000000000000000000000000000000000000000000000000000000000000000000000000000000000]
doReset                  (icmp               ) [ 0000000000000000000000000000000000000000000000000000000000000000000000000000011111111111111111111111111111111111111111111111111111111111111111111111111]
x                        (sitodp             ) [ 0000000000000000000000000000000000000000000000000000000000000000000000000000000000000000000000000000000000000000000000000000000000000000011111111111110]
br_ln30                  (br                 ) [ 0000000000000000000000000000000000000000000000000000000000000000000000000000000000000000000000000000000000000000000000000000000000000000000000000000000]
store_ln63               (store              ) [ 0000000000000000000000000000000000000000000000000000000000000000000000000000000000000000000000000000000000000000000000000000000000000000000000000000000]
store_ln63               (store              ) [ 0000000000000000000000000000000000000000000000000000000000000000000000000000000000000000000000000000000000000000000000000000000000000000000000000000000]
br_ln70                  (br                 ) [ 0000000000000000000000000000000000000000000000000000000000000000000000000000011111111111111111111111111111111111111111111111111111111111111111111111111]
br_ln70                  (br                 ) [ 0000000000000000000000000000000000000000000000000000000000000000000000000000011111111111111111111111111111111111111111111111111111111111111111111111111]
gmem_addr_2_req          (writereq           ) [ 0000000000000000000000000000000000000000000000000000000000000000000000000000000000000000000000000000000000000000000000000000000000000000000000000000000]
store_ln63               (store              ) [ 0000000000000000000000000000000000000000000000000000000000000000000000000000000000000000000000000000000000000000000000000000000000000000000000000000000]
store_ln63               (store              ) [ 0000000000000000000000000000000000000000000000000000000000000000000000000000000000000000000000000000000000000000000000000000000000000000000000000000000]
write_ln31               (write              ) [ 0000000000000000000000000000000000000000000000000000000000000000000000000000000000000000000000000000000000000000000000000000000000000000000000000000000]
store_ln63               (store              ) [ 0000000000000000000000000000000000000000000000000000000000000000000000000000000000000000000000000000000000000000000000000000000000000000000000000000000]
store_ln63               (store              ) [ 0000000000000000000000000000000000000000000000000000000000000000000000000000000000000000000000000000000000000000000000000000000000000000000000000000000]
store_ln63               (store              ) [ 0000000000000000000000000000000000000000000000000000000000000000000000000000000000000000000000000000000000000000000000000000000000000000000000000000000]
store_ln63               (store              ) [ 0000000000000000000000000000000000000000000000000000000000000000000000000000000000000000000000000000000000000000000000000000000000000000000000000000000]
store_ln63               (store              ) [ 0000000000000000000000000000000000000000000000000000000000000000000000000000000000000000000000000000000000000000000000000000000000000000000000000000000]
store_ln63               (store              ) [ 0000000000000000000000000000000000000000000000000000000000000000000000000000000000000000000000000000000000000000000000000000000000000000000000000000000]
store_ln63               (store              ) [ 0000000000000000000000000000000000000000000000000000000000000000000000000000000000000000000000000000000000000000000000000000000000000000000000000000000]
store_ln63               (store              ) [ 0000000000000000000000000000000000000000000000000000000000000000000000000000000000000000000000000000000000000000000000000000000000000000000000000000000]
store_ln63               (store              ) [ 0000000000000000000000000000000000000000000000000000000000000000000000000000000000000000000000000000000000000000000000000000000000000000000000000000000]
store_ln63               (store              ) [ 0000000000000000000000000000000000000000000000000000000000000000000000000000000000000000000000000000000000000000000000000000000000000000000000000000000]
gmem_addr_2_resp         (writeresp          ) [ 0000000000000000000000000000000000000000000000000000000000000000000000000000000000000000000000000000000000000000000000000000000000000000000000000000000]
store_ln63               (store              ) [ 0000000000000000000000000000000000000000000000000000000000000000000000000000000000000000000000000000000000000000000000000000000000000000000000000000000]
store_ln63               (store              ) [ 0000000000000000000000000000000000000000000000000000000000000000000000000000000000000000000000000000000000000000000000000000000000000000000000000000000]
store_ln63               (store              ) [ 0000000000000000000000000000000000000000000000000000000000000000000000000000000000000000000000000000000000000000000000000000000000000000000000000000000]
store_ln63               (store              ) [ 0000000000000000000000000000000000000000000000000000000000000000000000000000000000000000000000000000000000000000000000000000000000000000000000000000000]
store_ln63               (store              ) [ 0000000000000000000000000000000000000000000000000000000000000000000000000000000000000000000000000000000000000000000000000000000000000000000000000000000]
store_ln63               (store              ) [ 0000000000000000000000000000000000000000000000000000000000000000000000000000000000000000000000000000000000000000000000000000000000000000000000000000000]
store_ln63               (store              ) [ 0000000000000000000000000000000000000000000000000000000000000000000000000000000000000000000000000000000000000000000000000000000000000000000000000000000]
store_ln63               (store              ) [ 0000000000000000000000000000000000000000000000000000000000000000000000000000000000000000000000000000000000000000000000000000000000000000000000000000000]
store_ln63               (store              ) [ 0000000000000000000000000000000000000000000000000000000000000000000000000000000000000000000000000000000000000000000000000000000000000000000000000000000]
store_ln63               (store              ) [ 0000000000000000000000000000000000000000000000000000000000000000000000000000000000000000000000000000000000000000000000000000000000000000000000000000000]
store_ln63               (store              ) [ 0000000000000000000000000000000000000000000000000000000000000000000000000000000000000000000000000000000000000000000000000000000000000000000000000000000]
store_ln63               (store              ) [ 0000000000000000000000000000000000000000000000000000000000000000000000000000000000000000000000000000000000000000000000000000000000000000000000000000000]
store_ln63               (store              ) [ 0000000000000000000000000000000000000000000000000000000000000000000000000000000000000000000000000000000000000000000000000000000000000000000000000000000]
store_ln63               (store              ) [ 0000000000000000000000000000000000000000000000000000000000000000000000000000000000000000000000000000000000000000000000000000000000000000000000000000000]
store_ln63               (store              ) [ 0000000000000000000000000000000000000000000000000000000000000000000000000000000000000000000000000000000000000000000000000000000000000000000000000000000]
store_ln63               (store              ) [ 0000000000000000000000000000000000000000000000000000000000000000000000000000000000000000000000000000000000000000000000000000000000000000000000000000000]
store_ln63               (store              ) [ 0000000000000000000000000000000000000000000000000000000000000000000000000000000000000000000000000000000000000000000000000000000000000000000000000000000]
store_ln63               (store              ) [ 0000000000000000000000000000000000000000000000000000000000000000000000000000000000000000000000000000000000000000000000000000000000000000000000000000000]
store_ln63               (store              ) [ 0000000000000000000000000000000000000000000000000000000000000000000000000000000000000000000000000000000000000000000000000000000000000000000000000000000]
store_ln63               (store              ) [ 0000000000000000000000000000000000000000000000000000000000000000000000000000000000000000000000000000000000000000000000000000000000000000000000000000000]
store_ln63               (store              ) [ 0000000000000000000000000000000000000000000000000000000000000000000000000000000000000000000000000000000000000000000000000000000000000000000000000000000]
store_ln63               (store              ) [ 0000000000000000000000000000000000000000000000000000000000000000000000000000000000000000000000000000000000000000000000000000000000000000000000000000000]
store_ln63               (store              ) [ 0000000000000000000000000000000000000000000000000000000000000000000000000000000000000000000000000000000000000000000000000000000000000000000000000000000]
store_ln63               (store              ) [ 0000000000000000000000000000000000000000000000000000000000000000000000000000000000000000000000000000000000000000000000000000000000000000000000000000000]
store_ln63               (store              ) [ 0000000000000000000000000000000000000000000000000000000000000000000000000000000000000000000000000000000000000000000000000000000000000000000000000000000]
store_ln63               (store              ) [ 0000000000000000000000000000000000000000000000000000000000000000000000000000000000000000000000000000000000000000000000000000000000000000000000000000000]
store_ln63               (store              ) [ 0000000000000000000000000000000000000000000000000000000000000000000000000000000000000000000000000000000000000000000000000000000000000000000000000000000]
store_ln63               (store              ) [ 0000000000000000000000000000000000000000000000000000000000000000000000000000000000000000000000000000000000000000000000000000000000000000000000000000000]
store_ln63               (store              ) [ 0000000000000000000000000000000000000000000000000000000000000000000000000000000000000000000000000000000000000000000000000000000000000000000000000000000]
store_ln63               (store              ) [ 0000000000000000000000000000000000000000000000000000000000000000000000000000000000000000000000000000000000000000000000000000000000000000000000000000000]
store_ln63               (store              ) [ 0000000000000000000000000000000000000000000000000000000000000000000000000000000000000000000000000000000000000000000000000000000000000000000000000000000]
store_ln63               (store              ) [ 0000000000000000000000000000000000000000000000000000000000000000000000000000000000000000000000000000000000000000000000000000000000000000000000000000000]
store_ln63               (store              ) [ 0000000000000000000000000000000000000000000000000000000000000000000000000000000000000000000000000000000000000000000000000000000000000000000000000000000]
store_ln63               (store              ) [ 0000000000000000000000000000000000000000000000000000000000000000000000000000000000000000000000000000000000000000000000000000000000000000000000000000000]
store_ln63               (store              ) [ 0000000000000000000000000000000000000000000000000000000000000000000000000000000000000000000000000000000000000000000000000000000000000000000000000000000]
store_ln63               (store              ) [ 0000000000000000000000000000000000000000000000000000000000000000000000000000000000000000000000000000000000000000000000000000000000000000000000000000000]
store_ln63               (store              ) [ 0000000000000000000000000000000000000000000000000000000000000000000000000000000000000000000000000000000000000000000000000000000000000000000000000000000]
store_ln63               (store              ) [ 0000000000000000000000000000000000000000000000000000000000000000000000000000000000000000000000000000000000000000000000000000000000000000000000000000000]
store_ln63               (store              ) [ 0000000000000000000000000000000000000000000000000000000000000000000000000000000000000000000000000000000000000000000000000000000000000000000000000000000]
store_ln63               (store              ) [ 0000000000000000000000000000000000000000000000000000000000000000000000000000000000000000000000000000000000000000000000000000000000000000000000000000000]
store_ln63               (store              ) [ 0000000000000000000000000000000000000000000000000000000000000000000000000000000000000000000000000000000000000000000000000000000000000000000000000000000]
store_ln63               (store              ) [ 0000000000000000000000000000000000000000000000000000000000000000000000000000000000000000000000000000000000000000000000000000000000000000000000000000000]
store_ln63               (store              ) [ 0000000000000000000000000000000000000000000000000000000000000000000000000000000000000000000000000000000000000000000000000000000000000000000000000000000]
store_ln63               (store              ) [ 0000000000000000000000000000000000000000000000000000000000000000000000000000000000000000000000000000000000000000000000000000000000000000000000000000000]
store_ln63               (store              ) [ 0000000000000000000000000000000000000000000000000000000000000000000000000000000000000000000000000000000000000000000000000000000000000000000000000000000]
store_ln63               (store              ) [ 0000000000000000000000000000000000000000000000000000000000000000000000000000000000000000000000000000000000000000000000000000000000000000000000000000000]
store_ln63               (store              ) [ 0000000000000000000000000000000000000000000000000000000000000000000000000000000000000000000000000000000000000000000000000000000000000000000000000000000]
store_ln63               (store              ) [ 0000000000000000000000000000000000000000000000000000000000000000000000000000000000000000000000000000000000000000000000000000000000000000000000000000000]
store_ln63               (store              ) [ 0000000000000000000000000000000000000000000000000000000000000000000000000000000000000000000000000000000000000000000000000000000000000000000000000000000]
store_ln63               (store              ) [ 0000000000000000000000000000000000000000000000000000000000000000000000000000000000000000000000000000000000000000000000000000000000000000000000000000000]
store_ln63               (store              ) [ 0000000000000000000000000000000000000000000000000000000000000000000000000000000000000000000000000000000000000000000000000000000000000000000000000000000]
store_ln63               (store              ) [ 0000000000000000000000000000000000000000000000000000000000000000000000000000000000000000000000000000000000000000000000000000000000000000000000000000000]
store_ln63               (store              ) [ 0000000000000000000000000000000000000000000000000000000000000000000000000000000000000000000000000000000000000000000000000000000000000000000000000000000]
store_ln63               (store              ) [ 0000000000000000000000000000000000000000000000000000000000000000000000000000000000000000000000000000000000000000000000000000000000000000000000000000000]
store_ln63               (store              ) [ 0000000000000000000000000000000000000000000000000000000000000000000000000000000000000000000000000000000000000000000000000000000000000000000000000000000]
store_ln63               (store              ) [ 0000000000000000000000000000000000000000000000000000000000000000000000000000000000000000000000000000000000000000000000000000000000000000000000000000000]
store_ln63               (store              ) [ 0000000000000000000000000000000000000000000000000000000000000000000000000000000000000000000000000000000000000000000000000000000000000000000000000000000]
store_ln63               (store              ) [ 0000000000000000000000000000000000000000000000000000000000000000000000000000000000000000000000000000000000000000000000000000000000000000000000000000000]
store_ln63               (store              ) [ 0000000000000000000000000000000000000000000000000000000000000000000000000000000000000000000000000000000000000000000000000000000000000000000000000000000]
store_ln63               (store              ) [ 0000000000000000000000000000000000000000000000000000000000000000000000000000000000000000000000000000000000000000000000000000000000000000000000000000000]
store_ln63               (store              ) [ 0000000000000000000000000000000000000000000000000000000000000000000000000000000000000000000000000000000000000000000000000000000000000000000000000000000]
store_ln63               (store              ) [ 0000000000000000000000000000000000000000000000000000000000000000000000000000000000000000000000000000000000000000000000000000000000000000000000000000000]
store_ln63               (store              ) [ 0000000000000000000000000000000000000000000000000000000000000000000000000000000000000000000000000000000000000000000000000000000000000000000000000000000]
store_ln63               (store              ) [ 0000000000000000000000000000000000000000000000000000000000000000000000000000000000000000000000000000000000000000000000000000000000000000000000000000000]
store_ln63               (store              ) [ 0000000000000000000000000000000000000000000000000000000000000000000000000000000000000000000000000000000000000000000000000000000000000000000000000000000]
store_ln63               (store              ) [ 0000000000000000000000000000000000000000000000000000000000000000000000000000000000000000000000000000000000000000000000000000000000000000000000000000000]
store_ln63               (store              ) [ 0000000000000000000000000000000000000000000000000000000000000000000000000000000000000000000000000000000000000000000000000000000000000000000000000000000]
store_ln63               (store              ) [ 0000000000000000000000000000000000000000000000000000000000000000000000000000000000000000000000000000000000000000000000000000000000000000000000000000000]
store_ln63               (store              ) [ 0000000000000000000000000000000000000000000000000000000000000000000000000000000000000000000000000000000000000000000000000000000000000000000000000000000]
store_ln63               (store              ) [ 0000000000000000000000000000000000000000000000000000000000000000000000000000000000000000000000000000000000000000000000000000000000000000000000000000000]
store_ln63               (store              ) [ 0000000000000000000000000000000000000000000000000000000000000000000000000000000000000000000000000000000000000000000000000000000000000000000000000000000]
store_ln63               (store              ) [ 0000000000000000000000000000000000000000000000000000000000000000000000000000000000000000000000000000000000000000000000000000000000000000000000000000000]
store_ln63               (store              ) [ 0000000000000000000000000000000000000000000000000000000000000000000000000000000000000000000000000000000000000000000000000000000000000000000000000000000]
store_ln63               (store              ) [ 0000000000000000000000000000000000000000000000000000000000000000000000000000000000000000000000000000000000000000000000000000000000000000000000000000000]
store_ln63               (store              ) [ 0000000000000000000000000000000000000000000000000000000000000000000000000000000000000000000000000000000000000000000000000000000000000000000000000000000]
store_ln63               (store              ) [ 0000000000000000000000000000000000000000000000000000000000000000000000000000000000000000000000000000000000000000000000000000000000000000000000000000000]
store_ln63               (store              ) [ 0000000000000000000000000000000000000000000000000000000000000000000000000000000000000000000000000000000000000000000000000000000000000000000000000000000]
store_ln63               (store              ) [ 0000000000000000000000000000000000000000000000000000000000000000000000000000000000000000000000000000000000000000000000000000000000000000000000000000000]
store_ln63               (store              ) [ 0000000000000000000000000000000000000000000000000000000000000000000000000000000000000000000000000000000000000000000000000000000000000000000000000000000]
store_ln63               (store              ) [ 0000000000000000000000000000000000000000000000000000000000000000000000000000000000000000000000000000000000000000000000000000000000000000000000000000000]
store_ln63               (store              ) [ 0000000000000000000000000000000000000000000000000000000000000000000000000000000000000000000000000000000000000000000000000000000000000000000000000000000]
store_ln63               (store              ) [ 0000000000000000000000000000000000000000000000000000000000000000000000000000000000000000000000000000000000000000000000000000000000000000000000000000000]
store_ln63               (store              ) [ 0000000000000000000000000000000000000000000000000000000000000000000000000000000000000000000000000000000000000000000000000000000000000000000000000000000]
store_ln63               (store              ) [ 0000000000000000000000000000000000000000000000000000000000000000000000000000000000000000000000000000000000000000000000000000000000000000000000000000000]
store_ln63               (store              ) [ 0000000000000000000000000000000000000000000000000000000000000000000000000000000000000000000000000000000000000000000000000000000000000000000000000000000]
store_ln63               (store              ) [ 0000000000000000000000000000000000000000000000000000000000000000000000000000000000000000000000000000000000000000000000000000000000000000000000000000000]
store_ln63               (store              ) [ 0000000000000000000000000000000000000000000000000000000000000000000000000000000000000000000000000000000000000000000000000000000000000000000000000000000]
br_ln66                  (br                 ) [ 0000000000000000000000000000000000000000000000000000000000000000000000000000000000000000000000000000000000000000000000000000000000000000000000000000000]
dc                       (phi                ) [ 0000000000000000000000000000000000000000000000000000000000000000000000000000000000000000000000000000000000000000000000000000000000000000100000000000000]
data                     (bitcast            ) [ 0000000000000000000000000000000000000000000000000000000000000000000000000000000000000000000000000000000000000000000000000000000000000000000000000000000]
xs_sign                  (bitselect          ) [ 0000000000000000000000000000000000000000000000000000000000000000000000000000000000000000000000000000000000000000000000000000000000000000000000000000000]
xs_exp                   (partselect         ) [ 0000000000000000000000000000000000000000000000000000000000000000000000000000000000000000000000000000000000000000000000000000000000000000000000000000000]
trunc_ln505              (trunc              ) [ 0000000000000000000000000000000000000000000000000000000000000000000000000000000000000000000000000000000000000000000000000000000000000000000000000000000]
mantissa                 (bitconcatenate     ) [ 0000000000000000000000000000000000000000000000000000000000000000000000000000000000000000000000000000000000000000000000000000000000000000000000000000000]
zext_ln15                (zext               ) [ 0000000000000000000000000000000000000000000000000000000000000000000000000000000000000000000000000000000000000000000000000000000000000000000000000000000]
zext_ln486               (zext               ) [ 0000000000000000000000000000000000000000000000000000000000000000000000000000000000000000000000000000000000000000000000000000000000000000000000000000000]
add_ln486                (add                ) [ 0000000000000000000000000000000000000000000000000000000000000000000000000000000000000000000000000000000000000000000000000000000000000000000000000000000]
tmp_25                   (bitselect          ) [ 0000000000000000000000000000000000000000000000000000000000000000000000000000000000000000000000000000000000000000000000000000000000000000000000000000000]
sub_ln18                 (sub                ) [ 0000000000000000000000000000000000000000000000000000000000000000000000000000000000000000000000000000000000000000000000000000000000000000000000000000000]
sext_ln18                (sext               ) [ 0000000000000000000000000000000000000000000000000000000000000000000000000000000000000000000000000000000000000000000000000000000000000000000000000000000]
select_ln18              (select             ) [ 0000000000000000000000000000000000000000000000000000000000000000000000000000000000000000000000000000000000000000000000000000000000000000000000000000000]
sext_ln18_1              (sext               ) [ 0000000000000000000000000000000000000000000000000000000000000000000000000000000000000000000000000000000000000000000000000000000000000000000000000000000]
zext_ln18                (zext               ) [ 0000000000000000000000000000000000000000000000000000000000000000000000000000000000000000000000000000000000000000000000000000000000000000000000000000000]
lshr_ln18                (lshr               ) [ 0000000000000000000000000000000000000000000000000000000000000000000000000000000000000000000000000000000000000000000000000000000000000000000000000000000]
shl_ln18                 (shl                ) [ 0000000000000000000000000000000000000000000000000000000000000000000000000000000000000000000000000000000000000000000000000000000000000000000000000000000]
tmp_s                    (partselect         ) [ 0000000000000000000000000000000000000000000000000000000000000000000000000000000000000000000000000000000000000000000000000000000000000000000000000000000]
tmp_20                   (partselect         ) [ 0000000000000000000000000000000000000000000000000000000000000000000000000000000000000000000000000000000000000000000000000000000000000000000000000000000]
val                      (select             ) [ 0000000000000000000000000000000000000000000000000000000000000000000000000000000000000000000000000000000000000000000000000000000000000000000000000000000]
result_2                 (sub                ) [ 0000000000000000000000000000000000000000000000000000000000000000000000000000000000000000000000000000000000000000000000000000000000000000000000000000000]
result                   (select             ) [ 0000000000000000000000000000000000000000000000000000000000000000000000000000000000000000000000000000000000000000000000000000000000000000000000000000001]
i_4                      (phi                ) [ 0000000000000000000000000000000000000000000000000000000000000000000000000000000000000000000000000000000000000000000000000000000000000000011000000000000]
acc                      (phi                ) [ 0000000000000000000000000000000000000000000000000000000000000000000000000000011111111111111111111111111111111111111111111111111111111111111111111111111]
tmp_21                   (bitselect          ) [ 0000000000000000000000000000000000000000000000000000000000000000000000000000011111111111111111111111111111111111111111111111111111111111111111111111111]
br_ln70                  (br                 ) [ 0000000000000000000000000000000000000000000000000000000000000000000000000000000000000000000000000000000000000000000000000000000000000000000000000000000]
trunc_ln70               (trunc              ) [ 0000000000000000000000000000000000000000000000000000000000000000000000000000000000000000000000000000000000000000000000000000000000000000000000000000000]
specloopname_ln70        (specloopname       ) [ 0000000000000000000000000000000000000000000000000000000000000000000000000000000000000000000000000000000000000000000000000000000000000000000000000000000]
icmp_ln71                (icmp               ) [ 0000000000000000000000000000000000000000000000000000000000000000000000000000011111111111111111111111111111111111111111111111111111111111111111111111111]
br_ln71                  (br                 ) [ 0000000000000000000000000000000000000000000000000000000000000000000000000000000000000000000000000000000000000000000000000000000000000000000000000000000]
add_ln75                 (add                ) [ 0000000000000000000000000000000000000000000000000000000000000000000000000000000000000000000000000000000000000000000000000000000000000000000000000000000]
zext_ln75                (zext               ) [ 0000000000000000000000000000000000000000000000000000000000000000000000000000000000000000000000000000000000000000000000000000000000000000000000000000000]
shift_reg_addr           (getelementptr      ) [ 0000000000000000000000000000000000000000000000000000000000000000000000000000000000000000000000000000000000000000000000000000000000000000001000000000000]
store_ln72               (store              ) [ 0000000000000000000000000000000000000000000000000000000000000000000000000000000000000000000000000000000000000000000000000000000000000000000000000000000]
br_ln74                  (br                 ) [ 0000000000000000000000000000000000000000000000000000000000000000000000000000011111111111111111111111111111111111111111111111111111111111111111111111111]
br_ln0                   (br                 ) [ 0000000000000000000000000000000000000000000000000000000000000000000000000000011111111111111111111111111111111111111111111111111111111111111111111111111]
data_4                   (load               ) [ 0000000000000000000000000000000000000000000000000000000000000000000000000000011111111111111111111111111111111111111111111111111111111111111111111111111]
shift_reg_addr_1         (getelementptr      ) [ 0000000000000000000000000000000000000000000000000000000000000000000000000000000000000000000000000000000000000000000000000000000000000000000000000000000]
store_ln75               (store              ) [ 0000000000000000000000000000000000000000000000000000000000000000000000000000000000000000000000000000000000000000000000000000000000000000000000000000000]
br_ln0                   (br                 ) [ 0000000000000000000000000000000000000000000000000000000000000000000000000000011111111111111111111111111111111111111111111111111111111111111111111111111]
c_addr                   (getelementptr      ) [ 0000000000000000000000000000000000000000000000000000000000000000000000000000000000000000000000000000000000000000000000000000000000000000000100000000000]
add_ln70                 (add                ) [ 0000000000000000000000000000000000000000000000000000000000000000000000000000011111111111111111111111111111111111111111111111111111111111110111111111111]
data_3                   (phi                ) [ 0000000000000000000000000000000000000000000000000000000000000000000000000000000000000000000000000000000000000000000000000000000000000000000111111000000]
c_load                   (load               ) [ 0000000000000000000000000000000000000000000000000000000000000000000000000000000000000000000000000000000000000000000000000000000000000000000011111000000]
mul_i1                   (dmul               ) [ 0000000000000000000000000000000000000000000000000000000000000000000000000000000000000000000000000000000000000000000000000000000000000000000000000111110]
acc_1                    (dadd               ) [ 0000000000000000000000000000000000000000000000000000000000000000000000000000011111111111111111111111111111111111111111111111111111111111111111111111111]
br_ln70                  (br                 ) [ 0000000000000000000000000000000000000000000000000000000000000000000000000000011111111111111111111111111111111111111111111111111111111111111111111111111]
write_ln46               (write              ) [ 0000000000000000000000000000000000000000000000000000000000000000000000000000000000000000000000000000000000000000000000000000000000000000000000000000000]
br_ln34                  (br                 ) [ 0000000000000000000000000000000000000000000000000000000000000000000000000000000000000000000000000000000000000000000000000000000000000000000000000000000]
br_ln26                  (br                 ) [ 0000000000000000000000000000000000000000000000000000000000000000000000000000000000000000000000000000000000000000000000000000000000000000000000000000000]
ret_ln52                 (ret                ) [ 0000000000000000000000000000000000000000000000000000000000000000000000000000000000000000000000000000000000000000000000000000000000000000000000000000000]
</LifeTime>

<model>

<comp_list>
<comp id="0" class="1000" name="gmem">
<pin_list>
<pin id="1" dir="1" index="0" bw="1" slack="0"/>
</pin_list>
<bind>
<StgValue><ssdm name="gmem"/></StgValue>
</bind>
</comp>

<comp id="2" class="1000" name="in_stream_V_data_V">
<pin_list>
<pin id="3" dir="1" index="0" bw="1" slack="0"/>
</pin_list>
<bind>
<StgValue><ssdm name="in_stream_V_data_V"/></StgValue>
</bind>
</comp>

<comp id="4" class="1000" name="in_stream_V_keep_V">
<pin_list>
<pin id="5" dir="1" index="0" bw="1" slack="0"/>
</pin_list>
<bind>
<StgValue><ssdm name="in_stream_V_keep_V"/></StgValue>
</bind>
</comp>

<comp id="6" class="1000" name="in_stream_V_strb_V">
<pin_list>
<pin id="7" dir="1" index="0" bw="1" slack="0"/>
</pin_list>
<bind>
<StgValue><ssdm name="in_stream_V_strb_V"/></StgValue>
</bind>
</comp>

<comp id="8" class="1000" name="in_stream_V_user_V">
<pin_list>
<pin id="9" dir="1" index="0" bw="1" slack="0"/>
</pin_list>
<bind>
<StgValue><ssdm name="in_stream_V_user_V"/></StgValue>
</bind>
</comp>

<comp id="10" class="1000" name="in_stream_V_last_V">
<pin_list>
<pin id="11" dir="1" index="0" bw="1" slack="0"/>
</pin_list>
<bind>
<StgValue><ssdm name="in_stream_V_last_V"/></StgValue>
</bind>
</comp>

<comp id="12" class="1000" name="in_stream_V_id_V">
<pin_list>
<pin id="13" dir="1" index="0" bw="1" slack="0"/>
</pin_list>
<bind>
<StgValue><ssdm name="in_stream_V_id_V"/></StgValue>
</bind>
</comp>

<comp id="14" class="1000" name="in_stream_V_dest_V">
<pin_list>
<pin id="15" dir="1" index="0" bw="1" slack="0"/>
</pin_list>
<bind>
<StgValue><ssdm name="in_stream_V_dest_V"/></StgValue>
</bind>
</comp>

<comp id="16" class="1000" name="out_stream_V_data_V">
<pin_list>
<pin id="17" dir="1" index="0" bw="1" slack="0"/>
</pin_list>
<bind>
<StgValue><ssdm name="out_stream_V_data_V"/></StgValue>
</bind>
</comp>

<comp id="18" class="1000" name="out_stream_V_keep_V">
<pin_list>
<pin id="19" dir="1" index="0" bw="1" slack="0"/>
</pin_list>
<bind>
<StgValue><ssdm name="out_stream_V_keep_V"/></StgValue>
</bind>
</comp>

<comp id="20" class="1000" name="out_stream_V_strb_V">
<pin_list>
<pin id="21" dir="1" index="0" bw="1" slack="0"/>
</pin_list>
<bind>
<StgValue><ssdm name="out_stream_V_strb_V"/></StgValue>
</bind>
</comp>

<comp id="22" class="1000" name="out_stream_V_user_V">
<pin_list>
<pin id="23" dir="1" index="0" bw="1" slack="0"/>
</pin_list>
<bind>
<StgValue><ssdm name="out_stream_V_user_V"/></StgValue>
</bind>
</comp>

<comp id="24" class="1000" name="out_stream_V_last_V">
<pin_list>
<pin id="25" dir="1" index="0" bw="1" slack="0"/>
</pin_list>
<bind>
<StgValue><ssdm name="out_stream_V_last_V"/></StgValue>
</bind>
</comp>

<comp id="26" class="1000" name="out_stream_V_id_V">
<pin_list>
<pin id="27" dir="1" index="0" bw="1" slack="0"/>
</pin_list>
<bind>
<StgValue><ssdm name="out_stream_V_id_V"/></StgValue>
</bind>
</comp>

<comp id="28" class="1000" name="out_stream_V_dest_V">
<pin_list>
<pin id="29" dir="1" index="0" bw="1" slack="0"/>
</pin_list>
<bind>
<StgValue><ssdm name="out_stream_V_dest_V"/></StgValue>
</bind>
</comp>

<comp id="30" class="1000" name="bram">
<pin_list>
<pin id="31" dir="1" index="0" bw="1" slack="0"/>
</pin_list>
<bind>
<StgValue><ssdm name="bram"/></StgValue>
</bind>
</comp>

<comp id="32" class="1000" name="ref_4oPi_table_256">
<pin_list>
<pin id="33" dir="1" index="0" bw="1" slack="0"/>
</pin_list>
<bind>
<StgValue><ssdm name="ref_4oPi_table_256"/><MemPortTyVec>1 </MemPortTyVec>
</StgValue>
</bind>
</comp>

<comp id="34" class="1000" name="fourth_order_double_sin_cos_K0">
<pin_list>
<pin id="35" dir="1" index="0" bw="1" slack="0"/>
</pin_list>
<bind>
<StgValue><ssdm name="fourth_order_double_sin_cos_K0"/><MemPortTyVec>1 </MemPortTyVec>
</StgValue>
</bind>
</comp>

<comp id="36" class="1000" name="fourth_order_double_sin_cos_K1">
<pin_list>
<pin id="37" dir="1" index="0" bw="1" slack="0"/>
</pin_list>
<bind>
<StgValue><ssdm name="fourth_order_double_sin_cos_K1"/><MemPortTyVec>1 </MemPortTyVec>
</StgValue>
</bind>
</comp>

<comp id="38" class="1000" name="fourth_order_double_sin_cos_K2">
<pin_list>
<pin id="39" dir="1" index="0" bw="1" slack="0"/>
</pin_list>
<bind>
<StgValue><ssdm name="fourth_order_double_sin_cos_K2"/><MemPortTyVec>1 </MemPortTyVec>
</StgValue>
</bind>
</comp>

<comp id="40" class="1000" name="fourth_order_double_sin_cos_K3">
<pin_list>
<pin id="41" dir="1" index="0" bw="1" slack="0"/>
</pin_list>
<bind>
<StgValue><ssdm name="fourth_order_double_sin_cos_K3"/><MemPortTyVec>1 </MemPortTyVec>
</StgValue>
</bind>
</comp>

<comp id="42" class="1000" name="fourth_order_double_sin_cos_K4">
<pin_list>
<pin id="43" dir="1" index="0" bw="1" slack="0"/>
</pin_list>
<bind>
<StgValue><ssdm name="fourth_order_double_sin_cos_K4"/><MemPortTyVec>1 </MemPortTyVec>
</StgValue>
</bind>
</comp>

<comp id="44" class="1000" name="shift_reg">
<pin_list>
<pin id="45" dir="1" index="0" bw="1" slack="0"/>
</pin_list>
<bind>
<StgValue><ssdm name="shift_reg"/><MemPortTyVec>0 2 </MemPortTyVec>
</StgValue>
</bind>
</comp>

<comp id="46" class="1001" name="const_46">
<pin_list>
<pin id="47" dir="1" index="0" bw="1" slack="0"/>
</pin_list>
<bind>
<StgValue><ssdm name="_ssdm_op_Read.s_axilite.i64"/></StgValue>
</bind>
</comp>

<comp id="48" class="1001" name="const_48">
<pin_list>
<pin id="49" dir="1" index="0" bw="1" slack="0"/>
</pin_list>
<bind>
<StgValue><ssdm name=""/></StgValue>
</bind>
</comp>

<comp id="50" class="1001" name="const_50">
<pin_list>
<pin id="51" dir="1" index="0" bw="1" slack="0"/>
</pin_list>
<bind>
<StgValue><ssdm name="_ssdm_op_PartSelect.i62.i64.i32.i32"/></StgValue>
</bind>
</comp>

<comp id="52" class="1001" name="const_52">
<pin_list>
<pin id="53" dir="1" index="0" bw="1" slack="0"/>
</pin_list>
<bind>
<StgValue><ssdm name=""/></StgValue>
</bind>
</comp>

<comp id="54" class="1001" name="const_54">
<pin_list>
<pin id="55" dir="1" index="0" bw="1" slack="0"/>
</pin_list>
<bind>
<StgValue><ssdm name=""/></StgValue>
</bind>
</comp>

<comp id="56" class="1001" name="const_56">
<pin_list>
<pin id="57" dir="1" index="0" bw="1" slack="0"/>
</pin_list>
<bind>
<StgValue><ssdm name="_ssdm_op_ReadReq.m_axi.p1i32"/></StgValue>
</bind>
</comp>

<comp id="58" class="1001" name="const_58">
<pin_list>
<pin id="59" dir="1" index="0" bw="1" slack="0"/>
</pin_list>
<bind>
<StgValue><ssdm name=""/></StgValue>
</bind>
</comp>

<comp id="60" class="1001" name="const_60">
<pin_list>
<pin id="61" dir="1" index="0" bw="1" slack="0"/>
</pin_list>
<bind>
<StgValue><ssdm name="firTop_Pipeline_VITIS_LOOP_14_1"/></StgValue>
</bind>
</comp>

<comp id="62" class="1001" name="const_62">
<pin_list>
<pin id="63" dir="1" index="0" bw="1" slack="0"/>
</pin_list>
<bind>
<StgValue><ssdm name=""/></StgValue>
</bind>
</comp>

<comp id="64" class="1001" name="const_64">
<pin_list>
<pin id="65" dir="1" index="0" bw="1" slack="0"/>
</pin_list>
<bind>
<StgValue><ssdm name="_ssdm_op_WriteReq.m_axi.i32P1A"/></StgValue>
</bind>
</comp>

<comp id="66" class="1001" name="const_66">
<pin_list>
<pin id="67" dir="1" index="0" bw="1" slack="0"/>
</pin_list>
<bind>
<StgValue><ssdm name="_ssdm_op_Write.m_axi.i32P1A"/></StgValue>
</bind>
</comp>

<comp id="68" class="1001" name="const_68">
<pin_list>
<pin id="69" dir="1" index="0" bw="1" slack="0"/>
</pin_list>
<bind>
<StgValue><ssdm name=""/></StgValue>
</bind>
</comp>

<comp id="70" class="1001" name="const_70">
<pin_list>
<pin id="71" dir="1" index="0" bw="1" slack="0"/>
</pin_list>
<bind>
<StgValue><ssdm name=""/></StgValue>
</bind>
</comp>

<comp id="72" class="1001" name="const_72">
<pin_list>
<pin id="73" dir="1" index="0" bw="1" slack="0"/>
</pin_list>
<bind>
<StgValue><ssdm name="_ssdm_op_WriteResp.m_axi.i32P1A"/></StgValue>
</bind>
</comp>

<comp id="74" class="1001" name="const_74">
<pin_list>
<pin id="75" dir="1" index="0" bw="1" slack="0"/>
</pin_list>
<bind>
<StgValue><ssdm name=""/></StgValue>
</bind>
</comp>

<comp id="76" class="1001" name="const_76">
<pin_list>
<pin id="77" dir="1" index="0" bw="1" slack="0"/>
</pin_list>
<bind>
<StgValue><ssdm name=""/></StgValue>
</bind>
</comp>

<comp id="78" class="1001" name="const_78">
<pin_list>
<pin id="79" dir="1" index="0" bw="1" slack="0"/>
</pin_list>
<bind>
<StgValue><ssdm name=""/></StgValue>
</bind>
</comp>

<comp id="80" class="1001" name="const_80">
<pin_list>
<pin id="81" dir="1" index="0" bw="1" slack="0"/>
</pin_list>
<bind>
<StgValue><ssdm name="_ssdm_op_BitSelect.i1.i32.i32"/></StgValue>
</bind>
</comp>

<comp id="82" class="1001" name="const_82">
<pin_list>
<pin id="83" dir="1" index="0" bw="1" slack="0"/>
</pin_list>
<bind>
<StgValue><ssdm name=""/></StgValue>
</bind>
</comp>

<comp id="84" class="1001" name="const_84">
<pin_list>
<pin id="85" dir="1" index="0" bw="1" slack="0"/>
</pin_list>
<bind>
<StgValue><ssdm name="_ssdm_op_PartSelect.i31.i32.i32.i32"/></StgValue>
</bind>
</comp>

<comp id="86" class="1001" name="const_86">
<pin_list>
<pin id="87" dir="1" index="0" bw="1" slack="0"/>
</pin_list>
<bind>
<StgValue><ssdm name=""/></StgValue>
</bind>
</comp>

<comp id="88" class="1001" name="const_88">
<pin_list>
<pin id="89" dir="1" index="0" bw="1" slack="0"/>
</pin_list>
<bind>
<StgValue><ssdm name=""/></StgValue>
</bind>
</comp>

<comp id="90" class="1001" name="const_90">
<pin_list>
<pin id="91" dir="1" index="0" bw="1" slack="0"/>
</pin_list>
<bind>
<StgValue><ssdm name="firTop_Pipeline_VITIS_LOOP_92_1"/></StgValue>
</bind>
</comp>

<comp id="92" class="1001" name="const_92">
<pin_list>
<pin id="93" dir="1" index="0" bw="1" slack="0"/>
</pin_list>
<bind>
<StgValue><ssdm name="firTop_Pipeline_VITIS_LOOP_113_2"/></StgValue>
</bind>
</comp>

<comp id="94" class="1001" name="const_94">
<pin_list>
<pin id="95" dir="1" index="0" bw="1" slack="0"/>
</pin_list>
<bind>
<StgValue><ssdm name=""/></StgValue>
</bind>
</comp>

<comp id="96" class="1001" name="const_96">
<pin_list>
<pin id="97" dir="1" index="0" bw="1" slack="2147483647"/>
</pin_list>
<bind>
<StgValue><ssdm name="_ssdm_op_SpecTopModule"/></StgValue>
</bind>
</comp>

<comp id="98" class="1001" name="const_98">
<pin_list>
<pin id="99" dir="1" index="0" bw="1" slack="2147483647"/>
</pin_list>
<bind>
<StgValue><ssdm name="empty_12"/></StgValue>
</bind>
</comp>

<comp id="100" class="1001" name="const_100">
<pin_list>
<pin id="101" dir="1" index="0" bw="1" slack="2147483647"/>
</pin_list>
<bind>
<StgValue><ssdm name="_ssdm_op_SpecInterface"/></StgValue>
</bind>
</comp>

<comp id="102" class="1001" name="const_102">
<pin_list>
<pin id="103" dir="1" index="0" bw="1" slack="2147483647"/>
</pin_list>
<bind>
<StgValue><ssdm name="empty_13"/></StgValue>
</bind>
</comp>

<comp id="104" class="1001" name="const_104">
<pin_list>
<pin id="105" dir="1" index="0" bw="1" slack="2147483647"/>
</pin_list>
<bind>
<StgValue><ssdm name="empty_0"/></StgValue>
</bind>
</comp>

<comp id="106" class="1001" name="const_106">
<pin_list>
<pin id="107" dir="1" index="0" bw="1" slack="2147483647"/>
</pin_list>
<bind>
<StgValue><ssdm name="empty"/></StgValue>
</bind>
</comp>

<comp id="108" class="1001" name="const_108">
<pin_list>
<pin id="109" dir="1" index="0" bw="1" slack="2147483647"/>
</pin_list>
<bind>
<StgValue><ssdm name="empty_1"/></StgValue>
</bind>
</comp>

<comp id="110" class="1001" name="const_110">
<pin_list>
<pin id="111" dir="1" index="0" bw="1" slack="2147483647"/>
</pin_list>
<bind>
<StgValue><ssdm name="empty_2"/></StgValue>
</bind>
</comp>

<comp id="112" class="1001" name="const_112">
<pin_list>
<pin id="113" dir="1" index="0" bw="1" slack="2147483647"/>
</pin_list>
<bind>
<StgValue><ssdm name=""/></StgValue>
</bind>
</comp>

<comp id="114" class="1001" name="const_114">
<pin_list>
<pin id="115" dir="1" index="0" bw="1" slack="2147483647"/>
</pin_list>
<bind>
<StgValue><ssdm name="_ssdm_op_SpecBitsMap"/></StgValue>
</bind>
</comp>

<comp id="116" class="1001" name="const_116">
<pin_list>
<pin id="117" dir="1" index="0" bw="1" slack="2147483647"/>
</pin_list>
<bind>
<StgValue><ssdm name="empty_3"/></StgValue>
</bind>
</comp>

<comp id="118" class="1001" name="const_118">
<pin_list>
<pin id="119" dir="1" index="0" bw="1" slack="2147483647"/>
</pin_list>
<bind>
<StgValue><ssdm name="empty_4"/></StgValue>
</bind>
</comp>

<comp id="120" class="1001" name="const_120">
<pin_list>
<pin id="121" dir="1" index="0" bw="1" slack="2147483647"/>
</pin_list>
<bind>
<StgValue><ssdm name="empty_5"/></StgValue>
</bind>
</comp>

<comp id="122" class="1001" name="const_122">
<pin_list>
<pin id="123" dir="1" index="0" bw="1" slack="2147483647"/>
</pin_list>
<bind>
<StgValue><ssdm name="empty_6"/></StgValue>
</bind>
</comp>

<comp id="124" class="1001" name="const_124">
<pin_list>
<pin id="125" dir="1" index="0" bw="1" slack="2147483647"/>
</pin_list>
<bind>
<StgValue><ssdm name="empty_7"/></StgValue>
</bind>
</comp>

<comp id="126" class="1001" name="const_126">
<pin_list>
<pin id="127" dir="1" index="0" bw="1" slack="2147483647"/>
</pin_list>
<bind>
<StgValue><ssdm name="empty_8"/></StgValue>
</bind>
</comp>

<comp id="128" class="1001" name="const_128">
<pin_list>
<pin id="129" dir="1" index="0" bw="1" slack="2147483647"/>
</pin_list>
<bind>
<StgValue><ssdm name="empty_9"/></StgValue>
</bind>
</comp>

<comp id="130" class="1001" name="const_130">
<pin_list>
<pin id="131" dir="1" index="0" bw="1" slack="2147483647"/>
</pin_list>
<bind>
<StgValue><ssdm name="_ssdm_op_SpecAXISSideChannel"/></StgValue>
</bind>
</comp>

<comp id="132" class="1001" name="const_132">
<pin_list>
<pin id="133" dir="1" index="0" bw="1" slack="2147483647"/>
</pin_list>
<bind>
<StgValue><ssdm name="empty_10"/></StgValue>
</bind>
</comp>

<comp id="134" class="1001" name="const_134">
<pin_list>
<pin id="135" dir="1" index="0" bw="1" slack="2147483647"/>
</pin_list>
<bind>
<StgValue><ssdm name="empty_11"/></StgValue>
</bind>
</comp>

<comp id="136" class="1001" name="const_136">
<pin_list>
<pin id="137" dir="1" index="0" bw="1" slack="0"/>
</pin_list>
<bind>
<StgValue><ssdm name="_ssdm_op_PartSelect.i11.i64.i32.i32"/></StgValue>
</bind>
</comp>

<comp id="138" class="1001" name="const_138">
<pin_list>
<pin id="139" dir="1" index="0" bw="1" slack="0"/>
</pin_list>
<bind>
<StgValue><ssdm name=""/></StgValue>
</bind>
</comp>

<comp id="140" class="1001" name="const_140">
<pin_list>
<pin id="141" dir="1" index="0" bw="1" slack="0"/>
</pin_list>
<bind>
<StgValue><ssdm name=""/></StgValue>
</bind>
</comp>

<comp id="142" class="1001" name="const_142">
<pin_list>
<pin id="143" dir="1" index="0" bw="1" slack="0"/>
</pin_list>
<bind>
<StgValue><ssdm name=""/></StgValue>
</bind>
</comp>

<comp id="144" class="1001" name="const_144">
<pin_list>
<pin id="145" dir="1" index="0" bw="1" slack="0"/>
</pin_list>
<bind>
<StgValue><ssdm name=""/></StgValue>
</bind>
</comp>

<comp id="146" class="1001" name="const_146">
<pin_list>
<pin id="147" dir="1" index="0" bw="1" slack="0"/>
</pin_list>
<bind>
<StgValue><ssdm name="firTop_Pipeline_VITIS_LOOP_119_3"/></StgValue>
</bind>
</comp>

<comp id="148" class="1001" name="const_148">
<pin_list>
<pin id="149" dir="1" index="0" bw="1" slack="0"/>
</pin_list>
<bind>
<StgValue><ssdm name=""/></StgValue>
</bind>
</comp>

<comp id="150" class="1001" name="const_150">
<pin_list>
<pin id="151" dir="1" index="0" bw="1" slack="0"/>
</pin_list>
<bind>
<StgValue><ssdm name="_ssdm_op_ReadReq.m_axi.i32P1A"/></StgValue>
</bind>
</comp>

<comp id="152" class="1001" name="const_152">
<pin_list>
<pin id="153" dir="1" index="0" bw="1" slack="0"/>
</pin_list>
<bind>
<StgValue><ssdm name="_ssdm_op_Read.axis.volatile.i32P0A.i4P0A.i4P0A.i2P0A.i1P0A.i5P0A.i6P0A"/></StgValue>
</bind>
</comp>

<comp id="154" class="1001" name="const_154">
<pin_list>
<pin id="155" dir="1" index="0" bw="1" slack="0"/>
</pin_list>
<bind>
<StgValue><ssdm name="_ssdm_op_Read.m_axi.i32P1A"/></StgValue>
</bind>
</comp>

<comp id="156" class="1001" name="const_156">
<pin_list>
<pin id="157" dir="1" index="0" bw="1" slack="2147483647"/>
</pin_list>
<bind>
<StgValue><ssdm name="_ssdm_op_SpecPipeline"/></StgValue>
</bind>
</comp>

<comp id="158" class="1001" name="const_158">
<pin_list>
<pin id="159" dir="1" index="0" bw="1" slack="2147483647"/>
</pin_list>
<bind>
<StgValue><ssdm name="_ssdm_op_SpecLoopName"/></StgValue>
</bind>
</comp>

<comp id="160" class="1001" name="const_160">
<pin_list>
<pin id="161" dir="1" index="0" bw="1" slack="2147483647"/>
</pin_list>
<bind>
<StgValue><ssdm name="empty_15"/></StgValue>
</bind>
</comp>

<comp id="162" class="1001" name="const_162">
<pin_list>
<pin id="163" dir="1" index="0" bw="1" slack="0"/>
</pin_list>
<bind>
<StgValue><ssdm name=""/></StgValue>
</bind>
</comp>

<comp id="164" class="1001" name="const_164">
<pin_list>
<pin id="165" dir="1" index="0" bw="1" slack="0"/>
</pin_list>
<bind>
<StgValue><ssdm name=""/></StgValue>
</bind>
</comp>

<comp id="166" class="1001" name="const_166">
<pin_list>
<pin id="167" dir="1" index="0" bw="1" slack="0"/>
</pin_list>
<bind>
<StgValue><ssdm name=""/></StgValue>
</bind>
</comp>

<comp id="168" class="1001" name="const_168">
<pin_list>
<pin id="169" dir="1" index="0" bw="1" slack="0"/>
</pin_list>
<bind>
<StgValue><ssdm name=""/></StgValue>
</bind>
</comp>

<comp id="170" class="1001" name="const_170">
<pin_list>
<pin id="171" dir="1" index="0" bw="1" slack="0"/>
</pin_list>
<bind>
<StgValue><ssdm name=""/></StgValue>
</bind>
</comp>

<comp id="172" class="1001" name="const_172">
<pin_list>
<pin id="173" dir="1" index="0" bw="1" slack="0"/>
</pin_list>
<bind>
<StgValue><ssdm name=""/></StgValue>
</bind>
</comp>

<comp id="174" class="1001" name="const_174">
<pin_list>
<pin id="175" dir="1" index="0" bw="1" slack="0"/>
</pin_list>
<bind>
<StgValue><ssdm name=""/></StgValue>
</bind>
</comp>

<comp id="176" class="1001" name="const_176">
<pin_list>
<pin id="177" dir="1" index="0" bw="1" slack="0"/>
</pin_list>
<bind>
<StgValue><ssdm name=""/></StgValue>
</bind>
</comp>

<comp id="178" class="1001" name="const_178">
<pin_list>
<pin id="179" dir="1" index="0" bw="1" slack="0"/>
</pin_list>
<bind>
<StgValue><ssdm name=""/></StgValue>
</bind>
</comp>

<comp id="180" class="1001" name="const_180">
<pin_list>
<pin id="181" dir="1" index="0" bw="1" slack="0"/>
</pin_list>
<bind>
<StgValue><ssdm name=""/></StgValue>
</bind>
</comp>

<comp id="182" class="1001" name="const_182">
<pin_list>
<pin id="183" dir="1" index="0" bw="1" slack="0"/>
</pin_list>
<bind>
<StgValue><ssdm name=""/></StgValue>
</bind>
</comp>

<comp id="184" class="1001" name="const_184">
<pin_list>
<pin id="185" dir="1" index="0" bw="1" slack="0"/>
</pin_list>
<bind>
<StgValue><ssdm name=""/></StgValue>
</bind>
</comp>

<comp id="186" class="1001" name="const_186">
<pin_list>
<pin id="187" dir="1" index="0" bw="1" slack="0"/>
</pin_list>
<bind>
<StgValue><ssdm name=""/></StgValue>
</bind>
</comp>

<comp id="188" class="1001" name="const_188">
<pin_list>
<pin id="189" dir="1" index="0" bw="1" slack="0"/>
</pin_list>
<bind>
<StgValue><ssdm name=""/></StgValue>
</bind>
</comp>

<comp id="190" class="1001" name="const_190">
<pin_list>
<pin id="191" dir="1" index="0" bw="1" slack="0"/>
</pin_list>
<bind>
<StgValue><ssdm name=""/></StgValue>
</bind>
</comp>

<comp id="192" class="1001" name="const_192">
<pin_list>
<pin id="193" dir="1" index="0" bw="1" slack="0"/>
</pin_list>
<bind>
<StgValue><ssdm name=""/></StgValue>
</bind>
</comp>

<comp id="194" class="1001" name="const_194">
<pin_list>
<pin id="195" dir="1" index="0" bw="1" slack="0"/>
</pin_list>
<bind>
<StgValue><ssdm name=""/></StgValue>
</bind>
</comp>

<comp id="196" class="1001" name="const_196">
<pin_list>
<pin id="197" dir="1" index="0" bw="1" slack="0"/>
</pin_list>
<bind>
<StgValue><ssdm name=""/></StgValue>
</bind>
</comp>

<comp id="198" class="1001" name="const_198">
<pin_list>
<pin id="199" dir="1" index="0" bw="1" slack="0"/>
</pin_list>
<bind>
<StgValue><ssdm name=""/></StgValue>
</bind>
</comp>

<comp id="200" class="1001" name="const_200">
<pin_list>
<pin id="201" dir="1" index="0" bw="1" slack="0"/>
</pin_list>
<bind>
<StgValue><ssdm name=""/></StgValue>
</bind>
</comp>

<comp id="202" class="1001" name="const_202">
<pin_list>
<pin id="203" dir="1" index="0" bw="1" slack="0"/>
</pin_list>
<bind>
<StgValue><ssdm name=""/></StgValue>
</bind>
</comp>

<comp id="204" class="1001" name="const_204">
<pin_list>
<pin id="205" dir="1" index="0" bw="1" slack="0"/>
</pin_list>
<bind>
<StgValue><ssdm name=""/></StgValue>
</bind>
</comp>

<comp id="206" class="1001" name="const_206">
<pin_list>
<pin id="207" dir="1" index="0" bw="1" slack="0"/>
</pin_list>
<bind>
<StgValue><ssdm name=""/></StgValue>
</bind>
</comp>

<comp id="208" class="1001" name="const_208">
<pin_list>
<pin id="209" dir="1" index="0" bw="1" slack="0"/>
</pin_list>
<bind>
<StgValue><ssdm name=""/></StgValue>
</bind>
</comp>

<comp id="210" class="1001" name="const_210">
<pin_list>
<pin id="211" dir="1" index="0" bw="1" slack="0"/>
</pin_list>
<bind>
<StgValue><ssdm name=""/></StgValue>
</bind>
</comp>

<comp id="212" class="1001" name="const_212">
<pin_list>
<pin id="213" dir="1" index="0" bw="1" slack="0"/>
</pin_list>
<bind>
<StgValue><ssdm name=""/></StgValue>
</bind>
</comp>

<comp id="214" class="1001" name="const_214">
<pin_list>
<pin id="215" dir="1" index="0" bw="1" slack="0"/>
</pin_list>
<bind>
<StgValue><ssdm name=""/></StgValue>
</bind>
</comp>

<comp id="216" class="1001" name="const_216">
<pin_list>
<pin id="217" dir="1" index="0" bw="1" slack="0"/>
</pin_list>
<bind>
<StgValue><ssdm name=""/></StgValue>
</bind>
</comp>

<comp id="218" class="1001" name="const_218">
<pin_list>
<pin id="219" dir="1" index="0" bw="1" slack="0"/>
</pin_list>
<bind>
<StgValue><ssdm name=""/></StgValue>
</bind>
</comp>

<comp id="220" class="1001" name="const_220">
<pin_list>
<pin id="221" dir="1" index="0" bw="1" slack="0"/>
</pin_list>
<bind>
<StgValue><ssdm name=""/></StgValue>
</bind>
</comp>

<comp id="222" class="1001" name="const_222">
<pin_list>
<pin id="223" dir="1" index="0" bw="1" slack="0"/>
</pin_list>
<bind>
<StgValue><ssdm name=""/></StgValue>
</bind>
</comp>

<comp id="224" class="1001" name="const_224">
<pin_list>
<pin id="225" dir="1" index="0" bw="1" slack="0"/>
</pin_list>
<bind>
<StgValue><ssdm name=""/></StgValue>
</bind>
</comp>

<comp id="226" class="1001" name="const_226">
<pin_list>
<pin id="227" dir="1" index="0" bw="1" slack="0"/>
</pin_list>
<bind>
<StgValue><ssdm name=""/></StgValue>
</bind>
</comp>

<comp id="228" class="1001" name="const_228">
<pin_list>
<pin id="229" dir="1" index="0" bw="1" slack="0"/>
</pin_list>
<bind>
<StgValue><ssdm name=""/></StgValue>
</bind>
</comp>

<comp id="230" class="1001" name="const_230">
<pin_list>
<pin id="231" dir="1" index="0" bw="1" slack="0"/>
</pin_list>
<bind>
<StgValue><ssdm name=""/></StgValue>
</bind>
</comp>

<comp id="232" class="1001" name="const_232">
<pin_list>
<pin id="233" dir="1" index="0" bw="1" slack="0"/>
</pin_list>
<bind>
<StgValue><ssdm name=""/></StgValue>
</bind>
</comp>

<comp id="234" class="1001" name="const_234">
<pin_list>
<pin id="235" dir="1" index="0" bw="1" slack="0"/>
</pin_list>
<bind>
<StgValue><ssdm name=""/></StgValue>
</bind>
</comp>

<comp id="236" class="1001" name="const_236">
<pin_list>
<pin id="237" dir="1" index="0" bw="1" slack="0"/>
</pin_list>
<bind>
<StgValue><ssdm name=""/></StgValue>
</bind>
</comp>

<comp id="238" class="1001" name="const_238">
<pin_list>
<pin id="239" dir="1" index="0" bw="1" slack="0"/>
</pin_list>
<bind>
<StgValue><ssdm name=""/></StgValue>
</bind>
</comp>

<comp id="240" class="1001" name="const_240">
<pin_list>
<pin id="241" dir="1" index="0" bw="1" slack="0"/>
</pin_list>
<bind>
<StgValue><ssdm name=""/></StgValue>
</bind>
</comp>

<comp id="242" class="1001" name="const_242">
<pin_list>
<pin id="243" dir="1" index="0" bw="1" slack="0"/>
</pin_list>
<bind>
<StgValue><ssdm name=""/></StgValue>
</bind>
</comp>

<comp id="244" class="1001" name="const_244">
<pin_list>
<pin id="245" dir="1" index="0" bw="1" slack="0"/>
</pin_list>
<bind>
<StgValue><ssdm name=""/></StgValue>
</bind>
</comp>

<comp id="246" class="1001" name="const_246">
<pin_list>
<pin id="247" dir="1" index="0" bw="1" slack="0"/>
</pin_list>
<bind>
<StgValue><ssdm name=""/></StgValue>
</bind>
</comp>

<comp id="248" class="1001" name="const_248">
<pin_list>
<pin id="249" dir="1" index="0" bw="1" slack="0"/>
</pin_list>
<bind>
<StgValue><ssdm name=""/></StgValue>
</bind>
</comp>

<comp id="250" class="1001" name="const_250">
<pin_list>
<pin id="251" dir="1" index="0" bw="1" slack="0"/>
</pin_list>
<bind>
<StgValue><ssdm name=""/></StgValue>
</bind>
</comp>

<comp id="252" class="1001" name="const_252">
<pin_list>
<pin id="253" dir="1" index="0" bw="1" slack="0"/>
</pin_list>
<bind>
<StgValue><ssdm name=""/></StgValue>
</bind>
</comp>

<comp id="254" class="1001" name="const_254">
<pin_list>
<pin id="255" dir="1" index="0" bw="1" slack="0"/>
</pin_list>
<bind>
<StgValue><ssdm name=""/></StgValue>
</bind>
</comp>

<comp id="256" class="1001" name="const_256">
<pin_list>
<pin id="257" dir="1" index="0" bw="1" slack="0"/>
</pin_list>
<bind>
<StgValue><ssdm name=""/></StgValue>
</bind>
</comp>

<comp id="258" class="1001" name="const_258">
<pin_list>
<pin id="259" dir="1" index="0" bw="1" slack="0"/>
</pin_list>
<bind>
<StgValue><ssdm name=""/></StgValue>
</bind>
</comp>

<comp id="260" class="1001" name="const_260">
<pin_list>
<pin id="261" dir="1" index="0" bw="1" slack="0"/>
</pin_list>
<bind>
<StgValue><ssdm name=""/></StgValue>
</bind>
</comp>

<comp id="262" class="1001" name="const_262">
<pin_list>
<pin id="263" dir="1" index="0" bw="1" slack="0"/>
</pin_list>
<bind>
<StgValue><ssdm name=""/></StgValue>
</bind>
</comp>

<comp id="264" class="1001" name="const_264">
<pin_list>
<pin id="265" dir="1" index="0" bw="1" slack="0"/>
</pin_list>
<bind>
<StgValue><ssdm name=""/></StgValue>
</bind>
</comp>

<comp id="266" class="1001" name="const_266">
<pin_list>
<pin id="267" dir="1" index="0" bw="1" slack="0"/>
</pin_list>
<bind>
<StgValue><ssdm name=""/></StgValue>
</bind>
</comp>

<comp id="268" class="1001" name="const_268">
<pin_list>
<pin id="269" dir="1" index="0" bw="1" slack="0"/>
</pin_list>
<bind>
<StgValue><ssdm name=""/></StgValue>
</bind>
</comp>

<comp id="270" class="1001" name="const_270">
<pin_list>
<pin id="271" dir="1" index="0" bw="1" slack="0"/>
</pin_list>
<bind>
<StgValue><ssdm name=""/></StgValue>
</bind>
</comp>

<comp id="272" class="1001" name="const_272">
<pin_list>
<pin id="273" dir="1" index="0" bw="1" slack="0"/>
</pin_list>
<bind>
<StgValue><ssdm name=""/></StgValue>
</bind>
</comp>

<comp id="274" class="1001" name="const_274">
<pin_list>
<pin id="275" dir="1" index="0" bw="1" slack="0"/>
</pin_list>
<bind>
<StgValue><ssdm name=""/></StgValue>
</bind>
</comp>

<comp id="276" class="1001" name="const_276">
<pin_list>
<pin id="277" dir="1" index="0" bw="1" slack="0"/>
</pin_list>
<bind>
<StgValue><ssdm name=""/></StgValue>
</bind>
</comp>

<comp id="278" class="1001" name="const_278">
<pin_list>
<pin id="279" dir="1" index="0" bw="1" slack="0"/>
</pin_list>
<bind>
<StgValue><ssdm name=""/></StgValue>
</bind>
</comp>

<comp id="280" class="1001" name="const_280">
<pin_list>
<pin id="281" dir="1" index="0" bw="1" slack="0"/>
</pin_list>
<bind>
<StgValue><ssdm name=""/></StgValue>
</bind>
</comp>

<comp id="282" class="1001" name="const_282">
<pin_list>
<pin id="283" dir="1" index="0" bw="1" slack="0"/>
</pin_list>
<bind>
<StgValue><ssdm name=""/></StgValue>
</bind>
</comp>

<comp id="284" class="1001" name="const_284">
<pin_list>
<pin id="285" dir="1" index="0" bw="1" slack="0"/>
</pin_list>
<bind>
<StgValue><ssdm name=""/></StgValue>
</bind>
</comp>

<comp id="286" class="1001" name="const_286">
<pin_list>
<pin id="287" dir="1" index="0" bw="1" slack="0"/>
</pin_list>
<bind>
<StgValue><ssdm name=""/></StgValue>
</bind>
</comp>

<comp id="288" class="1001" name="const_288">
<pin_list>
<pin id="289" dir="1" index="0" bw="1" slack="0"/>
</pin_list>
<bind>
<StgValue><ssdm name=""/></StgValue>
</bind>
</comp>

<comp id="290" class="1001" name="const_290">
<pin_list>
<pin id="291" dir="1" index="0" bw="1" slack="0"/>
</pin_list>
<bind>
<StgValue><ssdm name=""/></StgValue>
</bind>
</comp>

<comp id="292" class="1001" name="const_292">
<pin_list>
<pin id="293" dir="1" index="0" bw="1" slack="0"/>
</pin_list>
<bind>
<StgValue><ssdm name=""/></StgValue>
</bind>
</comp>

<comp id="294" class="1001" name="const_294">
<pin_list>
<pin id="295" dir="1" index="0" bw="1" slack="0"/>
</pin_list>
<bind>
<StgValue><ssdm name=""/></StgValue>
</bind>
</comp>

<comp id="296" class="1001" name="const_296">
<pin_list>
<pin id="297" dir="1" index="0" bw="1" slack="0"/>
</pin_list>
<bind>
<StgValue><ssdm name=""/></StgValue>
</bind>
</comp>

<comp id="298" class="1001" name="const_298">
<pin_list>
<pin id="299" dir="1" index="0" bw="1" slack="0"/>
</pin_list>
<bind>
<StgValue><ssdm name=""/></StgValue>
</bind>
</comp>

<comp id="300" class="1001" name="const_300">
<pin_list>
<pin id="301" dir="1" index="0" bw="1" slack="0"/>
</pin_list>
<bind>
<StgValue><ssdm name=""/></StgValue>
</bind>
</comp>

<comp id="302" class="1001" name="const_302">
<pin_list>
<pin id="303" dir="1" index="0" bw="1" slack="0"/>
</pin_list>
<bind>
<StgValue><ssdm name=""/></StgValue>
</bind>
</comp>

<comp id="304" class="1001" name="const_304">
<pin_list>
<pin id="305" dir="1" index="0" bw="1" slack="0"/>
</pin_list>
<bind>
<StgValue><ssdm name=""/></StgValue>
</bind>
</comp>

<comp id="306" class="1001" name="const_306">
<pin_list>
<pin id="307" dir="1" index="0" bw="1" slack="0"/>
</pin_list>
<bind>
<StgValue><ssdm name=""/></StgValue>
</bind>
</comp>

<comp id="308" class="1001" name="const_308">
<pin_list>
<pin id="309" dir="1" index="0" bw="1" slack="0"/>
</pin_list>
<bind>
<StgValue><ssdm name=""/></StgValue>
</bind>
</comp>

<comp id="310" class="1001" name="const_310">
<pin_list>
<pin id="311" dir="1" index="0" bw="1" slack="0"/>
</pin_list>
<bind>
<StgValue><ssdm name=""/></StgValue>
</bind>
</comp>

<comp id="312" class="1001" name="const_312">
<pin_list>
<pin id="313" dir="1" index="0" bw="1" slack="0"/>
</pin_list>
<bind>
<StgValue><ssdm name=""/></StgValue>
</bind>
</comp>

<comp id="314" class="1001" name="const_314">
<pin_list>
<pin id="315" dir="1" index="0" bw="1" slack="0"/>
</pin_list>
<bind>
<StgValue><ssdm name=""/></StgValue>
</bind>
</comp>

<comp id="316" class="1001" name="const_316">
<pin_list>
<pin id="317" dir="1" index="0" bw="1" slack="0"/>
</pin_list>
<bind>
<StgValue><ssdm name=""/></StgValue>
</bind>
</comp>

<comp id="318" class="1001" name="const_318">
<pin_list>
<pin id="319" dir="1" index="0" bw="1" slack="0"/>
</pin_list>
<bind>
<StgValue><ssdm name=""/></StgValue>
</bind>
</comp>

<comp id="320" class="1001" name="const_320">
<pin_list>
<pin id="321" dir="1" index="0" bw="1" slack="0"/>
</pin_list>
<bind>
<StgValue><ssdm name=""/></StgValue>
</bind>
</comp>

<comp id="322" class="1001" name="const_322">
<pin_list>
<pin id="323" dir="1" index="0" bw="1" slack="0"/>
</pin_list>
<bind>
<StgValue><ssdm name=""/></StgValue>
</bind>
</comp>

<comp id="324" class="1001" name="const_324">
<pin_list>
<pin id="325" dir="1" index="0" bw="1" slack="0"/>
</pin_list>
<bind>
<StgValue><ssdm name=""/></StgValue>
</bind>
</comp>

<comp id="326" class="1001" name="const_326">
<pin_list>
<pin id="327" dir="1" index="0" bw="1" slack="0"/>
</pin_list>
<bind>
<StgValue><ssdm name=""/></StgValue>
</bind>
</comp>

<comp id="328" class="1001" name="const_328">
<pin_list>
<pin id="329" dir="1" index="0" bw="1" slack="0"/>
</pin_list>
<bind>
<StgValue><ssdm name=""/></StgValue>
</bind>
</comp>

<comp id="330" class="1001" name="const_330">
<pin_list>
<pin id="331" dir="1" index="0" bw="1" slack="0"/>
</pin_list>
<bind>
<StgValue><ssdm name=""/></StgValue>
</bind>
</comp>

<comp id="332" class="1001" name="const_332">
<pin_list>
<pin id="333" dir="1" index="0" bw="1" slack="0"/>
</pin_list>
<bind>
<StgValue><ssdm name=""/></StgValue>
</bind>
</comp>

<comp id="334" class="1001" name="const_334">
<pin_list>
<pin id="335" dir="1" index="0" bw="1" slack="0"/>
</pin_list>
<bind>
<StgValue><ssdm name=""/></StgValue>
</bind>
</comp>

<comp id="336" class="1001" name="const_336">
<pin_list>
<pin id="337" dir="1" index="0" bw="1" slack="0"/>
</pin_list>
<bind>
<StgValue><ssdm name=""/></StgValue>
</bind>
</comp>

<comp id="338" class="1001" name="const_338">
<pin_list>
<pin id="339" dir="1" index="0" bw="1" slack="0"/>
</pin_list>
<bind>
<StgValue><ssdm name=""/></StgValue>
</bind>
</comp>

<comp id="340" class="1001" name="const_340">
<pin_list>
<pin id="341" dir="1" index="0" bw="1" slack="0"/>
</pin_list>
<bind>
<StgValue><ssdm name=""/></StgValue>
</bind>
</comp>

<comp id="342" class="1001" name="const_342">
<pin_list>
<pin id="343" dir="1" index="0" bw="1" slack="0"/>
</pin_list>
<bind>
<StgValue><ssdm name=""/></StgValue>
</bind>
</comp>

<comp id="344" class="1001" name="const_344">
<pin_list>
<pin id="345" dir="1" index="0" bw="1" slack="0"/>
</pin_list>
<bind>
<StgValue><ssdm name=""/></StgValue>
</bind>
</comp>

<comp id="346" class="1001" name="const_346">
<pin_list>
<pin id="347" dir="1" index="0" bw="1" slack="0"/>
</pin_list>
<bind>
<StgValue><ssdm name=""/></StgValue>
</bind>
</comp>

<comp id="348" class="1001" name="const_348">
<pin_list>
<pin id="349" dir="1" index="0" bw="1" slack="0"/>
</pin_list>
<bind>
<StgValue><ssdm name=""/></StgValue>
</bind>
</comp>

<comp id="350" class="1001" name="const_350">
<pin_list>
<pin id="351" dir="1" index="0" bw="1" slack="0"/>
</pin_list>
<bind>
<StgValue><ssdm name=""/></StgValue>
</bind>
</comp>

<comp id="352" class="1001" name="const_352">
<pin_list>
<pin id="353" dir="1" index="0" bw="1" slack="0"/>
</pin_list>
<bind>
<StgValue><ssdm name=""/></StgValue>
</bind>
</comp>

<comp id="354" class="1001" name="const_354">
<pin_list>
<pin id="355" dir="1" index="0" bw="1" slack="0"/>
</pin_list>
<bind>
<StgValue><ssdm name=""/></StgValue>
</bind>
</comp>

<comp id="356" class="1001" name="const_356">
<pin_list>
<pin id="357" dir="1" index="0" bw="1" slack="0"/>
</pin_list>
<bind>
<StgValue><ssdm name=""/></StgValue>
</bind>
</comp>

<comp id="358" class="1001" name="const_358">
<pin_list>
<pin id="359" dir="1" index="0" bw="1" slack="0"/>
</pin_list>
<bind>
<StgValue><ssdm name=""/></StgValue>
</bind>
</comp>

<comp id="360" class="1001" name="const_360">
<pin_list>
<pin id="361" dir="1" index="0" bw="1" slack="0"/>
</pin_list>
<bind>
<StgValue><ssdm name=""/></StgValue>
</bind>
</comp>

<comp id="362" class="1001" name="const_362">
<pin_list>
<pin id="363" dir="1" index="0" bw="1" slack="0"/>
</pin_list>
<bind>
<StgValue><ssdm name=""/></StgValue>
</bind>
</comp>

<comp id="364" class="1001" name="const_364">
<pin_list>
<pin id="365" dir="1" index="0" bw="1" slack="0"/>
</pin_list>
<bind>
<StgValue><ssdm name=""/></StgValue>
</bind>
</comp>

<comp id="366" class="1001" name="const_366">
<pin_list>
<pin id="367" dir="1" index="0" bw="1" slack="0"/>
</pin_list>
<bind>
<StgValue><ssdm name="_ssdm_op_BitSelect.i1.i64.i32"/></StgValue>
</bind>
</comp>

<comp id="368" class="1001" name="const_368">
<pin_list>
<pin id="369" dir="1" index="0" bw="1" slack="0"/>
</pin_list>
<bind>
<StgValue><ssdm name="_ssdm_op_BitConcatenate.i54.i1.i52.i1"/></StgValue>
</bind>
</comp>

<comp id="370" class="1001" name="const_370">
<pin_list>
<pin id="371" dir="1" index="0" bw="1" slack="0"/>
</pin_list>
<bind>
<StgValue><ssdm name=""/></StgValue>
</bind>
</comp>

<comp id="372" class="1001" name="const_372">
<pin_list>
<pin id="373" dir="1" index="0" bw="1" slack="0"/>
</pin_list>
<bind>
<StgValue><ssdm name=""/></StgValue>
</bind>
</comp>

<comp id="374" class="1001" name="const_374">
<pin_list>
<pin id="375" dir="1" index="0" bw="1" slack="0"/>
</pin_list>
<bind>
<StgValue><ssdm name=""/></StgValue>
</bind>
</comp>

<comp id="376" class="1001" name="const_376">
<pin_list>
<pin id="377" dir="1" index="0" bw="1" slack="0"/>
</pin_list>
<bind>
<StgValue><ssdm name="_ssdm_op_BitSelect.i1.i12.i32"/></StgValue>
</bind>
</comp>

<comp id="378" class="1001" name="const_378">
<pin_list>
<pin id="379" dir="1" index="0" bw="1" slack="0"/>
</pin_list>
<bind>
<StgValue><ssdm name=""/></StgValue>
</bind>
</comp>

<comp id="380" class="1001" name="const_380">
<pin_list>
<pin id="381" dir="1" index="0" bw="1" slack="0"/>
</pin_list>
<bind>
<StgValue><ssdm name=""/></StgValue>
</bind>
</comp>

<comp id="382" class="1001" name="const_382">
<pin_list>
<pin id="383" dir="1" index="0" bw="1" slack="0"/>
</pin_list>
<bind>
<StgValue><ssdm name="_ssdm_op_PartSelect.i32.i137.i32.i32"/></StgValue>
</bind>
</comp>

<comp id="384" class="1001" name="const_384">
<pin_list>
<pin id="385" dir="1" index="0" bw="1" slack="0"/>
</pin_list>
<bind>
<StgValue><ssdm name=""/></StgValue>
</bind>
</comp>

<comp id="386" class="1001" name="const_386">
<pin_list>
<pin id="387" dir="1" index="0" bw="1" slack="0"/>
</pin_list>
<bind>
<StgValue><ssdm name=""/></StgValue>
</bind>
</comp>

<comp id="388" class="1001" name="const_388">
<pin_list>
<pin id="389" dir="1" index="0" bw="1" slack="0"/>
</pin_list>
<bind>
<StgValue><ssdm name="_ssdm_op_Write.axis.volatile.i32P0A.i4P0A.i4P0A.i2P0A.i1P0A.i5P0A.i6P0A"/></StgValue>
</bind>
</comp>

<comp id="390" class="1001" name="const_390">
<pin_list>
<pin id="391" dir="1" index="0" bw="1" slack="2147483647"/>
</pin_list>
<bind>
<StgValue><ssdm name="empty_14"/></StgValue>
</bind>
</comp>

<comp id="392" class="1001" name="const_392">
<pin_list>
<pin id="393" dir="1" index="0" bw="1" slack="0"/>
</pin_list>
<bind>
<StgValue><ssdm name=""/></StgValue>
</bind>
</comp>

<comp id="394" class="1001" name="const_394">
<pin_list>
<pin id="395" dir="1" index="0" bw="1" slack="0"/>
</pin_list>
<bind>
<StgValue><ssdm name=""/></StgValue>
</bind>
</comp>

<comp id="396" class="1001" name="const_396">
<pin_list>
<pin id="397" dir="1" index="0" bw="1" slack="0"/>
</pin_list>
<bind>
<StgValue><ssdm name=""/></StgValue>
</bind>
</comp>

<comp id="398" class="1004" name="gain_re_loc_fu_398">
<pin_list>
<pin id="399" dir="0" index="0" bw="2" slack="0"/>
<pin id="400" dir="1" index="1" bw="64" slack="71"/>
</pin_list>
<bind>
<opcode="alloca(26) " fcode="alloca"/>
<opset="gain_re_loc/1 "/>
</bind>
</comp>

<comp id="402" class="1004" name="p_loc117_fu_402">
<pin_list>
<pin id="403" dir="0" index="0" bw="2" slack="0"/>
<pin id="404" dir="1" index="1" bw="32" slack="9"/>
</pin_list>
<bind>
<opcode="alloca(26) " fcode="alloca"/>
<opset="p_loc117/1 "/>
</bind>
</comp>

<comp id="406" class="1004" name="p_loc116_fu_406">
<pin_list>
<pin id="407" dir="0" index="0" bw="2" slack="0"/>
<pin id="408" dir="1" index="1" bw="32" slack="9"/>
</pin_list>
<bind>
<opcode="alloca(26) " fcode="alloca"/>
<opset="p_loc116/1 "/>
</bind>
</comp>

<comp id="410" class="1004" name="p_loc115_fu_410">
<pin_list>
<pin id="411" dir="0" index="0" bw="2" slack="0"/>
<pin id="412" dir="1" index="1" bw="32" slack="9"/>
</pin_list>
<bind>
<opcode="alloca(26) " fcode="alloca"/>
<opset="p_loc115/1 "/>
</bind>
</comp>

<comp id="414" class="1004" name="p_loc_fu_414">
<pin_list>
<pin id="415" dir="0" index="0" bw="2" slack="0"/>
<pin id="416" dir="1" index="1" bw="32" slack="9"/>
</pin_list>
<bind>
<opcode="alloca(26) " fcode="alloca"/>
<opset="p_loc/1 "/>
</bind>
</comp>

<comp id="418" class="1004" name="taps_alloca_fu_418">
<pin_list>
<pin id="419" dir="0" index="0" bw="2" slack="0"/>
<pin id="420" dir="1" index="1" bw="64" slack="2147483647"/>
</pin_list>
<bind>
<opcode="alloca(26) " fcode="alloca"/>
<opset="taps/1 "/>
</bind>
</comp>

<comp id="422" class="1004" name="bram_read_read_fu_422">
<pin_list>
<pin id="423" dir="0" index="0" bw="64" slack="0"/>
<pin id="424" dir="0" index="1" bw="64" slack="0"/>
<pin id="425" dir="1" index="2" bw="64" slack="0"/>
</pin_list>
<bind>
<opcode="read(1150) " fcode="read"/>
<opset="bram_read/1 "/>
</bind>
</comp>

<comp id="428" class="1004" name="grp_readreq_fu_428">
<pin_list>
<pin id="429" dir="0" index="0" bw="1" slack="0"/>
<pin id="430" dir="0" index="1" bw="32" slack="0"/>
<pin id="431" dir="0" index="2" bw="4" slack="0"/>
<pin id="432" dir="1" index="3" bw="1" slack="2147483647"/>
</pin_list>
<bind>
<opcode="readreq(1154) " fcode="readreq"/>
<opset="empty/2 "/>
</bind>
</comp>

<comp id="435" class="1004" name="grp_writeresp_fu_435">
<pin_list>
<pin id="436" dir="0" index="0" bw="1" slack="0"/>
<pin id="437" dir="0" index="1" bw="32" slack="1"/>
<pin id="438" dir="0" index="2" bw="2" slack="0"/>
<pin id="439" dir="1" index="3" bw="1" slack="2147483647"/>
</pin_list>
<bind>
<opcode="writereq(1155) writeresp(1158) " fcode="writeresp"/>
<opset="gmem_addr_1_req/12 gmem_addr_1_resp/14 "/>
</bind>
</comp>

<comp id="442" class="1004" name="write_ln16_write_fu_442">
<pin_list>
<pin id="443" dir="0" index="0" bw="0" slack="0"/>
<pin id="444" dir="0" index="1" bw="32" slack="2"/>
<pin id="445" dir="0" index="2" bw="1" slack="0"/>
<pin id="446" dir="0" index="3" bw="1" slack="0"/>
<pin id="447" dir="1" index="4" bw="0" slack="2147483647"/>
</pin_list>
<bind>
<opcode="write(1151) " fcode="write"/>
<opset="write_ln16/13 "/>
</bind>
</comp>

<comp id="452" class="1004" name="grp_writeresp_fu_452">
<pin_list>
<pin id="453" dir="0" index="0" bw="1" slack="0"/>
<pin id="454" dir="0" index="1" bw="32" slack="1"/>
<pin id="455" dir="0" index="2" bw="2" slack="0"/>
<pin id="456" dir="1" index="3" bw="1" slack="2147483647"/>
</pin_list>
<bind>
<opcode="readreq(1154) writereq(1155) writeresp(1158) " fcode="writeresp"/>
<opset="gmem_load_req/77 gmem_addr_2_req/87 gmem_addr_2_resp/89 "/>
</bind>
</comp>

<comp id="459" class="1004" name="empty_59_read_fu_459">
<pin_list>
<pin id="460" dir="0" index="0" bw="54" slack="0"/>
<pin id="461" dir="0" index="1" bw="32" slack="0"/>
<pin id="462" dir="0" index="2" bw="4" slack="0"/>
<pin id="463" dir="0" index="3" bw="4" slack="0"/>
<pin id="464" dir="0" index="4" bw="2" slack="0"/>
<pin id="465" dir="0" index="5" bw="1" slack="0"/>
<pin id="466" dir="0" index="6" bw="5" slack="0"/>
<pin id="467" dir="0" index="7" bw="6" slack="0"/>
<pin id="468" dir="1" index="8" bw="54" slack="0"/>
</pin_list>
<bind>
<opcode="read(1150) " fcode="read"/>
<opset="empty_59/83 "/>
</bind>
</comp>

<comp id="477" class="1004" name="gmem_addr_2_read_read_fu_477">
<pin_list>
<pin id="478" dir="0" index="0" bw="32" slack="0"/>
<pin id="479" dir="0" index="1" bw="32" slack="9"/>
<pin id="480" dir="1" index="2" bw="32" slack="1"/>
</pin_list>
<bind>
<opcode="read(1150) " fcode="read"/>
<opset="gmem_addr_2_read/85 "/>
</bind>
</comp>

<comp id="483" class="1004" name="write_ln31_write_fu_483">
<pin_list>
<pin id="484" dir="0" index="0" bw="0" slack="0"/>
<pin id="485" dir="0" index="1" bw="32" slack="12"/>
<pin id="486" dir="0" index="2" bw="1" slack="0"/>
<pin id="487" dir="0" index="3" bw="1" slack="0"/>
<pin id="488" dir="1" index="4" bw="0" slack="2147483647"/>
</pin_list>
<bind>
<opcode="write(1151) " fcode="write"/>
<opset="write_ln31/88 "/>
</bind>
</comp>

<comp id="493" class="1004" name="grp_write_fu_493">
<pin_list>
<pin id="494" dir="0" index="0" bw="0" slack="0"/>
<pin id="495" dir="0" index="1" bw="32" slack="0"/>
<pin id="496" dir="0" index="2" bw="4" slack="0"/>
<pin id="497" dir="0" index="3" bw="4" slack="0"/>
<pin id="498" dir="0" index="4" bw="2" slack="0"/>
<pin id="499" dir="0" index="5" bw="1" slack="0"/>
<pin id="500" dir="0" index="6" bw="5" slack="0"/>
<pin id="501" dir="0" index="7" bw="6" slack="0"/>
<pin id="502" dir="0" index="8" bw="32" slack="0"/>
<pin id="503" dir="0" index="9" bw="4" slack="53"/>
<pin id="504" dir="0" index="10" bw="4" slack="53"/>
<pin id="505" dir="0" index="11" bw="2" slack="53"/>
<pin id="506" dir="0" index="12" bw="1" slack="53"/>
<pin id="507" dir="0" index="13" bw="5" slack="53"/>
<pin id="508" dir="0" index="14" bw="6" slack="53"/>
<pin id="509" dir="1" index="15" bw="0" slack="2147483647"/>
</pin_list>
<bind>
<opcode="write(1151) " fcode="write"/>
<opset="write_ln46/136 "/>
</bind>
</comp>

<comp id="518" class="1004" name="grp_access_fu_518">
<pin_list>
<pin id="519" dir="0" index="0" bw="64" slack="0"/>
<pin id="520" dir="0" index="1" bw="64" slack="0"/>
<pin id="521" dir="0" index="2" bw="0" slack="0"/>
<pin id="523" dir="0" index="4" bw="64" slack="0"/>
<pin id="524" dir="0" index="5" bw="64" slack="2147483647"/>
<pin id="525" dir="0" index="6" bw="0" slack="2147483647"/>
<pin id="522" dir="1" index="3" bw="64" slack="2147483647"/>
<pin id="526" dir="1" index="7" bw="64" slack="0"/>
</pin_list>
<bind>
<opcode="load(27) store(28) " fcode="store"/>
<opset="store_ln63/86 store_ln63/86 store_ln63/87 store_ln63/87 store_ln63/88 store_ln63/88 store_ln63/89 store_ln63/89 store_ln63/90 store_ln63/90 store_ln63/91 store_ln63/91 store_ln63/92 store_ln63/92 store_ln63/93 store_ln63/93 store_ln63/94 store_ln63/94 store_ln63/95 store_ln63/95 store_ln63/96 store_ln63/96 store_ln63/97 store_ln63/97 store_ln63/98 store_ln63/98 store_ln63/99 store_ln63/99 store_ln63/100 store_ln63/100 store_ln63/101 store_ln63/101 store_ln63/102 store_ln63/102 store_ln63/103 store_ln63/103 store_ln63/104 store_ln63/104 store_ln63/105 store_ln63/105 store_ln63/106 store_ln63/106 store_ln63/107 store_ln63/107 store_ln63/108 store_ln63/108 store_ln63/109 store_ln63/109 store_ln63/110 store_ln63/110 store_ln63/111 store_ln63/111 store_ln63/112 store_ln63/112 store_ln63/113 store_ln63/113 store_ln63/114 store_ln63/114 store_ln63/115 store_ln63/115 store_ln63/116 store_ln63/116 store_ln63/117 store_ln63/117 store_ln63/118 store_ln63/118 store_ln63/119 store_ln63/119 store_ln63/120 store_ln63/120 store_ln63/121 store_ln63/121 store_ln63/122 store_ln63/122 store_ln63/123 store_ln63/123 store_ln63/124 store_ln63/124 store_ln63/125 store_ln63/125 store_ln63/126 store_ln63/126 store_ln63/127 store_ln63/127 store_ln63/128 store_ln63/128 store_ln63/129 store_ln63/129 store_ln63/130 store_ln63/130 store_ln63/131 store_ln63/132 store_ln63/132 store_ln63/133 store_ln63/133 store_ln63/134 store_ln63/134 store_ln63/135 store_ln63/135 store_ln63/136 store_ln63/136 data_4/137 store_ln72/137 store_ln75/138 "/>
</bind>
</comp>

<comp id="630" class="1004" name="shift_reg_addr_gep_fu_630">
<pin_list>
<pin id="631" dir="0" index="0" bw="64" slack="0"/>
<pin id="632" dir="0" index="1" bw="1" slack="0"/>
<pin id="633" dir="0" index="2" bw="7" slack="0"/>
<pin id="634" dir="1" index="3" bw="7" slack="0"/>
</pin_list>
<bind>
<opcode="getelementptr(29) " fcode="getelementptr"/>
<opset="shift_reg_addr/137 "/>
</bind>
</comp>

<comp id="638" class="1004" name="shift_reg_addr_1_gep_fu_638">
<pin_list>
<pin id="639" dir="0" index="0" bw="64" slack="0"/>
<pin id="640" dir="0" index="1" bw="1" slack="0"/>
<pin id="641" dir="0" index="2" bw="64" slack="1"/>
<pin id="642" dir="1" index="3" bw="7" slack="0"/>
</pin_list>
<bind>
<opcode="getelementptr(29) " fcode="getelementptr"/>
<opset="shift_reg_addr_1/138 "/>
</bind>
</comp>

<comp id="647" class="1004" name="c_addr_gep_fu_647">
<pin_list>
<pin id="648" dir="0" index="0" bw="64" slack="2147483647"/>
<pin id="649" dir="0" index="1" bw="1" slack="0"/>
<pin id="650" dir="0" index="2" bw="64" slack="1"/>
<pin id="651" dir="1" index="3" bw="7" slack="0"/>
</pin_list>
<bind>
<opcode="getelementptr(29) " fcode="getelementptr"/>
<opset="c_addr/138 "/>
</bind>
</comp>

<comp id="653" class="1004" name="grp_access_fu_653">
<pin_list>
<pin id="654" dir="0" index="0" bw="7" slack="0"/>
<pin id="655" dir="0" index="1" bw="64" slack="2147483647"/>
<pin id="656" dir="0" index="2" bw="0" slack="2147483647"/>
<pin id="657" dir="1" index="3" bw="64" slack="1"/>
</pin_list>
<bind>
<opcode="load(27) " fcode="load"/>
<opset="c_load/138 "/>
</bind>
</comp>

<comp id="659" class="1005" name="dc_reg_659">
<pin_list>
<pin id="660" dir="0" index="0" bw="64" slack="50"/>
<pin id="661" dir="1" index="1" bw="64" slack="50"/>
</pin_list>
<bind>
<opset="dc (phireg) "/>
</bind>
</comp>

<comp id="663" class="1004" name="dc_phi_fu_663">
<pin_list>
<pin id="664" dir="0" index="0" bw="64" slack="0"/>
<pin id="665" dir="0" index="1" bw="0" slack="2147483647"/>
<pin id="666" dir="0" index="2" bw="64" slack="50"/>
<pin id="667" dir="0" index="3" bw="0" slack="2147483647"/>
<pin id="668" dir="0" index="4" bw="64" slack="49"/>
<pin id="669" dir="0" index="5" bw="0" slack="2147483647"/>
<pin id="670" dir="1" index="6" bw="64" slack="0"/>
</pin_list>
<bind>
<opcode="phi(47) " fcode="phi"/>
<opset="dc/136 "/>
</bind>
</comp>

<comp id="673" class="1005" name="i_4_reg_673">
<pin_list>
<pin id="674" dir="0" index="0" bw="64" slack="1"/>
<pin id="675" dir="1" index="1" bw="64" slack="1"/>
</pin_list>
<bind>
<opset="i_4 (phireg) "/>
</bind>
</comp>

<comp id="678" class="1004" name="i_4_phi_fu_678">
<pin_list>
<pin id="679" dir="0" index="0" bw="64" slack="1"/>
<pin id="680" dir="0" index="1" bw="0" slack="2147483647"/>
<pin id="681" dir="0" index="2" bw="32" slack="11"/>
<pin id="682" dir="0" index="3" bw="0" slack="2147483647"/>
<pin id="683" dir="1" index="4" bw="64" slack="0"/>
</pin_list>
<bind>
<opcode="phi(47) " fcode="phi"/>
<opset="i_4/137 "/>
</bind>
</comp>

<comp id="685" class="1005" name="acc_reg_685">
<pin_list>
<pin id="686" dir="0" index="0" bw="64" slack="1"/>
<pin id="687" dir="1" index="1" bw="64" slack="1"/>
</pin_list>
<bind>
<opset="acc (phireg) "/>
</bind>
</comp>

<comp id="690" class="1004" name="acc_phi_fu_690">
<pin_list>
<pin id="691" dir="0" index="0" bw="64" slack="1"/>
<pin id="692" dir="0" index="1" bw="0" slack="2147483647"/>
<pin id="693" dir="0" index="2" bw="64" slack="1"/>
<pin id="694" dir="0" index="3" bw="0" slack="2147483647"/>
<pin id="695" dir="1" index="4" bw="64" slack="8"/>
</pin_list>
<bind>
<opcode="phi(47) " fcode="phi"/>
<opset="acc/137 "/>
</bind>
</comp>

<comp id="698" class="1005" name="data_3_reg_698">
<pin_list>
<pin id="699" dir="0" index="0" bw="64" slack="1"/>
<pin id="700" dir="1" index="1" bw="64" slack="1"/>
</pin_list>
<bind>
<opset="data_3 (phireg) "/>
</bind>
</comp>

<comp id="701" class="1004" name="data_3_phi_fu_701">
<pin_list>
<pin id="702" dir="0" index="0" bw="64" slack="3"/>
<pin id="703" dir="0" index="1" bw="0" slack="2147483647"/>
<pin id="704" dir="0" index="2" bw="64" slack="1"/>
<pin id="705" dir="0" index="3" bw="0" slack="2147483647"/>
<pin id="706" dir="1" index="4" bw="64" slack="1"/>
</pin_list>
<bind>
<opcode="phi(47) " fcode="phi"/>
<opset="data_3/139 "/>
</bind>
</comp>

<comp id="708" class="1004" name="grp_firTop_Pipeline_VITIS_LOOP_14_1_fu_708">
<pin_list>
<pin id="709" dir="0" index="0" bw="0" slack="0"/>
<pin id="710" dir="0" index="1" bw="32" slack="0"/>
<pin id="711" dir="0" index="2" bw="62" slack="9"/>
<pin id="712" dir="0" index="3" bw="32" slack="9"/>
<pin id="713" dir="0" index="4" bw="32" slack="9"/>
<pin id="714" dir="0" index="5" bw="32" slack="9"/>
<pin id="715" dir="0" index="6" bw="32" slack="9"/>
<pin id="716" dir="1" index="7" bw="0" slack="2147483647"/>
</pin_list>
<bind>
<opcode="call(48) " fcode="call"/>
<opset="call_ln14/10 "/>
</bind>
</comp>

<comp id="719" class="1004" name="grp_firTop_Pipeline_VITIS_LOOP_92_1_fu_719">
<pin_list>
<pin id="720" dir="0" index="0" bw="0" slack="0"/>
<pin id="721" dir="0" index="1" bw="32" slack="2147483647"/>
<pin id="722" dir="0" index="2" bw="64" slack="1"/>
<pin id="723" dir="0" index="3" bw="64" slack="1"/>
<pin id="724" dir="0" index="4" bw="64" slack="2147483647"/>
<pin id="725" dir="0" index="5" bw="32" slack="0"/>
<pin id="726" dir="0" index="6" bw="64" slack="28"/>
<pin id="727" dir="0" index="7" bw="64" slack="28"/>
<pin id="728" dir="0" index="8" bw="256" slack="0"/>
<pin id="729" dir="0" index="9" bw="59" slack="0"/>
<pin id="730" dir="0" index="10" bw="52" slack="0"/>
<pin id="731" dir="0" index="11" bw="44" slack="0"/>
<pin id="732" dir="0" index="12" bw="33" slack="0"/>
<pin id="733" dir="0" index="13" bw="25" slack="0"/>
<pin id="734" dir="1" index="14" bw="0" slack="2147483647"/>
</pin_list>
<bind>
<opcode="call(48) " fcode="call"/>
<opset="call_ln90/70 "/>
</bind>
</comp>

<comp id="742" class="1004" name="grp_firTop_Pipeline_VITIS_LOOP_113_2_fu_742">
<pin_list>
<pin id="743" dir="0" index="0" bw="0" slack="0"/>
<pin id="744" dir="0" index="1" bw="32" slack="2147483647"/>
<pin id="745" dir="0" index="2" bw="64" slack="2147483647"/>
<pin id="746" dir="0" index="3" bw="32" slack="2"/>
<pin id="747" dir="0" index="4" bw="64" slack="1"/>
<pin id="748" dir="0" index="5" bw="64" slack="71"/>
<pin id="749" dir="0" index="6" bw="256" slack="0"/>
<pin id="750" dir="0" index="7" bw="59" slack="0"/>
<pin id="751" dir="0" index="8" bw="52" slack="0"/>
<pin id="752" dir="0" index="9" bw="44" slack="0"/>
<pin id="753" dir="0" index="10" bw="33" slack="0"/>
<pin id="754" dir="0" index="11" bw="25" slack="0"/>
<pin id="755" dir="1" index="12" bw="0" slack="2147483647"/>
</pin_list>
<bind>
<opcode="call(48) " fcode="call"/>
<opset="call_ln86/72 "/>
</bind>
</comp>

<comp id="763" class="1004" name="grp_firTop_Pipeline_VITIS_LOOP_119_3_fu_763">
<pin_list>
<pin id="764" dir="0" index="0" bw="0" slack="0"/>
<pin id="765" dir="0" index="1" bw="32" slack="2147483647"/>
<pin id="766" dir="0" index="2" bw="64" slack="2147483647"/>
<pin id="767" dir="0" index="3" bw="64" slack="2147483647"/>
<pin id="768" dir="1" index="4" bw="0" slack="2147483647"/>
</pin_list>
<bind>
<opcode="call(48) " fcode="call"/>
<opset="call_ln0/75 "/>
</bind>
</comp>

<comp id="770" class="1004" name="grp_fu_770">
<pin_list>
<pin id="771" dir="0" index="0" bw="64" slack="1"/>
<pin id="772" dir="0" index="1" bw="64" slack="1"/>
<pin id="773" dir="1" index="2" bw="64" slack="1"/>
</pin_list>
<bind>
<opcode="dadd(508) dsub(509) " fcode="dadd"/>
<opset="sub9_i/43 add_i/62 acc_1/145 sub16_i/25 gain_re_1/25 "/>
</bind>
</comp>

<comp id="775" class="1004" name="grp_fu_775">
<pin_list>
<pin id="776" dir="0" index="0" bw="64" slack="1"/>
<pin id="777" dir="0" index="1" bw="64" slack="0"/>
<pin id="778" dir="1" index="2" bw="64" slack="1"/>
</pin_list>
<bind>
<opcode="dmul(510) " fcode="dmul"/>
<opset="mul_i/16 centerOmega/67 mul_i1/140 "/>
</bind>
</comp>

<comp id="780" class="1004" name="grp_fu_780">
<pin_list>
<pin id="781" dir="0" index="0" bw="64" slack="1"/>
<pin id="782" dir="0" index="1" bw="64" slack="0"/>
<pin id="783" dir="1" index="2" bw="64" slack="1"/>
</pin_list>
<bind>
<opcode="dmul(510) " fcode="dmul"/>
<opset="mul4_i/16 mul21_i/5 x_assign_3/5 mul41_i/20 "/>
</bind>
</comp>

<comp id="787" class="1004" name="grp_fu_787">
<pin_list>
<pin id="788" dir="0" index="0" bw="64" slack="1"/>
<pin id="789" dir="0" index="1" bw="64" slack="0"/>
<pin id="790" dir="1" index="2" bw="64" slack="1"/>
</pin_list>
<bind>
<opcode="ddiv(511) " fcode="ddiv"/>
<opset="omegaLower/21 div10_i/48 x_assign_2/10 div55_i/2 "/>
</bind>
</comp>

<comp id="791" class="1004" name="grp_fu_791">
<pin_list>
<pin id="792" dir="0" index="0" bw="64" slack="1"/>
<pin id="793" dir="0" index="1" bw="64" slack="1"/>
<pin id="794" dir="1" index="2" bw="64" slack="1"/>
</pin_list>
<bind>
<opcode="ddiv(511) " fcode="ddiv"/>
<opset="omegaUpper/21 val/30 "/>
</bind>
</comp>

<comp id="796" class="1004" name="grp_fu_796">
<pin_list>
<pin id="797" dir="0" index="0" bw="64" slack="0"/>
<pin id="798" dir="0" index="1" bw="64" slack="0"/>
<pin id="799" dir="1" index="2" bw="1" slack="0"/>
</pin_list>
<bind>
<opcode="dcmp(513) " fcode="dcmp"/>
<opset="tmp_2/74 "/>
</bind>
</comp>

<comp id="801" class="1004" name="grp_fu_801">
<pin_list>
<pin id="802" dir="0" index="0" bw="32" slack="0"/>
<pin id="803" dir="1" index="1" bw="64" slack="1"/>
</pin_list>
<bind>
<opcode="sitodp(517) " fcode="sitodp"/>
<opset="conv_i/12 conv1_i/17 conv23_i/66 x/83 conv11_i/6 conv38_i/1 "/>
</bind>
</comp>

<comp id="804" class="1004" name="grp_fu_804">
<pin_list>
<pin id="805" dir="0" index="0" bw="32" slack="0"/>
<pin id="806" dir="1" index="1" bw="64" slack="1"/>
</pin_list>
<bind>
<opcode="sitodp(517) " fcode="sitodp"/>
<opset="conv3_i/12 "/>
</bind>
</comp>

<comp id="807" class="1005" name="reg_807">
<pin_list>
<pin id="808" dir="0" index="0" bw="64" slack="1"/>
<pin id="809" dir="1" index="1" bw="64" slack="1"/>
</pin_list>
<bind>
<opset="conv_i conv1_i conv23_i x "/>
</bind>
</comp>

<comp id="817" class="1005" name="reg_817">
<pin_list>
<pin id="818" dir="0" index="0" bw="64" slack="1"/>
<pin id="819" dir="1" index="1" bw="64" slack="1"/>
</pin_list>
<bind>
<opset="mul_i centerOmega mul_i1 "/>
</bind>
</comp>

<comp id="824" class="1005" name="reg_824">
<pin_list>
<pin id="825" dir="0" index="0" bw="64" slack="1"/>
<pin id="826" dir="1" index="1" bw="64" slack="1"/>
</pin_list>
<bind>
<opset="sub9_i acc_1 "/>
</bind>
</comp>

<comp id="830" class="1004" name="trunc_ln_fu_830">
<pin_list>
<pin id="831" dir="0" index="0" bw="62" slack="0"/>
<pin id="832" dir="0" index="1" bw="64" slack="0"/>
<pin id="833" dir="0" index="2" bw="3" slack="0"/>
<pin id="834" dir="0" index="3" bw="7" slack="0"/>
<pin id="835" dir="1" index="4" bw="62" slack="1"/>
</pin_list>
<bind>
<opcode="partselect(1002) " fcode="partselect"/>
<opset="trunc_ln/1 "/>
</bind>
</comp>

<comp id="840" class="1004" name="sext_ln14_fu_840">
<pin_list>
<pin id="841" dir="0" index="0" bw="62" slack="1"/>
<pin id="842" dir="1" index="1" bw="64" slack="0"/>
</pin_list>
<bind>
<opcode="sext(35) " fcode="sext"/>
<opset="sext_ln14/2 "/>
</bind>
</comp>

<comp id="843" class="1004" name="gmem_addr_fu_843">
<pin_list>
<pin id="844" dir="0" index="0" bw="64" slack="0"/>
<pin id="845" dir="0" index="1" bw="64" slack="0"/>
<pin id="846" dir="1" index="2" bw="64" slack="0"/>
</pin_list>
<bind>
<opcode="getelementptr(29) " fcode="getelementptr"/>
<opset="gmem_addr/2 "/>
</bind>
</comp>

<comp id="850" class="1004" name="add_ln16_fu_850">
<pin_list>
<pin id="851" dir="0" index="0" bw="64" slack="10"/>
<pin id="852" dir="0" index="1" bw="6" slack="0"/>
<pin id="853" dir="1" index="2" bw="64" slack="0"/>
</pin_list>
<bind>
<opcode="add(8) " fcode="add"/>
<opset="add_ln16/11 "/>
</bind>
</comp>

<comp id="855" class="1004" name="trunc_ln3_fu_855">
<pin_list>
<pin id="856" dir="0" index="0" bw="62" slack="0"/>
<pin id="857" dir="0" index="1" bw="64" slack="0"/>
<pin id="858" dir="0" index="2" bw="3" slack="0"/>
<pin id="859" dir="0" index="3" bw="7" slack="0"/>
<pin id="860" dir="1" index="4" bw="62" slack="0"/>
</pin_list>
<bind>
<opcode="partselect(1002) " fcode="partselect"/>
<opset="trunc_ln3/11 "/>
</bind>
</comp>

<comp id="865" class="1004" name="sext_ln16_fu_865">
<pin_list>
<pin id="866" dir="0" index="0" bw="62" slack="0"/>
<pin id="867" dir="1" index="1" bw="64" slack="0"/>
</pin_list>
<bind>
<opcode="sext(35) " fcode="sext"/>
<opset="sext_ln16/11 "/>
</bind>
</comp>

<comp id="869" class="1004" name="gmem_addr_1_fu_869">
<pin_list>
<pin id="870" dir="0" index="0" bw="64" slack="0"/>
<pin id="871" dir="0" index="1" bw="64" slack="0"/>
<pin id="872" dir="1" index="2" bw="64" slack="1"/>
</pin_list>
<bind>
<opcode="getelementptr(29) " fcode="getelementptr"/>
<opset="gmem_addr_1/11 "/>
</bind>
</comp>

<comp id="875" class="1004" name="p_loc115_load_load_fu_875">
<pin_list>
<pin id="876" dir="0" index="0" bw="32" slack="11"/>
<pin id="877" dir="1" index="1" bw="32" slack="0"/>
</pin_list>
<bind>
<opcode="load(27) " fcode="load"/>
<opset="p_loc115_load/12 "/>
</bind>
</comp>

<comp id="879" class="1004" name="p_loc116_load_load_fu_879">
<pin_list>
<pin id="880" dir="0" index="0" bw="32" slack="11"/>
<pin id="881" dir="1" index="1" bw="32" slack="0"/>
</pin_list>
<bind>
<opcode="load(27) " fcode="load"/>
<opset="p_loc116_load/12 "/>
</bind>
</comp>

<comp id="883" class="1004" name="p_loc_load_load_fu_883">
<pin_list>
<pin id="884" dir="0" index="0" bw="32" slack="16"/>
<pin id="885" dir="1" index="1" bw="32" slack="0"/>
</pin_list>
<bind>
<opcode="load(27) " fcode="load"/>
<opset="p_loc_load/17 "/>
</bind>
</comp>

<comp id="887" class="1004" name="p_loc117_load_load_fu_887">
<pin_list>
<pin id="888" dir="0" index="0" bw="32" slack="65"/>
<pin id="889" dir="1" index="1" bw="32" slack="0"/>
</pin_list>
<bind>
<opcode="load(27) " fcode="load"/>
<opset="p_loc117_load/66 "/>
</bind>
</comp>

<comp id="890" class="1004" name="i_fu_890">
<pin_list>
<pin id="891" dir="0" index="0" bw="32" slack="0"/>
<pin id="892" dir="0" index="1" bw="1" slack="0"/>
<pin id="893" dir="1" index="2" bw="32" slack="0"/>
</pin_list>
<bind>
<opcode="add(8) " fcode="add"/>
<opset="i/66 "/>
</bind>
</comp>

<comp id="897" class="1004" name="tmp_fu_897">
<pin_list>
<pin id="898" dir="0" index="0" bw="1" slack="0"/>
<pin id="899" dir="0" index="1" bw="32" slack="0"/>
<pin id="900" dir="0" index="2" bw="6" slack="0"/>
<pin id="901" dir="1" index="3" bw="1" slack="4"/>
</pin_list>
<bind>
<opcode="bitselect(1000) " fcode="bitselect"/>
<opset="tmp/66 "/>
</bind>
</comp>

<comp id="905" class="1004" name="lshr_ln86_2_fu_905">
<pin_list>
<pin id="906" dir="0" index="0" bw="31" slack="0"/>
<pin id="907" dir="0" index="1" bw="32" slack="0"/>
<pin id="908" dir="0" index="2" bw="1" slack="0"/>
<pin id="909" dir="0" index="3" bw="6" slack="0"/>
<pin id="910" dir="1" index="4" bw="31" slack="4"/>
</pin_list>
<bind>
<opcode="partselect(1002) " fcode="partselect"/>
<opset="lshr_ln86_2/66 "/>
</bind>
</comp>

<comp id="915" class="1004" name="sub_ln86_fu_915">
<pin_list>
<pin id="916" dir="0" index="0" bw="1" slack="0"/>
<pin id="917" dir="0" index="1" bw="32" slack="2147483647"/>
<pin id="918" dir="1" index="2" bw="32" slack="0"/>
</pin_list>
<bind>
<opcode="sub(10) " fcode="sub"/>
<opset="sub_ln86/70 "/>
</bind>
</comp>

<comp id="920" class="1004" name="lshr_ln86_1_fu_920">
<pin_list>
<pin id="921" dir="0" index="0" bw="31" slack="0"/>
<pin id="922" dir="0" index="1" bw="32" slack="0"/>
<pin id="923" dir="0" index="2" bw="1" slack="0"/>
<pin id="924" dir="0" index="3" bw="6" slack="0"/>
<pin id="925" dir="1" index="4" bw="31" slack="0"/>
</pin_list>
<bind>
<opcode="partselect(1002) " fcode="partselect"/>
<opset="lshr_ln86_1/70 "/>
</bind>
</comp>

<comp id="930" class="1004" name="zext_ln86_fu_930">
<pin_list>
<pin id="931" dir="0" index="0" bw="31" slack="0"/>
<pin id="932" dir="1" index="1" bw="32" slack="0"/>
</pin_list>
<bind>
<opcode="zext(34) " fcode="zext"/>
<opset="zext_ln86/70 "/>
</bind>
</comp>

<comp id="934" class="1004" name="sub_ln86_1_fu_934">
<pin_list>
<pin id="935" dir="0" index="0" bw="1" slack="0"/>
<pin id="936" dir="0" index="1" bw="31" slack="0"/>
<pin id="937" dir="1" index="2" bw="32" slack="0"/>
</pin_list>
<bind>
<opcode="sub(10) " fcode="sub"/>
<opset="sub_ln86_1/70 "/>
</bind>
</comp>

<comp id="940" class="1004" name="zext_ln86_1_fu_940">
<pin_list>
<pin id="941" dir="0" index="0" bw="31" slack="4"/>
<pin id="942" dir="1" index="1" bw="32" slack="0"/>
</pin_list>
<bind>
<opcode="zext(34) " fcode="zext"/>
<opset="zext_ln86_1/70 "/>
</bind>
</comp>

<comp id="943" class="1004" name="M_fu_943">
<pin_list>
<pin id="944" dir="0" index="0" bw="1" slack="4"/>
<pin id="945" dir="0" index="1" bw="32" slack="0"/>
<pin id="946" dir="0" index="2" bw="32" slack="0"/>
<pin id="947" dir="1" index="3" bw="32" slack="0"/>
</pin_list>
<bind>
<opcode="select(49) " fcode="select"/>
<opset="M/70 "/>
</bind>
</comp>

<comp id="951" class="1004" name="gain_re_loc_load_load_fu_951">
<pin_list>
<pin id="952" dir="0" index="0" bw="64" slack="73"/>
<pin id="953" dir="1" index="1" bw="64" slack="0"/>
</pin_list>
<bind>
<opcode="load(27) " fcode="load"/>
<opset="gain_re_loc_load/74 "/>
</bind>
</comp>

<comp id="955" class="1004" name="bitcast_ln118_fu_955">
<pin_list>
<pin id="956" dir="0" index="0" bw="64" slack="2147483647"/>
<pin id="957" dir="1" index="1" bw="64" slack="0"/>
</pin_list>
<bind>
<opcode="bitcast(44) " fcode="bitcast"/>
<opset="bitcast_ln118/75 "/>
</bind>
</comp>

<comp id="958" class="1004" name="tmp_1_fu_958">
<pin_list>
<pin id="959" dir="0" index="0" bw="11" slack="0"/>
<pin id="960" dir="0" index="1" bw="64" slack="0"/>
<pin id="961" dir="0" index="2" bw="7" slack="0"/>
<pin id="962" dir="0" index="3" bw="7" slack="0"/>
<pin id="963" dir="1" index="4" bw="11" slack="0"/>
</pin_list>
<bind>
<opcode="partselect(1002) " fcode="partselect"/>
<opset="tmp_1/75 "/>
</bind>
</comp>

<comp id="968" class="1004" name="trunc_ln118_fu_968">
<pin_list>
<pin id="969" dir="0" index="0" bw="64" slack="0"/>
<pin id="970" dir="1" index="1" bw="52" slack="0"/>
</pin_list>
<bind>
<opcode="trunc(33) " fcode="trunc"/>
<opset="trunc_ln118/75 "/>
</bind>
</comp>

<comp id="972" class="1004" name="icmp_ln118_fu_972">
<pin_list>
<pin id="973" dir="0" index="0" bw="11" slack="0"/>
<pin id="974" dir="0" index="1" bw="11" slack="0"/>
<pin id="975" dir="1" index="2" bw="1" slack="0"/>
</pin_list>
<bind>
<opcode="icmp(45) " fcode="icmp"/>
<opset="icmp_ln118/75 "/>
</bind>
</comp>

<comp id="978" class="1004" name="icmp_ln118_1_fu_978">
<pin_list>
<pin id="979" dir="0" index="0" bw="52" slack="0"/>
<pin id="980" dir="0" index="1" bw="52" slack="0"/>
<pin id="981" dir="1" index="2" bw="1" slack="0"/>
</pin_list>
<bind>
<opcode="icmp(45) " fcode="icmp"/>
<opset="icmp_ln118_1/75 "/>
</bind>
</comp>

<comp id="984" class="1004" name="or_ln118_fu_984">
<pin_list>
<pin id="985" dir="0" index="0" bw="1" slack="0"/>
<pin id="986" dir="0" index="1" bw="1" slack="0"/>
<pin id="987" dir="1" index="2" bw="1" slack="0"/>
</pin_list>
<bind>
<opcode="or(24) " fcode="or"/>
<opset="or_ln118/75 "/>
</bind>
</comp>

<comp id="990" class="1004" name="and_ln118_fu_990">
<pin_list>
<pin id="991" dir="0" index="0" bw="1" slack="0"/>
<pin id="992" dir="0" index="1" bw="1" slack="0"/>
<pin id="993" dir="1" index="2" bw="1" slack="1"/>
</pin_list>
<bind>
<opcode="and(23) " fcode="and"/>
<opset="and_ln118/75 "/>
</bind>
</comp>

<comp id="996" class="1004" name="empty_58_fu_996">
<pin_list>
<pin id="997" dir="0" index="0" bw="64" slack="75"/>
<pin id="998" dir="0" index="1" bw="6" slack="0"/>
<pin id="999" dir="1" index="2" bw="64" slack="0"/>
</pin_list>
<bind>
<opcode="add(8) " fcode="add"/>
<opset="empty_58/76 "/>
</bind>
</comp>

<comp id="1001" class="1004" name="p_cast_fu_1001">
<pin_list>
<pin id="1002" dir="0" index="0" bw="62" slack="0"/>
<pin id="1003" dir="0" index="1" bw="64" slack="0"/>
<pin id="1004" dir="0" index="2" bw="3" slack="0"/>
<pin id="1005" dir="0" index="3" bw="7" slack="0"/>
<pin id="1006" dir="1" index="4" bw="62" slack="0"/>
</pin_list>
<bind>
<opcode="partselect(1002) " fcode="partselect"/>
<opset="p_cast/76 "/>
</bind>
</comp>

<comp id="1011" class="1004" name="p_cast_cast_fu_1011">
<pin_list>
<pin id="1012" dir="0" index="0" bw="62" slack="0"/>
<pin id="1013" dir="1" index="1" bw="64" slack="0"/>
</pin_list>
<bind>
<opcode="sext(35) " fcode="sext"/>
<opset="p_cast_cast/76 "/>
</bind>
</comp>

<comp id="1015" class="1004" name="gmem_addr_2_fu_1015">
<pin_list>
<pin id="1016" dir="0" index="0" bw="64" slack="0"/>
<pin id="1017" dir="0" index="1" bw="64" slack="0"/>
<pin id="1018" dir="1" index="2" bw="64" slack="1"/>
</pin_list>
<bind>
<opcode="getelementptr(29) " fcode="getelementptr"/>
<opset="gmem_addr_2/76 "/>
</bind>
</comp>

<comp id="1021" class="1004" name="i_4_cast_fu_1021">
<pin_list>
<pin id="1022" dir="0" index="0" bw="32" slack="10"/>
<pin id="1023" dir="1" index="1" bw="64" slack="11"/>
</pin_list>
<bind>
<opcode="sext(35) " fcode="sext"/>
<opset="i_4_cast/76 "/>
</bind>
</comp>

<comp id="1024" class="1004" name="tmp_data_1_fu_1024">
<pin_list>
<pin id="1025" dir="0" index="0" bw="54" slack="0"/>
<pin id="1026" dir="1" index="1" bw="32" slack="0"/>
</pin_list>
<bind>
<opcode="extractvalue(56) " fcode="extractvalue"/>
<opset="tmp_data_1/83 "/>
</bind>
</comp>

<comp id="1029" class="1004" name="tmp_keep_fu_1029">
<pin_list>
<pin id="1030" dir="0" index="0" bw="54" slack="0"/>
<pin id="1031" dir="1" index="1" bw="4" slack="53"/>
</pin_list>
<bind>
<opcode="extractvalue(56) " fcode="extractvalue"/>
<opset="tmp_keep/83 "/>
</bind>
</comp>

<comp id="1033" class="1004" name="tmp_strb_fu_1033">
<pin_list>
<pin id="1034" dir="0" index="0" bw="54" slack="0"/>
<pin id="1035" dir="1" index="1" bw="4" slack="53"/>
</pin_list>
<bind>
<opcode="extractvalue(56) " fcode="extractvalue"/>
<opset="tmp_strb/83 "/>
</bind>
</comp>

<comp id="1037" class="1004" name="tmp_user_fu_1037">
<pin_list>
<pin id="1038" dir="0" index="0" bw="54" slack="0"/>
<pin id="1039" dir="1" index="1" bw="2" slack="53"/>
</pin_list>
<bind>
<opcode="extractvalue(56) " fcode="extractvalue"/>
<opset="tmp_user/83 "/>
</bind>
</comp>

<comp id="1041" class="1004" name="tmp_last_fu_1041">
<pin_list>
<pin id="1042" dir="0" index="0" bw="54" slack="0"/>
<pin id="1043" dir="1" index="1" bw="1" slack="53"/>
</pin_list>
<bind>
<opcode="extractvalue(56) " fcode="extractvalue"/>
<opset="tmp_last/83 "/>
</bind>
</comp>

<comp id="1045" class="1004" name="tmp_id_fu_1045">
<pin_list>
<pin id="1046" dir="0" index="0" bw="54" slack="0"/>
<pin id="1047" dir="1" index="1" bw="5" slack="53"/>
</pin_list>
<bind>
<opcode="extractvalue(56) " fcode="extractvalue"/>
<opset="tmp_id/83 "/>
</bind>
</comp>

<comp id="1049" class="1004" name="tmp_dest_fu_1049">
<pin_list>
<pin id="1050" dir="0" index="0" bw="54" slack="0"/>
<pin id="1051" dir="1" index="1" bw="6" slack="53"/>
</pin_list>
<bind>
<opcode="extractvalue(56) " fcode="extractvalue"/>
<opset="tmp_dest/83 "/>
</bind>
</comp>

<comp id="1053" class="1004" name="doReset_fu_1053">
<pin_list>
<pin id="1054" dir="0" index="0" bw="32" slack="1"/>
<pin id="1055" dir="0" index="1" bw="32" slack="0"/>
<pin id="1056" dir="1" index="2" bw="1" slack="50"/>
</pin_list>
<bind>
<opcode="icmp(45) " fcode="icmp"/>
<opset="doReset/86 "/>
</bind>
</comp>

<comp id="1058" class="1004" name="data_fu_1058">
<pin_list>
<pin id="1059" dir="0" index="0" bw="64" slack="0"/>
<pin id="1060" dir="1" index="1" bw="64" slack="0"/>
</pin_list>
<bind>
<opcode="bitcast(44) " fcode="bitcast"/>
<opset="data/136 "/>
</bind>
</comp>

<comp id="1062" class="1004" name="xs_sign_fu_1062">
<pin_list>
<pin id="1063" dir="0" index="0" bw="1" slack="0"/>
<pin id="1064" dir="0" index="1" bw="64" slack="0"/>
<pin id="1065" dir="0" index="2" bw="7" slack="0"/>
<pin id="1066" dir="1" index="3" bw="1" slack="0"/>
</pin_list>
<bind>
<opcode="bitselect(1000) " fcode="bitselect"/>
<opset="xs_sign/136 "/>
</bind>
</comp>

<comp id="1070" class="1004" name="xs_exp_fu_1070">
<pin_list>
<pin id="1071" dir="0" index="0" bw="11" slack="0"/>
<pin id="1072" dir="0" index="1" bw="64" slack="0"/>
<pin id="1073" dir="0" index="2" bw="7" slack="0"/>
<pin id="1074" dir="0" index="3" bw="7" slack="0"/>
<pin id="1075" dir="1" index="4" bw="11" slack="0"/>
</pin_list>
<bind>
<opcode="partselect(1002) " fcode="partselect"/>
<opset="xs_exp/136 "/>
</bind>
</comp>

<comp id="1080" class="1004" name="trunc_ln505_fu_1080">
<pin_list>
<pin id="1081" dir="0" index="0" bw="64" slack="0"/>
<pin id="1082" dir="1" index="1" bw="52" slack="0"/>
</pin_list>
<bind>
<opcode="trunc(33) " fcode="trunc"/>
<opset="trunc_ln505/136 "/>
</bind>
</comp>

<comp id="1084" class="1004" name="mantissa_fu_1084">
<pin_list>
<pin id="1085" dir="0" index="0" bw="54" slack="0"/>
<pin id="1086" dir="0" index="1" bw="1" slack="0"/>
<pin id="1087" dir="0" index="2" bw="52" slack="0"/>
<pin id="1088" dir="0" index="3" bw="1" slack="0"/>
<pin id="1089" dir="1" index="4" bw="54" slack="0"/>
</pin_list>
<bind>
<opcode="bitconcatenate(1004) " fcode="bitconcatenate"/>
<opset="mantissa/136 "/>
</bind>
</comp>

<comp id="1094" class="1004" name="zext_ln15_fu_1094">
<pin_list>
<pin id="1095" dir="0" index="0" bw="54" slack="0"/>
<pin id="1096" dir="1" index="1" bw="137" slack="0"/>
</pin_list>
<bind>
<opcode="zext(34) " fcode="zext"/>
<opset="zext_ln15/136 "/>
</bind>
</comp>

<comp id="1098" class="1004" name="zext_ln486_fu_1098">
<pin_list>
<pin id="1099" dir="0" index="0" bw="11" slack="0"/>
<pin id="1100" dir="1" index="1" bw="12" slack="0"/>
</pin_list>
<bind>
<opcode="zext(34) " fcode="zext"/>
<opset="zext_ln486/136 "/>
</bind>
</comp>

<comp id="1102" class="1004" name="add_ln486_fu_1102">
<pin_list>
<pin id="1103" dir="0" index="0" bw="11" slack="0"/>
<pin id="1104" dir="0" index="1" bw="11" slack="0"/>
<pin id="1105" dir="1" index="2" bw="12" slack="0"/>
</pin_list>
<bind>
<opcode="add(8) " fcode="add"/>
<opset="add_ln486/136 "/>
</bind>
</comp>

<comp id="1108" class="1004" name="tmp_25_fu_1108">
<pin_list>
<pin id="1109" dir="0" index="0" bw="1" slack="0"/>
<pin id="1110" dir="0" index="1" bw="12" slack="0"/>
<pin id="1111" dir="0" index="2" bw="5" slack="0"/>
<pin id="1112" dir="1" index="3" bw="1" slack="0"/>
</pin_list>
<bind>
<opcode="bitselect(1000) " fcode="bitselect"/>
<opset="tmp_25/136 "/>
</bind>
</comp>

<comp id="1116" class="1004" name="sub_ln18_fu_1116">
<pin_list>
<pin id="1117" dir="0" index="0" bw="11" slack="0"/>
<pin id="1118" dir="0" index="1" bw="11" slack="0"/>
<pin id="1119" dir="1" index="2" bw="11" slack="0"/>
</pin_list>
<bind>
<opcode="sub(10) " fcode="sub"/>
<opset="sub_ln18/136 "/>
</bind>
</comp>

<comp id="1122" class="1004" name="sext_ln18_fu_1122">
<pin_list>
<pin id="1123" dir="0" index="0" bw="11" slack="0"/>
<pin id="1124" dir="1" index="1" bw="12" slack="0"/>
</pin_list>
<bind>
<opcode="sext(35) " fcode="sext"/>
<opset="sext_ln18/136 "/>
</bind>
</comp>

<comp id="1126" class="1004" name="select_ln18_fu_1126">
<pin_list>
<pin id="1127" dir="0" index="0" bw="1" slack="0"/>
<pin id="1128" dir="0" index="1" bw="12" slack="0"/>
<pin id="1129" dir="0" index="2" bw="12" slack="0"/>
<pin id="1130" dir="1" index="3" bw="12" slack="0"/>
</pin_list>
<bind>
<opcode="select(49) " fcode="select"/>
<opset="select_ln18/136 "/>
</bind>
</comp>

<comp id="1134" class="1004" name="sext_ln18_1_fu_1134">
<pin_list>
<pin id="1135" dir="0" index="0" bw="12" slack="0"/>
<pin id="1136" dir="1" index="1" bw="32" slack="0"/>
</pin_list>
<bind>
<opcode="sext(35) " fcode="sext"/>
<opset="sext_ln18_1/136 "/>
</bind>
</comp>

<comp id="1138" class="1004" name="zext_ln18_fu_1138">
<pin_list>
<pin id="1139" dir="0" index="0" bw="12" slack="0"/>
<pin id="1140" dir="1" index="1" bw="137" slack="0"/>
</pin_list>
<bind>
<opcode="zext(34) " fcode="zext"/>
<opset="zext_ln18/136 "/>
</bind>
</comp>

<comp id="1142" class="1004" name="lshr_ln18_fu_1142">
<pin_list>
<pin id="1143" dir="0" index="0" bw="54" slack="0"/>
<pin id="1144" dir="0" index="1" bw="32" slack="0"/>
<pin id="1145" dir="1" index="2" bw="137" slack="0"/>
</pin_list>
<bind>
<opcode="lshr(21) " fcode="lshr"/>
<opset="lshr_ln18/136 "/>
</bind>
</comp>

<comp id="1148" class="1004" name="shl_ln18_fu_1148">
<pin_list>
<pin id="1149" dir="0" index="0" bw="54" slack="0"/>
<pin id="1150" dir="0" index="1" bw="32" slack="0"/>
<pin id="1151" dir="1" index="2" bw="137" slack="0"/>
</pin_list>
<bind>
<opcode="shl(20) " fcode="shl"/>
<opset="shl_ln18/136 "/>
</bind>
</comp>

<comp id="1154" class="1004" name="tmp_s_fu_1154">
<pin_list>
<pin id="1155" dir="0" index="0" bw="32" slack="0"/>
<pin id="1156" dir="0" index="1" bw="137" slack="0"/>
<pin id="1157" dir="0" index="2" bw="7" slack="0"/>
<pin id="1158" dir="0" index="3" bw="8" slack="0"/>
<pin id="1159" dir="1" index="4" bw="32" slack="0"/>
</pin_list>
<bind>
<opcode="partselect(1002) " fcode="partselect"/>
<opset="tmp_s/136 "/>
</bind>
</comp>

<comp id="1164" class="1004" name="tmp_20_fu_1164">
<pin_list>
<pin id="1165" dir="0" index="0" bw="32" slack="0"/>
<pin id="1166" dir="0" index="1" bw="137" slack="0"/>
<pin id="1167" dir="0" index="2" bw="7" slack="0"/>
<pin id="1168" dir="0" index="3" bw="8" slack="0"/>
<pin id="1169" dir="1" index="4" bw="32" slack="0"/>
</pin_list>
<bind>
<opcode="partselect(1002) " fcode="partselect"/>
<opset="tmp_20/136 "/>
</bind>
</comp>

<comp id="1174" class="1004" name="val_fu_1174">
<pin_list>
<pin id="1175" dir="0" index="0" bw="1" slack="0"/>
<pin id="1176" dir="0" index="1" bw="32" slack="0"/>
<pin id="1177" dir="0" index="2" bw="32" slack="0"/>
<pin id="1178" dir="1" index="3" bw="32" slack="0"/>
</pin_list>
<bind>
<opcode="select(49) " fcode="select"/>
<opset="val/136 "/>
</bind>
</comp>

<comp id="1182" class="1004" name="result_2_fu_1182">
<pin_list>
<pin id="1183" dir="0" index="0" bw="1" slack="0"/>
<pin id="1184" dir="0" index="1" bw="32" slack="0"/>
<pin id="1185" dir="1" index="2" bw="32" slack="0"/>
</pin_list>
<bind>
<opcode="sub(10) " fcode="sub"/>
<opset="result_2/136 "/>
</bind>
</comp>

<comp id="1188" class="1004" name="result_fu_1188">
<pin_list>
<pin id="1189" dir="0" index="0" bw="1" slack="0"/>
<pin id="1190" dir="0" index="1" bw="32" slack="0"/>
<pin id="1191" dir="0" index="2" bw="32" slack="0"/>
<pin id="1192" dir="1" index="3" bw="32" slack="0"/>
</pin_list>
<bind>
<opcode="select(49) " fcode="select"/>
<opset="result/136 "/>
</bind>
</comp>

<comp id="1197" class="1004" name="tmp_21_fu_1197">
<pin_list>
<pin id="1198" dir="0" index="0" bw="1" slack="0"/>
<pin id="1199" dir="0" index="1" bw="64" slack="0"/>
<pin id="1200" dir="0" index="2" bw="7" slack="0"/>
<pin id="1201" dir="1" index="3" bw="1" slack="2147483647"/>
</pin_list>
<bind>
<opcode="bitselect(1000) " fcode="bitselect"/>
<opset="tmp_21/137 "/>
</bind>
</comp>

<comp id="1205" class="1004" name="trunc_ln70_fu_1205">
<pin_list>
<pin id="1206" dir="0" index="0" bw="64" slack="0"/>
<pin id="1207" dir="1" index="1" bw="7" slack="0"/>
</pin_list>
<bind>
<opcode="trunc(33) " fcode="trunc"/>
<opset="trunc_ln70/137 "/>
</bind>
</comp>

<comp id="1209" class="1004" name="icmp_ln71_fu_1209">
<pin_list>
<pin id="1210" dir="0" index="0" bw="64" slack="0"/>
<pin id="1211" dir="0" index="1" bw="64" slack="0"/>
<pin id="1212" dir="1" index="2" bw="1" slack="1"/>
</pin_list>
<bind>
<opcode="icmp(45) " fcode="icmp"/>
<opset="icmp_ln71/137 "/>
</bind>
</comp>

<comp id="1215" class="1004" name="add_ln75_fu_1215">
<pin_list>
<pin id="1216" dir="0" index="0" bw="7" slack="0"/>
<pin id="1217" dir="0" index="1" bw="1" slack="0"/>
<pin id="1218" dir="1" index="2" bw="7" slack="0"/>
</pin_list>
<bind>
<opcode="add(8) " fcode="add"/>
<opset="add_ln75/137 "/>
</bind>
</comp>

<comp id="1221" class="1004" name="zext_ln75_fu_1221">
<pin_list>
<pin id="1222" dir="0" index="0" bw="7" slack="0"/>
<pin id="1223" dir="1" index="1" bw="64" slack="0"/>
</pin_list>
<bind>
<opcode="zext(34) " fcode="zext"/>
<opset="zext_ln75/137 "/>
</bind>
</comp>

<comp id="1226" class="1004" name="add_ln70_fu_1226">
<pin_list>
<pin id="1227" dir="0" index="0" bw="64" slack="1"/>
<pin id="1228" dir="0" index="1" bw="1" slack="0"/>
<pin id="1229" dir="1" index="2" bw="64" slack="1"/>
</pin_list>
<bind>
<opcode="add(8) " fcode="add"/>
<opset="add_ln70/138 "/>
</bind>
</comp>

<comp id="1232" class="1005" name="bram_read_reg_1232">
<pin_list>
<pin id="1233" dir="0" index="0" bw="64" slack="10"/>
<pin id="1234" dir="1" index="1" bw="64" slack="10"/>
</pin_list>
<bind>
<opset="bram_read "/>
</bind>
</comp>

<comp id="1238" class="1005" name="gain_re_loc_reg_1238">
<pin_list>
<pin id="1239" dir="0" index="0" bw="64" slack="71"/>
<pin id="1240" dir="1" index="1" bw="64" slack="71"/>
</pin_list>
<bind>
<opset="gain_re_loc "/>
</bind>
</comp>

<comp id="1244" class="1005" name="p_loc117_reg_1244">
<pin_list>
<pin id="1245" dir="0" index="0" bw="32" slack="9"/>
<pin id="1246" dir="1" index="1" bw="32" slack="9"/>
</pin_list>
<bind>
<opset="p_loc117 "/>
</bind>
</comp>

<comp id="1250" class="1005" name="p_loc116_reg_1250">
<pin_list>
<pin id="1251" dir="0" index="0" bw="32" slack="9"/>
<pin id="1252" dir="1" index="1" bw="32" slack="9"/>
</pin_list>
<bind>
<opset="p_loc116 "/>
</bind>
</comp>

<comp id="1256" class="1005" name="p_loc115_reg_1256">
<pin_list>
<pin id="1257" dir="0" index="0" bw="32" slack="9"/>
<pin id="1258" dir="1" index="1" bw="32" slack="9"/>
</pin_list>
<bind>
<opset="p_loc115 "/>
</bind>
</comp>

<comp id="1262" class="1005" name="p_loc_reg_1262">
<pin_list>
<pin id="1263" dir="0" index="0" bw="32" slack="9"/>
<pin id="1264" dir="1" index="1" bw="32" slack="9"/>
</pin_list>
<bind>
<opset="p_loc "/>
</bind>
</comp>

<comp id="1268" class="1005" name="trunc_ln_reg_1268">
<pin_list>
<pin id="1269" dir="0" index="0" bw="62" slack="1"/>
<pin id="1270" dir="1" index="1" bw="62" slack="1"/>
</pin_list>
<bind>
<opset="trunc_ln "/>
</bind>
</comp>

<comp id="1274" class="1005" name="gmem_addr_reg_1274">
<pin_list>
<pin id="1275" dir="0" index="0" bw="32" slack="1"/>
<pin id="1276" dir="1" index="1" bw="32" slack="1"/>
</pin_list>
<bind>
<opset="gmem_addr "/>
</bind>
</comp>

<comp id="1279" class="1005" name="gmem_addr_1_reg_1279">
<pin_list>
<pin id="1280" dir="0" index="0" bw="32" slack="1"/>
<pin id="1281" dir="1" index="1" bw="32" slack="1"/>
</pin_list>
<bind>
<opset="gmem_addr_1 "/>
</bind>
</comp>

<comp id="1291" class="1005" name="conv3_i_reg_1291">
<pin_list>
<pin id="1292" dir="0" index="0" bw="64" slack="1"/>
<pin id="1293" dir="1" index="1" bw="64" slack="1"/>
</pin_list>
<bind>
<opset="conv3_i "/>
</bind>
</comp>

<comp id="1299" class="1005" name="mul4_i_reg_1299">
<pin_list>
<pin id="1300" dir="0" index="0" bw="64" slack="1"/>
<pin id="1301" dir="1" index="1" bw="64" slack="1"/>
</pin_list>
<bind>
<opset="mul4_i "/>
</bind>
</comp>

<comp id="1304" class="1005" name="omegaLower_reg_1304">
<pin_list>
<pin id="1305" dir="0" index="0" bw="64" slack="1"/>
<pin id="1306" dir="1" index="1" bw="64" slack="1"/>
</pin_list>
<bind>
<opset="omegaLower "/>
</bind>
</comp>

<comp id="1311" class="1005" name="omegaUpper_reg_1311">
<pin_list>
<pin id="1312" dir="0" index="0" bw="64" slack="1"/>
<pin id="1313" dir="1" index="1" bw="64" slack="1"/>
</pin_list>
<bind>
<opset="omegaUpper "/>
</bind>
</comp>

<comp id="1321" class="1005" name="i_reg_1321">
<pin_list>
<pin id="1322" dir="0" index="0" bw="32" slack="1"/>
<pin id="1323" dir="1" index="1" bw="32" slack="1"/>
</pin_list>
<bind>
<opset="i "/>
</bind>
</comp>

<comp id="1327" class="1005" name="tmp_reg_1327">
<pin_list>
<pin id="1328" dir="0" index="0" bw="1" slack="4"/>
<pin id="1329" dir="1" index="1" bw="1" slack="4"/>
</pin_list>
<bind>
<opset="tmp "/>
</bind>
</comp>

<comp id="1332" class="1005" name="lshr_ln86_2_reg_1332">
<pin_list>
<pin id="1333" dir="0" index="0" bw="31" slack="4"/>
<pin id="1334" dir="1" index="1" bw="31" slack="4"/>
</pin_list>
<bind>
<opset="lshr_ln86_2 "/>
</bind>
</comp>

<comp id="1337" class="1005" name="add_i_reg_1337">
<pin_list>
<pin id="1338" dir="0" index="0" bw="64" slack="1"/>
<pin id="1339" dir="1" index="1" bw="64" slack="1"/>
</pin_list>
<bind>
<opset="add_i "/>
</bind>
</comp>

<comp id="1342" class="1005" name="div10_i_reg_1342">
<pin_list>
<pin id="1343" dir="0" index="0" bw="64" slack="1"/>
<pin id="1344" dir="1" index="1" bw="64" slack="1"/>
</pin_list>
<bind>
<opset="div10_i "/>
</bind>
</comp>

<comp id="1347" class="1005" name="M_reg_1347">
<pin_list>
<pin id="1348" dir="0" index="0" bw="32" slack="1"/>
<pin id="1349" dir="1" index="1" bw="32" slack="1"/>
</pin_list>
<bind>
<opset="M "/>
</bind>
</comp>

<comp id="1356" class="1005" name="and_ln118_reg_1356">
<pin_list>
<pin id="1357" dir="0" index="0" bw="1" slack="1"/>
<pin id="1358" dir="1" index="1" bw="1" slack="2147483647"/>
</pin_list>
<bind>
<opset="and_ln118 "/>
</bind>
</comp>

<comp id="1360" class="1005" name="gmem_addr_2_reg_1360">
<pin_list>
<pin id="1361" dir="0" index="0" bw="32" slack="1"/>
<pin id="1362" dir="1" index="1" bw="32" slack="1"/>
</pin_list>
<bind>
<opset="gmem_addr_2 "/>
</bind>
</comp>

<comp id="1367" class="1005" name="i_4_cast_reg_1367">
<pin_list>
<pin id="1368" dir="0" index="0" bw="64" slack="11"/>
<pin id="1369" dir="1" index="1" bw="64" slack="11"/>
</pin_list>
<bind>
<opset="i_4_cast "/>
</bind>
</comp>

<comp id="1372" class="1005" name="tmp_data_1_reg_1372">
<pin_list>
<pin id="1373" dir="0" index="0" bw="32" slack="1"/>
<pin id="1374" dir="1" index="1" bw="32" slack="1"/>
</pin_list>
<bind>
<opset="tmp_data_1 "/>
</bind>
</comp>

<comp id="1377" class="1005" name="tmp_keep_reg_1377">
<pin_list>
<pin id="1378" dir="0" index="0" bw="4" slack="53"/>
<pin id="1379" dir="1" index="1" bw="4" slack="53"/>
</pin_list>
<bind>
<opset="tmp_keep "/>
</bind>
</comp>

<comp id="1382" class="1005" name="tmp_strb_reg_1382">
<pin_list>
<pin id="1383" dir="0" index="0" bw="4" slack="53"/>
<pin id="1384" dir="1" index="1" bw="4" slack="53"/>
</pin_list>
<bind>
<opset="tmp_strb "/>
</bind>
</comp>

<comp id="1387" class="1005" name="tmp_user_reg_1387">
<pin_list>
<pin id="1388" dir="0" index="0" bw="2" slack="53"/>
<pin id="1389" dir="1" index="1" bw="2" slack="53"/>
</pin_list>
<bind>
<opset="tmp_user "/>
</bind>
</comp>

<comp id="1392" class="1005" name="tmp_last_reg_1392">
<pin_list>
<pin id="1393" dir="0" index="0" bw="1" slack="53"/>
<pin id="1394" dir="1" index="1" bw="1" slack="53"/>
</pin_list>
<bind>
<opset="tmp_last "/>
</bind>
</comp>

<comp id="1397" class="1005" name="tmp_id_reg_1397">
<pin_list>
<pin id="1398" dir="0" index="0" bw="5" slack="53"/>
<pin id="1399" dir="1" index="1" bw="5" slack="53"/>
</pin_list>
<bind>
<opset="tmp_id "/>
</bind>
</comp>

<comp id="1402" class="1005" name="tmp_dest_reg_1402">
<pin_list>
<pin id="1403" dir="0" index="0" bw="6" slack="53"/>
<pin id="1404" dir="1" index="1" bw="6" slack="53"/>
</pin_list>
<bind>
<opset="tmp_dest "/>
</bind>
</comp>

<comp id="1407" class="1005" name="gmem_addr_2_read_reg_1407">
<pin_list>
<pin id="1408" dir="0" index="0" bw="32" slack="1"/>
<pin id="1409" dir="1" index="1" bw="32" slack="1"/>
</pin_list>
<bind>
<opset="gmem_addr_2_read "/>
</bind>
</comp>

<comp id="1412" class="1005" name="doReset_reg_1412">
<pin_list>
<pin id="1413" dir="0" index="0" bw="1" slack="50"/>
<pin id="1414" dir="1" index="1" bw="1" slack="2147483647"/>
</pin_list>
<bind>
<opset="doReset "/>
</bind>
</comp>

<comp id="1416" class="1005" name="result_reg_1416">
<pin_list>
<pin id="1417" dir="0" index="0" bw="32" slack="1"/>
<pin id="1418" dir="1" index="1" bw="32" slack="1"/>
</pin_list>
<bind>
<opset="result "/>
</bind>
</comp>

<comp id="1424" class="1005" name="icmp_ln71_reg_1424">
<pin_list>
<pin id="1425" dir="0" index="0" bw="1" slack="1"/>
<pin id="1426" dir="1" index="1" bw="1" slack="2147483647"/>
</pin_list>
<bind>
<opset="icmp_ln71 "/>
</bind>
</comp>

<comp id="1428" class="1005" name="shift_reg_addr_reg_1428">
<pin_list>
<pin id="1429" dir="0" index="0" bw="7" slack="1"/>
<pin id="1430" dir="1" index="1" bw="7" slack="1"/>
</pin_list>
<bind>
<opset="shift_reg_addr "/>
</bind>
</comp>

<comp id="1433" class="1005" name="data_4_reg_1433">
<pin_list>
<pin id="1434" dir="0" index="0" bw="64" slack="1"/>
<pin id="1435" dir="1" index="1" bw="64" slack="1"/>
</pin_list>
<bind>
<opset="data_4 "/>
</bind>
</comp>

<comp id="1438" class="1005" name="c_addr_reg_1438">
<pin_list>
<pin id="1439" dir="0" index="0" bw="7" slack="1"/>
<pin id="1440" dir="1" index="1" bw="7" slack="1"/>
</pin_list>
<bind>
<opset="c_addr "/>
</bind>
</comp>

<comp id="1443" class="1005" name="add_ln70_reg_1443">
<pin_list>
<pin id="1444" dir="0" index="0" bw="64" slack="1"/>
<pin id="1445" dir="1" index="1" bw="64" slack="1"/>
</pin_list>
<bind>
<opset="add_ln70 "/>
</bind>
</comp>

<comp id="1448" class="1005" name="c_load_reg_1448">
<pin_list>
<pin id="1449" dir="0" index="0" bw="64" slack="1"/>
<pin id="1450" dir="1" index="1" bw="64" slack="1"/>
</pin_list>
<bind>
<opset="c_load "/>
</bind>
</comp>

<comp id="1453" class="1004" name="grp_sin_or_cos_double_s_fu_1453">
<pin_list>
<pin id="1454" dir="0" index="0" bw="64" slack="2147483647"/>
<pin id="1455" dir="0" index="1" bw="64" slack="2147483647"/>
<pin id="1456" dir="0" index="2" bw="1" slack="2147483647"/>
<pin id="1457" dir="0" index="3" bw="256" slack="2147483647"/>
<pin id="1458" dir="0" index="4" bw="59" slack="2147483647"/>
<pin id="1459" dir="0" index="5" bw="52" slack="2147483647"/>
<pin id="1460" dir="0" index="6" bw="44" slack="2147483647"/>
<pin id="1461" dir="0" index="7" bw="33" slack="2147483647"/>
<pin id="1462" dir="0" index="8" bw="25" slack="2147483647"/>
<pin id="1463" dir="1" index="9" bw="64" slack="2147483647"/>
</pin_list>
<bind>
<opcode="call(48) " fcode="call"/>
<opset="tmp/15 "/>
</bind>
</comp>

</comp_list>

<net_list>
<net id="401"><net_src comp="48" pin="0"/><net_sink comp="398" pin=0"/></net>

<net id="405"><net_src comp="48" pin="0"/><net_sink comp="402" pin=0"/></net>

<net id="409"><net_src comp="48" pin="0"/><net_sink comp="406" pin=0"/></net>

<net id="413"><net_src comp="48" pin="0"/><net_sink comp="410" pin=0"/></net>

<net id="417"><net_src comp="48" pin="0"/><net_sink comp="414" pin=0"/></net>

<net id="421"><net_src comp="48" pin="0"/><net_sink comp="418" pin=0"/></net>

<net id="426"><net_src comp="46" pin="0"/><net_sink comp="422" pin=0"/></net>

<net id="427"><net_src comp="30" pin="0"/><net_sink comp="422" pin=1"/></net>

<net id="433"><net_src comp="56" pin="0"/><net_sink comp="428" pin=0"/></net>

<net id="434"><net_src comp="58" pin="0"/><net_sink comp="428" pin=2"/></net>

<net id="440"><net_src comp="64" pin="0"/><net_sink comp="435" pin=0"/></net>

<net id="441"><net_src comp="48" pin="0"/><net_sink comp="435" pin=2"/></net>

<net id="448"><net_src comp="66" pin="0"/><net_sink comp="442" pin=0"/></net>

<net id="449"><net_src comp="68" pin="0"/><net_sink comp="442" pin=2"/></net>

<net id="450"><net_src comp="70" pin="0"/><net_sink comp="442" pin=3"/></net>

<net id="451"><net_src comp="72" pin="0"/><net_sink comp="435" pin=0"/></net>

<net id="457"><net_src comp="150" pin="0"/><net_sink comp="452" pin=0"/></net>

<net id="458"><net_src comp="48" pin="0"/><net_sink comp="452" pin=2"/></net>

<net id="469"><net_src comp="152" pin="0"/><net_sink comp="459" pin=0"/></net>

<net id="470"><net_src comp="2" pin="0"/><net_sink comp="459" pin=1"/></net>

<net id="471"><net_src comp="4" pin="0"/><net_sink comp="459" pin=2"/></net>

<net id="472"><net_src comp="6" pin="0"/><net_sink comp="459" pin=3"/></net>

<net id="473"><net_src comp="8" pin="0"/><net_sink comp="459" pin=4"/></net>

<net id="474"><net_src comp="10" pin="0"/><net_sink comp="459" pin=5"/></net>

<net id="475"><net_src comp="12" pin="0"/><net_sink comp="459" pin=6"/></net>

<net id="476"><net_src comp="14" pin="0"/><net_sink comp="459" pin=7"/></net>

<net id="481"><net_src comp="154" pin="0"/><net_sink comp="477" pin=0"/></net>

<net id="482"><net_src comp="64" pin="0"/><net_sink comp="452" pin=0"/></net>

<net id="489"><net_src comp="66" pin="0"/><net_sink comp="483" pin=0"/></net>

<net id="490"><net_src comp="88" pin="0"/><net_sink comp="483" pin=2"/></net>

<net id="491"><net_src comp="70" pin="0"/><net_sink comp="483" pin=3"/></net>

<net id="492"><net_src comp="72" pin="0"/><net_sink comp="452" pin=0"/></net>

<net id="510"><net_src comp="388" pin="0"/><net_sink comp="493" pin=0"/></net>

<net id="511"><net_src comp="16" pin="0"/><net_sink comp="493" pin=1"/></net>

<net id="512"><net_src comp="18" pin="0"/><net_sink comp="493" pin=2"/></net>

<net id="513"><net_src comp="20" pin="0"/><net_sink comp="493" pin=3"/></net>

<net id="514"><net_src comp="22" pin="0"/><net_sink comp="493" pin=4"/></net>

<net id="515"><net_src comp="24" pin="0"/><net_sink comp="493" pin=5"/></net>

<net id="516"><net_src comp="26" pin="0"/><net_sink comp="493" pin=6"/></net>

<net id="517"><net_src comp="28" pin="0"/><net_sink comp="493" pin=7"/></net>

<net id="527"><net_src comp="162" pin="0"/><net_sink comp="518" pin=4"/></net>

<net id="528"><net_src comp="164" pin="0"/><net_sink comp="518" pin=2"/></net>

<net id="529"><net_src comp="162" pin="0"/><net_sink comp="518" pin=1"/></net>

<net id="530"><net_src comp="166" pin="0"/><net_sink comp="518" pin=0"/></net>

<net id="531"><net_src comp="168" pin="0"/><net_sink comp="518" pin=2"/></net>

<net id="532"><net_src comp="170" pin="0"/><net_sink comp="518" pin=0"/></net>

<net id="533"><net_src comp="172" pin="0"/><net_sink comp="518" pin=2"/></net>

<net id="534"><net_src comp="174" pin="0"/><net_sink comp="518" pin=0"/></net>

<net id="535"><net_src comp="176" pin="0"/><net_sink comp="518" pin=2"/></net>

<net id="536"><net_src comp="178" pin="0"/><net_sink comp="518" pin=0"/></net>

<net id="537"><net_src comp="180" pin="0"/><net_sink comp="518" pin=2"/></net>

<net id="538"><net_src comp="182" pin="0"/><net_sink comp="518" pin=0"/></net>

<net id="539"><net_src comp="184" pin="0"/><net_sink comp="518" pin=2"/></net>

<net id="540"><net_src comp="186" pin="0"/><net_sink comp="518" pin=0"/></net>

<net id="541"><net_src comp="188" pin="0"/><net_sink comp="518" pin=2"/></net>

<net id="542"><net_src comp="190" pin="0"/><net_sink comp="518" pin=0"/></net>

<net id="543"><net_src comp="192" pin="0"/><net_sink comp="518" pin=2"/></net>

<net id="544"><net_src comp="194" pin="0"/><net_sink comp="518" pin=0"/></net>

<net id="545"><net_src comp="196" pin="0"/><net_sink comp="518" pin=2"/></net>

<net id="546"><net_src comp="198" pin="0"/><net_sink comp="518" pin=0"/></net>

<net id="547"><net_src comp="200" pin="0"/><net_sink comp="518" pin=2"/></net>

<net id="548"><net_src comp="202" pin="0"/><net_sink comp="518" pin=0"/></net>

<net id="549"><net_src comp="204" pin="0"/><net_sink comp="518" pin=2"/></net>

<net id="550"><net_src comp="206" pin="0"/><net_sink comp="518" pin=0"/></net>

<net id="551"><net_src comp="208" pin="0"/><net_sink comp="518" pin=2"/></net>

<net id="552"><net_src comp="210" pin="0"/><net_sink comp="518" pin=0"/></net>

<net id="553"><net_src comp="212" pin="0"/><net_sink comp="518" pin=2"/></net>

<net id="554"><net_src comp="214" pin="0"/><net_sink comp="518" pin=0"/></net>

<net id="555"><net_src comp="216" pin="0"/><net_sink comp="518" pin=2"/></net>

<net id="556"><net_src comp="218" pin="0"/><net_sink comp="518" pin=0"/></net>

<net id="557"><net_src comp="220" pin="0"/><net_sink comp="518" pin=2"/></net>

<net id="558"><net_src comp="222" pin="0"/><net_sink comp="518" pin=0"/></net>

<net id="559"><net_src comp="224" pin="0"/><net_sink comp="518" pin=2"/></net>

<net id="560"><net_src comp="226" pin="0"/><net_sink comp="518" pin=0"/></net>

<net id="561"><net_src comp="228" pin="0"/><net_sink comp="518" pin=2"/></net>

<net id="562"><net_src comp="230" pin="0"/><net_sink comp="518" pin=0"/></net>

<net id="563"><net_src comp="232" pin="0"/><net_sink comp="518" pin=2"/></net>

<net id="564"><net_src comp="234" pin="0"/><net_sink comp="518" pin=0"/></net>

<net id="565"><net_src comp="236" pin="0"/><net_sink comp="518" pin=2"/></net>

<net id="566"><net_src comp="238" pin="0"/><net_sink comp="518" pin=0"/></net>

<net id="567"><net_src comp="240" pin="0"/><net_sink comp="518" pin=2"/></net>

<net id="568"><net_src comp="242" pin="0"/><net_sink comp="518" pin=0"/></net>

<net id="569"><net_src comp="244" pin="0"/><net_sink comp="518" pin=2"/></net>

<net id="570"><net_src comp="246" pin="0"/><net_sink comp="518" pin=0"/></net>

<net id="571"><net_src comp="248" pin="0"/><net_sink comp="518" pin=2"/></net>

<net id="572"><net_src comp="250" pin="0"/><net_sink comp="518" pin=0"/></net>

<net id="573"><net_src comp="252" pin="0"/><net_sink comp="518" pin=2"/></net>

<net id="574"><net_src comp="254" pin="0"/><net_sink comp="518" pin=0"/></net>

<net id="575"><net_src comp="256" pin="0"/><net_sink comp="518" pin=2"/></net>

<net id="576"><net_src comp="258" pin="0"/><net_sink comp="518" pin=0"/></net>

<net id="577"><net_src comp="260" pin="0"/><net_sink comp="518" pin=2"/></net>

<net id="578"><net_src comp="262" pin="0"/><net_sink comp="518" pin=0"/></net>

<net id="579"><net_src comp="264" pin="0"/><net_sink comp="518" pin=2"/></net>

<net id="580"><net_src comp="266" pin="0"/><net_sink comp="518" pin=0"/></net>

<net id="581"><net_src comp="268" pin="0"/><net_sink comp="518" pin=2"/></net>

<net id="582"><net_src comp="270" pin="0"/><net_sink comp="518" pin=0"/></net>

<net id="583"><net_src comp="272" pin="0"/><net_sink comp="518" pin=2"/></net>

<net id="584"><net_src comp="274" pin="0"/><net_sink comp="518" pin=0"/></net>

<net id="585"><net_src comp="276" pin="0"/><net_sink comp="518" pin=2"/></net>

<net id="586"><net_src comp="278" pin="0"/><net_sink comp="518" pin=0"/></net>

<net id="587"><net_src comp="280" pin="0"/><net_sink comp="518" pin=2"/></net>

<net id="588"><net_src comp="282" pin="0"/><net_sink comp="518" pin=0"/></net>

<net id="589"><net_src comp="284" pin="0"/><net_sink comp="518" pin=2"/></net>

<net id="590"><net_src comp="286" pin="0"/><net_sink comp="518" pin=0"/></net>

<net id="591"><net_src comp="288" pin="0"/><net_sink comp="518" pin=2"/></net>

<net id="592"><net_src comp="290" pin="0"/><net_sink comp="518" pin=0"/></net>

<net id="593"><net_src comp="292" pin="0"/><net_sink comp="518" pin=2"/></net>

<net id="594"><net_src comp="294" pin="0"/><net_sink comp="518" pin=0"/></net>

<net id="595"><net_src comp="296" pin="0"/><net_sink comp="518" pin=2"/></net>

<net id="596"><net_src comp="298" pin="0"/><net_sink comp="518" pin=0"/></net>

<net id="597"><net_src comp="300" pin="0"/><net_sink comp="518" pin=2"/></net>

<net id="598"><net_src comp="302" pin="0"/><net_sink comp="518" pin=0"/></net>

<net id="599"><net_src comp="304" pin="0"/><net_sink comp="518" pin=2"/></net>

<net id="600"><net_src comp="306" pin="0"/><net_sink comp="518" pin=0"/></net>

<net id="601"><net_src comp="308" pin="0"/><net_sink comp="518" pin=2"/></net>

<net id="602"><net_src comp="310" pin="0"/><net_sink comp="518" pin=0"/></net>

<net id="603"><net_src comp="312" pin="0"/><net_sink comp="518" pin=2"/></net>

<net id="604"><net_src comp="314" pin="0"/><net_sink comp="518" pin=0"/></net>

<net id="605"><net_src comp="316" pin="0"/><net_sink comp="518" pin=2"/></net>

<net id="606"><net_src comp="318" pin="0"/><net_sink comp="518" pin=0"/></net>

<net id="607"><net_src comp="320" pin="0"/><net_sink comp="518" pin=2"/></net>

<net id="608"><net_src comp="322" pin="0"/><net_sink comp="518" pin=0"/></net>

<net id="609"><net_src comp="324" pin="0"/><net_sink comp="518" pin=2"/></net>

<net id="610"><net_src comp="326" pin="0"/><net_sink comp="518" pin=0"/></net>

<net id="611"><net_src comp="328" pin="0"/><net_sink comp="518" pin=2"/></net>

<net id="612"><net_src comp="330" pin="0"/><net_sink comp="518" pin=0"/></net>

<net id="613"><net_src comp="332" pin="0"/><net_sink comp="518" pin=2"/></net>

<net id="614"><net_src comp="334" pin="0"/><net_sink comp="518" pin=0"/></net>

<net id="615"><net_src comp="336" pin="0"/><net_sink comp="518" pin=2"/></net>

<net id="616"><net_src comp="338" pin="0"/><net_sink comp="518" pin=0"/></net>

<net id="617"><net_src comp="340" pin="0"/><net_sink comp="518" pin=2"/></net>

<net id="618"><net_src comp="342" pin="0"/><net_sink comp="518" pin=0"/></net>

<net id="619"><net_src comp="344" pin="0"/><net_sink comp="518" pin=0"/></net>

<net id="620"><net_src comp="346" pin="0"/><net_sink comp="518" pin=0"/></net>

<net id="621"><net_src comp="348" pin="0"/><net_sink comp="518" pin=2"/></net>

<net id="622"><net_src comp="350" pin="0"/><net_sink comp="518" pin=0"/></net>

<net id="623"><net_src comp="352" pin="0"/><net_sink comp="518" pin=2"/></net>

<net id="624"><net_src comp="354" pin="0"/><net_sink comp="518" pin=0"/></net>

<net id="625"><net_src comp="356" pin="0"/><net_sink comp="518" pin=2"/></net>

<net id="626"><net_src comp="358" pin="0"/><net_sink comp="518" pin=0"/></net>

<net id="627"><net_src comp="360" pin="0"/><net_sink comp="518" pin=2"/></net>

<net id="628"><net_src comp="362" pin="0"/><net_sink comp="518" pin=0"/></net>

<net id="629"><net_src comp="364" pin="0"/><net_sink comp="518" pin=2"/></net>

<net id="635"><net_src comp="44" pin="0"/><net_sink comp="630" pin=0"/></net>

<net id="636"><net_src comp="392" pin="0"/><net_sink comp="630" pin=1"/></net>

<net id="637"><net_src comp="630" pin="3"/><net_sink comp="518" pin=2"/></net>

<net id="643"><net_src comp="44" pin="0"/><net_sink comp="638" pin=0"/></net>

<net id="644"><net_src comp="392" pin="0"/><net_sink comp="638" pin=1"/></net>

<net id="645"><net_src comp="518" pin="7"/><net_sink comp="518" pin=1"/></net>

<net id="646"><net_src comp="638" pin="3"/><net_sink comp="518" pin=0"/></net>

<net id="652"><net_src comp="392" pin="0"/><net_sink comp="647" pin=1"/></net>

<net id="658"><net_src comp="647" pin="3"/><net_sink comp="653" pin=0"/></net>

<net id="662"><net_src comp="162" pin="0"/><net_sink comp="659" pin=0"/></net>

<net id="671"><net_src comp="162" pin="0"/><net_sink comp="663" pin=0"/></net>

<net id="672"><net_src comp="659" pin="1"/><net_sink comp="663" pin=2"/></net>

<net id="676"><net_src comp="673" pin="1"/><net_sink comp="638" pin=2"/></net>

<net id="677"><net_src comp="673" pin="1"/><net_sink comp="647" pin=2"/></net>

<net id="684"><net_src comp="678" pin="4"/><net_sink comp="673" pin=0"/></net>

<net id="688"><net_src comp="162" pin="0"/><net_sink comp="685" pin=0"/></net>

<net id="689"><net_src comp="685" pin="1"/><net_sink comp="663" pin=4"/></net>

<net id="696"><net_src comp="685" pin="1"/><net_sink comp="690" pin=2"/></net>

<net id="697"><net_src comp="690" pin="4"/><net_sink comp="685" pin=0"/></net>

<net id="707"><net_src comp="701" pin="4"/><net_sink comp="698" pin=0"/></net>

<net id="717"><net_src comp="60" pin="0"/><net_sink comp="708" pin=0"/></net>

<net id="718"><net_src comp="0" pin="0"/><net_sink comp="708" pin=1"/></net>

<net id="735"><net_src comp="90" pin="0"/><net_sink comp="719" pin=0"/></net>

<net id="736"><net_src comp="32" pin="0"/><net_sink comp="719" pin=8"/></net>

<net id="737"><net_src comp="34" pin="0"/><net_sink comp="719" pin=9"/></net>

<net id="738"><net_src comp="36" pin="0"/><net_sink comp="719" pin=10"/></net>

<net id="739"><net_src comp="38" pin="0"/><net_sink comp="719" pin=11"/></net>

<net id="740"><net_src comp="40" pin="0"/><net_sink comp="719" pin=12"/></net>

<net id="741"><net_src comp="42" pin="0"/><net_sink comp="719" pin=13"/></net>

<net id="756"><net_src comp="92" pin="0"/><net_sink comp="742" pin=0"/></net>

<net id="757"><net_src comp="32" pin="0"/><net_sink comp="742" pin=6"/></net>

<net id="758"><net_src comp="34" pin="0"/><net_sink comp="742" pin=7"/></net>

<net id="759"><net_src comp="36" pin="0"/><net_sink comp="742" pin=8"/></net>

<net id="760"><net_src comp="38" pin="0"/><net_sink comp="742" pin=9"/></net>

<net id="761"><net_src comp="40" pin="0"/><net_sink comp="742" pin=10"/></net>

<net id="762"><net_src comp="42" pin="0"/><net_sink comp="742" pin=11"/></net>

<net id="769"><net_src comp="146" pin="0"/><net_sink comp="763" pin=0"/></net>

<net id="774"><net_src comp="685" pin="1"/><net_sink comp="770" pin=0"/></net>

<net id="779"><net_src comp="74" pin="0"/><net_sink comp="775" pin=1"/></net>

<net id="784"><net_src comp="74" pin="0"/><net_sink comp="780" pin=1"/></net>

<net id="785"><net_src comp="86" pin="0"/><net_sink comp="775" pin=1"/></net>

<net id="786"><net_src comp="698" pin="1"/><net_sink comp="775" pin=0"/></net>

<net id="795"><net_src comp="76" pin="0"/><net_sink comp="787" pin=1"/></net>

<net id="800"><net_src comp="94" pin="0"/><net_sink comp="796" pin=1"/></net>

<net id="810"><net_src comp="801" pin="1"/><net_sink comp="807" pin=0"/></net>

<net id="811"><net_src comp="807" pin="1"/><net_sink comp="775" pin=0"/></net>

<net id="812"><net_src comp="807" pin="1"/><net_sink comp="787" pin=1"/></net>

<net id="813"><net_src comp="807" pin="1"/><net_sink comp="791" pin=1"/></net>

<net id="814"><net_src comp="807" pin="1"/><net_sink comp="719" pin=3"/></net>

<net id="815"><net_src comp="807" pin="1"/><net_sink comp="518" pin=4"/></net>

<net id="816"><net_src comp="807" pin="1"/><net_sink comp="701" pin=0"/></net>

<net id="820"><net_src comp="775" pin="2"/><net_sink comp="817" pin=0"/></net>

<net id="821"><net_src comp="817" pin="1"/><net_sink comp="787" pin=0"/></net>

<net id="822"><net_src comp="817" pin="1"/><net_sink comp="742" pin=4"/></net>

<net id="823"><net_src comp="817" pin="1"/><net_sink comp="770" pin=1"/></net>

<net id="827"><net_src comp="770" pin="2"/><net_sink comp="824" pin=0"/></net>

<net id="828"><net_src comp="824" pin="1"/><net_sink comp="787" pin=0"/></net>

<net id="829"><net_src comp="824" pin="1"/><net_sink comp="690" pin=0"/></net>

<net id="836"><net_src comp="50" pin="0"/><net_sink comp="830" pin=0"/></net>

<net id="837"><net_src comp="422" pin="2"/><net_sink comp="830" pin=1"/></net>

<net id="838"><net_src comp="52" pin="0"/><net_sink comp="830" pin=2"/></net>

<net id="839"><net_src comp="54" pin="0"/><net_sink comp="830" pin=3"/></net>

<net id="847"><net_src comp="0" pin="0"/><net_sink comp="843" pin=0"/></net>

<net id="848"><net_src comp="840" pin="1"/><net_sink comp="843" pin=1"/></net>

<net id="849"><net_src comp="843" pin="2"/><net_sink comp="428" pin=1"/></net>

<net id="854"><net_src comp="62" pin="0"/><net_sink comp="850" pin=1"/></net>

<net id="861"><net_src comp="50" pin="0"/><net_sink comp="855" pin=0"/></net>

<net id="862"><net_src comp="850" pin="2"/><net_sink comp="855" pin=1"/></net>

<net id="863"><net_src comp="52" pin="0"/><net_sink comp="855" pin=2"/></net>

<net id="864"><net_src comp="54" pin="0"/><net_sink comp="855" pin=3"/></net>

<net id="868"><net_src comp="855" pin="4"/><net_sink comp="865" pin=0"/></net>

<net id="873"><net_src comp="0" pin="0"/><net_sink comp="869" pin=0"/></net>

<net id="874"><net_src comp="865" pin="1"/><net_sink comp="869" pin=1"/></net>

<net id="878"><net_src comp="875" pin="1"/><net_sink comp="804" pin=0"/></net>

<net id="882"><net_src comp="879" pin="1"/><net_sink comp="801" pin=0"/></net>

<net id="886"><net_src comp="883" pin="1"/><net_sink comp="801" pin=0"/></net>

<net id="894"><net_src comp="887" pin="1"/><net_sink comp="890" pin=0"/></net>

<net id="895"><net_src comp="78" pin="0"/><net_sink comp="890" pin=1"/></net>

<net id="896"><net_src comp="890" pin="2"/><net_sink comp="801" pin=0"/></net>

<net id="902"><net_src comp="80" pin="0"/><net_sink comp="897" pin=0"/></net>

<net id="903"><net_src comp="890" pin="2"/><net_sink comp="897" pin=1"/></net>

<net id="904"><net_src comp="82" pin="0"/><net_sink comp="897" pin=2"/></net>

<net id="911"><net_src comp="84" pin="0"/><net_sink comp="905" pin=0"/></net>

<net id="912"><net_src comp="890" pin="2"/><net_sink comp="905" pin=1"/></net>

<net id="913"><net_src comp="68" pin="0"/><net_sink comp="905" pin=2"/></net>

<net id="914"><net_src comp="82" pin="0"/><net_sink comp="905" pin=3"/></net>

<net id="919"><net_src comp="68" pin="0"/><net_sink comp="915" pin=0"/></net>

<net id="926"><net_src comp="84" pin="0"/><net_sink comp="920" pin=0"/></net>

<net id="927"><net_src comp="915" pin="2"/><net_sink comp="920" pin=1"/></net>

<net id="928"><net_src comp="68" pin="0"/><net_sink comp="920" pin=2"/></net>

<net id="929"><net_src comp="82" pin="0"/><net_sink comp="920" pin=3"/></net>

<net id="933"><net_src comp="920" pin="4"/><net_sink comp="930" pin=0"/></net>

<net id="938"><net_src comp="88" pin="0"/><net_sink comp="934" pin=0"/></net>

<net id="939"><net_src comp="930" pin="1"/><net_sink comp="934" pin=1"/></net>

<net id="948"><net_src comp="934" pin="2"/><net_sink comp="943" pin=1"/></net>

<net id="949"><net_src comp="940" pin="1"/><net_sink comp="943" pin=2"/></net>

<net id="950"><net_src comp="943" pin="3"/><net_sink comp="719" pin=5"/></net>

<net id="954"><net_src comp="951" pin="1"/><net_sink comp="796" pin=0"/></net>

<net id="964"><net_src comp="136" pin="0"/><net_sink comp="958" pin=0"/></net>

<net id="965"><net_src comp="955" pin="1"/><net_sink comp="958" pin=1"/></net>

<net id="966"><net_src comp="138" pin="0"/><net_sink comp="958" pin=2"/></net>

<net id="967"><net_src comp="140" pin="0"/><net_sink comp="958" pin=3"/></net>

<net id="971"><net_src comp="955" pin="1"/><net_sink comp="968" pin=0"/></net>

<net id="976"><net_src comp="958" pin="4"/><net_sink comp="972" pin=0"/></net>

<net id="977"><net_src comp="142" pin="0"/><net_sink comp="972" pin=1"/></net>

<net id="982"><net_src comp="968" pin="1"/><net_sink comp="978" pin=0"/></net>

<net id="983"><net_src comp="144" pin="0"/><net_sink comp="978" pin=1"/></net>

<net id="988"><net_src comp="978" pin="2"/><net_sink comp="984" pin=0"/></net>

<net id="989"><net_src comp="972" pin="2"/><net_sink comp="984" pin=1"/></net>

<net id="994"><net_src comp="984" pin="2"/><net_sink comp="990" pin=0"/></net>

<net id="995"><net_src comp="796" pin="2"/><net_sink comp="990" pin=1"/></net>

<net id="1000"><net_src comp="148" pin="0"/><net_sink comp="996" pin=1"/></net>

<net id="1007"><net_src comp="50" pin="0"/><net_sink comp="1001" pin=0"/></net>

<net id="1008"><net_src comp="996" pin="2"/><net_sink comp="1001" pin=1"/></net>

<net id="1009"><net_src comp="52" pin="0"/><net_sink comp="1001" pin=2"/></net>

<net id="1010"><net_src comp="54" pin="0"/><net_sink comp="1001" pin=3"/></net>

<net id="1014"><net_src comp="1001" pin="4"/><net_sink comp="1011" pin=0"/></net>

<net id="1019"><net_src comp="0" pin="0"/><net_sink comp="1015" pin=0"/></net>

<net id="1020"><net_src comp="1011" pin="1"/><net_sink comp="1015" pin=1"/></net>

<net id="1027"><net_src comp="459" pin="8"/><net_sink comp="1024" pin=0"/></net>

<net id="1028"><net_src comp="1024" pin="1"/><net_sink comp="801" pin=0"/></net>

<net id="1032"><net_src comp="459" pin="8"/><net_sink comp="1029" pin=0"/></net>

<net id="1036"><net_src comp="459" pin="8"/><net_sink comp="1033" pin=0"/></net>

<net id="1040"><net_src comp="459" pin="8"/><net_sink comp="1037" pin=0"/></net>

<net id="1044"><net_src comp="459" pin="8"/><net_sink comp="1041" pin=0"/></net>

<net id="1048"><net_src comp="459" pin="8"/><net_sink comp="1045" pin=0"/></net>

<net id="1052"><net_src comp="459" pin="8"/><net_sink comp="1049" pin=0"/></net>

<net id="1057"><net_src comp="88" pin="0"/><net_sink comp="1053" pin=1"/></net>

<net id="1061"><net_src comp="663" pin="6"/><net_sink comp="1058" pin=0"/></net>

<net id="1067"><net_src comp="366" pin="0"/><net_sink comp="1062" pin=0"/></net>

<net id="1068"><net_src comp="1058" pin="1"/><net_sink comp="1062" pin=1"/></net>

<net id="1069"><net_src comp="54" pin="0"/><net_sink comp="1062" pin=2"/></net>

<net id="1076"><net_src comp="136" pin="0"/><net_sink comp="1070" pin=0"/></net>

<net id="1077"><net_src comp="1058" pin="1"/><net_sink comp="1070" pin=1"/></net>

<net id="1078"><net_src comp="138" pin="0"/><net_sink comp="1070" pin=2"/></net>

<net id="1079"><net_src comp="140" pin="0"/><net_sink comp="1070" pin=3"/></net>

<net id="1083"><net_src comp="1058" pin="1"/><net_sink comp="1080" pin=0"/></net>

<net id="1090"><net_src comp="368" pin="0"/><net_sink comp="1084" pin=0"/></net>

<net id="1091"><net_src comp="370" pin="0"/><net_sink comp="1084" pin=1"/></net>

<net id="1092"><net_src comp="1080" pin="1"/><net_sink comp="1084" pin=2"/></net>

<net id="1093"><net_src comp="372" pin="0"/><net_sink comp="1084" pin=3"/></net>

<net id="1097"><net_src comp="1084" pin="4"/><net_sink comp="1094" pin=0"/></net>

<net id="1101"><net_src comp="1070" pin="4"/><net_sink comp="1098" pin=0"/></net>

<net id="1106"><net_src comp="1098" pin="1"/><net_sink comp="1102" pin=0"/></net>

<net id="1107"><net_src comp="374" pin="0"/><net_sink comp="1102" pin=1"/></net>

<net id="1113"><net_src comp="376" pin="0"/><net_sink comp="1108" pin=0"/></net>

<net id="1114"><net_src comp="1102" pin="2"/><net_sink comp="1108" pin=1"/></net>

<net id="1115"><net_src comp="378" pin="0"/><net_sink comp="1108" pin=2"/></net>

<net id="1120"><net_src comp="380" pin="0"/><net_sink comp="1116" pin=0"/></net>

<net id="1121"><net_src comp="1070" pin="4"/><net_sink comp="1116" pin=1"/></net>

<net id="1125"><net_src comp="1116" pin="2"/><net_sink comp="1122" pin=0"/></net>

<net id="1131"><net_src comp="1108" pin="3"/><net_sink comp="1126" pin=0"/></net>

<net id="1132"><net_src comp="1122" pin="1"/><net_sink comp="1126" pin=1"/></net>

<net id="1133"><net_src comp="1102" pin="2"/><net_sink comp="1126" pin=2"/></net>

<net id="1137"><net_src comp="1126" pin="3"/><net_sink comp="1134" pin=0"/></net>

<net id="1141"><net_src comp="1134" pin="1"/><net_sink comp="1138" pin=0"/></net>

<net id="1146"><net_src comp="1094" pin="1"/><net_sink comp="1142" pin=0"/></net>

<net id="1147"><net_src comp="1138" pin="1"/><net_sink comp="1142" pin=1"/></net>

<net id="1152"><net_src comp="1094" pin="1"/><net_sink comp="1148" pin=0"/></net>

<net id="1153"><net_src comp="1138" pin="1"/><net_sink comp="1148" pin=1"/></net>

<net id="1160"><net_src comp="382" pin="0"/><net_sink comp="1154" pin=0"/></net>

<net id="1161"><net_src comp="1142" pin="2"/><net_sink comp="1154" pin=1"/></net>

<net id="1162"><net_src comp="384" pin="0"/><net_sink comp="1154" pin=2"/></net>

<net id="1163"><net_src comp="386" pin="0"/><net_sink comp="1154" pin=3"/></net>

<net id="1170"><net_src comp="382" pin="0"/><net_sink comp="1164" pin=0"/></net>

<net id="1171"><net_src comp="1148" pin="2"/><net_sink comp="1164" pin=1"/></net>

<net id="1172"><net_src comp="384" pin="0"/><net_sink comp="1164" pin=2"/></net>

<net id="1173"><net_src comp="386" pin="0"/><net_sink comp="1164" pin=3"/></net>

<net id="1179"><net_src comp="1108" pin="3"/><net_sink comp="1174" pin=0"/></net>

<net id="1180"><net_src comp="1154" pin="4"/><net_sink comp="1174" pin=1"/></net>

<net id="1181"><net_src comp="1164" pin="4"/><net_sink comp="1174" pin=2"/></net>

<net id="1186"><net_src comp="88" pin="0"/><net_sink comp="1182" pin=0"/></net>

<net id="1187"><net_src comp="1174" pin="3"/><net_sink comp="1182" pin=1"/></net>

<net id="1193"><net_src comp="1062" pin="3"/><net_sink comp="1188" pin=0"/></net>

<net id="1194"><net_src comp="1182" pin="2"/><net_sink comp="1188" pin=1"/></net>

<net id="1195"><net_src comp="1174" pin="3"/><net_sink comp="1188" pin=2"/></net>

<net id="1196"><net_src comp="1188" pin="3"/><net_sink comp="493" pin=8"/></net>

<net id="1202"><net_src comp="366" pin="0"/><net_sink comp="1197" pin=0"/></net>

<net id="1203"><net_src comp="678" pin="4"/><net_sink comp="1197" pin=1"/></net>

<net id="1204"><net_src comp="54" pin="0"/><net_sink comp="1197" pin=2"/></net>

<net id="1208"><net_src comp="678" pin="4"/><net_sink comp="1205" pin=0"/></net>

<net id="1213"><net_src comp="678" pin="4"/><net_sink comp="1209" pin=0"/></net>

<net id="1214"><net_src comp="392" pin="0"/><net_sink comp="1209" pin=1"/></net>

<net id="1219"><net_src comp="1205" pin="1"/><net_sink comp="1215" pin=0"/></net>

<net id="1220"><net_src comp="394" pin="0"/><net_sink comp="1215" pin=1"/></net>

<net id="1224"><net_src comp="1215" pin="2"/><net_sink comp="1221" pin=0"/></net>

<net id="1225"><net_src comp="1221" pin="1"/><net_sink comp="630" pin=2"/></net>

<net id="1230"><net_src comp="673" pin="1"/><net_sink comp="1226" pin=0"/></net>

<net id="1231"><net_src comp="396" pin="0"/><net_sink comp="1226" pin=1"/></net>

<net id="1235"><net_src comp="422" pin="2"/><net_sink comp="1232" pin=0"/></net>

<net id="1236"><net_src comp="1232" pin="1"/><net_sink comp="850" pin=0"/></net>

<net id="1237"><net_src comp="1232" pin="1"/><net_sink comp="996" pin=0"/></net>

<net id="1241"><net_src comp="398" pin="1"/><net_sink comp="1238" pin=0"/></net>

<net id="1242"><net_src comp="1238" pin="1"/><net_sink comp="742" pin=5"/></net>

<net id="1243"><net_src comp="1238" pin="1"/><net_sink comp="951" pin=0"/></net>

<net id="1247"><net_src comp="402" pin="1"/><net_sink comp="1244" pin=0"/></net>

<net id="1248"><net_src comp="1244" pin="1"/><net_sink comp="708" pin=6"/></net>

<net id="1249"><net_src comp="1244" pin="1"/><net_sink comp="887" pin=0"/></net>

<net id="1253"><net_src comp="406" pin="1"/><net_sink comp="1250" pin=0"/></net>

<net id="1254"><net_src comp="1250" pin="1"/><net_sink comp="708" pin=5"/></net>

<net id="1255"><net_src comp="1250" pin="1"/><net_sink comp="879" pin=0"/></net>

<net id="1259"><net_src comp="410" pin="1"/><net_sink comp="1256" pin=0"/></net>

<net id="1260"><net_src comp="1256" pin="1"/><net_sink comp="708" pin=4"/></net>

<net id="1261"><net_src comp="1256" pin="1"/><net_sink comp="875" pin=0"/></net>

<net id="1265"><net_src comp="414" pin="1"/><net_sink comp="1262" pin=0"/></net>

<net id="1266"><net_src comp="1262" pin="1"/><net_sink comp="708" pin=3"/></net>

<net id="1267"><net_src comp="1262" pin="1"/><net_sink comp="883" pin=0"/></net>

<net id="1271"><net_src comp="830" pin="4"/><net_sink comp="1268" pin=0"/></net>

<net id="1272"><net_src comp="1268" pin="1"/><net_sink comp="840" pin=0"/></net>

<net id="1273"><net_src comp="1268" pin="1"/><net_sink comp="708" pin=2"/></net>

<net id="1277"><net_src comp="843" pin="2"/><net_sink comp="1274" pin=0"/></net>

<net id="1278"><net_src comp="1274" pin="1"/><net_sink comp="428" pin=1"/></net>

<net id="1282"><net_src comp="869" pin="2"/><net_sink comp="1279" pin=0"/></net>

<net id="1283"><net_src comp="1279" pin="1"/><net_sink comp="435" pin=1"/></net>

<net id="1284"><net_src comp="1279" pin="1"/><net_sink comp="442" pin=1"/></net>

<net id="1294"><net_src comp="804" pin="1"/><net_sink comp="1291" pin=0"/></net>

<net id="1295"><net_src comp="1291" pin="1"/><net_sink comp="780" pin=0"/></net>

<net id="1302"><net_src comp="780" pin="2"/><net_sink comp="1299" pin=0"/></net>

<net id="1303"><net_src comp="1299" pin="1"/><net_sink comp="791" pin=0"/></net>

<net id="1307"><net_src comp="787" pin="2"/><net_sink comp="1304" pin=0"/></net>

<net id="1308"><net_src comp="1304" pin="1"/><net_sink comp="770" pin=1"/></net>

<net id="1309"><net_src comp="1304" pin="1"/><net_sink comp="770" pin=0"/></net>

<net id="1310"><net_src comp="1304" pin="1"/><net_sink comp="719" pin=7"/></net>

<net id="1314"><net_src comp="791" pin="2"/><net_sink comp="1311" pin=0"/></net>

<net id="1315"><net_src comp="1311" pin="1"/><net_sink comp="770" pin=0"/></net>

<net id="1316"><net_src comp="1311" pin="1"/><net_sink comp="770" pin=1"/></net>

<net id="1317"><net_src comp="1311" pin="1"/><net_sink comp="719" pin=6"/></net>

<net id="1324"><net_src comp="890" pin="2"/><net_sink comp="1321" pin=0"/></net>

<net id="1325"><net_src comp="1321" pin="1"/><net_sink comp="801" pin=0"/></net>

<net id="1326"><net_src comp="1321" pin="1"/><net_sink comp="1021" pin=0"/></net>

<net id="1330"><net_src comp="897" pin="3"/><net_sink comp="1327" pin=0"/></net>

<net id="1331"><net_src comp="1327" pin="1"/><net_sink comp="943" pin=0"/></net>

<net id="1335"><net_src comp="905" pin="4"/><net_sink comp="1332" pin=0"/></net>

<net id="1336"><net_src comp="1332" pin="1"/><net_sink comp="940" pin=0"/></net>

<net id="1340"><net_src comp="770" pin="2"/><net_sink comp="1337" pin=0"/></net>

<net id="1341"><net_src comp="1337" pin="1"/><net_sink comp="775" pin=0"/></net>

<net id="1345"><net_src comp="787" pin="2"/><net_sink comp="1342" pin=0"/></net>

<net id="1346"><net_src comp="1342" pin="1"/><net_sink comp="719" pin=2"/></net>

<net id="1350"><net_src comp="943" pin="3"/><net_sink comp="1347" pin=0"/></net>

<net id="1351"><net_src comp="1347" pin="1"/><net_sink comp="719" pin=5"/></net>

<net id="1352"><net_src comp="1347" pin="1"/><net_sink comp="742" pin=3"/></net>

<net id="1359"><net_src comp="990" pin="2"/><net_sink comp="1356" pin=0"/></net>

<net id="1363"><net_src comp="1015" pin="2"/><net_sink comp="1360" pin=0"/></net>

<net id="1364"><net_src comp="1360" pin="1"/><net_sink comp="452" pin=1"/></net>

<net id="1365"><net_src comp="1360" pin="1"/><net_sink comp="477" pin=1"/></net>

<net id="1366"><net_src comp="1360" pin="1"/><net_sink comp="483" pin=1"/></net>

<net id="1370"><net_src comp="1021" pin="1"/><net_sink comp="1367" pin=0"/></net>

<net id="1371"><net_src comp="1367" pin="1"/><net_sink comp="678" pin=2"/></net>

<net id="1375"><net_src comp="1024" pin="1"/><net_sink comp="1372" pin=0"/></net>

<net id="1376"><net_src comp="1372" pin="1"/><net_sink comp="801" pin=0"/></net>

<net id="1380"><net_src comp="1029" pin="1"/><net_sink comp="1377" pin=0"/></net>

<net id="1381"><net_src comp="1377" pin="1"/><net_sink comp="493" pin=9"/></net>

<net id="1385"><net_src comp="1033" pin="1"/><net_sink comp="1382" pin=0"/></net>

<net id="1386"><net_src comp="1382" pin="1"/><net_sink comp="493" pin=10"/></net>

<net id="1390"><net_src comp="1037" pin="1"/><net_sink comp="1387" pin=0"/></net>

<net id="1391"><net_src comp="1387" pin="1"/><net_sink comp="493" pin=11"/></net>

<net id="1395"><net_src comp="1041" pin="1"/><net_sink comp="1392" pin=0"/></net>

<net id="1396"><net_src comp="1392" pin="1"/><net_sink comp="493" pin=12"/></net>

<net id="1400"><net_src comp="1045" pin="1"/><net_sink comp="1397" pin=0"/></net>

<net id="1401"><net_src comp="1397" pin="1"/><net_sink comp="493" pin=13"/></net>

<net id="1405"><net_src comp="1049" pin="1"/><net_sink comp="1402" pin=0"/></net>

<net id="1406"><net_src comp="1402" pin="1"/><net_sink comp="493" pin=14"/></net>

<net id="1410"><net_src comp="477" pin="2"/><net_sink comp="1407" pin=0"/></net>

<net id="1411"><net_src comp="1407" pin="1"/><net_sink comp="1053" pin=0"/></net>

<net id="1415"><net_src comp="1053" pin="2"/><net_sink comp="1412" pin=0"/></net>

<net id="1419"><net_src comp="1188" pin="3"/><net_sink comp="1416" pin=0"/></net>

<net id="1420"><net_src comp="1416" pin="1"/><net_sink comp="493" pin=8"/></net>

<net id="1427"><net_src comp="1209" pin="2"/><net_sink comp="1424" pin=0"/></net>

<net id="1431"><net_src comp="630" pin="3"/><net_sink comp="1428" pin=0"/></net>

<net id="1432"><net_src comp="1428" pin="1"/><net_sink comp="518" pin=2"/></net>

<net id="1436"><net_src comp="518" pin="7"/><net_sink comp="1433" pin=0"/></net>

<net id="1437"><net_src comp="1433" pin="1"/><net_sink comp="701" pin=2"/></net>

<net id="1441"><net_src comp="647" pin="3"/><net_sink comp="1438" pin=0"/></net>

<net id="1442"><net_src comp="1438" pin="1"/><net_sink comp="653" pin=0"/></net>

<net id="1446"><net_src comp="1226" pin="2"/><net_sink comp="1443" pin=0"/></net>

<net id="1447"><net_src comp="1443" pin="1"/><net_sink comp="678" pin=0"/></net>

<net id="1451"><net_src comp="653" pin="3"/><net_sink comp="1448" pin=0"/></net>

<net id="1452"><net_src comp="1448" pin="1"/><net_sink comp="775" pin=1"/></net>

</net_list>

</model> 
---------------- Datapath Model END ------------------

* FSMD analyzer results:
  - Output states:
	Port: gmem | {12 13 14 15 16 17 18 87 88 89 90 91 92 93 }
	Port: out_stream_V_data_V | {150 }
	Port: out_stream_V_keep_V | {150 }
	Port: out_stream_V_strb_V | {150 }
	Port: out_stream_V_user_V | {150 }
	Port: out_stream_V_last_V | {150 }
	Port: out_stream_V_id_V | {150 }
	Port: out_stream_V_dest_V | {150 }
	Port: shift_reg | {86 87 88 89 90 91 92 93 94 95 96 97 98 99 100 101 102 103 104 105 106 107 108 109 110 111 112 113 114 115 116 117 118 119 120 121 122 123 124 125 126 127 128 129 130 131 132 133 134 135 136 137 138 }
 - Input state : 
	Port: firTop : gmem | {2 3 4 5 6 7 8 9 10 11 77 78 79 80 81 82 83 84 85 }
	Port: firTop : in_stream_V_data_V | {83 }
	Port: firTop : in_stream_V_keep_V | {83 }
	Port: firTop : in_stream_V_strb_V | {83 }
	Port: firTop : in_stream_V_user_V | {83 }
	Port: firTop : in_stream_V_last_V | {83 }
	Port: firTop : in_stream_V_id_V | {83 }
	Port: firTop : in_stream_V_dest_V | {83 }
	Port: firTop : bram | {1 }
	Port: firTop : ref_4oPi_table_256 | {70 71 72 73 }
	Port: firTop : fourth_order_double_sin_cos_K0 | {70 71 72 73 }
	Port: firTop : fourth_order_double_sin_cos_K1 | {70 71 72 73 }
	Port: firTop : fourth_order_double_sin_cos_K2 | {70 71 72 73 }
	Port: firTop : fourth_order_double_sin_cos_K3 | {70 71 72 73 }
	Port: firTop : fourth_order_double_sin_cos_K4 | {70 71 72 73 }
	Port: firTop : shift_reg | {137 138 }
  - Chain level:
	State 1
	State 2
		gmem_addr : 1
		empty : 2
	State 3
	State 4
	State 5
	State 6
	State 7
	State 8
	State 9
	State 10
	State 11
		trunc_ln3 : 1
		sext_ln16 : 2
		gmem_addr_1 : 3
	State 12
		conv_i : 1
		conv3_i : 1
	State 13
	State 14
	State 15
	State 16
	State 17
		conv1_i : 1
	State 18
	State 19
	State 20
	State 21
	State 22
	State 23
	State 24
	State 25
	State 26
	State 27
	State 28
	State 29
	State 30
	State 31
	State 32
	State 33
	State 34
	State 35
	State 36
	State 37
	State 38
	State 39
	State 40
	State 41
	State 42
	State 43
	State 44
	State 45
	State 46
	State 47
	State 48
	State 49
	State 50
	State 51
	State 52
	State 53
	State 54
	State 55
	State 56
	State 57
	State 58
	State 59
	State 60
	State 61
	State 62
	State 63
	State 64
	State 65
	State 66
		i : 1
		tmp : 2
		lshr_ln86_2 : 2
		conv23_i : 2
	State 67
	State 68
	State 69
	State 70
		lshr_ln86_1 : 1
		zext_ln86 : 2
		sub_ln86_1 : 3
		M : 4
		call_ln90 : 5
	State 71
	State 72
	State 73
	State 74
		tmp_2 : 1
	State 75
		tmp_1 : 1
		trunc_ln118 : 1
		icmp_ln118 : 2
		icmp_ln118_1 : 2
		or_ln118 : 3
		and_ln118 : 3
		br_ln118 : 3
	State 76
		p_cast : 1
		p_cast_cast : 2
		gmem_addr_2 : 3
	State 77
	State 78
	State 79
	State 80
	State 81
	State 82
	State 83
		x : 1
	State 84
	State 85
	State 86
		br_ln30 : 1
	State 87
	State 88
	State 89
	State 90
	State 91
	State 92
	State 93
	State 94
	State 95
	State 96
	State 97
	State 98
	State 99
	State 100
	State 101
	State 102
	State 103
	State 104
	State 105
	State 106
	State 107
	State 108
	State 109
	State 110
	State 111
	State 112
	State 113
	State 114
	State 115
	State 116
	State 117
	State 118
	State 119
	State 120
	State 121
	State 122
	State 123
	State 124
	State 125
	State 126
	State 127
	State 128
	State 129
	State 130
	State 131
	State 132
	State 133
	State 134
	State 135
	State 136
		dc : 1
		data : 2
		xs_sign : 3
		xs_exp : 3
		trunc_ln505 : 3
		mantissa : 4
		zext_ln15 : 5
		zext_ln486 : 4
		add_ln486 : 5
		tmp_25 : 6
		sub_ln18 : 4
		sext_ln18 : 5
		select_ln18 : 7
		sext_ln18_1 : 8
		zext_ln18 : 9
		lshr_ln18 : 10
		shl_ln18 : 10
		tmp_s : 11
		tmp_20 : 11
		val : 12
		result_2 : 13
		result : 14
		write_ln46 : 15
	State 137
		tmp_21 : 1
		br_ln70 : 2
		trunc_ln70 : 1
		icmp_ln71 : 1
		br_ln71 : 2
		add_ln75 : 2
		zext_ln75 : 3
		shift_reg_addr : 4
		data_4 : 5
	State 138
		store_ln75 : 1
		c_load : 1
	State 139
	State 140
	State 141
	State 142
	State 143
	State 144
	State 145
	State 146
	State 147
	State 148
	State 149
	State 150


============================================================
+ Verbose Summary: Datapath Resource usage 
============================================================

* Functional unit list:
|----------|---------------------------------------------|---------|---------|---------|---------|
| Operation|               Functional Unit               |   DSP   |  Delay  |    FF   |   LUT   |
|----------|---------------------------------------------|---------|---------|---------|---------|
|          |  grp_firTop_Pipeline_VITIS_LOOP_14_1_fu_708 |    0    |    0    |   197   |    20   |
|          |  grp_firTop_Pipeline_VITIS_LOOP_92_1_fu_719 |   345   |  10.675 |   8598  |  17220  |
|   call   | grp_firTop_Pipeline_VITIS_LOOP_113_2_fu_742 |   105   |  5.551  |   2828  |   5888  |
|          | grp_firTop_Pipeline_VITIS_LOOP_119_3_fu_763 |    0    |  0.854  |   143   |    71   |
|          |       grp_sin_or_cos_double_s_fu_1453       |    91   |  3.416  |   1518  |   4766  |
|----------|---------------------------------------------|---------|---------|---------|---------|
|   dadd   |                  grp_fu_770                 |    3    |    0    |   445   |   782   |
|----------|---------------------------------------------|---------|---------|---------|---------|
|   dmul   |                  grp_fu_775                 |    11   |    0    |   299   |   203   |
|          |                  grp_fu_780                 |    11   |    0    |   299   |   203   |
|----------|---------------------------------------------|---------|---------|---------|---------|
|          |               add_ln16_fu_850               |    0    |    0    |    0    |    71   |
|          |                   i_fu_890                  |    0    |    0    |    0    |    39   |
|    add   |               empty_58_fu_996               |    0    |    0    |    0    |    71   |
|          |              add_ln486_fu_1102              |    0    |    0    |    0    |    18   |
|          |               add_ln75_fu_1215              |    0    |    0    |    0    |    14   |
|          |               add_ln70_fu_1226              |    0    |    0    |    0    |    71   |
|----------|---------------------------------------------|---------|---------|---------|---------|
|          |              icmp_ln118_fu_972              |    0    |    0    |    0    |    18   |
|   icmp   |             icmp_ln118_1_fu_978             |    0    |    0    |    0    |    59   |
|          |               doReset_fu_1053               |    0    |    0    |    0    |    39   |
|          |              icmp_ln71_fu_1209              |    0    |    0    |    0    |    71   |
|----------|---------------------------------------------|---------|---------|---------|---------|
|   lshr   |              lshr_ln18_fu_1142              |    0    |    0    |    0    |   159   |
|----------|---------------------------------------------|---------|---------|---------|---------|
|    shl   |               shl_ln18_fu_1148              |    0    |    0    |    0    |   159   |
|----------|---------------------------------------------|---------|---------|---------|---------|
|          |               sub_ln86_fu_915               |    0    |    0    |    0    |    39   |
|    sub   |              sub_ln86_1_fu_934              |    0    |    0    |    0    |    38   |
|          |               sub_ln18_fu_1116              |    0    |    0    |    0    |    18   |
|          |               result_2_fu_1182              |    0    |    0    |    0    |    39   |
|----------|---------------------------------------------|---------|---------|---------|---------|
|          |                   M_fu_943                  |    0    |    0    |    0    |    32   |
|  select  |             select_ln18_fu_1126             |    0    |    0    |    0    |    11   |
|          |                 val_fu_1174                 |    0    |    0    |    0    |    32   |
|          |                result_fu_1188               |    0    |    0    |    0    |    32   |
|----------|---------------------------------------------|---------|---------|---------|---------|
|    or    |               or_ln118_fu_984               |    0    |    0    |    0    |    2    |
|----------|---------------------------------------------|---------|---------|---------|---------|
|    and   |               and_ln118_fu_990              |    0    |    0    |    0    |    2    |
|----------|---------------------------------------------|---------|---------|---------|---------|
|          |            bram_read_read_fu_422            |    0    |    0    |    0    |    0    |
|   read   |             empty_59_read_fu_459            |    0    |    0    |    0    |    0    |
|          |         gmem_addr_2_read_read_fu_477        |    0    |    0    |    0    |    0    |
|----------|---------------------------------------------|---------|---------|---------|---------|
|  readreq |              grp_readreq_fu_428             |    0    |    0    |    0    |    0    |
|----------|---------------------------------------------|---------|---------|---------|---------|
| writeresp|             grp_writeresp_fu_435            |    0    |    0    |    0    |    0    |
|          |             grp_writeresp_fu_452            |    0    |    0    |    0    |    0    |
|----------|---------------------------------------------|---------|---------|---------|---------|
|          |           write_ln16_write_fu_442           |    0    |    0    |    0    |    0    |
|   write  |           write_ln31_write_fu_483           |    0    |    0    |    0    |    0    |
|          |               grp_write_fu_493              |    0    |    0    |    0    |    0    |
|----------|---------------------------------------------|---------|---------|---------|---------|
|   ddiv   |                  grp_fu_787                 |    0    |    0    |    0    |    0    |
|          |                  grp_fu_791                 |    0    |    0    |    0    |    0    |
|----------|---------------------------------------------|---------|---------|---------|---------|
|   dcmp   |                  grp_fu_796                 |    0    |    0    |    0    |    0    |
|----------|---------------------------------------------|---------|---------|---------|---------|
|  sitodp  |                  grp_fu_801                 |    0    |    0    |    0    |    0    |
|          |                  grp_fu_804                 |    0    |    0    |    0    |    0    |
|----------|---------------------------------------------|---------|---------|---------|---------|
|          |               trunc_ln_fu_830               |    0    |    0    |    0    |    0    |
|          |               trunc_ln3_fu_855              |    0    |    0    |    0    |    0    |
|          |              lshr_ln86_2_fu_905             |    0    |    0    |    0    |    0    |
|          |              lshr_ln86_1_fu_920             |    0    |    0    |    0    |    0    |
|partselect|                 tmp_1_fu_958                |    0    |    0    |    0    |    0    |
|          |                p_cast_fu_1001               |    0    |    0    |    0    |    0    |
|          |                xs_exp_fu_1070               |    0    |    0    |    0    |    0    |
|          |                tmp_s_fu_1154                |    0    |    0    |    0    |    0    |
|          |                tmp_20_fu_1164               |    0    |    0    |    0    |    0    |
|----------|---------------------------------------------|---------|---------|---------|---------|
|          |               sext_ln14_fu_840              |    0    |    0    |    0    |    0    |
|          |               sext_ln16_fu_865              |    0    |    0    |    0    |    0    |
|   sext   |             p_cast_cast_fu_1011             |    0    |    0    |    0    |    0    |
|          |               i_4_cast_fu_1021              |    0    |    0    |    0    |    0    |
|          |              sext_ln18_fu_1122              |    0    |    0    |    0    |    0    |
|          |             sext_ln18_1_fu_1134             |    0    |    0    |    0    |    0    |
|----------|---------------------------------------------|---------|---------|---------|---------|
|          |                  tmp_fu_897                 |    0    |    0    |    0    |    0    |
| bitselect|               xs_sign_fu_1062               |    0    |    0    |    0    |    0    |
|          |                tmp_25_fu_1108               |    0    |    0    |    0    |    0    |
|          |                tmp_21_fu_1197               |    0    |    0    |    0    |    0    |
|----------|---------------------------------------------|---------|---------|---------|---------|
|          |               zext_ln86_fu_930              |    0    |    0    |    0    |    0    |
|          |              zext_ln86_1_fu_940             |    0    |    0    |    0    |    0    |
|   zext   |              zext_ln15_fu_1094              |    0    |    0    |    0    |    0    |
|          |              zext_ln486_fu_1098             |    0    |    0    |    0    |    0    |
|          |              zext_ln18_fu_1138              |    0    |    0    |    0    |    0    |
|          |              zext_ln75_fu_1221              |    0    |    0    |    0    |    0    |
|----------|---------------------------------------------|---------|---------|---------|---------|
|          |              trunc_ln118_fu_968             |    0    |    0    |    0    |    0    |
|   trunc  |             trunc_ln505_fu_1080             |    0    |    0    |    0    |    0    |
|          |              trunc_ln70_fu_1205             |    0    |    0    |    0    |    0    |
|----------|---------------------------------------------|---------|---------|---------|---------|
|          |              tmp_data_1_fu_1024             |    0    |    0    |    0    |    0    |
|          |               tmp_keep_fu_1029              |    0    |    0    |    0    |    0    |
|          |               tmp_strb_fu_1033              |    0    |    0    |    0    |    0    |
|extractvalue|               tmp_user_fu_1037              |    0    |    0    |    0    |    0    |
|          |               tmp_last_fu_1041              |    0    |    0    |    0    |    0    |
|          |                tmp_id_fu_1045               |    0    |    0    |    0    |    0    |
|          |               tmp_dest_fu_1049              |    0    |    0    |    0    |    0    |
|----------|---------------------------------------------|---------|---------|---------|---------|
|bitconcatenate|               mantissa_fu_1084              |    0    |    0    |    0    |    0    |
|----------|---------------------------------------------|---------|---------|---------|---------|
|   Total  |                                             |   566   |  20.496 |  14327  |  30187  |
|----------|---------------------------------------------|---------|---------|---------|---------|

Memories:
+------------------------------+--------+--------+--------+--------+
|                              |  BRAM  |   FF   |   LUT  |  URAM  |
+------------------------------+--------+--------+--------+--------+
|fourth_order_double_sin_cos_K0|    -   |   59   |   236  |    -   |
|fourth_order_double_sin_cos_K1|    -   |   52   |   208  |    -   |
|fourth_order_double_sin_cos_K2|    -   |   44   |   176  |    -   |
|fourth_order_double_sin_cos_K3|    -   |   33   |   132  |    -   |
|fourth_order_double_sin_cos_K4|    -   |   25   |   100  |    -   |
|      ref_4oPi_table_256      |    8   |    0   |    0   |    -   |
|           shift_reg          |    4   |    0   |    0   |    0   |
|             taps             |    4   |    0   |    0   |    0   |
+------------------------------+--------+--------+--------+--------+
|             Total            |   16   |   213  |   852  |    0   |
+------------------------------+--------+--------+--------+--------+

* Register list:
+-------------------------+--------+
|                         |   FF   |
+-------------------------+--------+
|        M_reg_1347       |   32   |
|       acc_reg_685       |   64   |
|      add_i_reg_1337     |   64   |
|    add_ln70_reg_1443    |   64   |
|    and_ln118_reg_1356   |    1   |
|    bram_read_reg_1232   |   64   |
|     c_addr_reg_1438     |    7   |
|     c_load_reg_1448     |   64   |
|     conv3_i_reg_1291    |   64   |
|      data_3_reg_698     |   64   |
|     data_4_reg_1433     |   64   |
|        dc_reg_659       |   64   |
|     div10_i_reg_1342    |   64   |
|     doReset_reg_1412    |    1   |
|   gain_re_loc_reg_1238  |   64   |
|   gmem_addr_1_reg_1279  |   32   |
|gmem_addr_2_read_reg_1407|   32   |
|   gmem_addr_2_reg_1360  |   32   |
|    gmem_addr_reg_1274   |   32   |
|    i_4_cast_reg_1367    |   64   |
|       i_4_reg_673       |   64   |
|        i_reg_1321       |   32   |
|    icmp_ln71_reg_1424   |    1   |
|   lshr_ln86_2_reg_1332  |   31   |
|     mul4_i_reg_1299     |   64   |
|   omegaLower_reg_1304   |   64   |
|   omegaUpper_reg_1311   |   64   |
|    p_loc115_reg_1256    |   32   |
|    p_loc116_reg_1250    |   32   |
|    p_loc117_reg_1244    |   32   |
|      p_loc_reg_1262     |   32   |
|         reg_807         |   64   |
|         reg_817         |   64   |
|         reg_824         |   64   |
|     result_reg_1416     |   32   |
| shift_reg_addr_reg_1428 |    7   |
|   tmp_data_1_reg_1372   |   32   |
|    tmp_dest_reg_1402    |    6   |
|     tmp_id_reg_1397     |    5   |
|    tmp_keep_reg_1377    |    4   |
|    tmp_last_reg_1392    |    1   |
|       tmp_reg_1327      |    1   |
|    tmp_strb_reg_1382    |    4   |
|    tmp_user_reg_1387    |    2   |
|    trunc_ln_reg_1268    |   62   |
+-------------------------+--------+
|          Total          |  1733  |
+-------------------------+--------+

* Multiplexer (MUX) list: 
|--------------------------------------------|------|------|------|--------||---------||---------||---------|
|                    Comp                    |  Pin | Size |  BW  | S x BW ||  Delay  ||    FF   ||   LUT   |
|--------------------------------------------|------|------|------|--------||---------||---------||---------|
|             grp_readreq_fu_428             |  p1  |   2  |  32  |   64   ||    0    ||    9    |
|            grp_writeresp_fu_435            |  p0  |   2  |   1  |    2   |
|            grp_writeresp_fu_452            |  p0  |   3  |   1  |    3   |
|              grp_write_fu_493              |  p8  |   2  |  32  |   64   ||    0    ||    9    |
|              grp_access_fu_518             |  p0  |  52  |  64  |  3328  ||    0    ||    89   |
|              grp_access_fu_518             |  p1  |   2  |  64  |   128  ||    0    ||    9    |
|              grp_access_fu_518             |  p2  |  52  |   0  |    0   ||    0    ||    97   |
|              grp_access_fu_518             |  p4  |   2  |  64  |   128  ||    0    ||    9    |
|              grp_access_fu_653             |  p0  |   2  |   7  |   14   ||    0    ||    9    |
|                 acc_reg_685                |  p0  |   2  |  64  |   128  ||    0    ||    9    |
| grp_firTop_Pipeline_VITIS_LOOP_92_1_fu_719 |  p5  |   2  |  32  |   64   ||    0    ||    9    |
|                 grp_fu_770                 |  p0  |   3  |  64  |   192  ||    0    ||    14   |
|                 grp_fu_770                 |  p1  |   3  |  64  |   192  ||    0    ||    14   |
|                 grp_fu_775                 |  p0  |   3  |  64  |   192  ||    0    ||    14   |
|                 grp_fu_775                 |  p1  |   3  |  64  |   192  ||    0    ||    9    |
|                 grp_fu_787                 |  p0  |   2  |  64  |   128  ||    0    ||    9    |
|                 grp_fu_787                 |  p1  |   2  |  64  |   128  ||    0    ||    9    |
|                 grp_fu_801                 |  p0  |   6  |  32  |   192  ||    0    ||    31   |
|--------------------------------------------|------|------|------|--------||---------||---------||---------|
|                    Total                   |      |      |      |  5139  || 9.25384 ||    0    ||   349   |
|--------------------------------------------|------|------|------|--------||---------||---------||---------|



* Summary:
+-----------+--------+--------+--------+--------+--------+--------+
|           |  BRAM  |   DSP  |  Delay |   FF   |   LUT  |  URAM  |
+-----------+--------+--------+--------+--------+--------+--------+
|  Function |    -   |   566  |   20   |  14327 |  30187 |    -   |
|   Memory  |   16   |    -   |    -   |   213  |   852  |    0   |
|Multiplexer|    -   |    -   |    9   |    0   |   349  |    -   |
|  Register |    -   |    -   |    -   |  1733  |    -   |    -   |
+-----------+--------+--------+--------+--------+--------+--------+
|   Total   |   16   |   566  |   29   |  16273 |  31388 |    0   |
+-----------+--------+--------+--------+--------+--------+--------+
