

================================================================
== Vitis HLS Report for 'firTop_Pipeline_VITIS_LOOP_82_1'
================================================================
* Date:           Mon Apr 13 17:36:43 2026

* Version:        2024.1 (Build 5069499 on May 21 2024)
* Project:        calculateCoefficients
* Solution:       hls (Vivado IP Flow Target)
* Product family: zynquplus
* Target device:  xczu3eg-sfvc784-2-e


================================================================
== Performance Estimates
================================================================
+ Timing: 
    * Summary: 
    +--------+----------+----------+------------+
    |  Clock |  Target  | Estimated| Uncertainty|
    +--------+----------+----------+------------+
    |ap_clk  |  10.00 ns|  7.042 ns|     2.70 ns|
    +--------+----------+----------+------------+

+ Latency: 
    * Summary: 
    +---------+---------+----------+----------+-----+-----+-----------------------------------------------+
    |  Latency (cycles) |  Latency (absolute) |  Interval |                    Pipeline                   |
    |   min   |   max   |    min   |    max   | min | max |                      Type                     |
    +---------+---------+----------+----------+-----+-----+-----------------------------------------------+
    |        ?|        ?|         ?|         ?|    0|    0|  loop auto-rewind stp(delay=0 clock cycles(s))|
    +---------+---------+----------+----------+-----+-----+-----------------------------------------------+

    + Detail: 
        * Instance: 
        +-------------------------------+--------------------+---------+---------+-----------+-----------+-----+-----+---------+
        |                               |                    |  Latency (cycles) |   Latency (absolute)  |  Interval | Pipeline|
        |            Instance           |       Module       |   min   |   max   |    min    |    max    | min | max |   Type  |
        +-------------------------------+--------------------+---------+---------+-----------+-----------+-----+-----+---------+
        |grp_sin_or_cos_float_s_fu_140  |sin_or_cos_float_s  |        5|        5|  50.000 ns|  50.000 ns|    1|    1|      yes|
        +-------------------------------+--------------------+---------+---------+-----------+-----------+-----+-----+---------+

        * Loop: 
        +-------------------+---------+---------+----------+-----------+-----------+------+----------+
        |                   |  Latency (cycles) | Iteration|  Initiation Interval  | Trip |          |
        |     Loop Name     |   min   |   max   |  Latency |  achieved |   target  | Count| Pipelined|
        +-------------------+---------+---------+----------+-----------+-----------+------+----------+
        |- VITIS_LOOP_82_1  |        ?|        ?|        60|          4|          1|     ?|       yes|
        +-------------------+---------+---------+----------+-----------+-----------+------+----------+



================================================================
== Utilization Estimates
================================================================
* Summary: 
+-----------------+---------+-----+--------+-------+-----+
|       Name      | BRAM_18K| DSP |   FF   |  LUT  | URAM|
+-----------------+---------+-----+--------+-------+-----+
|DSP              |        -|    -|       -|      -|    -|
|Expression       |        -|    -|       0|    137|    -|
|FIFO             |        -|    -|       -|      -|    -|
|Instance         |        -|   18|    1197|   2857|    -|
|Memory           |        -|    -|       -|      -|    -|
|Multiplexer      |        -|    -|       0|    284|    -|
|Register         |        -|    -|    2129|    128|    -|
+-----------------+---------+-----+--------+-------+-----+
|Total            |        0|   18|    3326|   3406|    0|
+-----------------+---------+-----+--------+-------+-----+
|Available        |      432|  360|  141120|  70560|    0|
+-----------------+---------+-----+--------+-------+-----+
|Utilization (%)  |        0|    5|       2|      4|    0|
+-----------------+---------+-----+--------+-------+-----+

+ Detail: 
    * Instance: 
    +------------------------------------+--------------------------------+---------+----+-----+------+-----+
    |              Instance              |             Module             | BRAM_18K| DSP|  FF |  LUT | URAM|
    +------------------------------------+--------------------------------+---------+----+-----+------+-----+
    |fmul_32ns_32ns_32_3_max_dsp_1_U30   |fmul_32ns_32ns_32_3_max_dsp_1   |        0|   3|  128|   135|    0|
    |fpext_32ns_64_2_no_dsp_1_U32        |fpext_32ns_64_2_no_dsp_1        |        0|   0|    0|     0|    0|
    |fptrunc_64ns_32_2_no_dsp_1_U31      |fptrunc_64ns_32_2_no_dsp_1      |        0|   0|    0|     0|    0|
    |fsub_32ns_32ns_32_4_full_dsp_1_U29  |fsub_32ns_32ns_32_4_full_dsp_1  |        0|   2|  227|   214|    0|
    |grp_sin_or_cos_float_s_fu_140       |sin_or_cos_float_s              |        0|  13|  842|  2508|    0|
    +------------------------------------+--------------------------------+---------+----+-----+------+-----+
    |Total                               |                                |        0|  18| 1197|  2857|    0|
    +------------------------------------+--------------------------------+---------+----+-----+------+-----+

    * DSP: 
    N/A

    * Memory: 
    N/A

    * FIFO: 
    N/A

    * Expression: 
    +---------------------------------+----------+----+---+----+------------+------------+
    |          Variable Name          | Operation| DSP| FF| LUT| Bitwidth P0| Bitwidth P1|
    +---------------------------------+----------+----+---+----+------------+------------+
    |add_ln82_fu_231_p2               |         +|   0|  0|  14|           7|           1|
    |sub_ln88_fu_219_p2               |         -|   0|  0|  39|          32|          32|
    |ap_condition_324                 |       and|   0|  0|   2|           1|           1|
    |ap_predicate_op115_call_state12  |       and|   0|  0|   2|           1|           1|
    |icmp_ln82_fu_213_p2              |      icmp|   0|  0|  39|          32|          32|
    |icmp_ln88_fu_225_p2              |      icmp|   0|  0|  39|          32|          32|
    |ap_enable_pp0                    |       xor|   0|  0|   2|           1|           2|
    +---------------------------------+----------+----+---+----+------------+------------+
    |Total                            |          |   0|  0| 137|         106|         101|
    +---------------------------------+----------+----+---+----+------------+------------+

    * Multiplexer: 
    +--------------------------------------+----+-----------+-----+-----------+
    |                 Name                 | LUT| Input Size| Bits| Total Bits|
    +--------------------------------------+----+-----------+-----+-----------+
    |ap_NS_fsm                             |  26|          5|    1|          5|
    |ap_done_int                           |   9|          2|    1|          2|
    |ap_enable_reg_pp0_iter0               |   9|          2|    1|          2|
    |ap_enable_reg_pp0_iter1               |   9|          2|    1|          2|
    |ap_phi_reg_pp0_iter12_val_1_reg_130   |   9|          2|   64|        128|
    |ap_sig_allocacmp_i_1                  |   9|          2|    7|         14|
    |ap_sig_allocacmp_sum_load             |   9|          2|   64|        128|
    |grp_fu_156_p0                         |  14|          3|   32|         96|
    |grp_fu_156_p1                         |  14|          3|   32|         96|
    |grp_fu_166_p0                         |  20|          4|   64|        256|
    |grp_fu_170_p0                         |  14|          3|   32|         96|
    |grp_fu_177_p0                         |  20|          4|   64|        256|
    |grp_fu_177_p1                         |  20|          4|   64|        256|
    |grp_fu_182_p0                         |  14|          3|   64|        192|
    |grp_fu_182_p1                         |  14|          3|   64|        192|
    |grp_fu_188_p0                         |  14|          3|   64|        192|
    |grp_fu_188_p1                         |  14|          3|   64|        192|
    |grp_fu_192_p0                         |  14|          3|   32|         96|
    |grp_sin_or_cos_float_s_fu_140_do_cos  |  14|          3|    1|          3|
    |i_fu_70                               |   9|          2|    7|         14|
    |sum_fu_66                             |   9|          2|   64|        128|
    +--------------------------------------+----+-----------+-----+-----------+
    |Total                                 | 284|         60|  787|       2346|
    +--------------------------------------+----+-----------+-----+-----------+

    * Register: 
    +-------------------------------------+----+----+-----+-----------+
    |                 Name                | FF | LUT| Bits| Const Bits|
    +-------------------------------------+----+----+-----+-----------+
    |ap_CS_fsm                            |   4|   0|    4|          0|
    |ap_done_reg                          |   1|   0|    1|          0|
    |ap_enable_reg_pp0_iter0_reg          |   1|   0|    1|          0|
    |ap_enable_reg_pp0_iter1              |   1|   0|    1|          0|
    |ap_enable_reg_pp0_iter10             |   1|   0|    1|          0|
    |ap_enable_reg_pp0_iter11             |   1|   0|    1|          0|
    |ap_enable_reg_pp0_iter12             |   1|   0|    1|          0|
    |ap_enable_reg_pp0_iter13             |   1|   0|    1|          0|
    |ap_enable_reg_pp0_iter14             |   1|   0|    1|          0|
    |ap_enable_reg_pp0_iter2              |   1|   0|    1|          0|
    |ap_enable_reg_pp0_iter3              |   1|   0|    1|          0|
    |ap_enable_reg_pp0_iter4              |   1|   0|    1|          0|
    |ap_enable_reg_pp0_iter5              |   1|   0|    1|          0|
    |ap_enable_reg_pp0_iter6              |   1|   0|    1|          0|
    |ap_enable_reg_pp0_iter7              |   1|   0|    1|          0|
    |ap_enable_reg_pp0_iter8              |   1|   0|    1|          0|
    |ap_enable_reg_pp0_iter9              |   1|   0|    1|          0|
    |ap_loop_exit_ready_pp0_iter10_reg    |   1|   0|    1|          0|
    |ap_loop_exit_ready_pp0_iter11_reg    |   1|   0|    1|          0|
    |ap_loop_exit_ready_pp0_iter12_reg    |   1|   0|    1|          0|
    |ap_loop_exit_ready_pp0_iter13_reg    |   1|   0|    1|          0|
    |ap_loop_exit_ready_pp0_iter1_reg     |   1|   0|    1|          0|
    |ap_loop_exit_ready_pp0_iter2_reg     |   1|   0|    1|          0|
    |ap_loop_exit_ready_pp0_iter3_reg     |   1|   0|    1|          0|
    |ap_loop_exit_ready_pp0_iter4_reg     |   1|   0|    1|          0|
    |ap_loop_exit_ready_pp0_iter5_reg     |   1|   0|    1|          0|
    |ap_loop_exit_ready_pp0_iter6_reg     |   1|   0|    1|          0|
    |ap_loop_exit_ready_pp0_iter7_reg     |   1|   0|    1|          0|
    |ap_loop_exit_ready_pp0_iter8_reg     |   1|   0|    1|          0|
    |ap_loop_exit_ready_pp0_iter9_reg     |   1|   0|    1|          0|
    |ap_phi_reg_pp0_iter0_val_1_reg_130   |  64|   0|   64|          0|
    |ap_phi_reg_pp0_iter10_val_1_reg_130  |  64|   0|   64|          0|
    |ap_phi_reg_pp0_iter11_val_1_reg_130  |  64|   0|   64|          0|
    |ap_phi_reg_pp0_iter12_val_1_reg_130  |  64|   0|   64|          0|
    |ap_phi_reg_pp0_iter1_val_1_reg_130   |  64|   0|   64|          0|
    |ap_phi_reg_pp0_iter2_val_1_reg_130   |  64|   0|   64|          0|
    |ap_phi_reg_pp0_iter3_val_1_reg_130   |  64|   0|   64|          0|
    |ap_phi_reg_pp0_iter4_val_1_reg_130   |  64|   0|   64|          0|
    |ap_phi_reg_pp0_iter5_val_1_reg_130   |  64|   0|   64|          0|
    |ap_phi_reg_pp0_iter6_val_1_reg_130   |  64|   0|   64|          0|
    |ap_phi_reg_pp0_iter7_val_1_reg_130   |  64|   0|   64|          0|
    |ap_phi_reg_pp0_iter8_val_1_reg_130   |  64|   0|   64|          0|
    |ap_phi_reg_pp0_iter9_val_1_reg_130   |  64|   0|   64|          0|
    |conv11_i_reg_322                     |  64|   0|   64|          0|
    |conv19_i_reg_374                     |  64|   0|   64|          0|
    |conv23_i_reg_317                     |  64|   0|   64|          0|
    |div27_i_reg_379                      |  64|   0|   64|          0|
    |i_1_reg_293                          |   7|   0|    7|          0|
    |i_fu_70                              |   7|   0|    7|          0|
    |icmp_ln82_reg_304                    |   1|   0|    1|          0|
    |icmp_ln88_reg_313                    |   1|   0|    1|          0|
    |mul12_i_reg_334                      |  64|   0|   64|          0|
    |mul15_i_reg_339                      |  64|   0|   64|          0|
    |mul21_i_reg_344                      |  64|   0|   64|          0|
    |mul24_i_reg_329                      |  64|   0|   64|          0|
    |mul30_i_reg_394                      |  32|   0|   32|          0|
    |mul33_i_reg_414                      |  64|   0|   64|          0|
    |sub18_i_reg_369                      |  32|   0|   32|          0|
    |sub31_i_reg_404                      |  32|   0|   32|          0|
    |sub_ln88_reg_308                     |  32|   0|   32|          0|
    |sum_fu_66                            |  64|   0|   64|          0|
    |tmp_14_reg_389                       |  32|   0|   32|          0|
    |tmp_reg_359                          |  32|   0|   32|          0|
    |tmp_s_reg_364                        |  32|   0|   32|          0|
    |val_1_reg_130                        |  64|   0|   64|          0|
    |w_reg_409                            |  64|   0|   64|          0|
    |i_1_reg_293                          |  64|  32|    7|          0|
    |icmp_ln82_reg_304                    |  64|  32|    1|          0|
    |icmp_ln88_reg_313                    |  64|  32|    1|          0|
    |mul21_i_reg_344                      |  64|  32|   64|          0|
    +-------------------------------------+----+----+-----+-----------+
    |Total                                |2129| 128| 1946|          0|
    +-------------------------------------+----+----+-----+-----------+



================================================================
== Interface
================================================================
* Summary: 
+---------------------+-----+-----+------------+---------------------------------+--------------+
|      RTL Ports      | Dir | Bits|  Protocol  |          Source Object          |    C Type    |
+---------------------+-----+-----+------------+---------------------------------+--------------+
|ap_clk               |   in|    1|  ap_ctrl_hs|  firTop_Pipeline_VITIS_LOOP_82_1|  return value|
|ap_rst               |   in|    1|  ap_ctrl_hs|  firTop_Pipeline_VITIS_LOOP_82_1|  return value|
|ap_start             |   in|    1|  ap_ctrl_hs|  firTop_Pipeline_VITIS_LOOP_82_1|  return value|
|ap_done              |  out|    1|  ap_ctrl_hs|  firTop_Pipeline_VITIS_LOOP_82_1|  return value|
|ap_idle              |  out|    1|  ap_ctrl_hs|  firTop_Pipeline_VITIS_LOOP_82_1|  return value|
|ap_ready             |  out|    1|  ap_ctrl_hs|  firTop_Pipeline_VITIS_LOOP_82_1|  return value|
|grp_fu_404_p_din0    |  out|   64|  ap_ctrl_hs|  firTop_Pipeline_VITIS_LOOP_82_1|  return value|
|grp_fu_404_p_din1    |  out|   64|  ap_ctrl_hs|  firTop_Pipeline_VITIS_LOOP_82_1|  return value|
|grp_fu_404_p_opcode  |  out|    1|  ap_ctrl_hs|  firTop_Pipeline_VITIS_LOOP_82_1|  return value|
|grp_fu_404_p_dout0   |   in|   64|  ap_ctrl_hs|  firTop_Pipeline_VITIS_LOOP_82_1|  return value|
|grp_fu_404_p_ce      |  out|    1|  ap_ctrl_hs|  firTop_Pipeline_VITIS_LOOP_82_1|  return value|
|grp_fu_409_p_din0    |  out|   64|  ap_ctrl_hs|  firTop_Pipeline_VITIS_LOOP_82_1|  return value|
|grp_fu_409_p_din1    |  out|   64|  ap_ctrl_hs|  firTop_Pipeline_VITIS_LOOP_82_1|  return value|
|grp_fu_409_p_dout0   |   in|   64|  ap_ctrl_hs|  firTop_Pipeline_VITIS_LOOP_82_1|  return value|
|grp_fu_409_p_ce      |  out|    1|  ap_ctrl_hs|  firTop_Pipeline_VITIS_LOOP_82_1|  return value|
|grp_fu_414_p_din0    |  out|   64|  ap_ctrl_hs|  firTop_Pipeline_VITIS_LOOP_82_1|  return value|
|grp_fu_414_p_din1    |  out|   64|  ap_ctrl_hs|  firTop_Pipeline_VITIS_LOOP_82_1|  return value|
|grp_fu_414_p_dout0   |   in|   64|  ap_ctrl_hs|  firTop_Pipeline_VITIS_LOOP_82_1|  return value|
|grp_fu_414_p_ce      |  out|    1|  ap_ctrl_hs|  firTop_Pipeline_VITIS_LOOP_82_1|  return value|
|grp_fu_420_p_din0    |  out|   64|  ap_ctrl_hs|  firTop_Pipeline_VITIS_LOOP_82_1|  return value|
|grp_fu_420_p_din1    |  out|   64|  ap_ctrl_hs|  firTop_Pipeline_VITIS_LOOP_82_1|  return value|
|grp_fu_420_p_dout0   |   in|   64|  ap_ctrl_hs|  firTop_Pipeline_VITIS_LOOP_82_1|  return value|
|grp_fu_420_p_ce      |  out|    1|  ap_ctrl_hs|  firTop_Pipeline_VITIS_LOOP_82_1|  return value|
|grp_fu_432_p_din0    |  out|   32|  ap_ctrl_hs|  firTop_Pipeline_VITIS_LOOP_82_1|  return value|
|grp_fu_432_p_dout0   |   in|   64|  ap_ctrl_hs|  firTop_Pipeline_VITIS_LOOP_82_1|  return value|
|grp_fu_432_p_ce      |  out|    1|  ap_ctrl_hs|  firTop_Pipeline_VITIS_LOOP_82_1|  return value|
|p_reload11           |   in|   32|     ap_none|                       p_reload11|        scalar|
|div10_i              |   in|   64|     ap_none|                          div10_i|        scalar|
|conv26_i             |   in|   64|     ap_none|                         conv26_i|        scalar|
|taps_address0        |  out|    7|   ap_memory|                             taps|         array|
|taps_ce0             |  out|    1|   ap_memory|                             taps|         array|
|taps_we0             |  out|    1|   ap_memory|                             taps|         array|
|taps_d0              |  out|   64|   ap_memory|                             taps|         array|
|M                    |   in|   32|     ap_none|                                M|        scalar|
|omegaUpper           |   in|   64|     ap_none|                       omegaUpper|        scalar|
|omegaLower           |   in|   64|     ap_none|                       omegaLower|        scalar|
|sum_out              |  out|   64|      ap_vld|                          sum_out|       pointer|
|sum_out_ap_vld       |  out|    1|      ap_vld|                          sum_out|       pointer|
+---------------------+-----+-----+------------+---------------------------------+--------------+

============================================================
+ Verbose Summary: Synthesis Manager
============================================================
InlineROM: 1
ExposeGlobal: 0
============================================================
+ Verbose Summary: CDFG Model
============================================================
IsTopModel: 0
ResetActiveHigh: 1
IsCombinational: 2
IsDatapathOnly: 2
HasWiredReturn: 1
HasMFsm: 2
HasVarLatency: 1
IsPipeline: 0
IsRtlPipelined: 0
IsInstanceOverlapped: 0
IsDontTouch: 0
HasImplIP: 0
IsGatedGlobalClock: 0

+ Individual pipeline summary: 
  * Pipeline-0: initiation interval (II) = 4, depth = 60


============================================================
+ Verbose Summary: Schedule
============================================================
* Number of FSM states : 60
* Pipeline : 1
  Pipeline-0 : II = 4, D = 60, States = { 1 2 3 4 5 6 7 8 9 10 11 12 13 14 15 16 17 18 19 20 21 22 23 24 25 26 27 28 29 30 31 32 33 34 35 36 37 38 39 40 41 42 43 44 45 46 47 48 49 50 51 52 53 54 55 56 57 58 59 60 }
* Dataflow Pipeline: 0

* FSM state transitions: 
1 --> 2 
2 --> 3 
3 --> 4 
4 --> 5 
5 --> 6 
6 --> 7 
7 --> 8 
8 --> 9 
9 --> 10 
10 --> 11 
11 --> 12 
12 --> 13 
13 --> 14 
14 --> 15 
15 --> 16 
16 --> 17 
17 --> 18 
18 --> 19 
19 --> 20 
20 --> 21 
21 --> 22 
22 --> 23 
23 --> 24 
24 --> 25 
25 --> 26 
26 --> 27 
27 --> 28 
28 --> 29 
29 --> 30 
30 --> 31 
31 --> 32 
32 --> 33 
33 --> 34 
34 --> 35 
35 --> 36 
36 --> 37 
37 --> 38 
38 --> 39 
39 --> 40 
40 --> 41 
41 --> 42 
42 --> 43 
43 --> 44 
44 --> 45 
45 --> 46 
46 --> 47 
47 --> 48 
48 --> 49 
49 --> 50 
50 --> 51 
51 --> 52 
52 --> 53 
53 --> 54 
54 --> 55 
55 --> 56 
56 --> 57 
57 --> 58 
58 --> 59 
59 --> 60 
60 --> 

* FSM state operations: 

State 1 <SV = 0> <Delay = 6.04>
ST_1 : Operation 63 [1/1] (0.00ns)   --->   "%sum = alloca i32 1" [Coefficients.cpp:80->Coefficients.cpp:29]   --->   Operation 63 'alloca' 'sum' <Predicate = true> <Delay = 0.00>
ST_1 : Operation 64 [1/1] (0.00ns)   --->   "%i = alloca i32 1" [Coefficients.cpp:82->Coefficients.cpp:29]   --->   Operation 64 'alloca' 'i' <Predicate = true> <Delay = 0.00>
ST_1 : Operation 65 [1/1] (0.00ns)   --->   "%omegaLower_read = read i64 @_ssdm_op_Read.ap_auto.double, i64 %omegaLower"   --->   Operation 65 'read' 'omegaLower_read' <Predicate = true> <Delay = 0.00>
ST_1 : Operation 66 [1/1] (0.00ns)   --->   "%omegaUpper_read = read i64 @_ssdm_op_Read.ap_auto.double, i64 %omegaUpper"   --->   Operation 66 'read' 'omegaUpper_read' <Predicate = true> <Delay = 0.00>
ST_1 : Operation 67 [1/1] (0.00ns)   --->   "%M_read = read i32 @_ssdm_op_Read.ap_auto.i32, i32 %M"   --->   Operation 67 'read' 'M_read' <Predicate = true> <Delay = 0.00>
ST_1 : Operation 68 [1/1] (0.00ns)   --->   "%conv26_i_read = read i64 @_ssdm_op_Read.ap_auto.double, i64 %conv26_i"   --->   Operation 68 'read' 'conv26_i_read' <Predicate = true> <Delay = 0.00>
ST_1 : Operation 69 [1/1] (0.00ns)   --->   "%div10_i_read = read i64 @_ssdm_op_Read.ap_auto.double, i64 %div10_i"   --->   Operation 69 'read' 'div10_i_read' <Predicate = true> <Delay = 0.00>
ST_1 : Operation 70 [1/1] (0.00ns)   --->   "%p_reload11_read = read i32 @_ssdm_op_Read.ap_auto.i32, i32 %p_reload11"   --->   Operation 70 'read' 'p_reload11_read' <Predicate = true> <Delay = 0.00>
ST_1 : Operation 71 [1/1] (0.42ns)   --->   "%store_ln82 = store i7 0, i7 %i" [Coefficients.cpp:82->Coefficients.cpp:29]   --->   Operation 71 'store' 'store_ln82' <Predicate = true> <Delay = 0.42>
ST_1 : Operation 72 [1/1] (0.42ns)   --->   "%store_ln80 = store i64 0, i64 %sum" [Coefficients.cpp:80->Coefficients.cpp:29]   --->   Operation 72 'store' 'store_ln80' <Predicate = true> <Delay = 0.42>
ST_1 : Operation 73 [1/1] (0.00ns)   --->   "%br_ln0 = br void %for.body.i"   --->   Operation 73 'br' 'br_ln0' <Predicate = true> <Delay = 0.00>
ST_1 : Operation 74 [1/1] (0.00ns)   --->   "%i_1 = load i7 %i" [Coefficients.cpp:82->Coefficients.cpp:29]   --->   Operation 74 'load' 'i_1' <Predicate = true> <Delay = 0.00>
ST_1 : Operation 75 [1/1] (0.00ns)   --->   "%zext_ln82_1 = zext i7 %i_1" [Coefficients.cpp:82->Coefficients.cpp:29]   --->   Operation 75 'zext' 'zext_ln82_1' <Predicate = true> <Delay = 0.00>
ST_1 : Operation 76 [1/1] (1.01ns)   --->   "%icmp_ln82 = icmp_slt  i32 %zext_ln82_1, i32 %p_reload11_read" [Coefficients.cpp:82->Coefficients.cpp:29]   --->   Operation 76 'icmp' 'icmp_ln82' <Predicate = true> <Delay = 1.01> <CoreInst = "Cmp">   --->   Core 9 'Cmp' <Latency = 0> <II = 1> <Delay = 1.01> <FuncUnit> <Opcode : 'seteq' 'setne' 'setle' 'setge' 'setlt' 'setgt'> <InPorts = 2> <OutPorts = 1>
ST_1 : Operation 77 [1/1] (0.00ns)   --->   "%br_ln82 = br i1 %icmp_ln82, void %for.end.i.loopexit.exitStub, void %for.body.i.split" [Coefficients.cpp:82->Coefficients.cpp:29]   --->   Operation 77 'br' 'br_ln82' <Predicate = true> <Delay = 0.00>
ST_1 : Operation 78 [1/1] (1.01ns)   --->   "%sub_ln88 = sub i32 %zext_ln82_1, i32 %M_read" [Coefficients.cpp:88->Coefficients.cpp:29]   --->   Operation 78 'sub' 'sub_ln88' <Predicate = (icmp_ln82)> <Delay = 1.01> <CoreInst = "Adder">   --->   Core 1 'Adder' <Latency = 0> <II = 1> <Delay = 1.01> <FuncUnit> <Opcode : 'add' 'sub'> <InPorts = 2> <OutPorts = 1>
ST_1 : Operation 79 [1/1] (1.01ns)   --->   "%icmp_ln88 = icmp_eq  i32 %zext_ln82_1, i32 %M_read" [Coefficients.cpp:88->Coefficients.cpp:29]   --->   Operation 79 'icmp' 'icmp_ln88' <Predicate = (icmp_ln82)> <Delay = 1.01> <CoreInst = "Cmp">   --->   Core 9 'Cmp' <Latency = 0> <II = 1> <Delay = 1.01> <FuncUnit> <Opcode : 'seteq' 'setne' 'setle' 'setge' 'setlt' 'setgt'> <InPorts = 2> <OutPorts = 1>
ST_1 : Operation 80 [1/1] (0.42ns)   --->   "%br_ln88 = br i1 %icmp_ln88, void %if.else.i, void %for.inc.i" [Coefficients.cpp:88->Coefficients.cpp:29]   --->   Operation 80 'br' 'br_ln88' <Predicate = (icmp_ln82)> <Delay = 0.42>
ST_1 : Operation 81 [4/4] (5.62ns)   --->   "%conv23_i = sitodp i32 %zext_ln82_1" [Coefficients.cpp:94->Coefficients.cpp:29]   --->   Operation 81 'sitodp' 'conv23_i' <Predicate = (icmp_ln82)> <Delay = 5.62> <CoreInst = "Int2Double">   --->   Core 66 'Int2Double' <Latency = 3> <II = 1> <Delay = 5.62> <FuncUnit> <Opcode : 'uitodp' 'sitodp'> <InPorts = 1> <OutPorts = 1>

State 2 <SV = 1> <Delay = 5.62>
ST_2 : Operation 82 [4/4] (5.62ns)   --->   "%conv11_i = sitodp i32 %sub_ln88" [Coefficients.cpp:91->Coefficients.cpp:29]   --->   Operation 82 'sitodp' 'conv11_i' <Predicate = (icmp_ln82 & !icmp_ln88)> <Delay = 5.62> <CoreInst = "Int2Double">   --->   Core 66 'Int2Double' <Latency = 3> <II = 1> <Delay = 5.62> <FuncUnit> <Opcode : 'uitodp' 'sitodp'> <InPorts = 1> <OutPorts = 1>
ST_2 : Operation 83 [3/4] (5.62ns)   --->   "%conv23_i = sitodp i32 %zext_ln82_1" [Coefficients.cpp:94->Coefficients.cpp:29]   --->   Operation 83 'sitodp' 'conv23_i' <Predicate = (icmp_ln82)> <Delay = 5.62> <CoreInst = "Int2Double">   --->   Core 66 'Int2Double' <Latency = 3> <II = 1> <Delay = 5.62> <FuncUnit> <Opcode : 'uitodp' 'sitodp'> <InPorts = 1> <OutPorts = 1>

State 3 <SV = 2> <Delay = 5.62>
ST_3 : Operation 84 [3/4] (5.62ns)   --->   "%conv11_i = sitodp i32 %sub_ln88" [Coefficients.cpp:91->Coefficients.cpp:29]   --->   Operation 84 'sitodp' 'conv11_i' <Predicate = (icmp_ln82 & !icmp_ln88)> <Delay = 5.62> <CoreInst = "Int2Double">   --->   Core 66 'Int2Double' <Latency = 3> <II = 1> <Delay = 5.62> <FuncUnit> <Opcode : 'uitodp' 'sitodp'> <InPorts = 1> <OutPorts = 1>
ST_3 : Operation 85 [2/4] (5.62ns)   --->   "%conv23_i = sitodp i32 %zext_ln82_1" [Coefficients.cpp:94->Coefficients.cpp:29]   --->   Operation 85 'sitodp' 'conv23_i' <Predicate = (icmp_ln82)> <Delay = 5.62> <CoreInst = "Int2Double">   --->   Core 66 'Int2Double' <Latency = 3> <II = 1> <Delay = 5.62> <FuncUnit> <Opcode : 'uitodp' 'sitodp'> <InPorts = 1> <OutPorts = 1>

State 4 <SV = 3> <Delay = 5.62>
ST_4 : Operation 86 [1/1] (0.77ns)   --->   "%add_ln82 = add i7 %i_1, i7 1" [Coefficients.cpp:82->Coefficients.cpp:29]   --->   Operation 86 'add' 'add_ln82' <Predicate = true> <Delay = 0.77> <CoreInst = "Adder">   --->   Core 1 'Adder' <Latency = 0> <II = 1> <Delay = 0.77> <FuncUnit> <Opcode : 'add' 'sub'> <InPorts = 2> <OutPorts = 1>
ST_4 : Operation 87 [2/4] (5.62ns)   --->   "%conv11_i = sitodp i32 %sub_ln88" [Coefficients.cpp:91->Coefficients.cpp:29]   --->   Operation 87 'sitodp' 'conv11_i' <Predicate = (icmp_ln82 & !icmp_ln88)> <Delay = 5.62> <CoreInst = "Int2Double">   --->   Core 66 'Int2Double' <Latency = 3> <II = 1> <Delay = 5.62> <FuncUnit> <Opcode : 'uitodp' 'sitodp'> <InPorts = 1> <OutPorts = 1>
ST_4 : Operation 88 [1/4] (5.62ns)   --->   "%conv23_i = sitodp i32 %zext_ln82_1" [Coefficients.cpp:94->Coefficients.cpp:29]   --->   Operation 88 'sitodp' 'conv23_i' <Predicate = (icmp_ln82)> <Delay = 5.62> <CoreInst = "Int2Double">   --->   Core 66 'Int2Double' <Latency = 3> <II = 1> <Delay = 5.62> <FuncUnit> <Opcode : 'uitodp' 'sitodp'> <InPorts = 1> <OutPorts = 1>
ST_4 : Operation 89 [1/1] (0.42ns)   --->   "%store_ln82 = store i7 %add_ln82, i7 %i" [Coefficients.cpp:82->Coefficients.cpp:29]   --->   Operation 89 'store' 'store_ln82' <Predicate = (icmp_ln82)> <Delay = 0.42>

State 5 <SV = 4> <Delay = 7.04>
ST_5 : Operation 90 [1/4] (5.62ns)   --->   "%conv11_i = sitodp i32 %sub_ln88" [Coefficients.cpp:91->Coefficients.cpp:29]   --->   Operation 90 'sitodp' 'conv11_i' <Predicate = (icmp_ln82 & !icmp_ln88)> <Delay = 5.62> <CoreInst = "Int2Double">   --->   Core 66 'Int2Double' <Latency = 3> <II = 1> <Delay = 5.62> <FuncUnit> <Opcode : 'uitodp' 'sitodp'> <InPorts = 1> <OutPorts = 1>
ST_5 : Operation 91 [5/5] (7.04ns)   --->   "%mul24_i = dmul i64 %conv23_i, i64 6.28319" [Coefficients.cpp:94->Coefficients.cpp:29]   --->   Operation 91 'dmul' 'mul24_i' <Predicate = true> <Delay = 7.04> <CoreInst = "DMul_maxdsp">   --->   Core 49 'DMul_maxdsp' <Latency = 4> <II = 1> <Delay = 7.04> <FuncUnit> <Opcode : 'dmul'> <InPorts = 2> <OutPorts = 1>

State 6 <SV = 5> <Delay = 7.04>
ST_6 : Operation 92 [5/5] (7.04ns)   --->   "%mul12_i = dmul i64 %omegaUpper_read, i64 %conv11_i" [Coefficients.cpp:91->Coefficients.cpp:29]   --->   Operation 92 'dmul' 'mul12_i' <Predicate = (icmp_ln82 & !icmp_ln88)> <Delay = 7.04> <CoreInst = "DMul_maxdsp">   --->   Core 49 'DMul_maxdsp' <Latency = 4> <II = 1> <Delay = 7.04> <FuncUnit> <Opcode : 'dmul'> <InPorts = 2> <OutPorts = 1>
ST_6 : Operation 93 [5/5] (7.04ns)   --->   "%mul15_i = dmul i64 %omegaLower_read, i64 %conv11_i" [Coefficients.cpp:91->Coefficients.cpp:29]   --->   Operation 93 'dmul' 'mul15_i' <Predicate = (icmp_ln82 & !icmp_ln88)> <Delay = 7.04> <CoreInst = "DMul_maxdsp">   --->   Core 49 'DMul_maxdsp' <Latency = 4> <II = 1> <Delay = 7.04> <FuncUnit> <Opcode : 'dmul'> <InPorts = 2> <OutPorts = 1>
ST_6 : Operation 94 [4/5] (7.04ns)   --->   "%mul24_i = dmul i64 %conv23_i, i64 6.28319" [Coefficients.cpp:94->Coefficients.cpp:29]   --->   Operation 94 'dmul' 'mul24_i' <Predicate = true> <Delay = 7.04> <CoreInst = "DMul_maxdsp">   --->   Core 49 'DMul_maxdsp' <Latency = 4> <II = 1> <Delay = 7.04> <FuncUnit> <Opcode : 'dmul'> <InPorts = 2> <OutPorts = 1>

State 7 <SV = 6> <Delay = 7.04>
ST_7 : Operation 95 [4/5] (7.04ns)   --->   "%mul12_i = dmul i64 %omegaUpper_read, i64 %conv11_i" [Coefficients.cpp:91->Coefficients.cpp:29]   --->   Operation 95 'dmul' 'mul12_i' <Predicate = (icmp_ln82 & !icmp_ln88)> <Delay = 7.04> <CoreInst = "DMul_maxdsp">   --->   Core 49 'DMul_maxdsp' <Latency = 4> <II = 1> <Delay = 7.04> <FuncUnit> <Opcode : 'dmul'> <InPorts = 2> <OutPorts = 1>
ST_7 : Operation 96 [4/5] (7.04ns)   --->   "%mul15_i = dmul i64 %omegaLower_read, i64 %conv11_i" [Coefficients.cpp:91->Coefficients.cpp:29]   --->   Operation 96 'dmul' 'mul15_i' <Predicate = (icmp_ln82 & !icmp_ln88)> <Delay = 7.04> <CoreInst = "DMul_maxdsp">   --->   Core 49 'DMul_maxdsp' <Latency = 4> <II = 1> <Delay = 7.04> <FuncUnit> <Opcode : 'dmul'> <InPorts = 2> <OutPorts = 1>
ST_7 : Operation 97 [5/5] (7.04ns)   --->   "%mul21_i = dmul i64 %conv11_i, i64 3.14159" [Coefficients.cpp:91->Coefficients.cpp:29]   --->   Operation 97 'dmul' 'mul21_i' <Predicate = (icmp_ln82 & !icmp_ln88)> <Delay = 7.04> <CoreInst = "DMul_maxdsp">   --->   Core 49 'DMul_maxdsp' <Latency = 4> <II = 1> <Delay = 7.04> <FuncUnit> <Opcode : 'dmul'> <InPorts = 2> <OutPorts = 1>
ST_7 : Operation 98 [3/5] (7.04ns)   --->   "%mul24_i = dmul i64 %conv23_i, i64 6.28319" [Coefficients.cpp:94->Coefficients.cpp:29]   --->   Operation 98 'dmul' 'mul24_i' <Predicate = true> <Delay = 7.04> <CoreInst = "DMul_maxdsp">   --->   Core 49 'DMul_maxdsp' <Latency = 4> <II = 1> <Delay = 7.04> <FuncUnit> <Opcode : 'dmul'> <InPorts = 2> <OutPorts = 1>

State 8 <SV = 7> <Delay = 7.04>
ST_8 : Operation 99 [3/5] (7.04ns)   --->   "%mul12_i = dmul i64 %omegaUpper_read, i64 %conv11_i" [Coefficients.cpp:91->Coefficients.cpp:29]   --->   Operation 99 'dmul' 'mul12_i' <Predicate = (icmp_ln82 & !icmp_ln88)> <Delay = 7.04> <CoreInst = "DMul_maxdsp">   --->   Core 49 'DMul_maxdsp' <Latency = 4> <II = 1> <Delay = 7.04> <FuncUnit> <Opcode : 'dmul'> <InPorts = 2> <OutPorts = 1>
ST_8 : Operation 100 [3/5] (7.04ns)   --->   "%mul15_i = dmul i64 %omegaLower_read, i64 %conv11_i" [Coefficients.cpp:91->Coefficients.cpp:29]   --->   Operation 100 'dmul' 'mul15_i' <Predicate = (icmp_ln82 & !icmp_ln88)> <Delay = 7.04> <CoreInst = "DMul_maxdsp">   --->   Core 49 'DMul_maxdsp' <Latency = 4> <II = 1> <Delay = 7.04> <FuncUnit> <Opcode : 'dmul'> <InPorts = 2> <OutPorts = 1>
ST_8 : Operation 101 [4/5] (7.04ns)   --->   "%mul21_i = dmul i64 %conv11_i, i64 3.14159" [Coefficients.cpp:91->Coefficients.cpp:29]   --->   Operation 101 'dmul' 'mul21_i' <Predicate = (icmp_ln82 & !icmp_ln88)> <Delay = 7.04> <CoreInst = "DMul_maxdsp">   --->   Core 49 'DMul_maxdsp' <Latency = 4> <II = 1> <Delay = 7.04> <FuncUnit> <Opcode : 'dmul'> <InPorts = 2> <OutPorts = 1>
ST_8 : Operation 102 [2/5] (7.04ns)   --->   "%mul24_i = dmul i64 %conv23_i, i64 6.28319" [Coefficients.cpp:94->Coefficients.cpp:29]   --->   Operation 102 'dmul' 'mul24_i' <Predicate = true> <Delay = 7.04> <CoreInst = "DMul_maxdsp">   --->   Core 49 'DMul_maxdsp' <Latency = 4> <II = 1> <Delay = 7.04> <FuncUnit> <Opcode : 'dmul'> <InPorts = 2> <OutPorts = 1>

State 9 <SV = 8> <Delay = 7.04>
ST_9 : Operation 103 [2/5] (7.04ns)   --->   "%mul12_i = dmul i64 %omegaUpper_read, i64 %conv11_i" [Coefficients.cpp:91->Coefficients.cpp:29]   --->   Operation 103 'dmul' 'mul12_i' <Predicate = (icmp_ln82 & !icmp_ln88)> <Delay = 7.04> <CoreInst = "DMul_maxdsp">   --->   Core 49 'DMul_maxdsp' <Latency = 4> <II = 1> <Delay = 7.04> <FuncUnit> <Opcode : 'dmul'> <InPorts = 2> <OutPorts = 1>
ST_9 : Operation 104 [2/5] (7.04ns)   --->   "%mul15_i = dmul i64 %omegaLower_read, i64 %conv11_i" [Coefficients.cpp:91->Coefficients.cpp:29]   --->   Operation 104 'dmul' 'mul15_i' <Predicate = (icmp_ln82 & !icmp_ln88)> <Delay = 7.04> <CoreInst = "DMul_maxdsp">   --->   Core 49 'DMul_maxdsp' <Latency = 4> <II = 1> <Delay = 7.04> <FuncUnit> <Opcode : 'dmul'> <InPorts = 2> <OutPorts = 1>
ST_9 : Operation 105 [3/5] (7.04ns)   --->   "%mul21_i = dmul i64 %conv11_i, i64 3.14159" [Coefficients.cpp:91->Coefficients.cpp:29]   --->   Operation 105 'dmul' 'mul21_i' <Predicate = (icmp_ln82 & !icmp_ln88)> <Delay = 7.04> <CoreInst = "DMul_maxdsp">   --->   Core 49 'DMul_maxdsp' <Latency = 4> <II = 1> <Delay = 7.04> <FuncUnit> <Opcode : 'dmul'> <InPorts = 2> <OutPorts = 1>
ST_9 : Operation 106 [1/5] (7.04ns)   --->   "%mul24_i = dmul i64 %conv23_i, i64 6.28319" [Coefficients.cpp:94->Coefficients.cpp:29]   --->   Operation 106 'dmul' 'mul24_i' <Predicate = true> <Delay = 7.04> <CoreInst = "DMul_maxdsp">   --->   Core 49 'DMul_maxdsp' <Latency = 4> <II = 1> <Delay = 7.04> <FuncUnit> <Opcode : 'dmul'> <InPorts = 2> <OutPorts = 1>

State 10 <SV = 9> <Delay = 7.04>
ST_10 : Operation 107 [1/5] (7.04ns)   --->   "%mul12_i = dmul i64 %omegaUpper_read, i64 %conv11_i" [Coefficients.cpp:91->Coefficients.cpp:29]   --->   Operation 107 'dmul' 'mul12_i' <Predicate = (icmp_ln82 & !icmp_ln88)> <Delay = 7.04> <CoreInst = "DMul_maxdsp">   --->   Core 49 'DMul_maxdsp' <Latency = 4> <II = 1> <Delay = 7.04> <FuncUnit> <Opcode : 'dmul'> <InPorts = 2> <OutPorts = 1>
ST_10 : Operation 108 [1/5] (7.04ns)   --->   "%mul15_i = dmul i64 %omegaLower_read, i64 %conv11_i" [Coefficients.cpp:91->Coefficients.cpp:29]   --->   Operation 108 'dmul' 'mul15_i' <Predicate = (icmp_ln82 & !icmp_ln88)> <Delay = 7.04> <CoreInst = "DMul_maxdsp">   --->   Core 49 'DMul_maxdsp' <Latency = 4> <II = 1> <Delay = 7.04> <FuncUnit> <Opcode : 'dmul'> <InPorts = 2> <OutPorts = 1>
ST_10 : Operation 109 [2/5] (7.04ns)   --->   "%mul21_i = dmul i64 %conv11_i, i64 3.14159" [Coefficients.cpp:91->Coefficients.cpp:29]   --->   Operation 109 'dmul' 'mul21_i' <Predicate = (icmp_ln82 & !icmp_ln88)> <Delay = 7.04> <CoreInst = "DMul_maxdsp">   --->   Core 49 'DMul_maxdsp' <Latency = 4> <II = 1> <Delay = 7.04> <FuncUnit> <Opcode : 'dmul'> <InPorts = 2> <OutPorts = 1>
ST_10 : Operation 110 [22/22] (5.92ns)   --->   "%div27_i = ddiv i64 %mul24_i, i64 %conv26_i_read" [Coefficients.cpp:94->Coefficients.cpp:29]   --->   Operation 110 'ddiv' 'div27_i' <Predicate = true> <Delay = 5.92> <CoreInst = "DDiv">   --->   Core 39 'DDiv' <Latency = 21> <II = 1> <Delay = 5.92> <FuncUnit> <Opcode : 'ddiv' 'drem'> <InPorts = 2> <OutPorts = 1>

State 11 <SV = 10> <Delay = 7.04>
ST_11 : Operation 111 [2/2] (2.89ns)   --->   "%x_assign = fptrunc i64 %mul12_i" [Coefficients.cpp:91->Coefficients.cpp:29]   --->   Operation 111 'fptrunc' 'x_assign' <Predicate = (icmp_ln82 & !icmp_ln88)> <Delay = 2.89> <CoreInst = "Double2Float">   --->   Core 67 'Double2Float' <Latency = 1> <II = 1> <Delay = 2.89> <FuncUnit> <Opcode : 'fptrunc'> <InPorts = 1> <OutPorts = 1>
ST_11 : Operation 112 [1/5] (7.04ns)   --->   "%mul21_i = dmul i64 %conv11_i, i64 3.14159" [Coefficients.cpp:91->Coefficients.cpp:29]   --->   Operation 112 'dmul' 'mul21_i' <Predicate = (icmp_ln82 & !icmp_ln88)> <Delay = 7.04> <CoreInst = "DMul_maxdsp">   --->   Core 49 'DMul_maxdsp' <Latency = 4> <II = 1> <Delay = 7.04> <FuncUnit> <Opcode : 'dmul'> <InPorts = 2> <OutPorts = 1>
ST_11 : Operation 113 [21/22] (5.92ns)   --->   "%div27_i = ddiv i64 %mul24_i, i64 %conv26_i_read" [Coefficients.cpp:94->Coefficients.cpp:29]   --->   Operation 113 'ddiv' 'div27_i' <Predicate = true> <Delay = 5.92> <CoreInst = "DDiv">   --->   Core 39 'DDiv' <Latency = 21> <II = 1> <Delay = 5.92> <FuncUnit> <Opcode : 'ddiv' 'drem'> <InPorts = 2> <OutPorts = 1>

State 12 <SV = 11> <Delay = 5.92>
ST_12 : Operation 114 [1/2] (2.89ns)   --->   "%x_assign = fptrunc i64 %mul12_i" [Coefficients.cpp:91->Coefficients.cpp:29]   --->   Operation 114 'fptrunc' 'x_assign' <Predicate = (icmp_ln82 & !icmp_ln88)> <Delay = 2.89> <CoreInst = "Double2Float">   --->   Core 67 'Double2Float' <Latency = 1> <II = 1> <Delay = 2.89> <FuncUnit> <Opcode : 'fptrunc'> <InPorts = 1> <OutPorts = 1>
ST_12 : Operation 115 [7/7] (1.83ns)   --->   "%tmp = call i32 @sin_or_cos<float>, i32 %x_assign, i1 0, i100 %ref_4oPi_table_100, i30 %second_order_float_sin_cos_K0, i23 %second_order_float_sin_cos_K1, i15 %second_order_float_sin_cos_K2" [C:\scratch\2024.1\hls_product\545\2024.1\src\shared\hls\clib\hlsmath\src\common\hls_hotbm_float.cpp:123->C:\scratch\2024.1\hls_product\545\2024.1\src\shared\hls\clib\hlsmath\src\c++\sincoshotbmfloat.cpp:10->C:\scratch\2024.1\hls_product\545\2024.1\src\shared\hls\clib\hlsmath\src\c++\sincoshotbmfloat.cpp:42->Coefficients.cpp:91->Coefficients.cpp:29]   --->   Operation 115 'call' 'tmp' <Predicate = (icmp_ln82 & !icmp_ln88)> <Delay = 1.83> <CoreType = "Generic">   --->   Core 0 '' <Latency = 0> <II = 1> <Delay = 1.00> <Generic> <Opcode : >
ST_12 : Operation 116 [2/2] (2.89ns)   --->   "%x_assign_1 = fptrunc i64 %mul15_i" [Coefficients.cpp:91->Coefficients.cpp:29]   --->   Operation 116 'fptrunc' 'x_assign_1' <Predicate = (icmp_ln82 & !icmp_ln88)> <Delay = 2.89> <CoreInst = "Double2Float">   --->   Core 67 'Double2Float' <Latency = 1> <II = 1> <Delay = 2.89> <FuncUnit> <Opcode : 'fptrunc'> <InPorts = 1> <OutPorts = 1>
ST_12 : Operation 117 [20/22] (5.92ns)   --->   "%div27_i = ddiv i64 %mul24_i, i64 %conv26_i_read" [Coefficients.cpp:94->Coefficients.cpp:29]   --->   Operation 117 'ddiv' 'div27_i' <Predicate = true> <Delay = 5.92> <CoreInst = "DDiv">   --->   Core 39 'DDiv' <Latency = 21> <II = 1> <Delay = 5.92> <FuncUnit> <Opcode : 'ddiv' 'drem'> <InPorts = 2> <OutPorts = 1>

State 13 <SV = 12> <Delay = 7.00>
ST_13 : Operation 118 [6/7] (7.00ns)   --->   "%tmp = call i32 @sin_or_cos<float>, i32 %x_assign, i1 0, i100 %ref_4oPi_table_100, i30 %second_order_float_sin_cos_K0, i23 %second_order_float_sin_cos_K1, i15 %second_order_float_sin_cos_K2" [C:\scratch\2024.1\hls_product\545\2024.1\src\shared\hls\clib\hlsmath\src\common\hls_hotbm_float.cpp:123->C:\scratch\2024.1\hls_product\545\2024.1\src\shared\hls\clib\hlsmath\src\c++\sincoshotbmfloat.cpp:10->C:\scratch\2024.1\hls_product\545\2024.1\src\shared\hls\clib\hlsmath\src\c++\sincoshotbmfloat.cpp:42->Coefficients.cpp:91->Coefficients.cpp:29]   --->   Operation 118 'call' 'tmp' <Predicate = (icmp_ln82 & !icmp_ln88)> <Delay = 7.00> <CoreType = "Generic">   --->   Core 0 '' <Latency = 0> <II = 1> <Delay = 1.00> <Generic> <Opcode : >
ST_13 : Operation 119 [1/2] (2.89ns)   --->   "%x_assign_1 = fptrunc i64 %mul15_i" [Coefficients.cpp:91->Coefficients.cpp:29]   --->   Operation 119 'fptrunc' 'x_assign_1' <Predicate = (icmp_ln82 & !icmp_ln88)> <Delay = 2.89> <CoreInst = "Double2Float">   --->   Core 67 'Double2Float' <Latency = 1> <II = 1> <Delay = 2.89> <FuncUnit> <Opcode : 'fptrunc'> <InPorts = 1> <OutPorts = 1>
ST_13 : Operation 120 [7/7] (1.83ns)   --->   "%tmp_s = call i32 @sin_or_cos<float>, i32 %x_assign_1, i1 0, i100 %ref_4oPi_table_100, i30 %second_order_float_sin_cos_K0, i23 %second_order_float_sin_cos_K1, i15 %second_order_float_sin_cos_K2" [C:\scratch\2024.1\hls_product\545\2024.1\src\shared\hls\clib\hlsmath\src\common\hls_hotbm_float.cpp:123->C:\scratch\2024.1\hls_product\545\2024.1\src\shared\hls\clib\hlsmath\src\c++\sincoshotbmfloat.cpp:10->C:\scratch\2024.1\hls_product\545\2024.1\src\shared\hls\clib\hlsmath\src\c++\sincoshotbmfloat.cpp:42->Coefficients.cpp:91->Coefficients.cpp:29]   --->   Operation 120 'call' 'tmp_s' <Predicate = (icmp_ln82 & !icmp_ln88)> <Delay = 1.83> <CoreType = "Generic">   --->   Core 0 '' <Latency = 0> <II = 1> <Delay = 1.00> <Generic> <Opcode : >
ST_13 : Operation 121 [19/22] (5.92ns)   --->   "%div27_i = ddiv i64 %mul24_i, i64 %conv26_i_read" [Coefficients.cpp:94->Coefficients.cpp:29]   --->   Operation 121 'ddiv' 'div27_i' <Predicate = true> <Delay = 5.92> <CoreInst = "DDiv">   --->   Core 39 'DDiv' <Latency = 21> <II = 1> <Delay = 5.92> <FuncUnit> <Opcode : 'ddiv' 'drem'> <InPorts = 2> <OutPorts = 1>

State 14 <SV = 13> <Delay = 7.00>
ST_14 : Operation 122 [5/7] (7.00ns)   --->   "%tmp = call i32 @sin_or_cos<float>, i32 %x_assign, i1 0, i100 %ref_4oPi_table_100, i30 %second_order_float_sin_cos_K0, i23 %second_order_float_sin_cos_K1, i15 %second_order_float_sin_cos_K2" [C:\scratch\2024.1\hls_product\545\2024.1\src\shared\hls\clib\hlsmath\src\common\hls_hotbm_float.cpp:123->C:\scratch\2024.1\hls_product\545\2024.1\src\shared\hls\clib\hlsmath\src\c++\sincoshotbmfloat.cpp:10->C:\scratch\2024.1\hls_product\545\2024.1\src\shared\hls\clib\hlsmath\src\c++\sincoshotbmfloat.cpp:42->Coefficients.cpp:91->Coefficients.cpp:29]   --->   Operation 122 'call' 'tmp' <Predicate = (icmp_ln82 & !icmp_ln88)> <Delay = 7.00> <CoreType = "Generic">   --->   Core 0 '' <Latency = 0> <II = 1> <Delay = 1.00> <Generic> <Opcode : >
ST_14 : Operation 123 [6/7] (7.00ns)   --->   "%tmp_s = call i32 @sin_or_cos<float>, i32 %x_assign_1, i1 0, i100 %ref_4oPi_table_100, i30 %second_order_float_sin_cos_K0, i23 %second_order_float_sin_cos_K1, i15 %second_order_float_sin_cos_K2" [C:\scratch\2024.1\hls_product\545\2024.1\src\shared\hls\clib\hlsmath\src\common\hls_hotbm_float.cpp:123->C:\scratch\2024.1\hls_product\545\2024.1\src\shared\hls\clib\hlsmath\src\c++\sincoshotbmfloat.cpp:10->C:\scratch\2024.1\hls_product\545\2024.1\src\shared\hls\clib\hlsmath\src\c++\sincoshotbmfloat.cpp:42->Coefficients.cpp:91->Coefficients.cpp:29]   --->   Operation 123 'call' 'tmp_s' <Predicate = (icmp_ln82 & !icmp_ln88)> <Delay = 7.00> <CoreType = "Generic">   --->   Core 0 '' <Latency = 0> <II = 1> <Delay = 1.00> <Generic> <Opcode : >
ST_14 : Operation 124 [18/22] (5.92ns)   --->   "%div27_i = ddiv i64 %mul24_i, i64 %conv26_i_read" [Coefficients.cpp:94->Coefficients.cpp:29]   --->   Operation 124 'ddiv' 'div27_i' <Predicate = true> <Delay = 5.92> <CoreInst = "DDiv">   --->   Core 39 'DDiv' <Latency = 21> <II = 1> <Delay = 5.92> <FuncUnit> <Opcode : 'ddiv' 'drem'> <InPorts = 2> <OutPorts = 1>

State 15 <SV = 14> <Delay = 7.00>
ST_15 : Operation 125 [4/7] (7.00ns)   --->   "%tmp = call i32 @sin_or_cos<float>, i32 %x_assign, i1 0, i100 %ref_4oPi_table_100, i30 %second_order_float_sin_cos_K0, i23 %second_order_float_sin_cos_K1, i15 %second_order_float_sin_cos_K2" [C:\scratch\2024.1\hls_product\545\2024.1\src\shared\hls\clib\hlsmath\src\common\hls_hotbm_float.cpp:123->C:\scratch\2024.1\hls_product\545\2024.1\src\shared\hls\clib\hlsmath\src\c++\sincoshotbmfloat.cpp:10->C:\scratch\2024.1\hls_product\545\2024.1\src\shared\hls\clib\hlsmath\src\c++\sincoshotbmfloat.cpp:42->Coefficients.cpp:91->Coefficients.cpp:29]   --->   Operation 125 'call' 'tmp' <Predicate = (icmp_ln82 & !icmp_ln88)> <Delay = 7.00> <CoreType = "Generic">   --->   Core 0 '' <Latency = 0> <II = 1> <Delay = 1.00> <Generic> <Opcode : >
ST_15 : Operation 126 [5/7] (7.00ns)   --->   "%tmp_s = call i32 @sin_or_cos<float>, i32 %x_assign_1, i1 0, i100 %ref_4oPi_table_100, i30 %second_order_float_sin_cos_K0, i23 %second_order_float_sin_cos_K1, i15 %second_order_float_sin_cos_K2" [C:\scratch\2024.1\hls_product\545\2024.1\src\shared\hls\clib\hlsmath\src\common\hls_hotbm_float.cpp:123->C:\scratch\2024.1\hls_product\545\2024.1\src\shared\hls\clib\hlsmath\src\c++\sincoshotbmfloat.cpp:10->C:\scratch\2024.1\hls_product\545\2024.1\src\shared\hls\clib\hlsmath\src\c++\sincoshotbmfloat.cpp:42->Coefficients.cpp:91->Coefficients.cpp:29]   --->   Operation 126 'call' 'tmp_s' <Predicate = (icmp_ln82 & !icmp_ln88)> <Delay = 7.00> <CoreType = "Generic">   --->   Core 0 '' <Latency = 0> <II = 1> <Delay = 1.00> <Generic> <Opcode : >
ST_15 : Operation 127 [17/22] (5.92ns)   --->   "%div27_i = ddiv i64 %mul24_i, i64 %conv26_i_read" [Coefficients.cpp:94->Coefficients.cpp:29]   --->   Operation 127 'ddiv' 'div27_i' <Predicate = true> <Delay = 5.92> <CoreInst = "DDiv">   --->   Core 39 'DDiv' <Latency = 21> <II = 1> <Delay = 5.92> <FuncUnit> <Opcode : 'ddiv' 'drem'> <InPorts = 2> <OutPorts = 1>

State 16 <SV = 15> <Delay = 7.00>
ST_16 : Operation 128 [3/7] (7.00ns)   --->   "%tmp = call i32 @sin_or_cos<float>, i32 %x_assign, i1 0, i100 %ref_4oPi_table_100, i30 %second_order_float_sin_cos_K0, i23 %second_order_float_sin_cos_K1, i15 %second_order_float_sin_cos_K2" [C:\scratch\2024.1\hls_product\545\2024.1\src\shared\hls\clib\hlsmath\src\common\hls_hotbm_float.cpp:123->C:\scratch\2024.1\hls_product\545\2024.1\src\shared\hls\clib\hlsmath\src\c++\sincoshotbmfloat.cpp:10->C:\scratch\2024.1\hls_product\545\2024.1\src\shared\hls\clib\hlsmath\src\c++\sincoshotbmfloat.cpp:42->Coefficients.cpp:91->Coefficients.cpp:29]   --->   Operation 128 'call' 'tmp' <Predicate = (icmp_ln82 & !icmp_ln88)> <Delay = 7.00> <CoreType = "Generic">   --->   Core 0 '' <Latency = 0> <II = 1> <Delay = 1.00> <Generic> <Opcode : >
ST_16 : Operation 129 [4/7] (7.00ns)   --->   "%tmp_s = call i32 @sin_or_cos<float>, i32 %x_assign_1, i1 0, i100 %ref_4oPi_table_100, i30 %second_order_float_sin_cos_K0, i23 %second_order_float_sin_cos_K1, i15 %second_order_float_sin_cos_K2" [C:\scratch\2024.1\hls_product\545\2024.1\src\shared\hls\clib\hlsmath\src\common\hls_hotbm_float.cpp:123->C:\scratch\2024.1\hls_product\545\2024.1\src\shared\hls\clib\hlsmath\src\c++\sincoshotbmfloat.cpp:10->C:\scratch\2024.1\hls_product\545\2024.1\src\shared\hls\clib\hlsmath\src\c++\sincoshotbmfloat.cpp:42->Coefficients.cpp:91->Coefficients.cpp:29]   --->   Operation 129 'call' 'tmp_s' <Predicate = (icmp_ln82 & !icmp_ln88)> <Delay = 7.00> <CoreType = "Generic">   --->   Core 0 '' <Latency = 0> <II = 1> <Delay = 1.00> <Generic> <Opcode : >
ST_16 : Operation 130 [16/22] (5.92ns)   --->   "%div27_i = ddiv i64 %mul24_i, i64 %conv26_i_read" [Coefficients.cpp:94->Coefficients.cpp:29]   --->   Operation 130 'ddiv' 'div27_i' <Predicate = true> <Delay = 5.92> <CoreInst = "DDiv">   --->   Core 39 'DDiv' <Latency = 21> <II = 1> <Delay = 5.92> <FuncUnit> <Opcode : 'ddiv' 'drem'> <InPorts = 2> <OutPorts = 1>

State 17 <SV = 16> <Delay = 7.00>
ST_17 : Operation 131 [2/7] (7.00ns)   --->   "%tmp = call i32 @sin_or_cos<float>, i32 %x_assign, i1 0, i100 %ref_4oPi_table_100, i30 %second_order_float_sin_cos_K0, i23 %second_order_float_sin_cos_K1, i15 %second_order_float_sin_cos_K2" [C:\scratch\2024.1\hls_product\545\2024.1\src\shared\hls\clib\hlsmath\src\common\hls_hotbm_float.cpp:123->C:\scratch\2024.1\hls_product\545\2024.1\src\shared\hls\clib\hlsmath\src\c++\sincoshotbmfloat.cpp:10->C:\scratch\2024.1\hls_product\545\2024.1\src\shared\hls\clib\hlsmath\src\c++\sincoshotbmfloat.cpp:42->Coefficients.cpp:91->Coefficients.cpp:29]   --->   Operation 131 'call' 'tmp' <Predicate = (icmp_ln82 & !icmp_ln88)> <Delay = 7.00> <CoreType = "Generic">   --->   Core 0 '' <Latency = 0> <II = 1> <Delay = 1.00> <Generic> <Opcode : >
ST_17 : Operation 132 [3/7] (7.00ns)   --->   "%tmp_s = call i32 @sin_or_cos<float>, i32 %x_assign_1, i1 0, i100 %ref_4oPi_table_100, i30 %second_order_float_sin_cos_K0, i23 %second_order_float_sin_cos_K1, i15 %second_order_float_sin_cos_K2" [C:\scratch\2024.1\hls_product\545\2024.1\src\shared\hls\clib\hlsmath\src\common\hls_hotbm_float.cpp:123->C:\scratch\2024.1\hls_product\545\2024.1\src\shared\hls\clib\hlsmath\src\c++\sincoshotbmfloat.cpp:10->C:\scratch\2024.1\hls_product\545\2024.1\src\shared\hls\clib\hlsmath\src\c++\sincoshotbmfloat.cpp:42->Coefficients.cpp:91->Coefficients.cpp:29]   --->   Operation 132 'call' 'tmp_s' <Predicate = (icmp_ln82 & !icmp_ln88)> <Delay = 7.00> <CoreType = "Generic">   --->   Core 0 '' <Latency = 0> <II = 1> <Delay = 1.00> <Generic> <Opcode : >
ST_17 : Operation 133 [15/22] (5.92ns)   --->   "%div27_i = ddiv i64 %mul24_i, i64 %conv26_i_read" [Coefficients.cpp:94->Coefficients.cpp:29]   --->   Operation 133 'ddiv' 'div27_i' <Predicate = true> <Delay = 5.92> <CoreInst = "DDiv">   --->   Core 39 'DDiv' <Latency = 21> <II = 1> <Delay = 5.92> <FuncUnit> <Opcode : 'ddiv' 'drem'> <InPorts = 2> <OutPorts = 1>

State 18 <SV = 17> <Delay = 7.00>
ST_18 : Operation 134 [1/7] (7.00ns)   --->   "%tmp = call i32 @sin_or_cos<float>, i32 %x_assign, i1 0, i100 %ref_4oPi_table_100, i30 %second_order_float_sin_cos_K0, i23 %second_order_float_sin_cos_K1, i15 %second_order_float_sin_cos_K2" [C:\scratch\2024.1\hls_product\545\2024.1\src\shared\hls\clib\hlsmath\src\common\hls_hotbm_float.cpp:123->C:\scratch\2024.1\hls_product\545\2024.1\src\shared\hls\clib\hlsmath\src\c++\sincoshotbmfloat.cpp:10->C:\scratch\2024.1\hls_product\545\2024.1\src\shared\hls\clib\hlsmath\src\c++\sincoshotbmfloat.cpp:42->Coefficients.cpp:91->Coefficients.cpp:29]   --->   Operation 134 'call' 'tmp' <Predicate = (icmp_ln82 & !icmp_ln88)> <Delay = 7.00> <CoreType = "Generic">   --->   Core 0 '' <Latency = 0> <II = 1> <Delay = 1.00> <Generic> <Opcode : >
ST_18 : Operation 135 [2/7] (7.00ns)   --->   "%tmp_s = call i32 @sin_or_cos<float>, i32 %x_assign_1, i1 0, i100 %ref_4oPi_table_100, i30 %second_order_float_sin_cos_K0, i23 %second_order_float_sin_cos_K1, i15 %second_order_float_sin_cos_K2" [C:\scratch\2024.1\hls_product\545\2024.1\src\shared\hls\clib\hlsmath\src\common\hls_hotbm_float.cpp:123->C:\scratch\2024.1\hls_product\545\2024.1\src\shared\hls\clib\hlsmath\src\c++\sincoshotbmfloat.cpp:10->C:\scratch\2024.1\hls_product\545\2024.1\src\shared\hls\clib\hlsmath\src\c++\sincoshotbmfloat.cpp:42->Coefficients.cpp:91->Coefficients.cpp:29]   --->   Operation 135 'call' 'tmp_s' <Predicate = (icmp_ln82 & !icmp_ln88)> <Delay = 7.00> <CoreType = "Generic">   --->   Core 0 '' <Latency = 0> <II = 1> <Delay = 1.00> <Generic> <Opcode : >
ST_18 : Operation 136 [14/22] (5.92ns)   --->   "%div27_i = ddiv i64 %mul24_i, i64 %conv26_i_read" [Coefficients.cpp:94->Coefficients.cpp:29]   --->   Operation 136 'ddiv' 'div27_i' <Predicate = true> <Delay = 5.92> <CoreInst = "DDiv">   --->   Core 39 'DDiv' <Latency = 21> <II = 1> <Delay = 5.92> <FuncUnit> <Opcode : 'ddiv' 'drem'> <InPorts = 2> <OutPorts = 1>

State 19 <SV = 18> <Delay = 7.00>
ST_19 : Operation 137 [1/7] (7.00ns)   --->   "%tmp_s = call i32 @sin_or_cos<float>, i32 %x_assign_1, i1 0, i100 %ref_4oPi_table_100, i30 %second_order_float_sin_cos_K0, i23 %second_order_float_sin_cos_K1, i15 %second_order_float_sin_cos_K2" [C:\scratch\2024.1\hls_product\545\2024.1\src\shared\hls\clib\hlsmath\src\common\hls_hotbm_float.cpp:123->C:\scratch\2024.1\hls_product\545\2024.1\src\shared\hls\clib\hlsmath\src\c++\sincoshotbmfloat.cpp:10->C:\scratch\2024.1\hls_product\545\2024.1\src\shared\hls\clib\hlsmath\src\c++\sincoshotbmfloat.cpp:42->Coefficients.cpp:91->Coefficients.cpp:29]   --->   Operation 137 'call' 'tmp_s' <Predicate = (icmp_ln82 & !icmp_ln88)> <Delay = 7.00> <CoreType = "Generic">   --->   Core 0 '' <Latency = 0> <II = 1> <Delay = 1.00> <Generic> <Opcode : >
ST_19 : Operation 138 [13/22] (5.92ns)   --->   "%div27_i = ddiv i64 %mul24_i, i64 %conv26_i_read" [Coefficients.cpp:94->Coefficients.cpp:29]   --->   Operation 138 'ddiv' 'div27_i' <Predicate = true> <Delay = 5.92> <CoreInst = "DDiv">   --->   Core 39 'DDiv' <Latency = 21> <II = 1> <Delay = 5.92> <FuncUnit> <Opcode : 'ddiv' 'drem'> <InPorts = 2> <OutPorts = 1>

State 20 <SV = 19> <Delay = 6.43>
ST_20 : Operation 139 [4/4] (6.43ns)   --->   "%sub18_i = fsub i32 %tmp, i32 %tmp_s" [Coefficients.cpp:91->Coefficients.cpp:29]   --->   Operation 139 'fsub' 'sub18_i' <Predicate = (icmp_ln82 & !icmp_ln88)> <Delay = 6.43> <CoreInst = "FAddSub_fulldsp">   --->   Core 18 'FAddSub_fulldsp' <Latency = 3> <II = 1> <Delay = 6.43> <FuncUnit> <Opcode : 'fadd' 'fsub'> <InPorts = 2> <OutPorts = 1>
ST_20 : Operation 140 [12/22] (5.92ns)   --->   "%div27_i = ddiv i64 %mul24_i, i64 %conv26_i_read" [Coefficients.cpp:94->Coefficients.cpp:29]   --->   Operation 140 'ddiv' 'div27_i' <Predicate = true> <Delay = 5.92> <CoreInst = "DDiv">   --->   Core 39 'DDiv' <Latency = 21> <II = 1> <Delay = 5.92> <FuncUnit> <Opcode : 'ddiv' 'drem'> <InPorts = 2> <OutPorts = 1>

State 21 <SV = 20> <Delay = 6.43>
ST_21 : Operation 141 [3/4] (6.43ns)   --->   "%sub18_i = fsub i32 %tmp, i32 %tmp_s" [Coefficients.cpp:91->Coefficients.cpp:29]   --->   Operation 141 'fsub' 'sub18_i' <Predicate = (icmp_ln82 & !icmp_ln88)> <Delay = 6.43> <CoreInst = "FAddSub_fulldsp">   --->   Core 18 'FAddSub_fulldsp' <Latency = 3> <II = 1> <Delay = 6.43> <FuncUnit> <Opcode : 'fadd' 'fsub'> <InPorts = 2> <OutPorts = 1>
ST_21 : Operation 142 [11/22] (5.92ns)   --->   "%div27_i = ddiv i64 %mul24_i, i64 %conv26_i_read" [Coefficients.cpp:94->Coefficients.cpp:29]   --->   Operation 142 'ddiv' 'div27_i' <Predicate = true> <Delay = 5.92> <CoreInst = "DDiv">   --->   Core 39 'DDiv' <Latency = 21> <II = 1> <Delay = 5.92> <FuncUnit> <Opcode : 'ddiv' 'drem'> <InPorts = 2> <OutPorts = 1>

State 22 <SV = 21> <Delay = 6.43>
ST_22 : Operation 143 [2/4] (6.43ns)   --->   "%sub18_i = fsub i32 %tmp, i32 %tmp_s" [Coefficients.cpp:91->Coefficients.cpp:29]   --->   Operation 143 'fsub' 'sub18_i' <Predicate = (icmp_ln82 & !icmp_ln88)> <Delay = 6.43> <CoreInst = "FAddSub_fulldsp">   --->   Core 18 'FAddSub_fulldsp' <Latency = 3> <II = 1> <Delay = 6.43> <FuncUnit> <Opcode : 'fadd' 'fsub'> <InPorts = 2> <OutPorts = 1>
ST_22 : Operation 144 [10/22] (5.92ns)   --->   "%div27_i = ddiv i64 %mul24_i, i64 %conv26_i_read" [Coefficients.cpp:94->Coefficients.cpp:29]   --->   Operation 144 'ddiv' 'div27_i' <Predicate = true> <Delay = 5.92> <CoreInst = "DDiv">   --->   Core 39 'DDiv' <Latency = 21> <II = 1> <Delay = 5.92> <FuncUnit> <Opcode : 'ddiv' 'drem'> <InPorts = 2> <OutPorts = 1>

State 23 <SV = 22> <Delay = 6.43>
ST_23 : Operation 145 [1/4] (6.43ns)   --->   "%sub18_i = fsub i32 %tmp, i32 %tmp_s" [Coefficients.cpp:91->Coefficients.cpp:29]   --->   Operation 145 'fsub' 'sub18_i' <Predicate = (icmp_ln82 & !icmp_ln88)> <Delay = 6.43> <CoreInst = "FAddSub_fulldsp">   --->   Core 18 'FAddSub_fulldsp' <Latency = 3> <II = 1> <Delay = 6.43> <FuncUnit> <Opcode : 'fadd' 'fsub'> <InPorts = 2> <OutPorts = 1>
ST_23 : Operation 146 [9/22] (5.92ns)   --->   "%div27_i = ddiv i64 %mul24_i, i64 %conv26_i_read" [Coefficients.cpp:94->Coefficients.cpp:29]   --->   Operation 146 'ddiv' 'div27_i' <Predicate = true> <Delay = 5.92> <CoreInst = "DDiv">   --->   Core 39 'DDiv' <Latency = 21> <II = 1> <Delay = 5.92> <FuncUnit> <Opcode : 'ddiv' 'drem'> <InPorts = 2> <OutPorts = 1>

State 24 <SV = 23> <Delay = 5.92>
ST_24 : Operation 147 [2/2] (2.30ns)   --->   "%conv19_i = fpext i32 %sub18_i" [Coefficients.cpp:91->Coefficients.cpp:29]   --->   Operation 147 'fpext' 'conv19_i' <Predicate = (icmp_ln82 & !icmp_ln88)> <Delay = 2.30> <CoreInst = "Float2Double">   --->   Core 64 'Float2Double' <Latency = 1> <II = 1> <Delay = 2.30> <FuncUnit> <Opcode : 'fpext'> <InPorts = 1> <OutPorts = 1>
ST_24 : Operation 148 [8/22] (5.92ns)   --->   "%div27_i = ddiv i64 %mul24_i, i64 %conv26_i_read" [Coefficients.cpp:94->Coefficients.cpp:29]   --->   Operation 148 'ddiv' 'div27_i' <Predicate = true> <Delay = 5.92> <CoreInst = "DDiv">   --->   Core 39 'DDiv' <Latency = 21> <II = 1> <Delay = 5.92> <FuncUnit> <Opcode : 'ddiv' 'drem'> <InPorts = 2> <OutPorts = 1>

State 25 <SV = 24> <Delay = 5.92>
ST_25 : Operation 149 [1/2] (2.30ns)   --->   "%conv19_i = fpext i32 %sub18_i" [Coefficients.cpp:91->Coefficients.cpp:29]   --->   Operation 149 'fpext' 'conv19_i' <Predicate = (icmp_ln82 & !icmp_ln88)> <Delay = 2.30> <CoreInst = "Float2Double">   --->   Core 64 'Float2Double' <Latency = 1> <II = 1> <Delay = 2.30> <FuncUnit> <Opcode : 'fpext'> <InPorts = 1> <OutPorts = 1>
ST_25 : Operation 150 [7/22] (5.92ns)   --->   "%div27_i = ddiv i64 %mul24_i, i64 %conv26_i_read" [Coefficients.cpp:94->Coefficients.cpp:29]   --->   Operation 150 'ddiv' 'div27_i' <Predicate = true> <Delay = 5.92> <CoreInst = "DDiv">   --->   Core 39 'DDiv' <Latency = 21> <II = 1> <Delay = 5.92> <FuncUnit> <Opcode : 'ddiv' 'drem'> <InPorts = 2> <OutPorts = 1>

State 26 <SV = 25> <Delay = 5.92>
ST_26 : Operation 151 [6/22] (5.92ns)   --->   "%div27_i = ddiv i64 %mul24_i, i64 %conv26_i_read" [Coefficients.cpp:94->Coefficients.cpp:29]   --->   Operation 151 'ddiv' 'div27_i' <Predicate = true> <Delay = 5.92> <CoreInst = "DDiv">   --->   Core 39 'DDiv' <Latency = 21> <II = 1> <Delay = 5.92> <FuncUnit> <Opcode : 'ddiv' 'drem'> <InPorts = 2> <OutPorts = 1>

State 27 <SV = 26> <Delay = 5.92>
ST_27 : Operation 152 [22/22] (5.92ns)   --->   "%val = ddiv i64 %conv19_i, i64 %mul21_i" [Coefficients.cpp:91->Coefficients.cpp:29]   --->   Operation 152 'ddiv' 'val' <Predicate = (icmp_ln82 & !icmp_ln88)> <Delay = 5.92> <CoreInst = "DDiv">   --->   Core 39 'DDiv' <Latency = 21> <II = 1> <Delay = 5.92> <FuncUnit> <Opcode : 'ddiv' 'drem'> <InPorts = 2> <OutPorts = 1>
ST_27 : Operation 153 [5/22] (5.92ns)   --->   "%div27_i = ddiv i64 %mul24_i, i64 %conv26_i_read" [Coefficients.cpp:94->Coefficients.cpp:29]   --->   Operation 153 'ddiv' 'div27_i' <Predicate = true> <Delay = 5.92> <CoreInst = "DDiv">   --->   Core 39 'DDiv' <Latency = 21> <II = 1> <Delay = 5.92> <FuncUnit> <Opcode : 'ddiv' 'drem'> <InPorts = 2> <OutPorts = 1>

State 28 <SV = 27> <Delay = 5.92>
ST_28 : Operation 154 [21/22] (5.92ns)   --->   "%val = ddiv i64 %conv19_i, i64 %mul21_i" [Coefficients.cpp:91->Coefficients.cpp:29]   --->   Operation 154 'ddiv' 'val' <Predicate = (icmp_ln82 & !icmp_ln88)> <Delay = 5.92> <CoreInst = "DDiv">   --->   Core 39 'DDiv' <Latency = 21> <II = 1> <Delay = 5.92> <FuncUnit> <Opcode : 'ddiv' 'drem'> <InPorts = 2> <OutPorts = 1>
ST_28 : Operation 155 [4/22] (5.92ns)   --->   "%div27_i = ddiv i64 %mul24_i, i64 %conv26_i_read" [Coefficients.cpp:94->Coefficients.cpp:29]   --->   Operation 155 'ddiv' 'div27_i' <Predicate = true> <Delay = 5.92> <CoreInst = "DDiv">   --->   Core 39 'DDiv' <Latency = 21> <II = 1> <Delay = 5.92> <FuncUnit> <Opcode : 'ddiv' 'drem'> <InPorts = 2> <OutPorts = 1>

State 29 <SV = 28> <Delay = 5.92>
ST_29 : Operation 156 [20/22] (5.92ns)   --->   "%val = ddiv i64 %conv19_i, i64 %mul21_i" [Coefficients.cpp:91->Coefficients.cpp:29]   --->   Operation 156 'ddiv' 'val' <Predicate = (icmp_ln82 & !icmp_ln88)> <Delay = 5.92> <CoreInst = "DDiv">   --->   Core 39 'DDiv' <Latency = 21> <II = 1> <Delay = 5.92> <FuncUnit> <Opcode : 'ddiv' 'drem'> <InPorts = 2> <OutPorts = 1>
ST_29 : Operation 157 [3/22] (5.92ns)   --->   "%div27_i = ddiv i64 %mul24_i, i64 %conv26_i_read" [Coefficients.cpp:94->Coefficients.cpp:29]   --->   Operation 157 'ddiv' 'div27_i' <Predicate = true> <Delay = 5.92> <CoreInst = "DDiv">   --->   Core 39 'DDiv' <Latency = 21> <II = 1> <Delay = 5.92> <FuncUnit> <Opcode : 'ddiv' 'drem'> <InPorts = 2> <OutPorts = 1>

State 30 <SV = 29> <Delay = 5.92>
ST_30 : Operation 158 [19/22] (5.92ns)   --->   "%val = ddiv i64 %conv19_i, i64 %mul21_i" [Coefficients.cpp:91->Coefficients.cpp:29]   --->   Operation 158 'ddiv' 'val' <Predicate = (icmp_ln82 & !icmp_ln88)> <Delay = 5.92> <CoreInst = "DDiv">   --->   Core 39 'DDiv' <Latency = 21> <II = 1> <Delay = 5.92> <FuncUnit> <Opcode : 'ddiv' 'drem'> <InPorts = 2> <OutPorts = 1>
ST_30 : Operation 159 [2/22] (5.92ns)   --->   "%div27_i = ddiv i64 %mul24_i, i64 %conv26_i_read" [Coefficients.cpp:94->Coefficients.cpp:29]   --->   Operation 159 'ddiv' 'div27_i' <Predicate = true> <Delay = 5.92> <CoreInst = "DDiv">   --->   Core 39 'DDiv' <Latency = 21> <II = 1> <Delay = 5.92> <FuncUnit> <Opcode : 'ddiv' 'drem'> <InPorts = 2> <OutPorts = 1>

State 31 <SV = 30> <Delay = 5.92>
ST_31 : Operation 160 [18/22] (5.92ns)   --->   "%val = ddiv i64 %conv19_i, i64 %mul21_i" [Coefficients.cpp:91->Coefficients.cpp:29]   --->   Operation 160 'ddiv' 'val' <Predicate = (icmp_ln82 & !icmp_ln88)> <Delay = 5.92> <CoreInst = "DDiv">   --->   Core 39 'DDiv' <Latency = 21> <II = 1> <Delay = 5.92> <FuncUnit> <Opcode : 'ddiv' 'drem'> <InPorts = 2> <OutPorts = 1>
ST_31 : Operation 161 [1/22] (5.92ns)   --->   "%div27_i = ddiv i64 %mul24_i, i64 %conv26_i_read" [Coefficients.cpp:94->Coefficients.cpp:29]   --->   Operation 161 'ddiv' 'div27_i' <Predicate = true> <Delay = 5.92> <CoreInst = "DDiv">   --->   Core 39 'DDiv' <Latency = 21> <II = 1> <Delay = 5.92> <FuncUnit> <Opcode : 'ddiv' 'drem'> <InPorts = 2> <OutPorts = 1>

State 32 <SV = 31> <Delay = 5.92>
ST_32 : Operation 162 [17/22] (5.92ns)   --->   "%val = ddiv i64 %conv19_i, i64 %mul21_i" [Coefficients.cpp:91->Coefficients.cpp:29]   --->   Operation 162 'ddiv' 'val' <Predicate = (icmp_ln82 & !icmp_ln88)> <Delay = 5.92> <CoreInst = "DDiv">   --->   Core 39 'DDiv' <Latency = 21> <II = 1> <Delay = 5.92> <FuncUnit> <Opcode : 'ddiv' 'drem'> <InPorts = 2> <OutPorts = 1>

State 33 <SV = 32> <Delay = 5.92>
ST_33 : Operation 163 [16/22] (5.92ns)   --->   "%val = ddiv i64 %conv19_i, i64 %mul21_i" [Coefficients.cpp:91->Coefficients.cpp:29]   --->   Operation 163 'ddiv' 'val' <Predicate = (icmp_ln82 & !icmp_ln88)> <Delay = 5.92> <CoreInst = "DDiv">   --->   Core 39 'DDiv' <Latency = 21> <II = 1> <Delay = 5.92> <FuncUnit> <Opcode : 'ddiv' 'drem'> <InPorts = 2> <OutPorts = 1>
ST_33 : Operation 164 [2/2] (2.89ns)   --->   "%x_assign_2 = fptrunc i64 %div27_i" [Coefficients.cpp:94->Coefficients.cpp:29]   --->   Operation 164 'fptrunc' 'x_assign_2' <Predicate = true> <Delay = 2.89> <CoreInst = "Double2Float">   --->   Core 67 'Double2Float' <Latency = 1> <II = 1> <Delay = 2.89> <FuncUnit> <Opcode : 'fptrunc'> <InPorts = 1> <OutPorts = 1>

State 34 <SV = 33> <Delay = 5.92>
ST_34 : Operation 165 [15/22] (5.92ns)   --->   "%val = ddiv i64 %conv19_i, i64 %mul21_i" [Coefficients.cpp:91->Coefficients.cpp:29]   --->   Operation 165 'ddiv' 'val' <Predicate = (icmp_ln82 & !icmp_ln88)> <Delay = 5.92> <CoreInst = "DDiv">   --->   Core 39 'DDiv' <Latency = 21> <II = 1> <Delay = 5.92> <FuncUnit> <Opcode : 'ddiv' 'drem'> <InPorts = 2> <OutPorts = 1>
ST_34 : Operation 166 [1/2] (2.89ns)   --->   "%x_assign_2 = fptrunc i64 %div27_i" [Coefficients.cpp:94->Coefficients.cpp:29]   --->   Operation 166 'fptrunc' 'x_assign_2' <Predicate = true> <Delay = 2.89> <CoreInst = "Double2Float">   --->   Core 67 'Double2Float' <Latency = 1> <II = 1> <Delay = 2.89> <FuncUnit> <Opcode : 'fptrunc'> <InPorts = 1> <OutPorts = 1>
ST_34 : Operation 167 [7/7] (1.83ns)   --->   "%tmp_14 = call i32 @sin_or_cos<float>, i32 %x_assign_2, i1 1, i100 %ref_4oPi_table_100, i30 %second_order_float_sin_cos_K0, i23 %second_order_float_sin_cos_K1, i15 %second_order_float_sin_cos_K2" [C:\scratch\2024.1\hls_product\545\2024.1\src\shared\hls\clib\hlsmath\src\common\hls_hotbm_float.cpp:127->C:\scratch\2024.1\hls_product\545\2024.1\src\shared\hls\clib\hlsmath\src\c++\sincoshotbmfloat.cpp:13->C:\scratch\2024.1\hls_product\545\2024.1\src\shared\hls\clib\hlsmath\src\c++\sincoshotbmfloat.cpp:45->Coefficients.cpp:94->Coefficients.cpp:29]   --->   Operation 167 'call' 'tmp_14' <Predicate = true> <Delay = 1.83> <CoreType = "Generic">   --->   Core 0 '' <Latency = 0> <II = 1> <Delay = 1.00> <Generic> <Opcode : >

State 35 <SV = 34> <Delay = 7.00>
ST_35 : Operation 168 [14/22] (5.92ns)   --->   "%val = ddiv i64 %conv19_i, i64 %mul21_i" [Coefficients.cpp:91->Coefficients.cpp:29]   --->   Operation 168 'ddiv' 'val' <Predicate = (icmp_ln82 & !icmp_ln88)> <Delay = 5.92> <CoreInst = "DDiv">   --->   Core 39 'DDiv' <Latency = 21> <II = 1> <Delay = 5.92> <FuncUnit> <Opcode : 'ddiv' 'drem'> <InPorts = 2> <OutPorts = 1>
ST_35 : Operation 169 [6/7] (7.00ns)   --->   "%tmp_14 = call i32 @sin_or_cos<float>, i32 %x_assign_2, i1 1, i100 %ref_4oPi_table_100, i30 %second_order_float_sin_cos_K0, i23 %second_order_float_sin_cos_K1, i15 %second_order_float_sin_cos_K2" [C:\scratch\2024.1\hls_product\545\2024.1\src\shared\hls\clib\hlsmath\src\common\hls_hotbm_float.cpp:127->C:\scratch\2024.1\hls_product\545\2024.1\src\shared\hls\clib\hlsmath\src\c++\sincoshotbmfloat.cpp:13->C:\scratch\2024.1\hls_product\545\2024.1\src\shared\hls\clib\hlsmath\src\c++\sincoshotbmfloat.cpp:45->Coefficients.cpp:94->Coefficients.cpp:29]   --->   Operation 169 'call' 'tmp_14' <Predicate = true> <Delay = 7.00> <CoreType = "Generic">   --->   Core 0 '' <Latency = 0> <II = 1> <Delay = 1.00> <Generic> <Opcode : >

State 36 <SV = 35> <Delay = 7.00>
ST_36 : Operation 170 [13/22] (5.92ns)   --->   "%val = ddiv i64 %conv19_i, i64 %mul21_i" [Coefficients.cpp:91->Coefficients.cpp:29]   --->   Operation 170 'ddiv' 'val' <Predicate = (icmp_ln82 & !icmp_ln88)> <Delay = 5.92> <CoreInst = "DDiv">   --->   Core 39 'DDiv' <Latency = 21> <II = 1> <Delay = 5.92> <FuncUnit> <Opcode : 'ddiv' 'drem'> <InPorts = 2> <OutPorts = 1>
ST_36 : Operation 171 [5/7] (7.00ns)   --->   "%tmp_14 = call i32 @sin_or_cos<float>, i32 %x_assign_2, i1 1, i100 %ref_4oPi_table_100, i30 %second_order_float_sin_cos_K0, i23 %second_order_float_sin_cos_K1, i15 %second_order_float_sin_cos_K2" [C:\scratch\2024.1\hls_product\545\2024.1\src\shared\hls\clib\hlsmath\src\common\hls_hotbm_float.cpp:127->C:\scratch\2024.1\hls_product\545\2024.1\src\shared\hls\clib\hlsmath\src\c++\sincoshotbmfloat.cpp:13->C:\scratch\2024.1\hls_product\545\2024.1\src\shared\hls\clib\hlsmath\src\c++\sincoshotbmfloat.cpp:45->Coefficients.cpp:94->Coefficients.cpp:29]   --->   Operation 171 'call' 'tmp_14' <Predicate = true> <Delay = 7.00> <CoreType = "Generic">   --->   Core 0 '' <Latency = 0> <II = 1> <Delay = 1.00> <Generic> <Opcode : >

State 37 <SV = 36> <Delay = 7.00>
ST_37 : Operation 172 [12/22] (5.92ns)   --->   "%val = ddiv i64 %conv19_i, i64 %mul21_i" [Coefficients.cpp:91->Coefficients.cpp:29]   --->   Operation 172 'ddiv' 'val' <Predicate = (icmp_ln82 & !icmp_ln88)> <Delay = 5.92> <CoreInst = "DDiv">   --->   Core 39 'DDiv' <Latency = 21> <II = 1> <Delay = 5.92> <FuncUnit> <Opcode : 'ddiv' 'drem'> <InPorts = 2> <OutPorts = 1>
ST_37 : Operation 173 [4/7] (7.00ns)   --->   "%tmp_14 = call i32 @sin_or_cos<float>, i32 %x_assign_2, i1 1, i100 %ref_4oPi_table_100, i30 %second_order_float_sin_cos_K0, i23 %second_order_float_sin_cos_K1, i15 %second_order_float_sin_cos_K2" [C:\scratch\2024.1\hls_product\545\2024.1\src\shared\hls\clib\hlsmath\src\common\hls_hotbm_float.cpp:127->C:\scratch\2024.1\hls_product\545\2024.1\src\shared\hls\clib\hlsmath\src\c++\sincoshotbmfloat.cpp:13->C:\scratch\2024.1\hls_product\545\2024.1\src\shared\hls\clib\hlsmath\src\c++\sincoshotbmfloat.cpp:45->Coefficients.cpp:94->Coefficients.cpp:29]   --->   Operation 173 'call' 'tmp_14' <Predicate = (icmp_ln82)> <Delay = 7.00> <CoreType = "Generic">   --->   Core 0 '' <Latency = 0> <II = 1> <Delay = 1.00> <Generic> <Opcode : >

State 38 <SV = 37> <Delay = 7.00>
ST_38 : Operation 174 [11/22] (5.92ns)   --->   "%val = ddiv i64 %conv19_i, i64 %mul21_i" [Coefficients.cpp:91->Coefficients.cpp:29]   --->   Operation 174 'ddiv' 'val' <Predicate = (icmp_ln82 & !icmp_ln88)> <Delay = 5.92> <CoreInst = "DDiv">   --->   Core 39 'DDiv' <Latency = 21> <II = 1> <Delay = 5.92> <FuncUnit> <Opcode : 'ddiv' 'drem'> <InPorts = 2> <OutPorts = 1>
ST_38 : Operation 175 [3/7] (7.00ns)   --->   "%tmp_14 = call i32 @sin_or_cos<float>, i32 %x_assign_2, i1 1, i100 %ref_4oPi_table_100, i30 %second_order_float_sin_cos_K0, i23 %second_order_float_sin_cos_K1, i15 %second_order_float_sin_cos_K2" [C:\scratch\2024.1\hls_product\545\2024.1\src\shared\hls\clib\hlsmath\src\common\hls_hotbm_float.cpp:127->C:\scratch\2024.1\hls_product\545\2024.1\src\shared\hls\clib\hlsmath\src\c++\sincoshotbmfloat.cpp:13->C:\scratch\2024.1\hls_product\545\2024.1\src\shared\hls\clib\hlsmath\src\c++\sincoshotbmfloat.cpp:45->Coefficients.cpp:94->Coefficients.cpp:29]   --->   Operation 175 'call' 'tmp_14' <Predicate = true> <Delay = 7.00> <CoreType = "Generic">   --->   Core 0 '' <Latency = 0> <II = 1> <Delay = 1.00> <Generic> <Opcode : >

State 39 <SV = 38> <Delay = 7.00>
ST_39 : Operation 176 [10/22] (5.92ns)   --->   "%val = ddiv i64 %conv19_i, i64 %mul21_i" [Coefficients.cpp:91->Coefficients.cpp:29]   --->   Operation 176 'ddiv' 'val' <Predicate = (icmp_ln82 & !icmp_ln88)> <Delay = 5.92> <CoreInst = "DDiv">   --->   Core 39 'DDiv' <Latency = 21> <II = 1> <Delay = 5.92> <FuncUnit> <Opcode : 'ddiv' 'drem'> <InPorts = 2> <OutPorts = 1>
ST_39 : Operation 177 [2/7] (7.00ns)   --->   "%tmp_14 = call i32 @sin_or_cos<float>, i32 %x_assign_2, i1 1, i100 %ref_4oPi_table_100, i30 %second_order_float_sin_cos_K0, i23 %second_order_float_sin_cos_K1, i15 %second_order_float_sin_cos_K2" [C:\scratch\2024.1\hls_product\545\2024.1\src\shared\hls\clib\hlsmath\src\common\hls_hotbm_float.cpp:127->C:\scratch\2024.1\hls_product\545\2024.1\src\shared\hls\clib\hlsmath\src\c++\sincoshotbmfloat.cpp:13->C:\scratch\2024.1\hls_product\545\2024.1\src\shared\hls\clib\hlsmath\src\c++\sincoshotbmfloat.cpp:45->Coefficients.cpp:94->Coefficients.cpp:29]   --->   Operation 177 'call' 'tmp_14' <Predicate = true> <Delay = 7.00> <CoreType = "Generic">   --->   Core 0 '' <Latency = 0> <II = 1> <Delay = 1.00> <Generic> <Opcode : >

State 40 <SV = 39> <Delay = 7.00>
ST_40 : Operation 178 [9/22] (5.92ns)   --->   "%val = ddiv i64 %conv19_i, i64 %mul21_i" [Coefficients.cpp:91->Coefficients.cpp:29]   --->   Operation 178 'ddiv' 'val' <Predicate = (icmp_ln82 & !icmp_ln88)> <Delay = 5.92> <CoreInst = "DDiv">   --->   Core 39 'DDiv' <Latency = 21> <II = 1> <Delay = 5.92> <FuncUnit> <Opcode : 'ddiv' 'drem'> <InPorts = 2> <OutPorts = 1>
ST_40 : Operation 179 [1/7] (7.00ns)   --->   "%tmp_14 = call i32 @sin_or_cos<float>, i32 %x_assign_2, i1 1, i100 %ref_4oPi_table_100, i30 %second_order_float_sin_cos_K0, i23 %second_order_float_sin_cos_K1, i15 %second_order_float_sin_cos_K2" [C:\scratch\2024.1\hls_product\545\2024.1\src\shared\hls\clib\hlsmath\src\common\hls_hotbm_float.cpp:127->C:\scratch\2024.1\hls_product\545\2024.1\src\shared\hls\clib\hlsmath\src\c++\sincoshotbmfloat.cpp:13->C:\scratch\2024.1\hls_product\545\2024.1\src\shared\hls\clib\hlsmath\src\c++\sincoshotbmfloat.cpp:45->Coefficients.cpp:94->Coefficients.cpp:29]   --->   Operation 179 'call' 'tmp_14' <Predicate = true> <Delay = 7.00> <CoreType = "Generic">   --->   Core 0 '' <Latency = 0> <II = 1> <Delay = 1.00> <Generic> <Opcode : >

State 41 <SV = 40> <Delay = 5.92>
ST_41 : Operation 180 [8/22] (5.92ns)   --->   "%val = ddiv i64 %conv19_i, i64 %mul21_i" [Coefficients.cpp:91->Coefficients.cpp:29]   --->   Operation 180 'ddiv' 'val' <Predicate = (icmp_ln82 & !icmp_ln88)> <Delay = 5.92> <CoreInst = "DDiv">   --->   Core 39 'DDiv' <Latency = 21> <II = 1> <Delay = 5.92> <FuncUnit> <Opcode : 'ddiv' 'drem'> <InPorts = 2> <OutPorts = 1>

State 42 <SV = 41> <Delay = 7.01>
ST_42 : Operation 181 [7/22] (5.92ns)   --->   "%val = ddiv i64 %conv19_i, i64 %mul21_i" [Coefficients.cpp:91->Coefficients.cpp:29]   --->   Operation 181 'ddiv' 'val' <Predicate = (icmp_ln82 & !icmp_ln88)> <Delay = 5.92> <CoreInst = "DDiv">   --->   Core 39 'DDiv' <Latency = 21> <II = 1> <Delay = 5.92> <FuncUnit> <Opcode : 'ddiv' 'drem'> <InPorts = 2> <OutPorts = 1>
ST_42 : Operation 182 [3/3] (7.01ns)   --->   "%mul30_i = fmul i32 %tmp_14, i32 0.46" [Coefficients.cpp:94->Coefficients.cpp:29]   --->   Operation 182 'fmul' 'mul30_i' <Predicate = true> <Delay = 7.01> <CoreInst = "FMul_maxdsp">   --->   Core 30 'FMul_maxdsp' <Latency = 2> <II = 1> <Delay = 7.01> <FuncUnit> <Opcode : 'fmul'> <InPorts = 2> <OutPorts = 1>

State 43 <SV = 42> <Delay = 7.01>
ST_43 : Operation 183 [6/22] (5.92ns)   --->   "%val = ddiv i64 %conv19_i, i64 %mul21_i" [Coefficients.cpp:91->Coefficients.cpp:29]   --->   Operation 183 'ddiv' 'val' <Predicate = (icmp_ln82 & !icmp_ln88)> <Delay = 5.92> <CoreInst = "DDiv">   --->   Core 39 'DDiv' <Latency = 21> <II = 1> <Delay = 5.92> <FuncUnit> <Opcode : 'ddiv' 'drem'> <InPorts = 2> <OutPorts = 1>
ST_43 : Operation 184 [2/3] (7.01ns)   --->   "%mul30_i = fmul i32 %tmp_14, i32 0.46" [Coefficients.cpp:94->Coefficients.cpp:29]   --->   Operation 184 'fmul' 'mul30_i' <Predicate = true> <Delay = 7.01> <CoreInst = "FMul_maxdsp">   --->   Core 30 'FMul_maxdsp' <Latency = 2> <II = 1> <Delay = 7.01> <FuncUnit> <Opcode : 'fmul'> <InPorts = 2> <OutPorts = 1>

State 44 <SV = 43> <Delay = 7.01>
ST_44 : Operation 185 [5/22] (5.92ns)   --->   "%val = ddiv i64 %conv19_i, i64 %mul21_i" [Coefficients.cpp:91->Coefficients.cpp:29]   --->   Operation 185 'ddiv' 'val' <Predicate = (icmp_ln82 & !icmp_ln88)> <Delay = 5.92> <CoreInst = "DDiv">   --->   Core 39 'DDiv' <Latency = 21> <II = 1> <Delay = 5.92> <FuncUnit> <Opcode : 'ddiv' 'drem'> <InPorts = 2> <OutPorts = 1>
ST_44 : Operation 186 [1/3] (7.01ns)   --->   "%mul30_i = fmul i32 %tmp_14, i32 0.46" [Coefficients.cpp:94->Coefficients.cpp:29]   --->   Operation 186 'fmul' 'mul30_i' <Predicate = true> <Delay = 7.01> <CoreInst = "FMul_maxdsp">   --->   Core 30 'FMul_maxdsp' <Latency = 2> <II = 1> <Delay = 7.01> <FuncUnit> <Opcode : 'fmul'> <InPorts = 2> <OutPorts = 1>

State 45 <SV = 44> <Delay = 6.43>
ST_45 : Operation 187 [4/22] (5.92ns)   --->   "%val = ddiv i64 %conv19_i, i64 %mul21_i" [Coefficients.cpp:91->Coefficients.cpp:29]   --->   Operation 187 'ddiv' 'val' <Predicate = (icmp_ln82 & !icmp_ln88)> <Delay = 5.92> <CoreInst = "DDiv">   --->   Core 39 'DDiv' <Latency = 21> <II = 1> <Delay = 5.92> <FuncUnit> <Opcode : 'ddiv' 'drem'> <InPorts = 2> <OutPorts = 1>
ST_45 : Operation 188 [4/4] (6.43ns)   --->   "%sub31_i = fsub i32 0.54, i32 %mul30_i" [Coefficients.cpp:94->Coefficients.cpp:29]   --->   Operation 188 'fsub' 'sub31_i' <Predicate = true> <Delay = 6.43> <CoreInst = "FAddSub_fulldsp">   --->   Core 18 'FAddSub_fulldsp' <Latency = 3> <II = 1> <Delay = 6.43> <FuncUnit> <Opcode : 'fadd' 'fsub'> <InPorts = 2> <OutPorts = 1>

State 46 <SV = 45> <Delay = 6.43>
ST_46 : Operation 189 [3/22] (5.92ns)   --->   "%val = ddiv i64 %conv19_i, i64 %mul21_i" [Coefficients.cpp:91->Coefficients.cpp:29]   --->   Operation 189 'ddiv' 'val' <Predicate = (icmp_ln82 & !icmp_ln88)> <Delay = 5.92> <CoreInst = "DDiv">   --->   Core 39 'DDiv' <Latency = 21> <II = 1> <Delay = 5.92> <FuncUnit> <Opcode : 'ddiv' 'drem'> <InPorts = 2> <OutPorts = 1>
ST_46 : Operation 190 [3/4] (6.43ns)   --->   "%sub31_i = fsub i32 0.54, i32 %mul30_i" [Coefficients.cpp:94->Coefficients.cpp:29]   --->   Operation 190 'fsub' 'sub31_i' <Predicate = true> <Delay = 6.43> <CoreInst = "FAddSub_fulldsp">   --->   Core 18 'FAddSub_fulldsp' <Latency = 3> <II = 1> <Delay = 6.43> <FuncUnit> <Opcode : 'fadd' 'fsub'> <InPorts = 2> <OutPorts = 1>

State 47 <SV = 46> <Delay = 6.43>
ST_47 : Operation 191 [2/22] (5.92ns)   --->   "%val = ddiv i64 %conv19_i, i64 %mul21_i" [Coefficients.cpp:91->Coefficients.cpp:29]   --->   Operation 191 'ddiv' 'val' <Predicate = (icmp_ln82 & !icmp_ln88)> <Delay = 5.92> <CoreInst = "DDiv">   --->   Core 39 'DDiv' <Latency = 21> <II = 1> <Delay = 5.92> <FuncUnit> <Opcode : 'ddiv' 'drem'> <InPorts = 2> <OutPorts = 1>
ST_47 : Operation 192 [2/4] (6.43ns)   --->   "%sub31_i = fsub i32 0.54, i32 %mul30_i" [Coefficients.cpp:94->Coefficients.cpp:29]   --->   Operation 192 'fsub' 'sub31_i' <Predicate = true> <Delay = 6.43> <CoreInst = "FAddSub_fulldsp">   --->   Core 18 'FAddSub_fulldsp' <Latency = 3> <II = 1> <Delay = 6.43> <FuncUnit> <Opcode : 'fadd' 'fsub'> <InPorts = 2> <OutPorts = 1>

State 48 <SV = 47> <Delay = 6.43>
ST_48 : Operation 193 [1/22] (5.92ns)   --->   "%val = ddiv i64 %conv19_i, i64 %mul21_i" [Coefficients.cpp:91->Coefficients.cpp:29]   --->   Operation 193 'ddiv' 'val' <Predicate = (icmp_ln82 & !icmp_ln88)> <Delay = 5.92> <CoreInst = "DDiv">   --->   Core 39 'DDiv' <Latency = 21> <II = 1> <Delay = 5.92> <FuncUnit> <Opcode : 'ddiv' 'drem'> <InPorts = 2> <OutPorts = 1>
ST_48 : Operation 194 [1/1] (0.42ns)   --->   "%br_ln0 = br void %for.inc.i"   --->   Operation 194 'br' 'br_ln0' <Predicate = (icmp_ln82 & !icmp_ln88)> <Delay = 0.42>
ST_48 : Operation 195 [1/4] (6.43ns)   --->   "%sub31_i = fsub i32 0.54, i32 %mul30_i" [Coefficients.cpp:94->Coefficients.cpp:29]   --->   Operation 195 'fsub' 'sub31_i' <Predicate = true> <Delay = 6.43> <CoreInst = "FAddSub_fulldsp">   --->   Core 18 'FAddSub_fulldsp' <Latency = 3> <II = 1> <Delay = 6.43> <FuncUnit> <Opcode : 'fadd' 'fsub'> <InPorts = 2> <OutPorts = 1>

State 49 <SV = 48> <Delay = 2.30>
ST_49 : Operation 196 [1/1] (0.00ns)   --->   "%val_1 = phi i64 %val, void %if.else.i, i64 %div10_i_read, void %for.body.i.split"   --->   Operation 196 'phi' 'val_1' <Predicate = true> <Delay = 0.00>
ST_49 : Operation 197 [2/2] (2.30ns)   --->   "%w = fpext i32 %sub31_i" [Coefficients.cpp:94->Coefficients.cpp:29]   --->   Operation 197 'fpext' 'w' <Predicate = true> <Delay = 2.30> <CoreInst = "Float2Double">   --->   Core 64 'Float2Double' <Latency = 1> <II = 1> <Delay = 2.30> <FuncUnit> <Opcode : 'fpext'> <InPorts = 1> <OutPorts = 1>

State 50 <SV = 49> <Delay = 2.30>
ST_50 : Operation 198 [1/2] (2.30ns)   --->   "%w = fpext i32 %sub31_i" [Coefficients.cpp:94->Coefficients.cpp:29]   --->   Operation 198 'fpext' 'w' <Predicate = true> <Delay = 2.30> <CoreInst = "Float2Double">   --->   Core 64 'Float2Double' <Latency = 1> <II = 1> <Delay = 2.30> <FuncUnit> <Opcode : 'fpext'> <InPorts = 1> <OutPorts = 1>

State 51 <SV = 50> <Delay = 7.04>
ST_51 : Operation 199 [5/5] (7.04ns)   --->   "%mul33_i = dmul i64 %val_1, i64 %w" [Coefficients.cpp:96->Coefficients.cpp:29]   --->   Operation 199 'dmul' 'mul33_i' <Predicate = true> <Delay = 7.04> <CoreInst = "DMul_maxdsp">   --->   Core 49 'DMul_maxdsp' <Latency = 4> <II = 1> <Delay = 7.04> <FuncUnit> <Opcode : 'dmul'> <InPorts = 2> <OutPorts = 1>

State 52 <SV = 51> <Delay = 7.04>
ST_52 : Operation 200 [4/5] (7.04ns)   --->   "%mul33_i = dmul i64 %val_1, i64 %w" [Coefficients.cpp:96->Coefficients.cpp:29]   --->   Operation 200 'dmul' 'mul33_i' <Predicate = true> <Delay = 7.04> <CoreInst = "DMul_maxdsp">   --->   Core 49 'DMul_maxdsp' <Latency = 4> <II = 1> <Delay = 7.04> <FuncUnit> <Opcode : 'dmul'> <InPorts = 2> <OutPorts = 1>

State 53 <SV = 52> <Delay = 7.04>
ST_53 : Operation 201 [3/5] (7.04ns)   --->   "%mul33_i = dmul i64 %val_1, i64 %w" [Coefficients.cpp:96->Coefficients.cpp:29]   --->   Operation 201 'dmul' 'mul33_i' <Predicate = true> <Delay = 7.04> <CoreInst = "DMul_maxdsp">   --->   Core 49 'DMul_maxdsp' <Latency = 4> <II = 1> <Delay = 7.04> <FuncUnit> <Opcode : 'dmul'> <InPorts = 2> <OutPorts = 1>

State 54 <SV = 53> <Delay = 7.04>
ST_54 : Operation 202 [2/5] (7.04ns)   --->   "%mul33_i = dmul i64 %val_1, i64 %w" [Coefficients.cpp:96->Coefficients.cpp:29]   --->   Operation 202 'dmul' 'mul33_i' <Predicate = true> <Delay = 7.04> <CoreInst = "DMul_maxdsp">   --->   Core 49 'DMul_maxdsp' <Latency = 4> <II = 1> <Delay = 7.04> <FuncUnit> <Opcode : 'dmul'> <InPorts = 2> <OutPorts = 1>

State 55 <SV = 54> <Delay = 7.04>
ST_55 : Operation 203 [1/5] (7.04ns)   --->   "%mul33_i = dmul i64 %val_1, i64 %w" [Coefficients.cpp:96->Coefficients.cpp:29]   --->   Operation 203 'dmul' 'mul33_i' <Predicate = true> <Delay = 7.04> <CoreInst = "DMul_maxdsp">   --->   Core 49 'DMul_maxdsp' <Latency = 4> <II = 1> <Delay = 7.04> <FuncUnit> <Opcode : 'dmul'> <InPorts = 2> <OutPorts = 1>

State 56 <SV = 55> <Delay = 5.06>
ST_56 : Operation 204 [1/1] (0.00ns)   --->   "%zext_ln82 = zext i7 %i_1" [Coefficients.cpp:82->Coefficients.cpp:29]   --->   Operation 204 'zext' 'zext_ln82' <Predicate = (icmp_ln82)> <Delay = 0.00>
ST_56 : Operation 205 [1/1] (0.00ns)   --->   "%specpipeline_ln83 = specpipeline void @_ssdm_op_SpecPipeline, i32 4294967295, i32 0, i32 0, i32 0, void @empty_0" [Coefficients.cpp:83->Coefficients.cpp:29]   --->   Operation 205 'specpipeline' 'specpipeline_ln83' <Predicate = (icmp_ln82)> <Delay = 0.00>
ST_56 : Operation 206 [1/1] (0.00ns)   --->   "%specloopname_ln82 = specloopname void @_ssdm_op_SpecLoopName, void @empty_17" [Coefficients.cpp:82->Coefficients.cpp:29]   --->   Operation 206 'specloopname' 'specloopname_ln82' <Predicate = (icmp_ln82)> <Delay = 0.00>
ST_56 : Operation 207 [1/1] (0.00ns)   --->   "%sum_load = load i64 %sum" [Coefficients.cpp:97->Coefficients.cpp:29]   --->   Operation 207 'load' 'sum_load' <Predicate = true> <Delay = 0.00>
ST_56 : Operation 208 [1/1] (0.00ns)   --->   "%taps_addr = getelementptr i64 %taps, i64 0, i64 %zext_ln82" [Coefficients.cpp:96->Coefficients.cpp:29]   --->   Operation 208 'getelementptr' 'taps_addr' <Predicate = true> <Delay = 0.00>
ST_56 : Operation 209 [1/1] (1.23ns)   --->   "%store_ln96 = store i64 %mul33_i, i7 %taps_addr" [Coefficients.cpp:96->Coefficients.cpp:29]   --->   Operation 209 'store' 'store_ln96' <Predicate = true> <Delay = 1.23> <CoreInst = "RAM">   --->   Core 82 'RAM' <Latency = 1> <II = 1> <Delay = 1.23> <Storage> <Opcode : 'load' 'store'> <Ports = 2> <Width = 64> <Depth = 100> <RAM>
ST_56 : Operation 210 [5/5] (5.06ns)   --->   "%sum_1 = dadd i64 %sum_load, i64 %mul33_i" [Coefficients.cpp:97->Coefficients.cpp:29]   --->   Operation 210 'dadd' 'sum_1' <Predicate = true> <Delay = 5.06> <CoreInst = "DAddSub_fulldsp">   --->   Core 37 'DAddSub_fulldsp' <Latency = 4> <II = 1> <Delay = 5.06> <FuncUnit> <Opcode : 'dadd' 'dsub'> <InPorts = 2> <OutPorts = 1>
ST_56 : Operation 217 [1/1] (0.00ns)   --->   "%sum_load_1 = load i64 %sum"   --->   Operation 217 'load' 'sum_load_1' <Predicate = (!icmp_ln82)> <Delay = 0.00>
ST_56 : Operation 218 [1/1] (0.00ns)   --->   "%write_ln0 = write void @_ssdm_op_Write.ap_auto.doubleP0A, i64 %sum_out, i64 %sum_load_1"   --->   Operation 218 'write' 'write_ln0' <Predicate = (!icmp_ln82)> <Delay = 0.00>
ST_56 : Operation 219 [1/1] (0.42ns)   --->   "%ret_ln0 = ret"   --->   Operation 219 'ret' 'ret_ln0' <Predicate = (!icmp_ln82)> <Delay = 0.42>

State 57 <SV = 56> <Delay = 5.06>
ST_57 : Operation 211 [4/5] (5.06ns)   --->   "%sum_1 = dadd i64 %sum_load, i64 %mul33_i" [Coefficients.cpp:97->Coefficients.cpp:29]   --->   Operation 211 'dadd' 'sum_1' <Predicate = true> <Delay = 5.06> <CoreInst = "DAddSub_fulldsp">   --->   Core 37 'DAddSub_fulldsp' <Latency = 4> <II = 1> <Delay = 5.06> <FuncUnit> <Opcode : 'dadd' 'dsub'> <InPorts = 2> <OutPorts = 1>

State 58 <SV = 57> <Delay = 5.06>
ST_58 : Operation 212 [3/5] (5.06ns)   --->   "%sum_1 = dadd i64 %sum_load, i64 %mul33_i" [Coefficients.cpp:97->Coefficients.cpp:29]   --->   Operation 212 'dadd' 'sum_1' <Predicate = true> <Delay = 5.06> <CoreInst = "DAddSub_fulldsp">   --->   Core 37 'DAddSub_fulldsp' <Latency = 4> <II = 1> <Delay = 5.06> <FuncUnit> <Opcode : 'dadd' 'dsub'> <InPorts = 2> <OutPorts = 1>

State 59 <SV = 58> <Delay = 5.06>
ST_59 : Operation 213 [2/5] (5.06ns)   --->   "%sum_1 = dadd i64 %sum_load, i64 %mul33_i" [Coefficients.cpp:97->Coefficients.cpp:29]   --->   Operation 213 'dadd' 'sum_1' <Predicate = true> <Delay = 5.06> <CoreInst = "DAddSub_fulldsp">   --->   Core 37 'DAddSub_fulldsp' <Latency = 4> <II = 1> <Delay = 5.06> <FuncUnit> <Opcode : 'dadd' 'dsub'> <InPorts = 2> <OutPorts = 1>

State 60 <SV = 59> <Delay = 5.49>
ST_60 : Operation 214 [1/5] (5.06ns)   --->   "%sum_1 = dadd i64 %sum_load, i64 %mul33_i" [Coefficients.cpp:97->Coefficients.cpp:29]   --->   Operation 214 'dadd' 'sum_1' <Predicate = true> <Delay = 5.06> <CoreInst = "DAddSub_fulldsp">   --->   Core 37 'DAddSub_fulldsp' <Latency = 4> <II = 1> <Delay = 5.06> <FuncUnit> <Opcode : 'dadd' 'dsub'> <InPorts = 2> <OutPorts = 1>
ST_60 : Operation 215 [1/1] (0.42ns)   --->   "%store_ln80 = store i64 %sum_1, i64 %sum" [Coefficients.cpp:80->Coefficients.cpp:29]   --->   Operation 215 'store' 'store_ln80' <Predicate = true> <Delay = 0.42>
ST_60 : Operation 216 [1/1] (0.00ns)   --->   "%br_ln82 = br void %for.body.i" [Coefficients.cpp:82->Coefficients.cpp:29]   --->   Operation 216 'br' 'br_ln82' <Predicate = true> <Delay = 0.00>


============================================================
+ Verbose Summary: Binding
============================================================
STG Binding: 
---------------- STG Properties BEGIN ----------------
- Is combinational: 0
- Is one-state seq: 0
- Is datapath-only: 0
- Is pipelined: 0
- Is top level: 0
Port [ Return ] is wired: 1; IO mode=ap_ctrl_hs:ce=0
Port [ p_reload11]:  wired=1; compound=0; hidden=0; nouse=0; global=0; static=0; extern=0; dir=0; type=0; pingpong=0; private_global=0; IO mode=ap_none:ce=0
Port [ div10_i]:  wired=1; compound=0; hidden=0; nouse=0; global=0; static=0; extern=0; dir=0; type=0; pingpong=0; private_global=0; IO mode=ap_none:ce=0
Port [ conv26_i]:  wired=1; compound=0; hidden=0; nouse=0; global=0; static=0; extern=0; dir=0; type=0; pingpong=0; private_global=0; IO mode=ap_none:ce=0
Port [ taps]:  wired=1; compound=1; hidden=0; nouse=0; global=0; static=0; extern=0; dir=1; type=1; pingpong=0; private_global=0; MemPort=[03]; IO mode=ap_memory:ce=0
Port [ M]:  wired=1; compound=0; hidden=0; nouse=0; global=0; static=0; extern=0; dir=0; type=0; pingpong=0; private_global=0; IO mode=ap_none:ce=0
Port [ omegaUpper]:  wired=1; compound=0; hidden=0; nouse=0; global=0; static=0; extern=0; dir=0; type=0; pingpong=0; private_global=0; IO mode=ap_none:ce=0
Port [ omegaLower]:  wired=1; compound=0; hidden=0; nouse=0; global=0; static=0; extern=0; dir=0; type=0; pingpong=0; private_global=0; IO mode=ap_none:ce=0
Port [ sum_out]:  wired=1; compound=0; hidden=0; nouse=0; global=0; static=0; extern=0; dir=1; type=0; pingpong=0; private_global=0; IO mode=ap_vld:ce=0
Port [ ref_4oPi_table_100]:  wired=0; compound=1; hidden=1; nouse=1; global=1; static=1; extern=0; dir=0; type=1; pingpong=0; private_global=0; MemPort=[1]; IO mode=ap_memory:ce=0
Port [ second_order_float_sin_cos_K0]:  wired=0; compound=1; hidden=1; nouse=1; global=1; static=1; extern=0; dir=0; type=1; pingpong=0; private_global=0; MemPort=[1]; IO mode=ap_memory:ce=0
Port [ second_order_float_sin_cos_K1]:  wired=0; compound=1; hidden=1; nouse=1; global=1; static=1; extern=0; dir=0; type=1; pingpong=0; private_global=0; MemPort=[1]; IO mode=ap_memory:ce=0
Port [ second_order_float_sin_cos_K2]:  wired=0; compound=1; hidden=1; nouse=1; global=1; static=1; extern=0; dir=0; type=1; pingpong=0; private_global=0; MemPort=[1]; IO mode=ap_memory:ce=0
---------------- STG Properties END ------------------

---------------- Datapath Model BEGIN ----------------

<LifeTime>
<method=bitvector/>
sum               (alloca       ) [ 0111111111111111111111111111111111111111111111111111111111111]
i                 (alloca       ) [ 0111100000000000000000000000000000000000000000000000000000000]
omegaLower_read   (read         ) [ 0111111111100000000000000000000000000000000000000000000000000]
omegaUpper_read   (read         ) [ 0111111111100000000000000000000000000000000000000000000000000]
M_read            (read         ) [ 0000000000000000000000000000000000000000000000000000000000000]
conv26_i_read     (read         ) [ 0111111111111111111111111111111100000000000000000000000000000]
div10_i_read      (read         ) [ 0111111111111111111111111111111111111111111111111100000000000]
p_reload11_read   (read         ) [ 0000000000000000000000000000000000000000000000000000000000000]
store_ln82        (store        ) [ 0000000000000000000000000000000000000000000000000000000000000]
store_ln80        (store        ) [ 0000000000000000000000000000000000000000000000000000000000000]
br_ln0            (br           ) [ 0000000000000000000000000000000000000000000000000000000000000]
i_1               (load         ) [ 0111111111111111111111111111111111111111111111111111111110000]
zext_ln82_1       (zext         ) [ 0011100000000000000000000000000000000000000000000000000000000]
icmp_ln82         (icmp         ) [ 0111111111111111111111111111111111111111111111111111111111111]
br_ln82           (br           ) [ 0000000000000000000000000000000000000000000000000000000000000]
sub_ln88          (sub          ) [ 0111110000000000000000000000000000000000000000000000000000000]
icmp_ln88         (icmp         ) [ 0111111111111111111111111111111111111111111111111111111111111]
br_ln88           (br           ) [ 0111111111111111111111111111111111111111111111111100000000000]
add_ln82          (add          ) [ 0000000000000000000000000000000000000000000000000000000000000]
conv23_i          (sitodp       ) [ 0111111111000000000000000000000000000000000000000000000000000]
store_ln82        (store        ) [ 0000000000000000000000000000000000000000000000000000000000000]
conv11_i          (sitodp       ) [ 0111101111110000000000000000000000000000000000000000000000000]
mul24_i           (dmul         ) [ 0111100000111111111111111111111100000000000000000000000000000]
mul12_i           (dmul         ) [ 0001100000011000000000000000000000000000000000000000000000000]
mul15_i           (dmul         ) [ 0101100000011100000000000000000000000000000000000000000000000]
mul21_i           (dmul         ) [ 0111100000001111111111111111111111111111111111111000000000000]
x_assign          (fptrunc      ) [ 0111100000000111111000000000000000000000000000000000000000000]
x_assign_1        (fptrunc      ) [ 0111100000000011111100000000000000000000000000000000000000000]
tmp               (call         ) [ 0111100000000000000111110000000000000000000000000000000000000]
tmp_s             (call         ) [ 0111100000000000000011110000000000000000000000000000000000000]
sub18_i           (fsub         ) [ 0100100000000000000000001100000000000000000000000000000000000]
conv19_i          (fpext        ) [ 0111100000000000000000000011111111111111111111111000000000000]
div27_i           (ddiv         ) [ 0110100000000000000000000000000011100000000000000000000000000]
x_assign_2        (fptrunc      ) [ 0111100000000000000000000000000000011111100000000000000000000]
tmp_14            (call         ) [ 0111100000000000000000000000000000000000011110000000000000000]
mul30_i           (fmul         ) [ 0111100000000000000000000000000000000000000001111000000000000]
val               (ddiv         ) [ 0100100000000000000000000000000000000000000000001100000000000]
br_ln0            (br           ) [ 0100100000000000000000000000000000000000000000001100000000000]
sub31_i           (fsub         ) [ 0110000000000000000000000000000000000000000000000110000000000]
val_1             (phi          ) [ 0111100000000000000000000000000000000000000000000111111100000]
w                 (fpext        ) [ 0111100000000000000000000000000000000000000000000001111100000]
mul33_i           (dmul         ) [ 0111100000000000000000000000000000000000000000000000000011111]
zext_ln82         (zext         ) [ 0000000000000000000000000000000000000000000000000000000000000]
specpipeline_ln83 (specpipeline ) [ 0000000000000000000000000000000000000000000000000000000000000]
specloopname_ln82 (specloopname ) [ 0000000000000000000000000000000000000000000000000000000000000]
sum_load          (load         ) [ 0111100000000000000000000000000000000000000000000000000001111]
taps_addr         (getelementptr) [ 0000000000000000000000000000000000000000000000000000000000000]
store_ln96        (store        ) [ 0000000000000000000000000000000000000000000000000000000000000]
sum_1             (dadd         ) [ 0000000000000000000000000000000000000000000000000000000000000]
store_ln80        (store        ) [ 0000000000000000000000000000000000000000000000000000000000000]
br_ln82           (br           ) [ 0000000000000000000000000000000000000000000000000000000000000]
sum_load_1        (load         ) [ 0000000000000000000000000000000000000000000000000000000000000]
write_ln0         (write        ) [ 0000000000000000000000000000000000000000000000000000000000000]
ret_ln0           (ret          ) [ 0000000000000000000000000000000000000000000000000000000000000]
</LifeTime>

<model>

<comp_list>
<comp id="0" class="1000" name="p_reload11">
<pin_list>
<pin id="1" dir="1" index="0" bw="1" slack="0"/>
</pin_list>
<bind>
<StgValue><ssdm name="p_reload11"/></StgValue>
</bind>
</comp>

<comp id="2" class="1000" name="div10_i">
<pin_list>
<pin id="3" dir="1" index="0" bw="1" slack="0"/>
</pin_list>
<bind>
<StgValue><ssdm name="div10_i"/></StgValue>
</bind>
</comp>

<comp id="4" class="1000" name="conv26_i">
<pin_list>
<pin id="5" dir="1" index="0" bw="1" slack="0"/>
</pin_list>
<bind>
<StgValue><ssdm name="conv26_i"/></StgValue>
</bind>
</comp>

<comp id="6" class="1000" name="taps">
<pin_list>
<pin id="7" dir="1" index="0" bw="1" slack="0"/>
</pin_list>
<bind>
<StgValue><ssdm name="taps"/><MemPortTyVec>0 3 </MemPortTyVec>
</StgValue>
</bind>
</comp>

<comp id="8" class="1000" name="M">
<pin_list>
<pin id="9" dir="1" index="0" bw="1" slack="0"/>
</pin_list>
<bind>
<StgValue><ssdm name="M"/></StgValue>
</bind>
</comp>

<comp id="10" class="1000" name="omegaUpper">
<pin_list>
<pin id="11" dir="1" index="0" bw="1" slack="0"/>
</pin_list>
<bind>
<StgValue><ssdm name="omegaUpper"/></StgValue>
</bind>
</comp>

<comp id="12" class="1000" name="omegaLower">
<pin_list>
<pin id="13" dir="1" index="0" bw="1" slack="0"/>
</pin_list>
<bind>
<StgValue><ssdm name="omegaLower"/></StgValue>
</bind>
</comp>

<comp id="14" class="1000" name="sum_out">
<pin_list>
<pin id="15" dir="1" index="0" bw="1" slack="0"/>
</pin_list>
<bind>
<StgValue><ssdm name="sum_out"/></StgValue>
</bind>
</comp>

<comp id="16" class="1000" name="ref_4oPi_table_100">
<pin_list>
<pin id="17" dir="1" index="0" bw="1" slack="0"/>
</pin_list>
<bind>
<StgValue><ssdm name="ref_4oPi_table_100"/><MemPortTyVec>1 </MemPortTyVec>
</StgValue>
</bind>
</comp>

<comp id="18" class="1000" name="second_order_float_sin_cos_K0">
<pin_list>
<pin id="19" dir="1" index="0" bw="1" slack="0"/>
</pin_list>
<bind>
<StgValue><ssdm name="second_order_float_sin_cos_K0"/><MemPortTyVec>1 </MemPortTyVec>
</StgValue>
</bind>
</comp>

<comp id="20" class="1000" name="second_order_float_sin_cos_K1">
<pin_list>
<pin id="21" dir="1" index="0" bw="1" slack="0"/>
</pin_list>
<bind>
<StgValue><ssdm name="second_order_float_sin_cos_K1"/><MemPortTyVec>1 </MemPortTyVec>
</StgValue>
</bind>
</comp>

<comp id="22" class="1000" name="second_order_float_sin_cos_K2">
<pin_list>
<pin id="23" dir="1" index="0" bw="1" slack="0"/>
</pin_list>
<bind>
<StgValue><ssdm name="second_order_float_sin_cos_K2"/><MemPortTyVec>1 </MemPortTyVec>
</StgValue>
</bind>
</comp>

<comp id="24" class="1001" name="const_24">
<pin_list>
<pin id="25" dir="1" index="0" bw="1" slack="0"/>
</pin_list>
<bind>
<StgValue><ssdm name=""/></StgValue>
</bind>
</comp>

<comp id="26" class="1001" name="const_26">
<pin_list>
<pin id="27" dir="1" index="0" bw="1" slack="0"/>
</pin_list>
<bind>
<StgValue><ssdm name="_ssdm_op_Read.ap_auto.double"/></StgValue>
</bind>
</comp>

<comp id="28" class="1001" name="const_28">
<pin_list>
<pin id="29" dir="1" index="0" bw="1" slack="0"/>
</pin_list>
<bind>
<StgValue><ssdm name="_ssdm_op_Read.ap_auto.i32"/></StgValue>
</bind>
</comp>

<comp id="30" class="1001" name="const_30">
<pin_list>
<pin id="31" dir="1" index="0" bw="1" slack="0"/>
</pin_list>
<bind>
<StgValue><ssdm name=""/></StgValue>
</bind>
</comp>

<comp id="32" class="1001" name="const_32">
<pin_list>
<pin id="33" dir="1" index="0" bw="1" slack="0"/>
</pin_list>
<bind>
<StgValue><ssdm name=""/></StgValue>
</bind>
</comp>

<comp id="34" class="1001" name="const_34">
<pin_list>
<pin id="35" dir="1" index="0" bw="1" slack="0"/>
</pin_list>
<bind>
<StgValue><ssdm name=""/></StgValue>
</bind>
</comp>

<comp id="36" class="1001" name="const_36">
<pin_list>
<pin id="37" dir="1" index="0" bw="1" slack="0"/>
</pin_list>
<bind>
<StgValue><ssdm name=""/></StgValue>
</bind>
</comp>

<comp id="38" class="1001" name="const_38">
<pin_list>
<pin id="39" dir="1" index="0" bw="1" slack="0"/>
</pin_list>
<bind>
<StgValue><ssdm name=""/></StgValue>
</bind>
</comp>

<comp id="40" class="1001" name="const_40">
<pin_list>
<pin id="41" dir="1" index="0" bw="1" slack="0"/>
</pin_list>
<bind>
<StgValue><ssdm name="sin_or_cos<float>"/></StgValue>
</bind>
</comp>

<comp id="42" class="1001" name="const_42">
<pin_list>
<pin id="43" dir="1" index="0" bw="1" slack="0"/>
</pin_list>
<bind>
<StgValue><ssdm name=""/></StgValue>
</bind>
</comp>

<comp id="44" class="1001" name="const_44">
<pin_list>
<pin id="45" dir="1" index="0" bw="1" slack="0"/>
</pin_list>
<bind>
<StgValue><ssdm name=""/></StgValue>
</bind>
</comp>

<comp id="46" class="1001" name="const_46">
<pin_list>
<pin id="47" dir="1" index="0" bw="1" slack="0"/>
</pin_list>
<bind>
<StgValue><ssdm name=""/></StgValue>
</bind>
</comp>

<comp id="48" class="1001" name="const_48">
<pin_list>
<pin id="49" dir="1" index="0" bw="1" slack="0"/>
</pin_list>
<bind>
<StgValue><ssdm name=""/></StgValue>
</bind>
</comp>

<comp id="50" class="1001" name="const_50">
<pin_list>
<pin id="51" dir="1" index="0" bw="1" slack="2147483647"/>
</pin_list>
<bind>
<StgValue><ssdm name="_ssdm_op_SpecPipeline"/></StgValue>
</bind>
</comp>

<comp id="52" class="1001" name="const_52">
<pin_list>
<pin id="53" dir="1" index="0" bw="1" slack="2147483647"/>
</pin_list>
<bind>
<StgValue><ssdm name=""/></StgValue>
</bind>
</comp>

<comp id="54" class="1001" name="const_54">
<pin_list>
<pin id="55" dir="1" index="0" bw="1" slack="2147483647"/>
</pin_list>
<bind>
<StgValue><ssdm name=""/></StgValue>
</bind>
</comp>

<comp id="56" class="1001" name="const_56">
<pin_list>
<pin id="57" dir="1" index="0" bw="1" slack="2147483647"/>
</pin_list>
<bind>
<StgValue><ssdm name="empty_0"/></StgValue>
</bind>
</comp>

<comp id="58" class="1001" name="const_58">
<pin_list>
<pin id="59" dir="1" index="0" bw="1" slack="2147483647"/>
</pin_list>
<bind>
<StgValue><ssdm name="_ssdm_op_SpecLoopName"/></StgValue>
</bind>
</comp>

<comp id="60" class="1001" name="const_60">
<pin_list>
<pin id="61" dir="1" index="0" bw="1" slack="2147483647"/>
</pin_list>
<bind>
<StgValue><ssdm name="empty_17"/></StgValue>
</bind>
</comp>

<comp id="62" class="1001" name="const_62">
<pin_list>
<pin id="63" dir="1" index="0" bw="1" slack="0"/>
</pin_list>
<bind>
<StgValue><ssdm name=""/></StgValue>
</bind>
</comp>

<comp id="64" class="1001" name="const_64">
<pin_list>
<pin id="65" dir="1" index="0" bw="1" slack="0"/>
</pin_list>
<bind>
<StgValue><ssdm name="_ssdm_op_Write.ap_auto.doubleP0A"/></StgValue>
</bind>
</comp>

<comp id="66" class="1004" name="sum_fu_66">
<pin_list>
<pin id="67" dir="0" index="0" bw="1" slack="0"/>
<pin id="68" dir="1" index="1" bw="64" slack="0"/>
</pin_list>
<bind>
<opcode="alloca(26) " fcode="alloca"/>
<opset="sum/1 "/>
</bind>
</comp>

<comp id="70" class="1004" name="i_fu_70">
<pin_list>
<pin id="71" dir="0" index="0" bw="1" slack="0"/>
<pin id="72" dir="1" index="1" bw="7" slack="0"/>
</pin_list>
<bind>
<opcode="alloca(26) " fcode="alloca"/>
<opset="i/1 "/>
</bind>
</comp>

<comp id="74" class="1004" name="omegaLower_read_read_fu_74">
<pin_list>
<pin id="75" dir="0" index="0" bw="64" slack="0"/>
<pin id="76" dir="0" index="1" bw="64" slack="0"/>
<pin id="77" dir="1" index="2" bw="64" slack="5"/>
</pin_list>
<bind>
<opcode="read(1150) " fcode="read"/>
<opset="omegaLower_read/1 "/>
</bind>
</comp>

<comp id="80" class="1004" name="omegaUpper_read_read_fu_80">
<pin_list>
<pin id="81" dir="0" index="0" bw="64" slack="0"/>
<pin id="82" dir="0" index="1" bw="64" slack="0"/>
<pin id="83" dir="1" index="2" bw="64" slack="5"/>
</pin_list>
<bind>
<opcode="read(1150) " fcode="read"/>
<opset="omegaUpper_read/1 "/>
</bind>
</comp>

<comp id="86" class="1004" name="M_read_read_fu_86">
<pin_list>
<pin id="87" dir="0" index="0" bw="32" slack="0"/>
<pin id="88" dir="0" index="1" bw="32" slack="0"/>
<pin id="89" dir="1" index="2" bw="32" slack="0"/>
</pin_list>
<bind>
<opcode="read(1150) " fcode="read"/>
<opset="M_read/1 "/>
</bind>
</comp>

<comp id="92" class="1004" name="conv26_i_read_read_fu_92">
<pin_list>
<pin id="93" dir="0" index="0" bw="64" slack="0"/>
<pin id="94" dir="0" index="1" bw="64" slack="0"/>
<pin id="95" dir="1" index="2" bw="64" slack="9"/>
</pin_list>
<bind>
<opcode="read(1150) " fcode="read"/>
<opset="conv26_i_read/1 "/>
</bind>
</comp>

<comp id="98" class="1004" name="div10_i_read_read_fu_98">
<pin_list>
<pin id="99" dir="0" index="0" bw="64" slack="0"/>
<pin id="100" dir="0" index="1" bw="64" slack="0"/>
<pin id="101" dir="1" index="2" bw="64" slack="48"/>
</pin_list>
<bind>
<opcode="read(1150) " fcode="read"/>
<opset="div10_i_read/1 "/>
</bind>
</comp>

<comp id="104" class="1004" name="p_reload11_read_read_fu_104">
<pin_list>
<pin id="105" dir="0" index="0" bw="32" slack="0"/>
<pin id="106" dir="0" index="1" bw="32" slack="0"/>
<pin id="107" dir="1" index="2" bw="32" slack="0"/>
</pin_list>
<bind>
<opcode="read(1150) " fcode="read"/>
<opset="p_reload11_read/1 "/>
</bind>
</comp>

<comp id="110" class="1004" name="write_ln0_write_fu_110">
<pin_list>
<pin id="111" dir="0" index="0" bw="0" slack="0"/>
<pin id="112" dir="0" index="1" bw="64" slack="0"/>
<pin id="113" dir="0" index="2" bw="64" slack="0"/>
<pin id="114" dir="1" index="3" bw="0" slack="2147483647"/>
</pin_list>
<bind>
<opcode="write(1151) " fcode="write"/>
<opset="write_ln0/56 "/>
</bind>
</comp>

<comp id="117" class="1004" name="taps_addr_gep_fu_117">
<pin_list>
<pin id="118" dir="0" index="0" bw="64" slack="0"/>
<pin id="119" dir="0" index="1" bw="1" slack="0"/>
<pin id="120" dir="0" index="2" bw="7" slack="0"/>
<pin id="121" dir="1" index="3" bw="7" slack="0"/>
</pin_list>
<bind>
<opcode="getelementptr(29) " fcode="getelementptr"/>
<opset="taps_addr/56 "/>
</bind>
</comp>

<comp id="124" class="1004" name="store_ln96_access_fu_124">
<pin_list>
<pin id="125" dir="0" index="0" bw="7" slack="0"/>
<pin id="126" dir="0" index="1" bw="64" slack="1"/>
<pin id="127" dir="0" index="2" bw="0" slack="2147483647"/>
<pin id="128" dir="1" index="3" bw="64" slack="2147483647"/>
</pin_list>
<bind>
<opcode="store(28) " fcode="store"/>
<opset="store_ln96/56 "/>
</bind>
</comp>

<comp id="130" class="1005" name="val_1_reg_130">
<pin_list>
<pin id="131" dir="0" index="0" bw="64" slack="2"/>
<pin id="132" dir="1" index="1" bw="64" slack="2"/>
</pin_list>
<bind>
<opset="val_1 (phireg) "/>
</bind>
</comp>

<comp id="133" class="1004" name="val_1_phi_fu_133">
<pin_list>
<pin id="134" dir="0" index="0" bw="64" slack="1"/>
<pin id="135" dir="0" index="1" bw="0" slack="2147483647"/>
<pin id="136" dir="0" index="2" bw="64" slack="48"/>
<pin id="137" dir="0" index="3" bw="0" slack="2147483647"/>
<pin id="138" dir="1" index="4" bw="64" slack="2"/>
</pin_list>
<bind>
<opcode="phi(47) " fcode="phi"/>
<opset="val_1/49 "/>
</bind>
</comp>

<comp id="140" class="1004" name="grp_sin_or_cos_float_s_fu_140">
<pin_list>
<pin id="141" dir="0" index="0" bw="32" slack="0"/>
<pin id="142" dir="0" index="1" bw="32" slack="0"/>
<pin id="143" dir="0" index="2" bw="1" slack="0"/>
<pin id="144" dir="0" index="3" bw="100" slack="0"/>
<pin id="145" dir="0" index="4" bw="30" slack="0"/>
<pin id="146" dir="0" index="5" bw="23" slack="0"/>
<pin id="147" dir="0" index="6" bw="15" slack="0"/>
<pin id="148" dir="1" index="7" bw="32" slack="1"/>
</pin_list>
<bind>
<opcode="call(48) " fcode="call"/>
<opset="tmp/12 tmp_s/13 tmp_14/34 "/>
</bind>
</comp>

<comp id="156" class="1004" name="grp_fu_156">
<pin_list>
<pin id="157" dir="0" index="0" bw="32" slack="0"/>
<pin id="158" dir="0" index="1" bw="32" slack="1"/>
<pin id="159" dir="1" index="2" bw="32" slack="1"/>
</pin_list>
<bind>
<opcode="fsub(11) " fcode="fadd"/>
<opset="sub18_i/20 sub31_i/45 "/>
</bind>
</comp>

<comp id="161" class="1004" name="grp_fu_161">
<pin_list>
<pin id="162" dir="0" index="0" bw="32" slack="2"/>
<pin id="163" dir="0" index="1" bw="32" slack="0"/>
<pin id="164" dir="1" index="2" bw="32" slack="1"/>
</pin_list>
<bind>
<opcode="fmul(13) " fcode="fmul"/>
<opset="mul30_i/42 "/>
</bind>
</comp>

<comp id="166" class="1004" name="grp_fu_166">
<pin_list>
<pin id="167" dir="0" index="0" bw="64" slack="1"/>
<pin id="168" dir="1" index="1" bw="32" slack="0"/>
</pin_list>
<bind>
<opcode="fptrunc(40) " fcode="fptrunc"/>
<opset="x_assign/11 x_assign_1/12 x_assign_2/33 "/>
</bind>
</comp>

<comp id="170" class="1004" name="grp_fu_170">
<pin_list>
<pin id="171" dir="0" index="0" bw="32" slack="1"/>
<pin id="172" dir="1" index="1" bw="64" slack="1"/>
</pin_list>
<bind>
<opcode="fpext(41) " fcode="fpext"/>
<opset="conv19_i/24 w/49 "/>
</bind>
</comp>

<comp id="173" class="1004" name="grp_fu_173">
<pin_list>
<pin id="174" dir="0" index="0" bw="64" slack="0"/>
<pin id="175" dir="0" index="1" bw="64" slack="1"/>
<pin id="176" dir="1" index="2" bw="64" slack="0"/>
</pin_list>
<bind>
<opcode="dadd(508) " fcode="dadd"/>
<opset="sum_1/56 "/>
</bind>
</comp>

<comp id="177" class="1004" name="grp_fu_177">
<pin_list>
<pin id="178" dir="0" index="0" bw="64" slack="1"/>
<pin id="179" dir="0" index="1" bw="64" slack="0"/>
<pin id="180" dir="1" index="2" bw="64" slack="1"/>
</pin_list>
<bind>
<opcode="dmul(510) " fcode="dmul"/>
<opset="mul24_i/5 mul12_i/6 mul21_i/7 "/>
</bind>
</comp>

<comp id="182" class="1004" name="grp_fu_182">
<pin_list>
<pin id="183" dir="0" index="0" bw="64" slack="2"/>
<pin id="184" dir="0" index="1" bw="64" slack="1"/>
<pin id="185" dir="1" index="2" bw="64" slack="1"/>
</pin_list>
<bind>
<opcode="dmul(510) " fcode="dmul"/>
<opset="mul15_i/6 mul33_i/51 "/>
</bind>
</comp>

<comp id="188" class="1004" name="grp_fu_188">
<pin_list>
<pin id="189" dir="0" index="0" bw="64" slack="1"/>
<pin id="190" dir="0" index="1" bw="64" slack="9"/>
<pin id="191" dir="1" index="2" bw="64" slack="1"/>
</pin_list>
<bind>
<opcode="ddiv(511) " fcode="ddiv"/>
<opset="div27_i/10 val/27 "/>
</bind>
</comp>

<comp id="192" class="1004" name="grp_fu_192">
<pin_list>
<pin id="193" dir="0" index="0" bw="32" slack="0"/>
<pin id="194" dir="1" index="1" bw="64" slack="1"/>
</pin_list>
<bind>
<opcode="sitodp(517) " fcode="sitodp"/>
<opset="conv23_i/1 conv11_i/2 "/>
</bind>
</comp>

<comp id="195" class="1004" name="store_ln82_store_fu_195">
<pin_list>
<pin id="196" dir="0" index="0" bw="1" slack="0"/>
<pin id="197" dir="0" index="1" bw="7" slack="0"/>
<pin id="198" dir="1" index="2" bw="0" slack="2147483647"/>
</pin_list>
<bind>
<opcode="store(28) " fcode="store"/>
<opset="store_ln82/1 "/>
</bind>
</comp>

<comp id="200" class="1004" name="store_ln80_store_fu_200">
<pin_list>
<pin id="201" dir="0" index="0" bw="64" slack="0"/>
<pin id="202" dir="0" index="1" bw="64" slack="0"/>
<pin id="203" dir="1" index="2" bw="0" slack="2147483647"/>
</pin_list>
<bind>
<opcode="store(28) " fcode="store"/>
<opset="store_ln80/1 "/>
</bind>
</comp>

<comp id="205" class="1004" name="i_1_load_fu_205">
<pin_list>
<pin id="206" dir="0" index="0" bw="7" slack="0"/>
<pin id="207" dir="1" index="1" bw="7" slack="0"/>
</pin_list>
<bind>
<opcode="load(27) " fcode="load"/>
<opset="i_1/1 "/>
</bind>
</comp>

<comp id="208" class="1004" name="zext_ln82_1_fu_208">
<pin_list>
<pin id="209" dir="0" index="0" bw="7" slack="0"/>
<pin id="210" dir="1" index="1" bw="32" slack="0"/>
</pin_list>
<bind>
<opcode="zext(34) " fcode="zext"/>
<opset="zext_ln82_1/1 "/>
</bind>
</comp>

<comp id="213" class="1004" name="icmp_ln82_fu_213">
<pin_list>
<pin id="214" dir="0" index="0" bw="32" slack="0"/>
<pin id="215" dir="0" index="1" bw="32" slack="0"/>
<pin id="216" dir="1" index="2" bw="1" slack="1"/>
</pin_list>
<bind>
<opcode="icmp(45) " fcode="icmp"/>
<opset="icmp_ln82/1 "/>
</bind>
</comp>

<comp id="219" class="1004" name="sub_ln88_fu_219">
<pin_list>
<pin id="220" dir="0" index="0" bw="7" slack="0"/>
<pin id="221" dir="0" index="1" bw="32" slack="0"/>
<pin id="222" dir="1" index="2" bw="32" slack="1"/>
</pin_list>
<bind>
<opcode="sub(10) " fcode="sub"/>
<opset="sub_ln88/1 "/>
</bind>
</comp>

<comp id="225" class="1004" name="icmp_ln88_fu_225">
<pin_list>
<pin id="226" dir="0" index="0" bw="32" slack="0"/>
<pin id="227" dir="0" index="1" bw="32" slack="0"/>
<pin id="228" dir="1" index="2" bw="1" slack="1"/>
</pin_list>
<bind>
<opcode="icmp(45) " fcode="icmp"/>
<opset="icmp_ln88/1 "/>
</bind>
</comp>

<comp id="231" class="1004" name="add_ln82_fu_231">
<pin_list>
<pin id="232" dir="0" index="0" bw="7" slack="3"/>
<pin id="233" dir="0" index="1" bw="1" slack="0"/>
<pin id="234" dir="1" index="2" bw="7" slack="0"/>
</pin_list>
<bind>
<opcode="add(8) " fcode="add"/>
<opset="add_ln82/4 "/>
</bind>
</comp>

<comp id="236" class="1004" name="store_ln82_store_fu_236">
<pin_list>
<pin id="237" dir="0" index="0" bw="7" slack="0"/>
<pin id="238" dir="0" index="1" bw="7" slack="3"/>
<pin id="239" dir="1" index="2" bw="0" slack="2147483647"/>
</pin_list>
<bind>
<opcode="store(28) " fcode="store"/>
<opset="store_ln82/4 "/>
</bind>
</comp>

<comp id="241" class="1004" name="zext_ln82_fu_241">
<pin_list>
<pin id="242" dir="0" index="0" bw="7" slack="55"/>
<pin id="243" dir="1" index="1" bw="64" slack="0"/>
</pin_list>
<bind>
<opcode="zext(34) " fcode="zext"/>
<opset="zext_ln82/56 "/>
</bind>
</comp>

<comp id="245" class="1004" name="sum_load_load_fu_245">
<pin_list>
<pin id="246" dir="0" index="0" bw="64" slack="55"/>
<pin id="247" dir="1" index="1" bw="64" slack="0"/>
</pin_list>
<bind>
<opcode="load(27) " fcode="load"/>
<opset="sum_load/56 "/>
</bind>
</comp>

<comp id="249" class="1004" name="store_ln80_store_fu_249">
<pin_list>
<pin id="250" dir="0" index="0" bw="64" slack="0"/>
<pin id="251" dir="0" index="1" bw="64" slack="59"/>
<pin id="252" dir="1" index="2" bw="0" slack="2147483647"/>
</pin_list>
<bind>
<opcode="store(28) " fcode="store"/>
<opset="store_ln80/60 "/>
</bind>
</comp>

<comp id="254" class="1004" name="sum_load_1_load_fu_254">
<pin_list>
<pin id="255" dir="0" index="0" bw="64" slack="55"/>
<pin id="256" dir="1" index="1" bw="64" slack="0"/>
</pin_list>
<bind>
<opcode="load(27) " fcode="load"/>
<opset="sum_load_1/56 "/>
</bind>
</comp>

<comp id="258" class="1005" name="sum_reg_258">
<pin_list>
<pin id="259" dir="0" index="0" bw="64" slack="0"/>
<pin id="260" dir="1" index="1" bw="64" slack="0"/>
</pin_list>
<bind>
<opset="sum "/>
</bind>
</comp>

<comp id="266" class="1005" name="i_reg_266">
<pin_list>
<pin id="267" dir="0" index="0" bw="7" slack="0"/>
<pin id="268" dir="1" index="1" bw="7" slack="0"/>
</pin_list>
<bind>
<opset="i "/>
</bind>
</comp>

<comp id="273" class="1005" name="omegaLower_read_reg_273">
<pin_list>
<pin id="274" dir="0" index="0" bw="64" slack="5"/>
<pin id="275" dir="1" index="1" bw="64" slack="5"/>
</pin_list>
<bind>
<opset="omegaLower_read "/>
</bind>
</comp>

<comp id="278" class="1005" name="omegaUpper_read_reg_278">
<pin_list>
<pin id="279" dir="0" index="0" bw="64" slack="5"/>
<pin id="280" dir="1" index="1" bw="64" slack="5"/>
</pin_list>
<bind>
<opset="omegaUpper_read "/>
</bind>
</comp>

<comp id="283" class="1005" name="conv26_i_read_reg_283">
<pin_list>
<pin id="284" dir="0" index="0" bw="64" slack="9"/>
<pin id="285" dir="1" index="1" bw="64" slack="9"/>
</pin_list>
<bind>
<opset="conv26_i_read "/>
</bind>
</comp>

<comp id="288" class="1005" name="div10_i_read_reg_288">
<pin_list>
<pin id="289" dir="0" index="0" bw="64" slack="48"/>
<pin id="290" dir="1" index="1" bw="64" slack="48"/>
</pin_list>
<bind>
<opset="div10_i_read "/>
</bind>
</comp>

<comp id="293" class="1005" name="i_1_reg_293">
<pin_list>
<pin id="294" dir="0" index="0" bw="7" slack="3"/>
<pin id="295" dir="1" index="1" bw="7" slack="3"/>
</pin_list>
<bind>
<opset="i_1 "/>
</bind>
</comp>

<comp id="299" class="1005" name="zext_ln82_1_reg_299">
<pin_list>
<pin id="300" dir="0" index="0" bw="32" slack="1"/>
<pin id="301" dir="1" index="1" bw="32" slack="1"/>
</pin_list>
<bind>
<opset="zext_ln82_1 "/>
</bind>
</comp>

<comp id="304" class="1005" name="icmp_ln82_reg_304">
<pin_list>
<pin id="305" dir="0" index="0" bw="1" slack="1"/>
<pin id="306" dir="1" index="1" bw="1" slack="2147483647"/>
</pin_list>
<bind>
<opset="icmp_ln82 "/>
</bind>
</comp>

<comp id="308" class="1005" name="sub_ln88_reg_308">
<pin_list>
<pin id="309" dir="0" index="0" bw="32" slack="1"/>
<pin id="310" dir="1" index="1" bw="32" slack="1"/>
</pin_list>
<bind>
<opset="sub_ln88 "/>
</bind>
</comp>

<comp id="313" class="1005" name="icmp_ln88_reg_313">
<pin_list>
<pin id="314" dir="0" index="0" bw="1" slack="1"/>
<pin id="315" dir="1" index="1" bw="1" slack="2147483647"/>
</pin_list>
<bind>
<opset="icmp_ln88 "/>
</bind>
</comp>

<comp id="317" class="1005" name="conv23_i_reg_317">
<pin_list>
<pin id="318" dir="0" index="0" bw="64" slack="1"/>
<pin id="319" dir="1" index="1" bw="64" slack="1"/>
</pin_list>
<bind>
<opset="conv23_i "/>
</bind>
</comp>

<comp id="322" class="1005" name="conv11_i_reg_322">
<pin_list>
<pin id="323" dir="0" index="0" bw="64" slack="1"/>
<pin id="324" dir="1" index="1" bw="64" slack="1"/>
</pin_list>
<bind>
<opset="conv11_i "/>
</bind>
</comp>

<comp id="329" class="1005" name="mul24_i_reg_329">
<pin_list>
<pin id="330" dir="0" index="0" bw="64" slack="1"/>
<pin id="331" dir="1" index="1" bw="64" slack="1"/>
</pin_list>
<bind>
<opset="mul24_i "/>
</bind>
</comp>

<comp id="334" class="1005" name="mul12_i_reg_334">
<pin_list>
<pin id="335" dir="0" index="0" bw="64" slack="1"/>
<pin id="336" dir="1" index="1" bw="64" slack="1"/>
</pin_list>
<bind>
<opset="mul12_i "/>
</bind>
</comp>

<comp id="339" class="1005" name="mul15_i_reg_339">
<pin_list>
<pin id="340" dir="0" index="0" bw="64" slack="2"/>
<pin id="341" dir="1" index="1" bw="64" slack="2"/>
</pin_list>
<bind>
<opset="mul15_i "/>
</bind>
</comp>

<comp id="344" class="1005" name="mul21_i_reg_344">
<pin_list>
<pin id="345" dir="0" index="0" bw="64" slack="16"/>
<pin id="346" dir="1" index="1" bw="64" slack="16"/>
</pin_list>
<bind>
<opset="mul21_i "/>
</bind>
</comp>

<comp id="349" class="1005" name="x_assign_reg_349">
<pin_list>
<pin id="350" dir="0" index="0" bw="32" slack="1"/>
<pin id="351" dir="1" index="1" bw="32" slack="1"/>
</pin_list>
<bind>
<opset="x_assign "/>
</bind>
</comp>

<comp id="354" class="1005" name="x_assign_1_reg_354">
<pin_list>
<pin id="355" dir="0" index="0" bw="32" slack="1"/>
<pin id="356" dir="1" index="1" bw="32" slack="1"/>
</pin_list>
<bind>
<opset="x_assign_1 "/>
</bind>
</comp>

<comp id="359" class="1005" name="tmp_reg_359">
<pin_list>
<pin id="360" dir="0" index="0" bw="32" slack="2"/>
<pin id="361" dir="1" index="1" bw="32" slack="2"/>
</pin_list>
<bind>
<opset="tmp "/>
</bind>
</comp>

<comp id="364" class="1005" name="tmp_s_reg_364">
<pin_list>
<pin id="365" dir="0" index="0" bw="32" slack="1"/>
<pin id="366" dir="1" index="1" bw="32" slack="1"/>
</pin_list>
<bind>
<opset="tmp_s "/>
</bind>
</comp>

<comp id="369" class="1005" name="sub18_i_reg_369">
<pin_list>
<pin id="370" dir="0" index="0" bw="32" slack="1"/>
<pin id="371" dir="1" index="1" bw="32" slack="1"/>
</pin_list>
<bind>
<opset="sub18_i "/>
</bind>
</comp>

<comp id="374" class="1005" name="conv19_i_reg_374">
<pin_list>
<pin id="375" dir="0" index="0" bw="64" slack="2"/>
<pin id="376" dir="1" index="1" bw="64" slack="2"/>
</pin_list>
<bind>
<opset="conv19_i "/>
</bind>
</comp>

<comp id="379" class="1005" name="div27_i_reg_379">
<pin_list>
<pin id="380" dir="0" index="0" bw="64" slack="2"/>
<pin id="381" dir="1" index="1" bw="64" slack="2"/>
</pin_list>
<bind>
<opset="div27_i "/>
</bind>
</comp>

<comp id="384" class="1005" name="x_assign_2_reg_384">
<pin_list>
<pin id="385" dir="0" index="0" bw="32" slack="1"/>
<pin id="386" dir="1" index="1" bw="32" slack="1"/>
</pin_list>
<bind>
<opset="x_assign_2 "/>
</bind>
</comp>

<comp id="389" class="1005" name="tmp_14_reg_389">
<pin_list>
<pin id="390" dir="0" index="0" bw="32" slack="2"/>
<pin id="391" dir="1" index="1" bw="32" slack="2"/>
</pin_list>
<bind>
<opset="tmp_14 "/>
</bind>
</comp>

<comp id="394" class="1005" name="mul30_i_reg_394">
<pin_list>
<pin id="395" dir="0" index="0" bw="32" slack="1"/>
<pin id="396" dir="1" index="1" bw="32" slack="1"/>
</pin_list>
<bind>
<opset="mul30_i "/>
</bind>
</comp>

<comp id="399" class="1005" name="val_reg_399">
<pin_list>
<pin id="400" dir="0" index="0" bw="64" slack="1"/>
<pin id="401" dir="1" index="1" bw="64" slack="1"/>
</pin_list>
<bind>
<opset="val "/>
</bind>
</comp>

<comp id="404" class="1005" name="sub31_i_reg_404">
<pin_list>
<pin id="405" dir="0" index="0" bw="32" slack="1"/>
<pin id="406" dir="1" index="1" bw="32" slack="1"/>
</pin_list>
<bind>
<opset="sub31_i "/>
</bind>
</comp>

<comp id="409" class="1005" name="w_reg_409">
<pin_list>
<pin id="410" dir="0" index="0" bw="64" slack="1"/>
<pin id="411" dir="1" index="1" bw="64" slack="1"/>
</pin_list>
<bind>
<opset="w "/>
</bind>
</comp>

<comp id="414" class="1005" name="mul33_i_reg_414">
<pin_list>
<pin id="415" dir="0" index="0" bw="64" slack="1"/>
<pin id="416" dir="1" index="1" bw="64" slack="1"/>
</pin_list>
<bind>
<opset="mul33_i "/>
</bind>
</comp>

<comp id="420" class="1005" name="sum_load_reg_420">
<pin_list>
<pin id="421" dir="0" index="0" bw="64" slack="1"/>
<pin id="422" dir="1" index="1" bw="64" slack="1"/>
</pin_list>
<bind>
<opset="sum_load "/>
</bind>
</comp>

</comp_list>

<net_list>
<net id="69"><net_src comp="24" pin="0"/><net_sink comp="66" pin=0"/></net>

<net id="73"><net_src comp="24" pin="0"/><net_sink comp="70" pin=0"/></net>

<net id="78"><net_src comp="26" pin="0"/><net_sink comp="74" pin=0"/></net>

<net id="79"><net_src comp="12" pin="0"/><net_sink comp="74" pin=1"/></net>

<net id="84"><net_src comp="26" pin="0"/><net_sink comp="80" pin=0"/></net>

<net id="85"><net_src comp="10" pin="0"/><net_sink comp="80" pin=1"/></net>

<net id="90"><net_src comp="28" pin="0"/><net_sink comp="86" pin=0"/></net>

<net id="91"><net_src comp="8" pin="0"/><net_sink comp="86" pin=1"/></net>

<net id="96"><net_src comp="26" pin="0"/><net_sink comp="92" pin=0"/></net>

<net id="97"><net_src comp="4" pin="0"/><net_sink comp="92" pin=1"/></net>

<net id="102"><net_src comp="26" pin="0"/><net_sink comp="98" pin=0"/></net>

<net id="103"><net_src comp="2" pin="0"/><net_sink comp="98" pin=1"/></net>

<net id="108"><net_src comp="28" pin="0"/><net_sink comp="104" pin=0"/></net>

<net id="109"><net_src comp="0" pin="0"/><net_sink comp="104" pin=1"/></net>

<net id="115"><net_src comp="64" pin="0"/><net_sink comp="110" pin=0"/></net>

<net id="116"><net_src comp="14" pin="0"/><net_sink comp="110" pin=1"/></net>

<net id="122"><net_src comp="6" pin="0"/><net_sink comp="117" pin=0"/></net>

<net id="123"><net_src comp="62" pin="0"/><net_sink comp="117" pin=1"/></net>

<net id="129"><net_src comp="117" pin="3"/><net_sink comp="124" pin=0"/></net>

<net id="139"><net_src comp="133" pin="4"/><net_sink comp="130" pin=0"/></net>

<net id="149"><net_src comp="40" pin="0"/><net_sink comp="140" pin=0"/></net>

<net id="150"><net_src comp="42" pin="0"/><net_sink comp="140" pin=2"/></net>

<net id="151"><net_src comp="16" pin="0"/><net_sink comp="140" pin=3"/></net>

<net id="152"><net_src comp="18" pin="0"/><net_sink comp="140" pin=4"/></net>

<net id="153"><net_src comp="20" pin="0"/><net_sink comp="140" pin=5"/></net>

<net id="154"><net_src comp="22" pin="0"/><net_sink comp="140" pin=6"/></net>

<net id="155"><net_src comp="44" pin="0"/><net_sink comp="140" pin=2"/></net>

<net id="160"><net_src comp="48" pin="0"/><net_sink comp="156" pin=0"/></net>

<net id="165"><net_src comp="46" pin="0"/><net_sink comp="161" pin=1"/></net>

<net id="169"><net_src comp="166" pin="1"/><net_sink comp="140" pin=1"/></net>

<net id="181"><net_src comp="36" pin="0"/><net_sink comp="177" pin=1"/></net>

<net id="186"><net_src comp="38" pin="0"/><net_sink comp="177" pin=1"/></net>

<net id="187"><net_src comp="130" pin="1"/><net_sink comp="182" pin=0"/></net>

<net id="199"><net_src comp="30" pin="0"/><net_sink comp="195" pin=0"/></net>

<net id="204"><net_src comp="32" pin="0"/><net_sink comp="200" pin=0"/></net>

<net id="211"><net_src comp="205" pin="1"/><net_sink comp="208" pin=0"/></net>

<net id="212"><net_src comp="208" pin="1"/><net_sink comp="192" pin=0"/></net>

<net id="217"><net_src comp="208" pin="1"/><net_sink comp="213" pin=0"/></net>

<net id="218"><net_src comp="104" pin="2"/><net_sink comp="213" pin=1"/></net>

<net id="223"><net_src comp="208" pin="1"/><net_sink comp="219" pin=0"/></net>

<net id="224"><net_src comp="86" pin="2"/><net_sink comp="219" pin=1"/></net>

<net id="229"><net_src comp="208" pin="1"/><net_sink comp="225" pin=0"/></net>

<net id="230"><net_src comp="86" pin="2"/><net_sink comp="225" pin=1"/></net>

<net id="235"><net_src comp="34" pin="0"/><net_sink comp="231" pin=1"/></net>

<net id="240"><net_src comp="231" pin="2"/><net_sink comp="236" pin=0"/></net>

<net id="244"><net_src comp="241" pin="1"/><net_sink comp="117" pin=2"/></net>

<net id="248"><net_src comp="245" pin="1"/><net_sink comp="173" pin=0"/></net>

<net id="253"><net_src comp="173" pin="2"/><net_sink comp="249" pin=0"/></net>

<net id="257"><net_src comp="254" pin="1"/><net_sink comp="110" pin=2"/></net>

<net id="261"><net_src comp="66" pin="1"/><net_sink comp="258" pin=0"/></net>

<net id="262"><net_src comp="258" pin="1"/><net_sink comp="200" pin=1"/></net>

<net id="263"><net_src comp="258" pin="1"/><net_sink comp="245" pin=0"/></net>

<net id="264"><net_src comp="258" pin="1"/><net_sink comp="249" pin=1"/></net>

<net id="265"><net_src comp="258" pin="1"/><net_sink comp="254" pin=0"/></net>

<net id="269"><net_src comp="70" pin="1"/><net_sink comp="266" pin=0"/></net>

<net id="270"><net_src comp="266" pin="1"/><net_sink comp="195" pin=1"/></net>

<net id="271"><net_src comp="266" pin="1"/><net_sink comp="205" pin=0"/></net>

<net id="272"><net_src comp="266" pin="1"/><net_sink comp="236" pin=1"/></net>

<net id="276"><net_src comp="74" pin="2"/><net_sink comp="273" pin=0"/></net>

<net id="277"><net_src comp="273" pin="1"/><net_sink comp="182" pin=0"/></net>

<net id="281"><net_src comp="80" pin="2"/><net_sink comp="278" pin=0"/></net>

<net id="282"><net_src comp="278" pin="1"/><net_sink comp="177" pin=0"/></net>

<net id="286"><net_src comp="92" pin="2"/><net_sink comp="283" pin=0"/></net>

<net id="287"><net_src comp="283" pin="1"/><net_sink comp="188" pin=1"/></net>

<net id="291"><net_src comp="98" pin="2"/><net_sink comp="288" pin=0"/></net>

<net id="292"><net_src comp="288" pin="1"/><net_sink comp="133" pin=2"/></net>

<net id="296"><net_src comp="205" pin="1"/><net_sink comp="293" pin=0"/></net>

<net id="297"><net_src comp="293" pin="1"/><net_sink comp="231" pin=0"/></net>

<net id="298"><net_src comp="293" pin="1"/><net_sink comp="241" pin=0"/></net>

<net id="302"><net_src comp="208" pin="1"/><net_sink comp="299" pin=0"/></net>

<net id="303"><net_src comp="299" pin="1"/><net_sink comp="192" pin=0"/></net>

<net id="307"><net_src comp="213" pin="2"/><net_sink comp="304" pin=0"/></net>

<net id="311"><net_src comp="219" pin="2"/><net_sink comp="308" pin=0"/></net>

<net id="312"><net_src comp="308" pin="1"/><net_sink comp="192" pin=0"/></net>

<net id="316"><net_src comp="225" pin="2"/><net_sink comp="313" pin=0"/></net>

<net id="320"><net_src comp="192" pin="1"/><net_sink comp="317" pin=0"/></net>

<net id="321"><net_src comp="317" pin="1"/><net_sink comp="177" pin=0"/></net>

<net id="325"><net_src comp="192" pin="1"/><net_sink comp="322" pin=0"/></net>

<net id="326"><net_src comp="322" pin="1"/><net_sink comp="177" pin=1"/></net>

<net id="327"><net_src comp="322" pin="1"/><net_sink comp="182" pin=1"/></net>

<net id="328"><net_src comp="322" pin="1"/><net_sink comp="177" pin=0"/></net>

<net id="332"><net_src comp="177" pin="2"/><net_sink comp="329" pin=0"/></net>

<net id="333"><net_src comp="329" pin="1"/><net_sink comp="188" pin=0"/></net>

<net id="337"><net_src comp="177" pin="2"/><net_sink comp="334" pin=0"/></net>

<net id="338"><net_src comp="334" pin="1"/><net_sink comp="166" pin=0"/></net>

<net id="342"><net_src comp="182" pin="2"/><net_sink comp="339" pin=0"/></net>

<net id="343"><net_src comp="339" pin="1"/><net_sink comp="166" pin=0"/></net>

<net id="347"><net_src comp="177" pin="2"/><net_sink comp="344" pin=0"/></net>

<net id="348"><net_src comp="344" pin="1"/><net_sink comp="188" pin=1"/></net>

<net id="352"><net_src comp="166" pin="1"/><net_sink comp="349" pin=0"/></net>

<net id="353"><net_src comp="349" pin="1"/><net_sink comp="140" pin=1"/></net>

<net id="357"><net_src comp="166" pin="1"/><net_sink comp="354" pin=0"/></net>

<net id="358"><net_src comp="354" pin="1"/><net_sink comp="140" pin=1"/></net>

<net id="362"><net_src comp="140" pin="7"/><net_sink comp="359" pin=0"/></net>

<net id="363"><net_src comp="359" pin="1"/><net_sink comp="156" pin=0"/></net>

<net id="367"><net_src comp="140" pin="7"/><net_sink comp="364" pin=0"/></net>

<net id="368"><net_src comp="364" pin="1"/><net_sink comp="156" pin=1"/></net>

<net id="372"><net_src comp="156" pin="2"/><net_sink comp="369" pin=0"/></net>

<net id="373"><net_src comp="369" pin="1"/><net_sink comp="170" pin=0"/></net>

<net id="377"><net_src comp="170" pin="1"/><net_sink comp="374" pin=0"/></net>

<net id="378"><net_src comp="374" pin="1"/><net_sink comp="188" pin=0"/></net>

<net id="382"><net_src comp="188" pin="2"/><net_sink comp="379" pin=0"/></net>

<net id="383"><net_src comp="379" pin="1"/><net_sink comp="166" pin=0"/></net>

<net id="387"><net_src comp="166" pin="1"/><net_sink comp="384" pin=0"/></net>

<net id="388"><net_src comp="384" pin="1"/><net_sink comp="140" pin=1"/></net>

<net id="392"><net_src comp="140" pin="7"/><net_sink comp="389" pin=0"/></net>

<net id="393"><net_src comp="389" pin="1"/><net_sink comp="161" pin=0"/></net>

<net id="397"><net_src comp="161" pin="2"/><net_sink comp="394" pin=0"/></net>

<net id="398"><net_src comp="394" pin="1"/><net_sink comp="156" pin=1"/></net>

<net id="402"><net_src comp="188" pin="2"/><net_sink comp="399" pin=0"/></net>

<net id="403"><net_src comp="399" pin="1"/><net_sink comp="133" pin=0"/></net>

<net id="407"><net_src comp="156" pin="2"/><net_sink comp="404" pin=0"/></net>

<net id="408"><net_src comp="404" pin="1"/><net_sink comp="170" pin=0"/></net>

<net id="412"><net_src comp="170" pin="1"/><net_sink comp="409" pin=0"/></net>

<net id="413"><net_src comp="409" pin="1"/><net_sink comp="182" pin=1"/></net>

<net id="417"><net_src comp="182" pin="2"/><net_sink comp="414" pin=0"/></net>

<net id="418"><net_src comp="414" pin="1"/><net_sink comp="124" pin=1"/></net>

<net id="419"><net_src comp="414" pin="1"/><net_sink comp="173" pin=1"/></net>

<net id="423"><net_src comp="245" pin="1"/><net_sink comp="420" pin=0"/></net>

<net id="424"><net_src comp="420" pin="1"/><net_sink comp="173" pin=0"/></net>

</net_list>

</model> 
---------------- Datapath Model END ------------------

* FSMD analyzer results:
  - Output states:
	Port: taps | {56 }
	Port: sum_out | {56 }
	Port: ref_4oPi_table_100 | {}
	Port: second_order_float_sin_cos_K0 | {}
	Port: second_order_float_sin_cos_K1 | {}
	Port: second_order_float_sin_cos_K2 | {}
 - Input state : 
	Port: firTop_Pipeline_VITIS_LOOP_82_1 : p_reload11 | {1 }
	Port: firTop_Pipeline_VITIS_LOOP_82_1 : div10_i | {1 }
	Port: firTop_Pipeline_VITIS_LOOP_82_1 : conv26_i | {1 }
	Port: firTop_Pipeline_VITIS_LOOP_82_1 : M | {1 }
	Port: firTop_Pipeline_VITIS_LOOP_82_1 : omegaUpper | {1 }
	Port: firTop_Pipeline_VITIS_LOOP_82_1 : omegaLower | {1 }
	Port: firTop_Pipeline_VITIS_LOOP_82_1 : ref_4oPi_table_100 | {12 13 14 34 35 }
	Port: firTop_Pipeline_VITIS_LOOP_82_1 : second_order_float_sin_cos_K0 | {15 16 17 37 38 }
	Port: firTop_Pipeline_VITIS_LOOP_82_1 : second_order_float_sin_cos_K1 | {15 16 17 37 38 }
	Port: firTop_Pipeline_VITIS_LOOP_82_1 : second_order_float_sin_cos_K2 | {15 16 17 37 38 }
  - Chain level:
	State 1
		store_ln82 : 1
		store_ln80 : 1
		i_1 : 1
		zext_ln82_1 : 2
		icmp_ln82 : 3
		br_ln82 : 4
		sub_ln88 : 3
		icmp_ln88 : 3
		br_ln88 : 4
		conv23_i : 3
	State 2
	State 3
	State 4
		store_ln82 : 1
	State 5
	State 6
	State 7
	State 8
	State 9
	State 10
	State 11
	State 12
		tmp : 1
	State 13
		tmp_s : 1
	State 14
	State 15
	State 16
	State 17
	State 18
	State 19
	State 20
	State 21
	State 22
	State 23
	State 24
	State 25
	State 26
	State 27
	State 28
	State 29
	State 30
	State 31
	State 32
	State 33
	State 34
		tmp_14 : 1
	State 35
	State 36
	State 37
	State 38
	State 39
	State 40
	State 41
	State 42
	State 43
	State 44
	State 45
	State 46
	State 47
	State 48
	State 49
	State 50
	State 51
	State 52
	State 53
	State 54
	State 55
	State 56
		taps_addr : 1
		store_ln96 : 2
		sum_1 : 1
		write_ln0 : 1
	State 57
	State 58
	State 59
	State 60
		store_ln80 : 1


============================================================
+ Verbose Summary: Datapath Resource usage 
============================================================

* Functional unit list:
|----------|-------------------------------|---------|---------|---------|---------|
| Operation|        Functional Unit        |   DSP   |  Delay  |    FF   |   LUT   |
|----------|-------------------------------|---------|---------|---------|---------|
|   call   | grp_sin_or_cos_float_s_fu_140 |    13   |  1.708  |   345   |   2088  |
|----------|-------------------------------|---------|---------|---------|---------|
|   dadd   |           grp_fu_173          |    3    |    0    |   445   |   782   |
|----------|-------------------------------|---------|---------|---------|---------|
|   dmul   |           grp_fu_177          |    11   |    0    |   299   |   203   |
|          |           grp_fu_182          |    11   |    0    |   299   |   203   |
|----------|-------------------------------|---------|---------|---------|---------|
|   fadd   |           grp_fu_156          |    2    |    0    |   227   |   214   |
|----------|-------------------------------|---------|---------|---------|---------|
|   fmul   |           grp_fu_161          |    3    |    0    |   128   |   135   |
|----------|-------------------------------|---------|---------|---------|---------|
|   icmp   |        icmp_ln82_fu_213       |    0    |    0    |    0    |    39   |
|          |        icmp_ln88_fu_225       |    0    |    0    |    0    |    39   |
|----------|-------------------------------|---------|---------|---------|---------|
|    sub   |        sub_ln88_fu_219        |    0    |    0    |    0    |    39   |
|----------|-------------------------------|---------|---------|---------|---------|
|    add   |        add_ln82_fu_231        |    0    |    0    |    0    |    14   |
|----------|-------------------------------|---------|---------|---------|---------|
|          |   omegaLower_read_read_fu_74  |    0    |    0    |    0    |    0    |
|          |   omegaUpper_read_read_fu_80  |    0    |    0    |    0    |    0    |
|   read   |       M_read_read_fu_86       |    0    |    0    |    0    |    0    |
|          |    conv26_i_read_read_fu_92   |    0    |    0    |    0    |    0    |
|          |    div10_i_read_read_fu_98    |    0    |    0    |    0    |    0    |
|          |  p_reload11_read_read_fu_104  |    0    |    0    |    0    |    0    |
|----------|-------------------------------|---------|---------|---------|---------|
|   write  |     write_ln0_write_fu_110    |    0    |    0    |    0    |    0    |
|----------|-------------------------------|---------|---------|---------|---------|
|  fptrunc |           grp_fu_166          |    0    |    0    |    0    |    0    |
|----------|-------------------------------|---------|---------|---------|---------|
|   fpext  |           grp_fu_170          |    0    |    0    |    0    |    0    |
|----------|-------------------------------|---------|---------|---------|---------|
|   ddiv   |           grp_fu_188          |    0    |    0    |    0    |    0    |
|----------|-------------------------------|---------|---------|---------|---------|
|  sitodp  |           grp_fu_192          |    0    |    0    |    0    |    0    |
|----------|-------------------------------|---------|---------|---------|---------|
|   zext   |       zext_ln82_1_fu_208      |    0    |    0    |    0    |    0    |
|          |        zext_ln82_fu_241       |    0    |    0    |    0    |    0    |
|----------|-------------------------------|---------|---------|---------|---------|
|   Total  |                               |    43   |  1.708  |   1743  |   3756  |
|----------|-------------------------------|---------|---------|---------|---------|

Memories:
N/A

* Register list:
+-----------------------+--------+
|                       |   FF   |
+-----------------------+--------+
|    conv11_i_reg_322   |   64   |
|    conv19_i_reg_374   |   64   |
|    conv23_i_reg_317   |   64   |
| conv26_i_read_reg_283 |   64   |
|  div10_i_read_reg_288 |   64   |
|    div27_i_reg_379    |   64   |
|      i_1_reg_293      |    7   |
|       i_reg_266       |    7   |
|   icmp_ln82_reg_304   |    1   |
|   icmp_ln88_reg_313   |    1   |
|    mul12_i_reg_334    |   64   |
|    mul15_i_reg_339    |   64   |
|    mul21_i_reg_344    |   64   |
|    mul24_i_reg_329    |   64   |
|    mul30_i_reg_394    |   32   |
|    mul33_i_reg_414    |   64   |
|omegaLower_read_reg_273|   64   |
|omegaUpper_read_reg_278|   64   |
|    sub18_i_reg_369    |   32   |
|    sub31_i_reg_404    |   32   |
|    sub_ln88_reg_308   |   32   |
|    sum_load_reg_420   |   64   |
|      sum_reg_258      |   64   |
|     tmp_14_reg_389    |   32   |
|      tmp_reg_359      |   32   |
|     tmp_s_reg_364     |   32   |
|     val_1_reg_130     |   64   |
|      val_reg_399      |   64   |
|       w_reg_409       |   64   |
|   x_assign_1_reg_354  |   32   |
|   x_assign_2_reg_384  |   32   |
|    x_assign_reg_349   |   32   |
|  zext_ln82_1_reg_299  |   32   |
+-----------------------+--------+
|         Total         |  1520  |
+-----------------------+--------+

* Multiplexer (MUX) list: 
|-------------------------------|------|------|------|--------||---------||---------||---------|
|              Comp             |  Pin | Size |  BW  | S x BW ||  Delay  ||    FF   ||   LUT   |
|-------------------------------|------|------|------|--------||---------||---------||---------|
| grp_sin_or_cos_float_s_fu_140 |  p1  |   4  |  32  |   128  ||    0    ||    20   |
| grp_sin_or_cos_float_s_fu_140 |  p2  |   2  |   1  |    2   |
|           grp_fu_156          |  p0  |   2  |  32  |   64   ||    0    ||    9    |
|           grp_fu_156          |  p1  |   2  |  32  |   64   ||    0    ||    9    |
|           grp_fu_166          |  p0  |   3  |  64  |   192  ||    0    ||    14   |
|           grp_fu_170          |  p0  |   2  |  32  |   64   ||    0    ||    9    |
|           grp_fu_173          |  p0  |   2  |  64  |   128  ||    0    ||    9    |
|           grp_fu_177          |  p0  |   3  |  64  |   192  ||    0    ||    14   |
|           grp_fu_177          |  p1  |   3  |  64  |   192  ||    0    ||    9    |
|           grp_fu_182          |  p0  |   2  |  64  |   128  ||    0    ||    9    |
|           grp_fu_182          |  p1  |   2  |  64  |   128  ||    0    ||    9    |
|           grp_fu_188          |  p0  |   2  |  64  |   128  ||    0    ||    9    |
|           grp_fu_188          |  p1  |   2  |  64  |   128  ||    0    ||    9    |
|           grp_fu_192          |  p0  |   3  |  32  |   96   ||    0    ||    14   |
|-------------------------------|------|------|------|--------||---------||---------||---------|
|             Total             |      |      |      |  1634  ||  6.272  ||    0    ||   143   |
|-------------------------------|------|------|------|--------||---------||---------||---------|



* Summary:
+-----------+--------+--------+--------+--------+
|           |   DSP  |  Delay |   FF   |   LUT  |
+-----------+--------+--------+--------+--------+
|  Function |   43   |    1   |  1743  |  3756  |
|   Memory  |    -   |    -   |    -   |    -   |
|Multiplexer|    -   |    6   |    0   |   143  |
|  Register |    -   |    -   |  1520  |    -   |
+-----------+--------+--------+--------+--------+
|   Total   |   43   |    7   |  3263  |  3899  |
+-----------+--------+--------+--------+--------+
