

================================================================
== Vitis HLS Report for 'sin_or_cos_double_s'
================================================================
* Date:           Tue Apr 14 18:08:12 2026

* Version:        2024.1 (Build 5069499 on May 21 2024)
* Project:        calculateCoefficients
* Solution:       hls (Vivado IP Flow Target)
* Product family: zynquplus
* Target device:  xczu3eg-sfvc784-2-e


================================================================
== Performance Estimates
================================================================
+ Timing: 
    * Summary: 
    +--------+----------+----------+------------+
    |  Clock |  Target  | Estimated| Uncertainty|
    +--------+----------+----------+------------+
    |ap_clk  |  10.00 ns|  7.063 ns|     2.70 ns|
    +--------+----------+----------+------------+

+ Latency: 
    * Summary: 
    +---------+---------+-----------+-----------+-----+-----+---------+
    |  Latency (cycles) |   Latency (absolute)  |  Interval | Pipeline|
    |   min   |   max   |    min    |    max    | min | max |   Type  |
    +---------+---------+-----------+-----------+-----+-----+---------+
    |        8|        8|  80.000 ns|  80.000 ns|    1|    1|      yes|
    +---------+---------+-----------+-----------+-----+-----+---------+

    + Detail: 
        * Instance: 
        N/A

        * Loop: 
        N/A

============================================================
+ Verbose Summary: Synthesis Manager
============================================================
InlineROM: 1
ExposeGlobal: 0
============================================================
+ Verbose Summary: CDFG Model
============================================================
IsTopModel: 0
ResetActiveHigh: 1
IsCombinational: 0
IsDatapathOnly: 0
HasWiredReturn: 1
HasMFsm: 2
HasVarLatency: 0
IsPipeline: 1
IsRtlPipelined: 1
IsInstanceOverlapped: 0
IsDontTouch: 0
HasImplIP: 0
IsGatedGlobalClock: 0

+ Individual pipeline summary: 
  * Pipeline-0: initiation interval (II) = 1, depth = 9


============================================================
+ Verbose Summary: Schedule
============================================================
* Number of FSM states : 9
* Pipeline : 1
  Pipeline-0 : II = 1, D = 9, States = { 1 2 3 4 5 6 7 8 9 }
* Dataflow Pipeline: 0

* FSM state transitions: 
1 --> 2 
2 --> 3 
3 --> 4 
4 --> 5 
5 --> 6 
6 --> 7 
7 --> 8 
8 --> 9 
9 --> 

* FSM state operations: 

State 1 <SV = 0> <Delay = 2.42>
ST_1 : Operation 10 [1/1] (0.00ns)   --->   "%do_cos_read = read i1 @_ssdm_op_Read.ap_auto.i1, i1 %do_cos" [C:\scratch\2024.1\hls_product\545\2024.1\src\shared\hls\clib/src/hls\utils/x_hls_utils.h:459->C:\scratch\2024.1\hls_product\545\2024.1\src\shared\hls\clib/hlsmath/include/FloatingPoint\hls_hotbm.h:223]   --->   Operation 10 'read' 'do_cos_read' <Predicate = true> <Delay = 0.00>
ST_1 : Operation 11 [1/1] (0.00ns)   --->   "%t_in_read = read i64 @_ssdm_op_Read.ap_auto.double, i64 %t_in" [C:\scratch\2024.1\hls_product\545\2024.1\src\shared\hls\clib/src/hls\utils/x_hls_utils.h:459->C:\scratch\2024.1\hls_product\545\2024.1\src\shared\hls\clib/hlsmath/include/FloatingPoint\hls_hotbm.h:223]   --->   Operation 11 'read' 't_in_read' <Predicate = true> <Delay = 0.00>
ST_1 : Operation 12 [1/1] (0.00ns)   --->   "%data = bitcast i64 %t_in_read" [C:\scratch\2024.1\hls_product\545\2024.1\src\shared\hls\clib/src/hls\utils/x_hls_utils.h:459->C:\scratch\2024.1\hls_product\545\2024.1\src\shared\hls\clib/hlsmath/include/FloatingPoint\hls_hotbm.h:223]   --->   Operation 12 'bitcast' 'data' <Predicate = true> <Delay = 0.00>
ST_1 : Operation 13 [1/1] (0.00ns)   --->   "%din_sign = bitselect i1 @_ssdm_op_BitSelect.i1.i64.i32, i64 %data, i32 63" [C:\scratch\2024.1\hls_product\545\2024.1\src\shared\hls\clib/src/hls\utils/x_hls_utils.h:460->C:\scratch\2024.1\hls_product\545\2024.1\src\shared\hls\clib/hlsmath/include/FloatingPoint\hls_hotbm.h:223]   --->   Operation 13 'bitselect' 'din_sign' <Predicate = true> <Delay = 0.00>
ST_1 : Operation 14 [1/1] (0.00ns)   --->   "%din_exp = partselect i11 @_ssdm_op_PartSelect.i11.i64.i32.i32, i64 %data, i32 52, i32 62" [C:\scratch\2024.1\hls_product\545\2024.1\src\shared\hls\clib/src/hls\utils/x_hls_utils.h:461->C:\scratch\2024.1\hls_product\545\2024.1\src\shared\hls\clib/hlsmath/include/FloatingPoint\hls_hotbm.h:223]   --->   Operation 14 'partselect' 'din_exp' <Predicate = true> <Delay = 0.00>
ST_1 : Operation 15 [1/1] (0.00ns)   --->   "%din_sig = trunc i64 %data" [C:\scratch\2024.1\hls_product\545\2024.1\src\shared\hls\clib/src/hls\utils/x_hls_utils.h:462->C:\scratch\2024.1\hls_product\545\2024.1\src\shared\hls\clib/hlsmath/include/FloatingPoint\hls_hotbm.h:223]   --->   Operation 15 'trunc' 'din_sig' <Predicate = true> <Delay = 0.00>
ST_1 : Operation 16 [1/1] (0.79ns)   --->   "%closepath = icmp_ult  i11 %din_exp, i11 1022" [C:\scratch\2024.1\hls_product\545\2024.1\src\shared\hls\clib/hlsmath/include/FloatingPoint/hls_range_redux.h:451->C:\scratch\2024.1\hls_product\545\2024.1\src\shared\hls\clib/hlsmath/include/FloatingPoint\hls_hotbm.h:239]   --->   Operation 16 'icmp' 'closepath' <Predicate = true> <Delay = 0.79> <CoreInst = "Cmp">   --->   Core 9 'Cmp' <Latency = 0> <II = 1> <Delay = 0.79> <FuncUnit> <Opcode : 'seteq' 'setne' 'setle' 'setge' 'setlt' 'setgt'> <InPorts = 2> <OutPorts = 1>
ST_1 : Operation 17 [1/1] (0.79ns)   --->   "%add_ln396 = add i11 %din_exp, i11 1101" [C:\scratch\2024.1\hls_product\545\2024.1\src\shared\hls\clib/hlsmath/include/FloatingPoint/hls_range_redux.h:396->C:\scratch\2024.1\hls_product\545\2024.1\src\shared\hls\clib/hlsmath/include/FloatingPoint/hls_range_redux.h:467->C:\scratch\2024.1\hls_product\545\2024.1\src\shared\hls\clib/hlsmath/include/FloatingPoint\hls_hotbm.h:239]   --->   Operation 17 'add' 'add_ln396' <Predicate = true> <Delay = 0.79> <CoreInst = "Adder">   --->   Core 1 'Adder' <Latency = 0> <II = 1> <Delay = 0.79> <FuncUnit> <Opcode : 'add' 'sub'> <InPorts = 2> <OutPorts = 1>
ST_1 : Operation 18 [1/1] (0.38ns)   --->   "%addr = select i1 %closepath, i11 74, i11 %add_ln396" [C:\scratch\2024.1\hls_product\545\2024.1\src\shared\hls\clib/hlsmath/include/FloatingPoint/hls_range_redux.h:396->C:\scratch\2024.1\hls_product\545\2024.1\src\shared\hls\clib/hlsmath/include/FloatingPoint/hls_range_redux.h:467->C:\scratch\2024.1\hls_product\545\2024.1\src\shared\hls\clib/hlsmath/include/FloatingPoint\hls_hotbm.h:239]   --->   Operation 18 'select' 'addr' <Predicate = true> <Delay = 0.38> <CoreInst = "Sel">   --->   Core 73 'Sel' <Latency = 0> <II = 1> <Delay = 0.38> <FuncUnit> <Opcode : 'select'> <InPorts = 3> <OutPorts = 1>
ST_1 : Operation 19 [1/1] (0.00ns)   --->   "%tmp_2 = partselect i4 @_ssdm_op_PartSelect.i4.i11.i32.i32, i11 %addr, i32 7, i32 10" [C:\scratch\2024.1\hls_product\545\2024.1\src\shared\hls\clib/hlsmath/include/FloatingPoint/hls_range_redux.h:397->C:\scratch\2024.1\hls_product\545\2024.1\src\shared\hls\clib/hlsmath/include/FloatingPoint/hls_range_redux.h:467->C:\scratch\2024.1\hls_product\545\2024.1\src\shared\hls\clib/hlsmath/include/FloatingPoint\hls_hotbm.h:239]   --->   Operation 19 'partselect' 'tmp_2' <Predicate = true> <Delay = 0.00>
ST_1 : Operation 20 [1/1] (0.00ns)   --->   "%zext_ln397 = zext i4 %tmp_2" [C:\scratch\2024.1\hls_product\545\2024.1\src\shared\hls\clib/hlsmath/include/FloatingPoint/hls_range_redux.h:397->C:\scratch\2024.1\hls_product\545\2024.1\src\shared\hls\clib/hlsmath/include/FloatingPoint/hls_range_redux.h:467->C:\scratch\2024.1\hls_product\545\2024.1\src\shared\hls\clib/hlsmath/include/FloatingPoint\hls_hotbm.h:239]   --->   Operation 20 'zext' 'zext_ln397' <Predicate = true> <Delay = 0.00>
ST_1 : Operation 21 [1/1] (0.00ns)   --->   "%ref_4oPi_table_256_addr = getelementptr i256 %ref_4oPi_table_256, i64 0, i64 %zext_ln397" [C:\scratch\2024.1\hls_product\545\2024.1\src\shared\hls\clib/hlsmath/include/FloatingPoint/hls_range_redux.h:397->C:\scratch\2024.1\hls_product\545\2024.1\src\shared\hls\clib/hlsmath/include/FloatingPoint/hls_range_redux.h:467->C:\scratch\2024.1\hls_product\545\2024.1\src\shared\hls\clib/hlsmath/include/FloatingPoint\hls_hotbm.h:239]   --->   Operation 21 'getelementptr' 'ref_4oPi_table_256_addr' <Predicate = true> <Delay = 0.00>
ST_1 : Operation 22 [2/2] (1.23ns)   --->   "%table_256 = load i4 %ref_4oPi_table_256_addr" [C:\scratch\2024.1\hls_product\545\2024.1\src\shared\hls\clib/hlsmath/include/FloatingPoint/hls_range_redux.h:397->C:\scratch\2024.1\hls_product\545\2024.1\src\shared\hls\clib/hlsmath/include/FloatingPoint/hls_range_redux.h:467->C:\scratch\2024.1\hls_product\545\2024.1\src\shared\hls\clib/hlsmath/include/FloatingPoint\hls_hotbm.h:239]   --->   Operation 22 'load' 'table_256' <Predicate = true> <Delay = 1.23> <CoreInst = "ROM">   --->   Core 100 'ROM' <Latency = 1> <II = 1> <Delay = 1.23> <Storage> <Opcode : 'load'> <Ports = 0> <Width = 256> <Depth = 10> <ROM>
ST_1 : Operation 23 [1/1] (0.00ns)   --->   "%trunc_ln398 = trunc i11 %addr" [C:\scratch\2024.1\hls_product\545\2024.1\src\shared\hls\clib/hlsmath/include/FloatingPoint/hls_range_redux.h:398->C:\scratch\2024.1\hls_product\545\2024.1\src\shared\hls\clib/hlsmath/include/FloatingPoint/hls_range_redux.h:467->C:\scratch\2024.1\hls_product\545\2024.1\src\shared\hls\clib/hlsmath/include/FloatingPoint\hls_hotbm.h:239]   --->   Operation 23 'trunc' 'trunc_ln398' <Predicate = true> <Delay = 0.00>

State 2 <SV = 1> <Delay = 6.45>
ST_2 : Operation 24 [1/1] (0.00ns)   --->   "%X = bitconcatenate i53 @_ssdm_op_BitConcatenate.i53.i1.i52, i1 1, i52 %din_sig" [C:\scratch\2024.1\hls_product\545\2024.1\src\shared\hls\clib/hlsmath/include/FloatingPoint/hls_range_redux.h:468->C:\scratch\2024.1\hls_product\545\2024.1\src\shared\hls\clib/hlsmath/include/FloatingPoint\hls_hotbm.h:239]   --->   Operation 24 'bitconcatenate' 'X' <Predicate = true> <Delay = 0.00>
ST_2 : Operation 25 [1/2] (1.23ns)   --->   "%table_256 = load i4 %ref_4oPi_table_256_addr" [C:\scratch\2024.1\hls_product\545\2024.1\src\shared\hls\clib/hlsmath/include/FloatingPoint/hls_range_redux.h:397->C:\scratch\2024.1\hls_product\545\2024.1\src\shared\hls\clib/hlsmath/include/FloatingPoint/hls_range_redux.h:467->C:\scratch\2024.1\hls_product\545\2024.1\src\shared\hls\clib/hlsmath/include/FloatingPoint\hls_hotbm.h:239]   --->   Operation 25 'load' 'table_256' <Predicate = true> <Delay = 1.23> <CoreInst = "ROM">   --->   Core 100 'ROM' <Latency = 1> <II = 1> <Delay = 1.23> <Storage> <Opcode : 'load'> <Ports = 0> <Width = 256> <Depth = 10> <ROM>
ST_2 : Operation 26 [1/1] (0.00ns)   --->   "%zext_ln398 = zext i7 %trunc_ln398" [C:\scratch\2024.1\hls_product\545\2024.1\src\shared\hls\clib/hlsmath/include/FloatingPoint/hls_range_redux.h:398->C:\scratch\2024.1\hls_product\545\2024.1\src\shared\hls\clib/hlsmath/include/FloatingPoint/hls_range_redux.h:467->C:\scratch\2024.1\hls_product\545\2024.1\src\shared\hls\clib/hlsmath/include/FloatingPoint\hls_hotbm.h:239]   --->   Operation 26 'zext' 'zext_ln398' <Predicate = true> <Delay = 0.00>
ST_2 : Operation 27 [1/1] (1.53ns)   --->   "%shl_ln398 = shl i256 %table_256, i256 %zext_ln398" [C:\scratch\2024.1\hls_product\545\2024.1\src\shared\hls\clib/hlsmath/include/FloatingPoint/hls_range_redux.h:398->C:\scratch\2024.1\hls_product\545\2024.1\src\shared\hls\clib/hlsmath/include/FloatingPoint/hls_range_redux.h:467->C:\scratch\2024.1\hls_product\545\2024.1\src\shared\hls\clib/hlsmath/include/FloatingPoint\hls_hotbm.h:239]   --->   Operation 27 'shl' 'shl_ln398' <Predicate = true> <Delay = 1.53> <CoreInst = "Shifter">   --->   Core 75 'Shifter' <Latency = 0> <II = 1> <Delay = 1.53> <FuncUnit> <Opcode : 'shl' 'lshr' 'ashr'> <InPorts = 2> <OutPorts = 1>
ST_2 : Operation 28 [1/1] (0.00ns)   --->   "%Med = partselect i170 @_ssdm_op_PartSelect.i170.i256.i32.i32, i256 %shl_ln398, i32 86, i32 255" [C:\scratch\2024.1\hls_product\545\2024.1\src\shared\hls\clib/hlsmath/include/FloatingPoint/hls_range_redux.h:398->C:\scratch\2024.1\hls_product\545\2024.1\src\shared\hls\clib/hlsmath/include/FloatingPoint/hls_range_redux.h:467->C:\scratch\2024.1\hls_product\545\2024.1\src\shared\hls\clib/hlsmath/include/FloatingPoint\hls_hotbm.h:239]   --->   Operation 28 'partselect' 'Med' <Predicate = true> <Delay = 0.00>
ST_2 : Operation 29 [1/1] (0.00ns)   --->   "%zext_ln468 = zext i53 %X" [C:\scratch\2024.1\hls_product\545\2024.1\src\shared\hls\clib/hlsmath/include/FloatingPoint/hls_range_redux.h:468->C:\scratch\2024.1\hls_product\545\2024.1\src\shared\hls\clib/hlsmath/include/FloatingPoint\hls_hotbm.h:239]   --->   Operation 29 'zext' 'zext_ln468' <Predicate = true> <Delay = 0.00>
ST_2 : Operation 30 [2/2] (3.68ns)   --->   "%h = mul i170 %Med, i170 %zext_ln468" [C:\scratch\2024.1\hls_product\545\2024.1\src\shared\hls\clib/hlsmath/include/FloatingPoint/hls_range_redux.h:468->C:\scratch\2024.1\hls_product\545\2024.1\src\shared\hls\clib/hlsmath/include/FloatingPoint\hls_hotbm.h:239]   --->   Operation 30 'mul' 'h' <Predicate = true> <Delay = 3.68> <CoreInst = "Multiplier">   --->   Core 3 'Multiplier' <Latency = 1> <II = 1> <Delay = 3.68> <FuncUnit> <Opcode : 'mul'> <InPorts = 2> <OutPorts = 1>
ST_2 : Operation 31 [1/1] (0.79ns)   --->   "%icmp_ln271 = icmp_eq  i11 %din_exp, i11 0" [C:\scratch\2024.1\hls_product\545\2024.1\src\shared\hls\clib/hlsmath/include/FloatingPoint\hls_hotbm.h:271]   --->   Operation 31 'icmp' 'icmp_ln271' <Predicate = true> <Delay = 0.79> <CoreInst = "Cmp">   --->   Core 9 'Cmp' <Latency = 0> <II = 1> <Delay = 0.79> <FuncUnit> <Opcode : 'seteq' 'setne' 'setle' 'setge' 'setlt' 'setgt'> <InPorts = 2> <OutPorts = 1>
ST_2 : Operation 32 [1/1] (1.10ns)   --->   "%icmp_ln271_1 = icmp_eq  i52 %din_sig, i52 0" [C:\scratch\2024.1\hls_product\545\2024.1\src\shared\hls\clib/hlsmath/include/FloatingPoint\hls_hotbm.h:271]   --->   Operation 32 'icmp' 'icmp_ln271_1' <Predicate = true> <Delay = 1.10> <CoreInst = "Cmp">   --->   Core 9 'Cmp' <Latency = 0> <II = 1> <Delay = 1.10> <FuncUnit> <Opcode : 'seteq' 'setne' 'setle' 'setge' 'setlt' 'setgt'> <InPorts = 2> <OutPorts = 1>
ST_2 : Operation 33 [1/1] (0.28ns)   --->   "%and_ln271 = and i1 %icmp_ln271, i1 %icmp_ln271_1" [C:\scratch\2024.1\hls_product\545\2024.1\src\shared\hls\clib/hlsmath/include/FloatingPoint\hls_hotbm.h:271]   --->   Operation 33 'and' 'and_ln271' <Predicate = true> <Delay = 0.28> <CoreInst = "LogicGate">   --->   Core 74 'LogicGate' <Latency = 0> <II = 1> <Delay = 0.28> <FuncUnit> <Opcode : 'and' 'or' 'xor'> <InPorts = 2> <OutPorts = 1>

State 3 <SV = 2> <Delay = 3.68>
ST_3 : Operation 34 [1/2] (3.68ns)   --->   "%h = mul i170 %Med, i170 %zext_ln468" [C:\scratch\2024.1\hls_product\545\2024.1\src\shared\hls\clib/hlsmath/include/FloatingPoint/hls_range_redux.h:468->C:\scratch\2024.1\hls_product\545\2024.1\src\shared\hls\clib/hlsmath/include/FloatingPoint\hls_hotbm.h:239]   --->   Operation 34 'mul' 'h' <Predicate = true> <Delay = 3.68> <CoreInst = "Multiplier">   --->   Core 3 'Multiplier' <Latency = 1> <II = 1> <Delay = 3.68> <FuncUnit> <Opcode : 'mul'> <InPorts = 2> <OutPorts = 1>
ST_3 : Operation 35 [1/1] (0.00ns)   --->   "%Mx_bits = partselect i124 @_ssdm_op_PartSelect.i124.i170.i32.i32, i170 %h, i32 43, i32 166" [C:\scratch\2024.1\hls_product\545\2024.1\src\shared\hls\clib/hlsmath/include/FloatingPoint/hls_range_redux.h:483->C:\scratch\2024.1\hls_product\545\2024.1\src\shared\hls\clib/hlsmath/include/FloatingPoint\hls_hotbm.h:239]   --->   Operation 35 'partselect' 'Mx_bits' <Predicate = true> <Delay = 0.00>
ST_3 : Operation 36 [1/1] (0.00ns)   --->   "%k = partselect i3 @_ssdm_op_PartSelect.i3.i170.i32.i32, i170 %h, i32 167, i32 169" [C:\scratch\2024.1\hls_product\545\2024.1\src\shared\hls\clib/hlsmath/include/FloatingPoint/hls_range_redux.h:487->C:\scratch\2024.1\hls_product\545\2024.1\src\shared\hls\clib/hlsmath/include/FloatingPoint\hls_hotbm.h:239]   --->   Operation 36 'partselect' 'k' <Predicate = (!closepath)> <Delay = 0.00>

State 4 <SV = 3> <Delay = 4.32>
ST_4 : Operation 37 [1/1] (0.79ns)   --->   "%Ex = add i11 %din_exp, i11 1027" [C:\scratch\2024.1\hls_product\545\2024.1\src\shared\hls\clib/hlsmath/include/FloatingPoint/hls_range_redux.h:454->C:\scratch\2024.1\hls_product\545\2024.1\src\shared\hls\clib/hlsmath/include/FloatingPoint\hls_hotbm.h:239]   --->   Operation 37 'add' 'Ex' <Predicate = (closepath)> <Delay = 0.79> <CoreInst = "Adder">   --->   Core 1 'Adder' <Latency = 0> <II = 1> <Delay = 0.79> <FuncUnit> <Opcode : 'add' 'sub'> <InPorts = 2> <OutPorts = 1>
ST_4 : Operation 38 [1/1] (0.00ns) (grouped into LUT with out node Ex_1)   --->   "%select_ln453 = select i1 %closepath, i11 %Ex, i11 0" [C:\scratch\2024.1\hls_product\545\2024.1\src\shared\hls\clib/hlsmath/include/FloatingPoint/hls_range_redux.h:453->C:\scratch\2024.1\hls_product\545\2024.1\src\shared\hls\clib/hlsmath/include/FloatingPoint\hls_hotbm.h:239]   --->   Operation 38 'select' 'select_ln453' <Predicate = true> <Delay = 0.00> <CoreInst = "Sel">   --->   Core 73 'Sel' <Latency = 0> <II = 1> <Delay = 0.38> <FuncUnit> <Opcode : 'select'> <InPorts = 3> <OutPorts = 1>
ST_4 : Operation 39 [1/1] (0.20ns)   --->   "%k_1 = select i1 %closepath, i3 0, i3 %k" [C:\scratch\2024.1\hls_product\545\2024.1\src\shared\hls\clib/hlsmath/include/FloatingPoint/hls_range_redux.h:451->C:\scratch\2024.1\hls_product\545\2024.1\src\shared\hls\clib/hlsmath/include/FloatingPoint\hls_hotbm.h:239]   --->   Operation 39 'select' 'k_1' <Predicate = true> <Delay = 0.20> <CoreInst = "Sel">   --->   Core 73 'Sel' <Latency = 0> <II = 1> <Delay = 0.20> <FuncUnit> <Opcode : 'select'> <InPorts = 3> <OutPorts = 1>
ST_4 : Operation 40 [1/1] (0.00ns)   --->   "%trunc_ln491 = trunc i3 %k_1" [C:\scratch\2024.1\hls_product\545\2024.1\src\shared\hls\clib/hlsmath/include/FloatingPoint/hls_range_redux.h:491->C:\scratch\2024.1\hls_product\545\2024.1\src\shared\hls\clib/hlsmath/include/FloatingPoint\hls_hotbm.h:239]   --->   Operation 40 'trunc' 'trunc_ln491' <Predicate = true> <Delay = 0.00>
ST_4 : Operation 41 [1/1] (1.54ns)   --->   "%Mx_bits_1 = sub i124 0, i124 %Mx_bits" [C:\scratch\2024.1\hls_product\545\2024.1\src\shared\hls\clib/hlsmath/include/FloatingPoint/hls_range_redux.h:492->C:\scratch\2024.1\hls_product\545\2024.1\src\shared\hls\clib/hlsmath/include/FloatingPoint\hls_hotbm.h:239]   --->   Operation 41 'sub' 'Mx_bits_1' <Predicate = true> <Delay = 1.54> <CoreInst = "Adder">   --->   Core 1 'Adder' <Latency = 0> <II = 1> <Delay = 1.54> <FuncUnit> <Opcode : 'add' 'sub'> <InPorts = 2> <OutPorts = 1>
ST_4 : Operation 42 [1/1] (0.51ns)   --->   "%Mx_bits_2 = select i1 %trunc_ln491, i124 %Mx_bits_1, i124 %Mx_bits" [C:\scratch\2024.1\hls_product\545\2024.1\src\shared\hls\clib/hlsmath/include/FloatingPoint/hls_range_redux.h:491->C:\scratch\2024.1\hls_product\545\2024.1\src\shared\hls\clib/hlsmath/include/FloatingPoint\hls_hotbm.h:239]   --->   Operation 42 'select' 'Mx_bits_2' <Predicate = true> <Delay = 0.51> <CoreInst = "Sel">   --->   Core 73 'Sel' <Latency = 0> <II = 1> <Delay = 0.51> <FuncUnit> <Opcode : 'select'> <InPorts = 3> <OutPorts = 1>
ST_4 : Operation 43 [1/1] (0.00ns)   --->   "%tmp_3 = partselect i61 @_ssdm_op_PartSelect.i61.i124.i32.i32, i124 %Mx_bits_2, i32 63, i32 123" [C:\scratch\2024.1\hls_product\545\2024.1\src\shared\hls\clib/hlsmath/include/FloatingPoint/hls_normalize.h:72->C:\scratch\2024.1\hls_product\545\2024.1\src\shared\hls\clib/hlsmath/include/FloatingPoint/hls_range_redux.h:495->C:\scratch\2024.1\hls_product\545\2024.1\src\shared\hls\clib/hlsmath/include/FloatingPoint\hls_hotbm.h:239]   --->   Operation 43 'partselect' 'tmp_3' <Predicate = true> <Delay = 0.00>
ST_4 : Operation 44 [1/1] (0.00ns)   --->   "%t = bitconcatenate i62 @_ssdm_op_BitConcatenate.i62.i61.i1, i61 %tmp_3, i1 1" [C:\scratch\2024.1\hls_product\545\2024.1\src\shared\hls\clib/hlsmath/include/FloatingPoint/hls_normalize.h:73->C:\scratch\2024.1\hls_product\545\2024.1\src\shared\hls\clib/hlsmath/include/FloatingPoint/hls_range_redux.h:495->C:\scratch\2024.1\hls_product\545\2024.1\src\shared\hls\clib/hlsmath/include/FloatingPoint\hls_hotbm.h:239]   --->   Operation 44 'bitconcatenate' 't' <Predicate = true> <Delay = 0.00>
ST_4 : Operation 45 [1/1] (0.00ns)   --->   "%tmp_s = partselect i62 @llvm.part.select.i62, i62 %t, i32 61, i32 0" [C:\scratch\2024.1\hls_product\545\2024.1\src\shared\hls\clib/hlsmath/include/FloatingPoint/hls_normalize.h:75->C:\scratch\2024.1\hls_product\545\2024.1\src\shared\hls\clib/hlsmath/include/FloatingPoint/hls_range_redux.h:495->C:\scratch\2024.1\hls_product\545\2024.1\src\shared\hls\clib/hlsmath/include/FloatingPoint\hls_hotbm.h:239]   --->   Operation 45 'partselect' 'tmp_s' <Predicate = true> <Delay = 0.00>
ST_4 : Operation 46 [1/1] (0.00ns)   --->   "%tmp_1 = bitconcatenate i63 @_ssdm_op_BitConcatenate.i63.i1.i62, i1 1, i62 %tmp_s" [C:\scratch\2024.1\hls_product\545\2024.1\src\shared\hls\clib/hlsmath/include/FloatingPoint/hls_normalize.h:75->C:\scratch\2024.1\hls_product\545\2024.1\src\shared\hls\clib/hlsmath/include/FloatingPoint/hls_range_redux.h:495->C:\scratch\2024.1\hls_product\545\2024.1\src\shared\hls\clib/hlsmath/include/FloatingPoint\hls_hotbm.h:239]   --->   Operation 46 'bitconcatenate' 'tmp_1' <Predicate = true> <Delay = 0.00>
ST_4 : Operation 47 [1/1] (0.00ns)   --->   "%sext_ln75 = sext i63 %tmp_1" [C:\scratch\2024.1\hls_product\545\2024.1\src\shared\hls\clib/hlsmath/include/FloatingPoint/hls_normalize.h:75->C:\scratch\2024.1\hls_product\545\2024.1\src\shared\hls\clib/hlsmath/include/FloatingPoint/hls_range_redux.h:495->C:\scratch\2024.1\hls_product\545\2024.1\src\shared\hls\clib/hlsmath/include/FloatingPoint\hls_hotbm.h:239]   --->   Operation 47 'sext' 'sext_ln75' <Predicate = true> <Delay = 0.00>
ST_4 : Operation 48 [1/1] (0.74ns)   --->   "%tmp_5 = cttz i64 @llvm.cttz.i64, i64 %sext_ln75, i1 1" [C:\scratch\2024.1\hls_product\545\2024.1\src\shared\hls\clib/hlsmath/include/FloatingPoint/hls_normalize.h:75->C:\scratch\2024.1\hls_product\545\2024.1\src\shared\hls\clib/hlsmath/include/FloatingPoint/hls_range_redux.h:495->C:\scratch\2024.1\hls_product\545\2024.1\src\shared\hls\clib/hlsmath/include/FloatingPoint\hls_hotbm.h:239]   --->   Operation 48 'cttz' 'tmp_5' <Predicate = true> <Delay = 0.74> <CoreInst = "cttz">   --->   Core 145 'cttz' <Latency = 0> <II = 1> <Delay = 0.74> <FuncUnit> <Opcode : 'cttz'> <InPorts = 1> <OutPorts = 1>
ST_4 : Operation 49 [1/1] (0.00ns)   --->   "%Mx_zeros = trunc i64 %tmp_5" [C:\scratch\2024.1\hls_product\545\2024.1\src\shared\hls\clib/hlsmath/include/FloatingPoint/hls_range_redux.h:495->C:\scratch\2024.1\hls_product\545\2024.1\src\shared\hls\clib/hlsmath/include/FloatingPoint\hls_hotbm.h:239]   --->   Operation 49 'trunc' 'Mx_zeros' <Predicate = true> <Delay = 0.00>
ST_4 : Operation 50 [1/1] (0.00ns) (grouped into LUT with out node Ex_1)   --->   "%zext_ln505 = zext i7 %Mx_zeros" [C:\scratch\2024.1\hls_product\545\2024.1\src\shared\hls\clib/hlsmath/include/FloatingPoint/hls_range_redux.h:505->C:\scratch\2024.1\hls_product\545\2024.1\src\shared\hls\clib/hlsmath/include/FloatingPoint\hls_hotbm.h:239]   --->   Operation 50 'zext' 'zext_ln505' <Predicate = true> <Delay = 0.00>
ST_4 : Operation 51 [1/1] (0.00ns)   --->   "%zext_ln504 = zext i7 %Mx_zeros" [C:\scratch\2024.1\hls_product\545\2024.1\src\shared\hls\clib/hlsmath/include/FloatingPoint/hls_range_redux.h:504->C:\scratch\2024.1\hls_product\545\2024.1\src\shared\hls\clib/hlsmath/include/FloatingPoint\hls_hotbm.h:239]   --->   Operation 51 'zext' 'zext_ln504' <Predicate = true> <Delay = 0.00>
ST_4 : Operation 52 [1/1] (1.51ns)   --->   "%shl_ln504 = shl i124 %Mx_bits_2, i124 %zext_ln504" [C:\scratch\2024.1\hls_product\545\2024.1\src\shared\hls\clib/hlsmath/include/FloatingPoint/hls_range_redux.h:504->C:\scratch\2024.1\hls_product\545\2024.1\src\shared\hls\clib/hlsmath/include/FloatingPoint\hls_hotbm.h:239]   --->   Operation 52 'shl' 'shl_ln504' <Predicate = true> <Delay = 1.51> <CoreInst = "Shifter">   --->   Core 75 'Shifter' <Latency = 0> <II = 1> <Delay = 1.51> <FuncUnit> <Opcode : 'shl' 'lshr' 'ashr'> <InPorts = 2> <OutPorts = 1>
ST_4 : Operation 53 [1/1] (0.00ns)   --->   "%Mx = partselect i63 @_ssdm_op_PartSelect.i63.i124.i32.i32, i124 %shl_ln504, i32 61, i32 123" [C:\scratch\2024.1\hls_product\545\2024.1\src\shared\hls\clib/hlsmath/include/FloatingPoint/hls_range_redux.h:504->C:\scratch\2024.1\hls_product\545\2024.1\src\shared\hls\clib/hlsmath/include/FloatingPoint\hls_hotbm.h:239]   --->   Operation 53 'partselect' 'Mx' <Predicate = true> <Delay = 0.00>
ST_4 : Operation 54 [1/1] (0.79ns) (out node of the LUT)   --->   "%Ex_1 = sub i11 %select_ln453, i11 %zext_ln505" [C:\scratch\2024.1\hls_product\545\2024.1\src\shared\hls\clib/hlsmath/include/FloatingPoint/hls_range_redux.h:505->C:\scratch\2024.1\hls_product\545\2024.1\src\shared\hls\clib/hlsmath/include/FloatingPoint\hls_hotbm.h:239]   --->   Operation 54 'sub' 'Ex_1' <Predicate = true> <Delay = 0.79> <CoreInst = "Adder">   --->   Core 1 'Adder' <Latency = 0> <II = 1> <Delay = 0.79> <FuncUnit> <Opcode : 'add' 'sub'> <InPorts = 2> <OutPorts = 1>
ST_4 : Operation 55 [1/1] (0.00ns)   --->   "%tmp = bitselect i1 @_ssdm_op_BitSelect.i1.i11.i32, i11 %Ex_1, i32 10" [C:\scratch\2024.1\hls_product\545\2024.1\src\shared\hls\clib/hlsmath/include/FloatingPoint/hls_range_redux.h:506->C:\scratch\2024.1\hls_product\545\2024.1\src\shared\hls\clib/hlsmath/include/FloatingPoint\hls_hotbm.h:239]   --->   Operation 55 'bitselect' 'tmp' <Predicate = true> <Delay = 0.00>
ST_4 : Operation 56 [1/1] (0.72ns)   --->   "%tmp_9 = sparsemux i1 @_ssdm_op_SparseMux.ap_auto.8i1.i1.i3, i3 0, i1 0, i3 1, i1 1, i3 2, i1 1, i3 3, i1 0, i3 4, i1 0, i3 5, i1 1, i3 6, i1 1, i3 7, i1 0, i1 0, i3 %k_1" [C:\scratch\2024.1\hls_product\545\2024.1\src\shared\hls\clib/hlsmath/include/FloatingPoint\hls_hotbm.h:242]   --->   Operation 56 'sparsemux' 'tmp_9' <Predicate = true> <Delay = 0.72> <CoreInst = "SparseMux">   --->   Core 144 'SparseMux' <Latency = 0> <II = 1> <Delay = 0.72> <FuncUnit> <Opcode : 'sparsemux'> <InPorts = 2> <OutPorts = 1>
ST_4 : Operation 57 [1/1] (0.28ns)   --->   "%xor_ln242 = xor i1 %tmp_9, i1 1" [C:\scratch\2024.1\hls_product\545\2024.1\src\shared\hls\clib/hlsmath/include/FloatingPoint\hls_hotbm.h:242]   --->   Operation 57 'xor' 'xor_ln242' <Predicate = true> <Delay = 0.28> <CoreInst = "LogicGate">   --->   Core 74 'LogicGate' <Latency = 0> <II = 1> <Delay = 0.28> <FuncUnit> <Opcode : 'and' 'or' 'xor'> <InPorts = 2> <OutPorts = 1>
ST_4 : Operation 58 [1/1] (0.17ns)   --->   "%cos_basis = select i1 %do_cos_read, i1 %xor_ln242, i1 %tmp_9" [C:\scratch\2024.1\hls_product\545\2024.1\src\shared\hls\clib/hlsmath/include/FloatingPoint\hls_hotbm.h:242]   --->   Operation 58 'select' 'cos_basis' <Predicate = true> <Delay = 0.17> <CoreInst = "Sel">   --->   Core 73 'Sel' <Latency = 0> <II = 1> <Delay = 0.17> <FuncUnit> <Opcode : 'select'> <InPorts = 3> <OutPorts = 1>
ST_4 : Operation 59 [1/1] (0.17ns)   --->   "%sin_basis = select i1 %do_cos_read, i1 %tmp_9, i1 %xor_ln242" [C:\scratch\2024.1\hls_product\545\2024.1\src\shared\hls\clib\hlsmath\src\common\hls_hotbm_double.cpp:29->C:\scratch\2024.1\hls_product\545\2024.1\src\shared\hls\clib/hlsmath/include/FloatingPoint\hls_hotbm.h:250]   --->   Operation 59 'select' 'sin_basis' <Predicate = true> <Delay = 0.17> <CoreInst = "Sel">   --->   Core 73 'Sel' <Latency = 0> <II = 1> <Delay = 0.17> <FuncUnit> <Opcode : 'select'> <InPorts = 3> <OutPorts = 1>
ST_4 : Operation 60 [1/1] (0.00ns)   --->   "%index = bitconcatenate i4 @_ssdm_op_BitConcatenate.i4.i1.i3, i1 %din_sign, i3 %k_1" [C:\scratch\2024.1\hls_product\545\2024.1\src\shared\hls\clib/hlsmath/include/FloatingPoint\hls_hotbm.h:266]   --->   Operation 60 'bitconcatenate' 'index' <Predicate = true> <Delay = 0.00>
ST_4 : Operation 61 [1/1] (0.00ns) (grouped into LUT with out node results_sign_4)   --->   "%tmp_17 = sparsemux i1 @_ssdm_op_SparseMux.ap_auto.16i1.i1.i4, i4 0, i1 0, i4 1, i1 0, i4 2, i1 0, i4 3, i1 1, i4 4, i1 1, i4 5, i1 1, i4 6, i1 1, i4 7, i1 0, i4 8, i1 0, i4 9, i1 1, i4 10, i1 1, i4 11, i1 1, i4 12, i1 1, i4 13, i1 0, i4 14, i1 0, i4 15, i1 0, i1 0, i4 %index" [C:\scratch\2024.1\hls_product\545\2024.1\src\shared\hls\clib/hlsmath/include/FloatingPoint\hls_hotbm.h:267]   --->   Operation 61 'sparsemux' 'tmp_17' <Predicate = true> <Delay = 0.00> <CoreInst = "SparseMux">   --->   Core 144 'SparseMux' <Latency = 0> <II = 1> <Delay = 0.48> <FuncUnit> <Opcode : 'sparsemux'> <InPorts = 2> <OutPorts = 1>
ST_4 : Operation 62 [1/1] (0.00ns) (grouped into LUT with out node results_sign_4)   --->   "%tmp_18 = sparsemux i1 @_ssdm_op_SparseMux.ap_auto.16i1.i1.i4, i4 0, i1 0, i4 1, i1 0, i4 2, i1 1, i4 3, i1 0, i4 4, i1 1, i4 5, i1 1, i4 6, i1 0, i4 7, i1 1, i4 8, i1 1, i4 9, i1 0, i4 10, i1 1, i4 11, i1 1, i4 12, i1 0, i4 13, i1 1, i4 14, i1 0, i4 15, i1 0, i1 0, i4 %index" [C:\scratch\2024.1\hls_product\545\2024.1\src\shared\hls\clib/hlsmath/include/FloatingPoint\hls_hotbm.h:267]   --->   Operation 62 'sparsemux' 'tmp_18' <Predicate = true> <Delay = 0.00> <CoreInst = "SparseMux">   --->   Core 144 'SparseMux' <Latency = 0> <II = 1> <Delay = 0.48> <FuncUnit> <Opcode : 'sparsemux'> <InPorts = 2> <OutPorts = 1>
ST_4 : Operation 63 [1/1] (0.00ns) (grouped into LUT with out node results_sign_4)   --->   "%results_sign = select i1 %cos_basis, i1 %tmp_17, i1 %tmp_18" [C:\scratch\2024.1\hls_product\545\2024.1\src\shared\hls\clib/hlsmath/include/FloatingPoint\hls_hotbm.h:242]   --->   Operation 63 'select' 'results_sign' <Predicate = true> <Delay = 0.00> <CoreInst = "Sel">   --->   Core 73 'Sel' <Latency = 0> <II = 1> <Delay = 0.17> <FuncUnit> <Opcode : 'select'> <InPorts = 3> <OutPorts = 1>
ST_4 : Operation 64 [1/1] (0.00ns) (grouped into LUT with out node results_sign_3)   --->   "%xor_ln278 = xor i1 %do_cos_read, i1 1" [C:\scratch\2024.1\hls_product\545\2024.1\src\shared\hls\clib/hlsmath/include/FloatingPoint\hls_hotbm.h:278]   --->   Operation 64 'xor' 'xor_ln278' <Predicate = true> <Delay = 0.00> <CoreInst = "LogicGate">   --->   Core 74 'LogicGate' <Latency = 0> <II = 1> <Delay = 0.28> <FuncUnit> <Opcode : 'and' 'or' 'xor'> <InPorts = 2> <OutPorts = 1>
ST_4 : Operation 65 [1/1] (0.00ns) (grouped into LUT with out node results_sign_3)   --->   "%results_sign_2 = and i1 %din_sign, i1 %xor_ln278" [C:\scratch\2024.1\hls_product\545\2024.1\src\shared\hls\clib/hlsmath/include/FloatingPoint\hls_hotbm.h:278]   --->   Operation 65 'and' 'results_sign_2' <Predicate = true> <Delay = 0.00> <CoreInst = "LogicGate">   --->   Core 74 'LogicGate' <Latency = 0> <II = 1> <Delay = 0.28> <FuncUnit> <Opcode : 'and' 'or' 'xor'> <InPorts = 2> <OutPorts = 1>
ST_4 : Operation 66 [1/1] (0.79ns)   --->   "%icmp_ln282 = icmp_eq  i11 %din_exp, i11 2047" [C:\scratch\2024.1\hls_product\545\2024.1\src\shared\hls\clib/hlsmath/include/FloatingPoint\hls_hotbm.h:282]   --->   Operation 66 'icmp' 'icmp_ln282' <Predicate = true> <Delay = 0.79> <CoreInst = "Cmp">   --->   Core 9 'Cmp' <Latency = 0> <II = 1> <Delay = 0.79> <FuncUnit> <Opcode : 'seteq' 'setne' 'setle' 'setge' 'setlt' 'setgt'> <InPorts = 2> <OutPorts = 1>
ST_4 : Operation 67 [1/1] (0.00ns) (grouped into LUT with out node results_sign_4)   --->   "%xor_ln282 = xor i1 %icmp_ln282, i1 1" [C:\scratch\2024.1\hls_product\545\2024.1\src\shared\hls\clib/hlsmath/include/FloatingPoint\hls_hotbm.h:282]   --->   Operation 67 'xor' 'xor_ln282' <Predicate = true> <Delay = 0.00> <CoreInst = "LogicGate">   --->   Core 74 'LogicGate' <Latency = 0> <II = 1> <Delay = 0.28> <FuncUnit> <Opcode : 'and' 'or' 'xor'> <InPorts = 2> <OutPorts = 1>
ST_4 : Operation 68 [1/1] (0.48ns) (out node of the LUT)   --->   "%results_sign_4 = and i1 %results_sign, i1 %xor_ln282" [C:\scratch\2024.1\hls_product\545\2024.1\src\shared\hls\clib/hlsmath/include/FloatingPoint\hls_hotbm.h:282]   --->   Operation 68 'and' 'results_sign_4' <Predicate = true> <Delay = 0.48> <CoreInst = "LogicGate">   --->   Core 74 'LogicGate' <Latency = 0> <II = 1> <Delay = 0.28> <FuncUnit> <Opcode : 'and' 'or' 'xor'> <InPorts = 2> <OutPorts = 1>
ST_4 : Operation 69 [1/1] (0.28ns) (out node of the LUT)   --->   "%results_sign_3 = select i1 %and_ln271, i1 %results_sign_2, i1 %results_sign_4" [C:\scratch\2024.1\hls_product\545\2024.1\src\shared\hls\clib/hlsmath/include/FloatingPoint\hls_hotbm.h:271]   --->   Operation 69 'select' 'results_sign_3' <Predicate = true> <Delay = 0.28> <CoreInst = "Sel">   --->   Core 73 'Sel' <Latency = 0> <II = 1> <Delay = 0.17> <FuncUnit> <Opcode : 'select'> <InPorts = 3> <OutPorts = 1>

State 5 <SV = 4> <Delay = 7.03>
ST_5 : Operation 70 [1/1] (0.79ns)   --->   "%sub_ln506 = sub i11 0, i11 %Ex_1" [C:\scratch\2024.1\hls_product\545\2024.1\src\shared\hls\clib/hlsmath/include/FloatingPoint/hls_range_redux.h:506->C:\scratch\2024.1\hls_product\545\2024.1\src\shared\hls\clib/hlsmath/include/FloatingPoint\hls_hotbm.h:239]   --->   Operation 70 'sub' 'sub_ln506' <Predicate = (tmp)> <Delay = 0.79> <CoreInst = "Adder">   --->   Core 1 'Adder' <Latency = 0> <II = 1> <Delay = 0.79> <FuncUnit> <Opcode : 'add' 'sub'> <InPorts = 2> <OutPorts = 1>
ST_5 : Operation 71 [1/1] (0.38ns)   --->   "%select_ln506 = select i1 %tmp, i11 %sub_ln506, i11 %Ex_1" [C:\scratch\2024.1\hls_product\545\2024.1\src\shared\hls\clib/hlsmath/include/FloatingPoint/hls_range_redux.h:506->C:\scratch\2024.1\hls_product\545\2024.1\src\shared\hls\clib/hlsmath/include/FloatingPoint\hls_hotbm.h:239]   --->   Operation 71 'select' 'select_ln506' <Predicate = true> <Delay = 0.38> <CoreInst = "Sel">   --->   Core 73 'Sel' <Latency = 0> <II = 1> <Delay = 0.38> <FuncUnit> <Opcode : 'select'> <InPorts = 3> <OutPorts = 1>
ST_5 : Operation 72 [1/1] (0.00ns)   --->   "%zext_ln506 = zext i11 %select_ln506" [C:\scratch\2024.1\hls_product\545\2024.1\src\shared\hls\clib/hlsmath/include/FloatingPoint/hls_range_redux.h:506->C:\scratch\2024.1\hls_product\545\2024.1\src\shared\hls\clib/hlsmath/include/FloatingPoint\hls_hotbm.h:239]   --->   Operation 72 'zext' 'zext_ln506' <Predicate = true> <Delay = 0.00>
ST_5 : Operation 73 [1/1] (1.53ns)   --->   "%lshr_ln506 = lshr i63 %Mx, i63 %zext_ln506" [C:\scratch\2024.1\hls_product\545\2024.1\src\shared\hls\clib/hlsmath/include/FloatingPoint/hls_range_redux.h:506->C:\scratch\2024.1\hls_product\545\2024.1\src\shared\hls\clib/hlsmath/include/FloatingPoint\hls_hotbm.h:239]   --->   Operation 73 'lshr' 'lshr_ln506' <Predicate = (tmp)> <Delay = 1.53> <CoreInst = "Shifter">   --->   Core 75 'Shifter' <Latency = 0> <II = 1> <Delay = 1.53> <FuncUnit> <Opcode : 'shl' 'lshr' 'ashr'> <InPorts = 2> <OutPorts = 1>
ST_5 : Operation 74 [1/1] (1.53ns)   --->   "%shl_ln506 = shl i63 %Mx, i63 %zext_ln506" [C:\scratch\2024.1\hls_product\545\2024.1\src\shared\hls\clib/hlsmath/include/FloatingPoint/hls_range_redux.h:506->C:\scratch\2024.1\hls_product\545\2024.1\src\shared\hls\clib/hlsmath/include/FloatingPoint\hls_hotbm.h:239]   --->   Operation 74 'shl' 'shl_ln506' <Predicate = (!tmp)> <Delay = 1.53> <CoreInst = "Shifter">   --->   Core 75 'Shifter' <Latency = 0> <II = 1> <Delay = 1.53> <FuncUnit> <Opcode : 'shl' 'lshr' 'ashr'> <InPorts = 2> <OutPorts = 1>
ST_5 : Operation 75 [1/1] (0.41ns)   --->   "%x = select i1 %tmp, i63 %lshr_ln506, i63 %shl_ln506" [C:\scratch\2024.1\hls_product\545\2024.1\src\shared\hls\clib/hlsmath/include/FloatingPoint/hls_range_redux.h:506->C:\scratch\2024.1\hls_product\545\2024.1\src\shared\hls\clib/hlsmath/include/FloatingPoint\hls_hotbm.h:239]   --->   Operation 75 'select' 'x' <Predicate = true> <Delay = 0.41> <CoreInst = "Sel">   --->   Core 73 'Sel' <Latency = 0> <II = 1> <Delay = 0.41> <FuncUnit> <Opcode : 'select'> <InPorts = 3> <OutPorts = 1>
ST_5 : Operation 76 [1/1] (0.00ns)   --->   "%tmp_4 = partselect i7 @_ssdm_op_PartSelect.i7.i63.i32.i32, i63 %x, i32 56, i32 62" [C:\scratch\2024.1\hls_product\545\2024.1\src\shared\hls\clib\hlsmath\src\common\hls_hotbm_double.cpp:22->C:\scratch\2024.1\hls_product\545\2024.1\src\shared\hls\clib/hlsmath/include/FloatingPoint\hls_hotbm.h:250]   --->   Operation 76 'partselect' 'tmp_4' <Predicate = true> <Delay = 0.00>
ST_5 : Operation 77 [1/1] (0.00ns)   --->   "%B = trunc i63 %x" [C:\scratch\2024.1\hls_product\545\2024.1\src\shared\hls\clib\hlsmath\src\common\hls_hotbm_double.cpp:23->C:\scratch\2024.1\hls_product\545\2024.1\src\shared\hls\clib/hlsmath/include/FloatingPoint\hls_hotbm.h:250]   --->   Operation 77 'trunc' 'B' <Predicate = true> <Delay = 0.00>
ST_5 : Operation 78 [1/1] (0.00ns)   --->   "%B_trunc = partselect i49 @_ssdm_op_PartSelect.i49.i63.i32.i32, i63 %x, i32 7, i32 55" [C:\scratch\2024.1\hls_product\545\2024.1\src\shared\hls\clib\hlsmath\src\common\hls_hotbm_double.cpp:24->C:\scratch\2024.1\hls_product\545\2024.1\src\shared\hls\clib/hlsmath/include/FloatingPoint\hls_hotbm.h:250]   --->   Operation 78 'partselect' 'B_trunc' <Predicate = true> <Delay = 0.00>
ST_5 : Operation 79 [1/1] (0.00ns)   --->   "%zext_ln25 = zext i49 %B_trunc" [C:\scratch\2024.1\hls_product\545\2024.1\src\shared\hls\clib\hlsmath\src\common\hls_hotbm_double.cpp:25->C:\scratch\2024.1\hls_product\545\2024.1\src\shared\hls\clib/hlsmath/include/FloatingPoint\hls_hotbm.h:250]   --->   Operation 79 'zext' 'zext_ln25' <Predicate = true> <Delay = 0.00>
ST_5 : Operation 80 [1/1] (3.90ns)   --->   "%mul_ln25 = mul i98 %zext_ln25, i98 %zext_ln25" [C:\scratch\2024.1\hls_product\545\2024.1\src\shared\hls\clib\hlsmath\src\common\hls_hotbm_double.cpp:25->C:\scratch\2024.1\hls_product\545\2024.1\src\shared\hls\clib/hlsmath/include/FloatingPoint\hls_hotbm.h:250]   --->   Operation 80 'mul' 'mul_ln25' <Predicate = true> <Delay = 3.90> <CoreInst = "Multiplier">   --->   Core 3 'Multiplier' <Latency = 0> <II = 1> <Delay = 3.90> <FuncUnit> <Opcode : 'mul'> <InPorts = 2> <OutPorts = 1>
ST_5 : Operation 81 [1/1] (0.00ns)   --->   "%B_squared = partselect i49 @_ssdm_op_PartSelect.i49.i98.i32.i32, i98 %mul_ln25, i32 49, i32 97" [C:\scratch\2024.1\hls_product\545\2024.1\src\shared\hls\clib\hlsmath\src\common\hls_hotbm_double.cpp:25->C:\scratch\2024.1\hls_product\545\2024.1\src\shared\hls\clib/hlsmath/include/FloatingPoint\hls_hotbm.h:250]   --->   Operation 81 'partselect' 'B_squared' <Predicate = true> <Delay = 0.00>

State 6 <SV = 5> <Delay = 3.90>
ST_6 : Operation 82 [1/1] (0.00ns)   --->   "%zext_ln25_1 = zext i49 %B_squared" [C:\scratch\2024.1\hls_product\545\2024.1\src\shared\hls\clib\hlsmath\src\common\hls_hotbm_double.cpp:25->C:\scratch\2024.1\hls_product\545\2024.1\src\shared\hls\clib/hlsmath/include/FloatingPoint\hls_hotbm.h:250]   --->   Operation 82 'zext' 'zext_ln25_1' <Predicate = true> <Delay = 0.00>
ST_6 : Operation 83 [1/1] (3.90ns)   --->   "%mul_ln26 = mul i98 %zext_ln25_1, i98 %zext_ln25" [C:\scratch\2024.1\hls_product\545\2024.1\src\shared\hls\clib\hlsmath\src\common\hls_hotbm_double.cpp:26->C:\scratch\2024.1\hls_product\545\2024.1\src\shared\hls\clib/hlsmath/include/FloatingPoint\hls_hotbm.h:250]   --->   Operation 83 'mul' 'mul_ln26' <Predicate = true> <Delay = 3.90> <CoreInst = "Multiplier">   --->   Core 3 'Multiplier' <Latency = 0> <II = 1> <Delay = 3.90> <FuncUnit> <Opcode : 'mul'> <InPorts = 2> <OutPorts = 1>
ST_6 : Operation 84 [1/1] (3.90ns)   --->   "%mul_ln27 = mul i98 %zext_ln25_1, i98 %zext_ln25_1" [C:\scratch\2024.1\hls_product\545\2024.1\src\shared\hls\clib\hlsmath\src\common\hls_hotbm_double.cpp:27->C:\scratch\2024.1\hls_product\545\2024.1\src\shared\hls\clib/hlsmath/include/FloatingPoint\hls_hotbm.h:250]   --->   Operation 84 'mul' 'mul_ln27' <Predicate = true> <Delay = 3.90> <CoreInst = "Multiplier">   --->   Core 3 'Multiplier' <Latency = 0> <II = 1> <Delay = 3.90> <FuncUnit> <Opcode : 'mul'> <InPorts = 2> <OutPorts = 1>
ST_6 : Operation 85 [1/1] (0.00ns)   --->   "%A = bitconcatenate i8 @_ssdm_op_BitConcatenate.i8.i1.i7, i1 %sin_basis, i7 %tmp_4" [C:\scratch\2024.1\hls_product\545\2024.1\src\shared\hls\clib\hlsmath\src\common\hls_hotbm_double.cpp:30->C:\scratch\2024.1\hls_product\545\2024.1\src\shared\hls\clib/hlsmath/include/FloatingPoint\hls_hotbm.h:250]   --->   Operation 85 'bitconcatenate' 'A' <Predicate = true> <Delay = 0.00>
ST_6 : Operation 86 [1/1] (0.00ns)   --->   "%zext_ln32 = zext i8 %A" [C:\scratch\2024.1\hls_product\545\2024.1\src\shared\hls\clib\hlsmath\src\common\hls_hotbm_double.cpp:32->C:\scratch\2024.1\hls_product\545\2024.1\src\shared\hls\clib/hlsmath/include/FloatingPoint\hls_hotbm.h:250]   --->   Operation 86 'zext' 'zext_ln32' <Predicate = true> <Delay = 0.00>
ST_6 : Operation 87 [1/1] (0.00ns)   --->   "%fourth_order_double_sin_cos_K0_addr = getelementptr i59 %fourth_order_double_sin_cos_K0, i64 0, i64 %zext_ln32" [C:\scratch\2024.1\hls_product\545\2024.1\src\shared\hls\clib\hlsmath\src\common\hls_hotbm_double.cpp:32->C:\scratch\2024.1\hls_product\545\2024.1\src\shared\hls\clib/hlsmath/include/FloatingPoint\hls_hotbm.h:250]   --->   Operation 87 'getelementptr' 'fourth_order_double_sin_cos_K0_addr' <Predicate = true> <Delay = 0.00>
ST_6 : Operation 88 [2/2] (0.67ns)   --->   "%t1 = load i8 %fourth_order_double_sin_cos_K0_addr" [C:\scratch\2024.1\hls_product\545\2024.1\src\shared\hls\clib\hlsmath\src\common\hls_hotbm_double.cpp:32->C:\scratch\2024.1\hls_product\545\2024.1\src\shared\hls\clib/hlsmath/include/FloatingPoint\hls_hotbm.h:250]   --->   Operation 88 'load' 't1' <Predicate = true> <Delay = 0.67> <CoreInst = "ROM_1P_LUTRAM">   --->   Core 102 'ROM_1P_LUTRAM' <Latency = 1> <II = 1> <Delay = 0.67> <Storage> <Opcode : 'load'> <Ports = 1> <Width = 59> <Depth = 256> <ROM>
ST_6 : Operation 89 [1/1] (0.00ns)   --->   "%fourth_order_double_sin_cos_K1_addr = getelementptr i52 %fourth_order_double_sin_cos_K1, i64 0, i64 %zext_ln32" [C:\scratch\2024.1\hls_product\545\2024.1\src\shared\hls\clib\hlsmath\src\common\hls_hotbm_double.cpp:33->C:\scratch\2024.1\hls_product\545\2024.1\src\shared\hls\clib/hlsmath/include/FloatingPoint\hls_hotbm.h:250]   --->   Operation 89 'getelementptr' 'fourth_order_double_sin_cos_K1_addr' <Predicate = true> <Delay = 0.00>
ST_6 : Operation 90 [2/2] (0.67ns)   --->   "%fourth_order_double_sin_cos_K1_load = load i8 %fourth_order_double_sin_cos_K1_addr" [C:\scratch\2024.1\hls_product\545\2024.1\src\shared\hls\clib\hlsmath\src\common\hls_hotbm_double.cpp:33->C:\scratch\2024.1\hls_product\545\2024.1\src\shared\hls\clib/hlsmath/include/FloatingPoint\hls_hotbm.h:250]   --->   Operation 90 'load' 'fourth_order_double_sin_cos_K1_load' <Predicate = true> <Delay = 0.67> <CoreInst = "ROM_1P_LUTRAM">   --->   Core 102 'ROM_1P_LUTRAM' <Latency = 1> <II = 1> <Delay = 0.67> <Storage> <Opcode : 'load'> <Ports = 1> <Width = 52> <Depth = 256> <ROM>
ST_6 : Operation 91 [1/1] (0.00ns)   --->   "%fourth_order_double_sin_cos_K2_addr = getelementptr i44 %fourth_order_double_sin_cos_K2, i64 0, i64 %zext_ln32" [C:\scratch\2024.1\hls_product\545\2024.1\src\shared\hls\clib\hlsmath\src\common\hls_hotbm_double.cpp:34->C:\scratch\2024.1\hls_product\545\2024.1\src\shared\hls\clib/hlsmath/include/FloatingPoint\hls_hotbm.h:250]   --->   Operation 91 'getelementptr' 'fourth_order_double_sin_cos_K2_addr' <Predicate = true> <Delay = 0.00>
ST_6 : Operation 92 [2/2] (0.67ns)   --->   "%fourth_order_double_sin_cos_K2_load = load i8 %fourth_order_double_sin_cos_K2_addr" [C:\scratch\2024.1\hls_product\545\2024.1\src\shared\hls\clib\hlsmath\src\common\hls_hotbm_double.cpp:34->C:\scratch\2024.1\hls_product\545\2024.1\src\shared\hls\clib/hlsmath/include/FloatingPoint\hls_hotbm.h:250]   --->   Operation 92 'load' 'fourth_order_double_sin_cos_K2_load' <Predicate = true> <Delay = 0.67> <CoreInst = "ROM_1P_LUTRAM">   --->   Core 102 'ROM_1P_LUTRAM' <Latency = 1> <II = 1> <Delay = 0.67> <Storage> <Opcode : 'load'> <Ports = 1> <Width = 44> <Depth = 256> <ROM>
ST_6 : Operation 93 [1/1] (0.00ns)   --->   "%tmp_7 = partselect i42 @_ssdm_op_PartSelect.i42.i98.i32.i32, i98 %mul_ln26, i32 56, i32 97" [C:\scratch\2024.1\hls_product\545\2024.1\src\shared\hls\clib\hlsmath\src\common\hls_hotbm_double.cpp:35->C:\scratch\2024.1\hls_product\545\2024.1\src\shared\hls\clib/hlsmath/include/FloatingPoint\hls_hotbm.h:250]   --->   Operation 93 'partselect' 'tmp_7' <Predicate = true> <Delay = 0.00>
ST_6 : Operation 94 [1/1] (0.00ns)   --->   "%fourth_order_double_sin_cos_K3_addr = getelementptr i33 %fourth_order_double_sin_cos_K3, i64 0, i64 %zext_ln32" [C:\scratch\2024.1\hls_product\545\2024.1\src\shared\hls\clib\hlsmath\src\common\hls_hotbm_double.cpp:35->C:\scratch\2024.1\hls_product\545\2024.1\src\shared\hls\clib/hlsmath/include/FloatingPoint\hls_hotbm.h:250]   --->   Operation 94 'getelementptr' 'fourth_order_double_sin_cos_K3_addr' <Predicate = true> <Delay = 0.00>
ST_6 : Operation 95 [2/2] (0.67ns)   --->   "%fourth_order_double_sin_cos_K3_load = load i8 %fourth_order_double_sin_cos_K3_addr" [C:\scratch\2024.1\hls_product\545\2024.1\src\shared\hls\clib\hlsmath\src\common\hls_hotbm_double.cpp:35->C:\scratch\2024.1\hls_product\545\2024.1\src\shared\hls\clib/hlsmath/include/FloatingPoint\hls_hotbm.h:250]   --->   Operation 95 'load' 'fourth_order_double_sin_cos_K3_load' <Predicate = true> <Delay = 0.67> <CoreInst = "ROM_1P_LUTRAM">   --->   Core 102 'ROM_1P_LUTRAM' <Latency = 1> <II = 1> <Delay = 0.67> <Storage> <Opcode : 'load'> <Ports = 1> <Width = 33> <Depth = 256> <ROM>
ST_6 : Operation 96 [1/1] (0.00ns)   --->   "%tmp_8 = partselect i35 @_ssdm_op_PartSelect.i35.i98.i32.i32, i98 %mul_ln27, i32 63, i32 97" [C:\scratch\2024.1\hls_product\545\2024.1\src\shared\hls\clib\hlsmath\src\common\hls_hotbm_double.cpp:36->C:\scratch\2024.1\hls_product\545\2024.1\src\shared\hls\clib/hlsmath/include/FloatingPoint\hls_hotbm.h:250]   --->   Operation 96 'partselect' 'tmp_8' <Predicate = true> <Delay = 0.00>
ST_6 : Operation 97 [1/1] (0.00ns)   --->   "%fourth_order_double_sin_cos_K4_addr = getelementptr i25 %fourth_order_double_sin_cos_K4, i64 0, i64 %zext_ln32" [C:\scratch\2024.1\hls_product\545\2024.1\src\shared\hls\clib\hlsmath\src\common\hls_hotbm_double.cpp:36->C:\scratch\2024.1\hls_product\545\2024.1\src\shared\hls\clib/hlsmath/include/FloatingPoint\hls_hotbm.h:250]   --->   Operation 97 'getelementptr' 'fourth_order_double_sin_cos_K4_addr' <Predicate = true> <Delay = 0.00>
ST_6 : Operation 98 [2/2] (0.67ns)   --->   "%fourth_order_double_sin_cos_K4_load = load i8 %fourth_order_double_sin_cos_K4_addr" [C:\scratch\2024.1\hls_product\545\2024.1\src\shared\hls\clib\hlsmath\src\common\hls_hotbm_double.cpp:36->C:\scratch\2024.1\hls_product\545\2024.1\src\shared\hls\clib/hlsmath/include/FloatingPoint\hls_hotbm.h:250]   --->   Operation 98 'load' 'fourth_order_double_sin_cos_K4_load' <Predicate = true> <Delay = 0.67> <CoreInst = "ROM_1P_LUTRAM">   --->   Core 102 'ROM_1P_LUTRAM' <Latency = 1> <II = 1> <Delay = 0.67> <Storage> <Opcode : 'load'> <Ports = 1> <Width = 25> <Depth = 256> <ROM>

State 7 <SV = 6> <Delay = 6.26>
ST_7 : Operation 99 [1/2] (0.67ns)   --->   "%t1 = load i8 %fourth_order_double_sin_cos_K0_addr" [C:\scratch\2024.1\hls_product\545\2024.1\src\shared\hls\clib\hlsmath\src\common\hls_hotbm_double.cpp:32->C:\scratch\2024.1\hls_product\545\2024.1\src\shared\hls\clib/hlsmath/include/FloatingPoint\hls_hotbm.h:250]   --->   Operation 99 'load' 't1' <Predicate = true> <Delay = 0.67> <CoreInst = "ROM_1P_LUTRAM">   --->   Core 102 'ROM_1P_LUTRAM' <Latency = 1> <II = 1> <Delay = 0.67> <Storage> <Opcode : 'load'> <Ports = 1> <Width = 59> <Depth = 256> <ROM>
ST_7 : Operation 100 [1/1] (0.00ns)   --->   "%t1_1 = bitconcatenate i63 @_ssdm_op_BitConcatenate.i63.i59.i4, i59 %t1, i4 0" [C:\scratch\2024.1\hls_product\545\2024.1\src\shared\hls\clib\hlsmath\src\common\hls_hotbm_double.cpp:32->C:\scratch\2024.1\hls_product\545\2024.1\src\shared\hls\clib/hlsmath/include/FloatingPoint\hls_hotbm.h:250]   --->   Operation 100 'bitconcatenate' 't1_1' <Predicate = true> <Delay = 0.00>
ST_7 : Operation 101 [1/1] (0.00ns)   --->   "%zext_ln33 = zext i56 %B" [C:\scratch\2024.1\hls_product\545\2024.1\src\shared\hls\clib\hlsmath\src\common\hls_hotbm_double.cpp:33->C:\scratch\2024.1\hls_product\545\2024.1\src\shared\hls\clib/hlsmath/include/FloatingPoint\hls_hotbm.h:250]   --->   Operation 101 'zext' 'zext_ln33' <Predicate = true> <Delay = 0.00>
ST_7 : Operation 102 [1/2] (0.67ns)   --->   "%fourth_order_double_sin_cos_K1_load = load i8 %fourth_order_double_sin_cos_K1_addr" [C:\scratch\2024.1\hls_product\545\2024.1\src\shared\hls\clib\hlsmath\src\common\hls_hotbm_double.cpp:33->C:\scratch\2024.1\hls_product\545\2024.1\src\shared\hls\clib/hlsmath/include/FloatingPoint\hls_hotbm.h:250]   --->   Operation 102 'load' 'fourth_order_double_sin_cos_K1_load' <Predicate = true> <Delay = 0.67> <CoreInst = "ROM_1P_LUTRAM">   --->   Core 102 'ROM_1P_LUTRAM' <Latency = 1> <II = 1> <Delay = 0.67> <Storage> <Opcode : 'load'> <Ports = 1> <Width = 52> <Depth = 256> <ROM>
ST_7 : Operation 103 [1/1] (0.00ns)   --->   "%sext_ln33 = sext i52 %fourth_order_double_sin_cos_K1_load" [C:\scratch\2024.1\hls_product\545\2024.1\src\shared\hls\clib\hlsmath\src\common\hls_hotbm_double.cpp:33->C:\scratch\2024.1\hls_product\545\2024.1\src\shared\hls\clib/hlsmath/include/FloatingPoint\hls_hotbm.h:250]   --->   Operation 103 'sext' 'sext_ln33' <Predicate = true> <Delay = 0.00>
ST_7 : Operation 104 [1/1] (3.95ns)   --->   "%mul_ln33 = mul i108 %zext_ln33, i108 %sext_ln33" [C:\scratch\2024.1\hls_product\545\2024.1\src\shared\hls\clib\hlsmath\src\common\hls_hotbm_double.cpp:33->C:\scratch\2024.1\hls_product\545\2024.1\src\shared\hls\clib/hlsmath/include/FloatingPoint\hls_hotbm.h:250]   --->   Operation 104 'mul' 'mul_ln33' <Predicate = true> <Delay = 3.95> <CoreInst = "Multiplier">   --->   Core 3 'Multiplier' <Latency = 0> <II = 1> <Delay = 3.95> <FuncUnit> <Opcode : 'mul'> <InPorts = 2> <OutPorts = 1>
ST_7 : Operation 105 [1/1] (0.00ns)   --->   "%trunc_ln = partselect i56 @_ssdm_op_PartSelect.i56.i108.i32.i32, i108 %mul_ln33, i32 52, i32 107" [C:\scratch\2024.1\hls_product\545\2024.1\src\shared\hls\clib\hlsmath\src\common\hls_hotbm_double.cpp:33->C:\scratch\2024.1\hls_product\545\2024.1\src\shared\hls\clib/hlsmath/include/FloatingPoint\hls_hotbm.h:250]   --->   Operation 105 'partselect' 'trunc_ln' <Predicate = true> <Delay = 0.00>
ST_7 : Operation 106 [1/1] (0.00ns)   --->   "%zext_ln34 = zext i49 %B_squared" [C:\scratch\2024.1\hls_product\545\2024.1\src\shared\hls\clib\hlsmath\src\common\hls_hotbm_double.cpp:34->C:\scratch\2024.1\hls_product\545\2024.1\src\shared\hls\clib/hlsmath/include/FloatingPoint\hls_hotbm.h:250]   --->   Operation 106 'zext' 'zext_ln34' <Predicate = true> <Delay = 0.00>
ST_7 : Operation 107 [1/2] (0.67ns)   --->   "%fourth_order_double_sin_cos_K2_load = load i8 %fourth_order_double_sin_cos_K2_addr" [C:\scratch\2024.1\hls_product\545\2024.1\src\shared\hls\clib\hlsmath\src\common\hls_hotbm_double.cpp:34->C:\scratch\2024.1\hls_product\545\2024.1\src\shared\hls\clib/hlsmath/include/FloatingPoint\hls_hotbm.h:250]   --->   Operation 107 'load' 'fourth_order_double_sin_cos_K2_load' <Predicate = true> <Delay = 0.67> <CoreInst = "ROM_1P_LUTRAM">   --->   Core 102 'ROM_1P_LUTRAM' <Latency = 1> <II = 1> <Delay = 0.67> <Storage> <Opcode : 'load'> <Ports = 1> <Width = 44> <Depth = 256> <ROM>
ST_7 : Operation 108 [1/1] (0.00ns)   --->   "%sext_ln34 = sext i44 %fourth_order_double_sin_cos_K2_load" [C:\scratch\2024.1\hls_product\545\2024.1\src\shared\hls\clib\hlsmath\src\common\hls_hotbm_double.cpp:34->C:\scratch\2024.1\hls_product\545\2024.1\src\shared\hls\clib/hlsmath/include/FloatingPoint\hls_hotbm.h:250]   --->   Operation 108 'sext' 'sext_ln34' <Predicate = true> <Delay = 0.00>
ST_7 : Operation 109 [1/1] (3.90ns)   --->   "%mul_ln34 = mul i93 %zext_ln34, i93 %sext_ln34" [C:\scratch\2024.1\hls_product\545\2024.1\src\shared\hls\clib\hlsmath\src\common\hls_hotbm_double.cpp:34->C:\scratch\2024.1\hls_product\545\2024.1\src\shared\hls\clib/hlsmath/include/FloatingPoint\hls_hotbm.h:250]   --->   Operation 109 'mul' 'mul_ln34' <Predicate = true> <Delay = 3.90> <CoreInst = "Multiplier">   --->   Core 3 'Multiplier' <Latency = 0> <II = 1> <Delay = 3.90> <FuncUnit> <Opcode : 'mul'> <InPorts = 2> <OutPorts = 1>
ST_7 : Operation 110 [1/1] (0.00ns)   --->   "%trunc_ln1 = partselect i48 @_ssdm_op_PartSelect.i48.i93.i32.i32, i93 %mul_ln34, i32 45, i32 92" [C:\scratch\2024.1\hls_product\545\2024.1\src\shared\hls\clib\hlsmath\src\common\hls_hotbm_double.cpp:34->C:\scratch\2024.1\hls_product\545\2024.1\src\shared\hls\clib/hlsmath/include/FloatingPoint\hls_hotbm.h:250]   --->   Operation 110 'partselect' 'trunc_ln1' <Predicate = true> <Delay = 0.00>
ST_7 : Operation 111 [1/1] (0.00ns)   --->   "%zext_ln35_1 = zext i42 %tmp_7" [C:\scratch\2024.1\hls_product\545\2024.1\src\shared\hls\clib\hlsmath\src\common\hls_hotbm_double.cpp:35->C:\scratch\2024.1\hls_product\545\2024.1\src\shared\hls\clib/hlsmath/include/FloatingPoint\hls_hotbm.h:250]   --->   Operation 111 'zext' 'zext_ln35_1' <Predicate = true> <Delay = 0.00>
ST_7 : Operation 112 [1/2] (0.67ns)   --->   "%fourth_order_double_sin_cos_K3_load = load i8 %fourth_order_double_sin_cos_K3_addr" [C:\scratch\2024.1\hls_product\545\2024.1\src\shared\hls\clib\hlsmath\src\common\hls_hotbm_double.cpp:35->C:\scratch\2024.1\hls_product\545\2024.1\src\shared\hls\clib/hlsmath/include/FloatingPoint\hls_hotbm.h:250]   --->   Operation 112 'load' 'fourth_order_double_sin_cos_K3_load' <Predicate = true> <Delay = 0.67> <CoreInst = "ROM_1P_LUTRAM">   --->   Core 102 'ROM_1P_LUTRAM' <Latency = 1> <II = 1> <Delay = 0.67> <Storage> <Opcode : 'load'> <Ports = 1> <Width = 33> <Depth = 256> <ROM>
ST_7 : Operation 113 [1/1] (0.00ns)   --->   "%zext_ln35 = zext i33 %fourth_order_double_sin_cos_K3_load" [C:\scratch\2024.1\hls_product\545\2024.1\src\shared\hls\clib\hlsmath\src\common\hls_hotbm_double.cpp:35->C:\scratch\2024.1\hls_product\545\2024.1\src\shared\hls\clib/hlsmath/include/FloatingPoint\hls_hotbm.h:250]   --->   Operation 113 'zext' 'zext_ln35' <Predicate = true> <Delay = 0.00>
ST_7 : Operation 114 [1/1] (3.56ns)   --->   "%mul_ln35 = mul i75 %zext_ln35_1, i75 %zext_ln35" [C:\scratch\2024.1\hls_product\545\2024.1\src\shared\hls\clib\hlsmath\src\common\hls_hotbm_double.cpp:35->C:\scratch\2024.1\hls_product\545\2024.1\src\shared\hls\clib/hlsmath/include/FloatingPoint\hls_hotbm.h:250]   --->   Operation 114 'mul' 'mul_ln35' <Predicate = true> <Delay = 3.56> <CoreInst = "Multiplier">   --->   Core 3 'Multiplier' <Latency = 0> <II = 1> <Delay = 3.56> <FuncUnit> <Opcode : 'mul'> <InPorts = 2> <OutPorts = 1>
ST_7 : Operation 115 [1/1] (0.00ns)   --->   "%zext_ln36_1 = zext i35 %tmp_8" [C:\scratch\2024.1\hls_product\545\2024.1\src\shared\hls\clib\hlsmath\src\common\hls_hotbm_double.cpp:36->C:\scratch\2024.1\hls_product\545\2024.1\src\shared\hls\clib/hlsmath/include/FloatingPoint\hls_hotbm.h:250]   --->   Operation 115 'zext' 'zext_ln36_1' <Predicate = true> <Delay = 0.00>
ST_7 : Operation 116 [1/2] (0.67ns)   --->   "%fourth_order_double_sin_cos_K4_load = load i8 %fourth_order_double_sin_cos_K4_addr" [C:\scratch\2024.1\hls_product\545\2024.1\src\shared\hls\clib\hlsmath\src\common\hls_hotbm_double.cpp:36->C:\scratch\2024.1\hls_product\545\2024.1\src\shared\hls\clib/hlsmath/include/FloatingPoint\hls_hotbm.h:250]   --->   Operation 116 'load' 'fourth_order_double_sin_cos_K4_load' <Predicate = true> <Delay = 0.67> <CoreInst = "ROM_1P_LUTRAM">   --->   Core 102 'ROM_1P_LUTRAM' <Latency = 1> <II = 1> <Delay = 0.67> <Storage> <Opcode : 'load'> <Ports = 1> <Width = 25> <Depth = 256> <ROM>
ST_7 : Operation 117 [1/1] (0.00ns)   --->   "%zext_ln36 = zext i25 %fourth_order_double_sin_cos_K4_load" [C:\scratch\2024.1\hls_product\545\2024.1\src\shared\hls\clib\hlsmath\src\common\hls_hotbm_double.cpp:36->C:\scratch\2024.1\hls_product\545\2024.1\src\shared\hls\clib/hlsmath/include/FloatingPoint\hls_hotbm.h:250]   --->   Operation 117 'zext' 'zext_ln36' <Predicate = true> <Delay = 0.00>
ST_7 : Operation 118 [1/1] (3.40ns)   --->   "%mul_ln36 = mul i60 %zext_ln36_1, i60 %zext_ln36" [C:\scratch\2024.1\hls_product\545\2024.1\src\shared\hls\clib\hlsmath\src\common\hls_hotbm_double.cpp:36->C:\scratch\2024.1\hls_product\545\2024.1\src\shared\hls\clib/hlsmath/include/FloatingPoint\hls_hotbm.h:250]   --->   Operation 118 'mul' 'mul_ln36' <Predicate = true> <Delay = 3.40> <CoreInst = "Multiplier">   --->   Core 3 'Multiplier' <Latency = 0> <II = 1> <Delay = 3.40> <FuncUnit> <Opcode : 'mul'> <InPorts = 2> <OutPorts = 1>
ST_7 : Operation 119 [1/1] (0.00ns)   --->   "%lshr_ln = partselect i29 @_ssdm_op_PartSelect.i29.i60.i32.i32, i60 %mul_ln36, i32 31, i32 59" [C:\scratch\2024.1\hls_product\545\2024.1\src\shared\hls\clib\hlsmath\src\common\hls_hotbm_double.cpp:36->C:\scratch\2024.1\hls_product\545\2024.1\src\shared\hls\clib/hlsmath/include/FloatingPoint\hls_hotbm.h:250]   --->   Operation 119 'partselect' 'lshr_ln' <Predicate = true> <Delay = 0.00>
ST_7 : Operation 120 [1/1] (0.00ns)   --->   "%sext_ln37 = sext i63 %t1_1" [C:\scratch\2024.1\hls_product\545\2024.1\src\shared\hls\clib\hlsmath\src\common\hls_hotbm_double.cpp:37->C:\scratch\2024.1\hls_product\545\2024.1\src\shared\hls\clib/hlsmath/include/FloatingPoint\hls_hotbm.h:250]   --->   Operation 120 'sext' 'sext_ln37' <Predicate = true> <Delay = 0.00>
ST_7 : Operation 121 [1/1] (0.00ns)   --->   "%sext_ln37_1 = sext i56 %trunc_ln" [C:\scratch\2024.1\hls_product\545\2024.1\src\shared\hls\clib\hlsmath\src\common\hls_hotbm_double.cpp:37->C:\scratch\2024.1\hls_product\545\2024.1\src\shared\hls\clib/hlsmath/include/FloatingPoint\hls_hotbm.h:250]   --->   Operation 121 'sext' 'sext_ln37_1' <Predicate = true> <Delay = 0.00>
ST_7 : Operation 122 [1/1] (0.00ns) (grouped into TernaryAdder)   --->   "%add_ln37 = add i64 %sext_ln37, i64 %sext_ln37_1" [C:\scratch\2024.1\hls_product\545\2024.1\src\shared\hls\clib\hlsmath\src\common\hls_hotbm_double.cpp:37->C:\scratch\2024.1\hls_product\545\2024.1\src\shared\hls\clib/hlsmath/include/FloatingPoint\hls_hotbm.h:250]   --->   Operation 122 'add' 'add_ln37' <Predicate = true> <Delay = 0.00> <CoreInst = "TAddSub">   --->   Core 10 'TAddSub' <Latency = 0> <II = 1> <Delay = 0.40> <IPBlock> <Opcode : '' 'add' 'sub'> <InPorts = 3> <OutPorts = 1> <Sync> <CReg>
ST_7 : Operation 123 [1/1] (0.00ns)   --->   "%sext_ln37_2 = sext i48 %trunc_ln1" [C:\scratch\2024.1\hls_product\545\2024.1\src\shared\hls\clib\hlsmath\src\common\hls_hotbm_double.cpp:37->C:\scratch\2024.1\hls_product\545\2024.1\src\shared\hls\clib/hlsmath/include/FloatingPoint\hls_hotbm.h:250]   --->   Operation 123 'sext' 'sext_ln37_2' <Predicate = true> <Delay = 0.00>
ST_7 : Operation 124 [1/1] (0.81ns) (root node of TernaryAdder)   --->   "%add_ln37_1 = add i64 %add_ln37, i64 %sext_ln37_2" [C:\scratch\2024.1\hls_product\545\2024.1\src\shared\hls\clib\hlsmath\src\common\hls_hotbm_double.cpp:37->C:\scratch\2024.1\hls_product\545\2024.1\src\shared\hls\clib/hlsmath/include/FloatingPoint\hls_hotbm.h:250]   --->   Operation 124 'add' 'add_ln37_1' <Predicate = true> <Delay = 0.81> <CoreInst = "TAddSub">   --->   Core 10 'TAddSub' <Latency = 0> <II = 1> <Delay = 0.40> <IPBlock> <Opcode : '' 'add' 'sub'> <InPorts = 3> <OutPorts = 1> <Sync> <CReg>
ST_7 : Operation 125 [1/1] (0.00ns)   --->   "%tmp_19 = partselect i37 @_ssdm_op_PartSelect.i37.i75.i32.i32, i75 %mul_ln35, i32 38, i32 74" [C:\scratch\2024.1\hls_product\545\2024.1\src\shared\hls\clib\hlsmath\src\common\hls_hotbm_double.cpp:37->C:\scratch\2024.1\hls_product\545\2024.1\src\shared\hls\clib/hlsmath/include/FloatingPoint\hls_hotbm.h:250]   --->   Operation 125 'partselect' 'tmp_19' <Predicate = true> <Delay = 0.00>
ST_7 : Operation 126 [1/1] (0.00ns)   --->   "%zext_ln37_2 = zext i37 %tmp_19" [C:\scratch\2024.1\hls_product\545\2024.1\src\shared\hls\clib\hlsmath\src\common\hls_hotbm_double.cpp:37->C:\scratch\2024.1\hls_product\545\2024.1\src\shared\hls\clib/hlsmath/include/FloatingPoint\hls_hotbm.h:250]   --->   Operation 126 'zext' 'zext_ln37_2' <Predicate = true> <Delay = 0.00>
ST_7 : Operation 127 [1/1] (0.00ns) (grouped into TernaryAdder)   --->   "%add_ln37_2 = add i64 %add_ln37_1, i64 %zext_ln37_2" [C:\scratch\2024.1\hls_product\545\2024.1\src\shared\hls\clib\hlsmath\src\common\hls_hotbm_double.cpp:37->C:\scratch\2024.1\hls_product\545\2024.1\src\shared\hls\clib/hlsmath/include/FloatingPoint\hls_hotbm.h:250]   --->   Operation 127 'add' 'add_ln37_2' <Predicate = true> <Delay = 0.00> <CoreInst = "TAddSub">   --->   Core 10 'TAddSub' <Latency = 0> <II = 1> <Delay = 0.40> <IPBlock> <Opcode : '' 'add' 'sub'> <InPorts = 3> <OutPorts = 1> <Sync> <CReg>
ST_7 : Operation 128 [1/1] (0.00ns)   --->   "%zext_ln37 = zext i29 %lshr_ln" [C:\scratch\2024.1\hls_product\545\2024.1\src\shared\hls\clib\hlsmath\src\common\hls_hotbm_double.cpp:37->C:\scratch\2024.1\hls_product\545\2024.1\src\shared\hls\clib/hlsmath/include/FloatingPoint\hls_hotbm.h:250]   --->   Operation 128 'zext' 'zext_ln37' <Predicate = true> <Delay = 0.00>
ST_7 : Operation 129 [1/1] (0.81ns) (root node of TernaryAdder)   --->   "%add_ln37_3 = add i64 %add_ln37_2, i64 %zext_ln37" [C:\scratch\2024.1\hls_product\545\2024.1\src\shared\hls\clib\hlsmath\src\common\hls_hotbm_double.cpp:37->C:\scratch\2024.1\hls_product\545\2024.1\src\shared\hls\clib/hlsmath/include/FloatingPoint\hls_hotbm.h:250]   --->   Operation 129 'add' 'add_ln37_3' <Predicate = true> <Delay = 0.81> <CoreInst = "TAddSub">   --->   Core 10 'TAddSub' <Latency = 0> <II = 1> <Delay = 0.40> <IPBlock> <Opcode : '' 'add' 'sub'> <InPorts = 3> <OutPorts = 1> <Sync> <CReg>

State 8 <SV = 7> <Delay = 5.51>
ST_8 : Operation 130 [1/1] (0.41ns)   --->   "%Mx_1 = select i1 %cos_basis, i63 9223372036854775807, i63 %Mx" [C:\scratch\2024.1\hls_product\545\2024.1\src\shared\hls\clib/hlsmath/include/FloatingPoint\hls_hotbm.h:243]   --->   Operation 130 'select' 'Mx_1' <Predicate = true> <Delay = 0.41> <CoreInst = "Sel">   --->   Core 73 'Sel' <Latency = 0> <II = 1> <Delay = 0.41> <FuncUnit> <Opcode : 'select'> <InPorts = 3> <OutPorts = 1>
ST_8 : Operation 131 [1/1] (0.00ns)   --->   "%zext_ln37_1 = zext i63 %Mx_1" [C:\scratch\2024.1\hls_product\545\2024.1\src\shared\hls\clib\hlsmath\src\common\hls_hotbm_double.cpp:37->C:\scratch\2024.1\hls_product\545\2024.1\src\shared\hls\clib/hlsmath/include/FloatingPoint\hls_hotbm.h:250]   --->   Operation 131 'zext' 'zext_ln37_1' <Predicate = true> <Delay = 0.00>
ST_8 : Operation 132 [1/1] (0.00ns)   --->   "%sext_ln37_3 = sext i64 %add_ln37_3" [C:\scratch\2024.1\hls_product\545\2024.1\src\shared\hls\clib\hlsmath\src\common\hls_hotbm_double.cpp:37->C:\scratch\2024.1\hls_product\545\2024.1\src\shared\hls\clib/hlsmath/include/FloatingPoint\hls_hotbm.h:250]   --->   Operation 132 'sext' 'sext_ln37_3' <Predicate = true> <Delay = 0.00>
ST_8 : Operation 133 [1/1] (4.53ns)   --->   "%mul_ln37 = mul i126 %sext_ln37_3, i126 %zext_ln37_1" [C:\scratch\2024.1\hls_product\545\2024.1\src\shared\hls\clib\hlsmath\src\common\hls_hotbm_double.cpp:37->C:\scratch\2024.1\hls_product\545\2024.1\src\shared\hls\clib/hlsmath/include/FloatingPoint\hls_hotbm.h:250]   --->   Operation 133 'mul' 'mul_ln37' <Predicate = true> <Delay = 4.53> <CoreInst = "Multiplier">   --->   Core 3 'Multiplier' <Latency = 0> <II = 1> <Delay = 4.53> <FuncUnit> <Opcode : 'mul'> <InPorts = 2> <OutPorts = 1>
ST_8 : Operation 134 [1/1] (0.00ns)   --->   "%result = partselect i63 @_ssdm_op_PartSelect.i63.i126.i32.i32, i126 %mul_ln37, i32 63, i32 125" [C:\scratch\2024.1\hls_product\545\2024.1\src\shared\hls\clib\hlsmath\src\common\hls_hotbm_double.cpp:37->C:\scratch\2024.1\hls_product\545\2024.1\src\shared\hls\clib/hlsmath/include/FloatingPoint\hls_hotbm.h:250]   --->   Operation 134 'partselect' 'result' <Predicate = true> <Delay = 0.00>
ST_8 : Operation 135 [1/1] (0.00ns)   --->   "%tmp_6 = partselect i16 @_ssdm_op_PartSelect.i16.i126.i32.i32, i126 %mul_ln37, i32 110, i32 125" [C:\scratch\2024.1\hls_product\545\2024.1\src\shared\hls\clib/src/hls\utils/x_hls_float_utils.h:403->C:\scratch\2024.1\hls_product\545\2024.1\src\shared\hls\clib/hlsmath/include/FloatingPoint\hls_hotbm.h:252]   --->   Operation 135 'partselect' 'tmp_6' <Predicate = true> <Delay = 0.00>
ST_8 : Operation 136 [1/1] (0.00ns)   --->   "%out_bits = bitconcatenate i32 @_ssdm_op_BitConcatenate.i32.i16.i16, i16 %tmp_6, i16 32768" [C:\scratch\2024.1\hls_product\545\2024.1\src\shared\hls\clib/src/hls\utils/x_hls_float_utils.h:405->C:\scratch\2024.1\hls_product\545\2024.1\src\shared\hls\clib/hlsmath/include/FloatingPoint\hls_hotbm.h:252]   --->   Operation 136 'bitconcatenate' 'out_bits' <Predicate = true> <Delay = 0.00>
ST_8 : Operation 137 [1/1] (0.00ns)   --->   "%tmp_10 = partselect i16 @_ssdm_op_PartSelect.i16.i126.i32.i32, i126 %mul_ln37, i32 94, i32 109" [C:\scratch\2024.1\hls_product\545\2024.1\src\shared\hls\clib/src/hls\utils/x_hls_float_utils.h:403->C:\scratch\2024.1\hls_product\545\2024.1\src\shared\hls\clib/hlsmath/include/FloatingPoint\hls_hotbm.h:252]   --->   Operation 137 'partselect' 'tmp_10' <Predicate = true> <Delay = 0.00>
ST_8 : Operation 138 [1/1] (0.00ns)   --->   "%tmp_11 = partselect i16 @_ssdm_op_PartSelect.i16.i126.i32.i32, i126 %mul_ln37, i32 78, i32 93" [C:\scratch\2024.1\hls_product\545\2024.1\src\shared\hls\clib/src/hls\utils/x_hls_float_utils.h:403->C:\scratch\2024.1\hls_product\545\2024.1\src\shared\hls\clib/hlsmath/include/FloatingPoint\hls_hotbm.h:252]   --->   Operation 138 'partselect' 'tmp_11' <Predicate = true> <Delay = 0.00>
ST_8 : Operation 139 [1/1] (0.00ns)   --->   "%tmp_12 = partselect i15 @_ssdm_op_PartSelect.i15.i126.i32.i32, i126 %mul_ln37, i32 63, i32 77" [C:\scratch\2024.1\hls_product\545\2024.1\src\shared\hls\clib/src/hls\utils/x_hls_float_utils.h:408->C:\scratch\2024.1\hls_product\545\2024.1\src\shared\hls\clib/hlsmath/include/FloatingPoint\hls_hotbm.h:252]   --->   Operation 139 'partselect' 'tmp_12' <Predicate = true> <Delay = 0.00>
ST_8 : Operation 140 [1/1] (0.00ns)   --->   "%tmp_13 = partselect i32 @llvm.part.select.i32, i32 %out_bits, i32 31, i32 0" [C:\scratch\2024.1\hls_product\545\2024.1\src\shared\hls\clib/hlsmath/include/FloatingPoint/hls_normalize.h:81->C:\scratch\2024.1\hls_product\545\2024.1\src\shared\hls\clib/src/hls\utils/x_hls_float_utils.h:415->C:\scratch\2024.1\hls_product\545\2024.1\src\shared\hls\clib/hlsmath/include/FloatingPoint\hls_hotbm.h:252]   --->   Operation 140 'partselect' 'tmp_13' <Predicate = true> <Delay = 0.00>
ST_8 : Operation 141 [1/1] (0.56ns)   --->   "%c = cttz i32 @llvm.cttz.i32, i32 %tmp_13, i1 1" [C:\scratch\2024.1\hls_product\545\2024.1\src\shared\hls\clib/hlsmath/include/FloatingPoint/hls_normalize.h:81->C:\scratch\2024.1\hls_product\545\2024.1\src\shared\hls\clib/src/hls\utils/x_hls_float_utils.h:415->C:\scratch\2024.1\hls_product\545\2024.1\src\shared\hls\clib/hlsmath/include/FloatingPoint\hls_hotbm.h:252]   --->   Operation 141 'cttz' 'c' <Predicate = true> <Delay = 0.56> <CoreInst = "cttz">   --->   Core 145 'cttz' <Latency = 0> <II = 1> <Delay = 0.56> <FuncUnit> <Opcode : 'cttz'> <InPorts = 1> <OutPorts = 1>

State 9 <SV = 8> <Delay = 7.06>
ST_9 : Operation 142 [1/1] (0.00ns) (grouped into LUT with out node add_ln432)   --->   "%Ex_2 = select i1 %cos_basis, i11 0, i11 %Ex_1" [C:\scratch\2024.1\hls_product\545\2024.1\src\shared\hls\clib/hlsmath/include/FloatingPoint\hls_hotbm.h:243]   --->   Operation 142 'select' 'Ex_2' <Predicate = true> <Delay = 0.00> <CoreInst = "Sel">   --->   Core 73 'Sel' <Latency = 0> <II = 1> <Delay = 0.38> <FuncUnit> <Opcode : 'select'> <InPorts = 3> <OutPorts = 1>
ST_9 : Operation 143 [1/1] (0.00ns)   --->   "%specmemcore_ln16 = specmemcore void @_ssdm_op_SpecMemCore, i59 %fourth_order_double_sin_cos_K0, i64 666, i64 34, i64 18446744073709551615" [C:\scratch\2024.1\hls_product\545\2024.1\src\shared\hls\clib\hlsmath\src\common\hls_hotbm_double.cpp:16->C:\scratch\2024.1\hls_product\545\2024.1\src\shared\hls\clib/hlsmath/include/FloatingPoint\hls_hotbm.h:250]   --->   Operation 143 'specmemcore' 'specmemcore_ln16' <Predicate = true> <Delay = 0.00>
ST_9 : Operation 144 [1/1] (0.00ns)   --->   "%specmemcore_ln17 = specmemcore void @_ssdm_op_SpecMemCore, i52 %fourth_order_double_sin_cos_K1, i64 666, i64 34, i64 18446744073709551615" [C:\scratch\2024.1\hls_product\545\2024.1\src\shared\hls\clib\hlsmath\src\common\hls_hotbm_double.cpp:17->C:\scratch\2024.1\hls_product\545\2024.1\src\shared\hls\clib/hlsmath/include/FloatingPoint\hls_hotbm.h:250]   --->   Operation 144 'specmemcore' 'specmemcore_ln17' <Predicate = true> <Delay = 0.00>
ST_9 : Operation 145 [1/1] (0.00ns)   --->   "%specmemcore_ln18 = specmemcore void @_ssdm_op_SpecMemCore, i44 %fourth_order_double_sin_cos_K2, i64 666, i64 34, i64 18446744073709551615" [C:\scratch\2024.1\hls_product\545\2024.1\src\shared\hls\clib\hlsmath\src\common\hls_hotbm_double.cpp:18->C:\scratch\2024.1\hls_product\545\2024.1\src\shared\hls\clib/hlsmath/include/FloatingPoint\hls_hotbm.h:250]   --->   Operation 145 'specmemcore' 'specmemcore_ln18' <Predicate = true> <Delay = 0.00>
ST_9 : Operation 146 [1/1] (0.00ns)   --->   "%specmemcore_ln19 = specmemcore void @_ssdm_op_SpecMemCore, i33 %fourth_order_double_sin_cos_K3, i64 666, i64 34, i64 18446744073709551615" [C:\scratch\2024.1\hls_product\545\2024.1\src\shared\hls\clib\hlsmath\src\common\hls_hotbm_double.cpp:19->C:\scratch\2024.1\hls_product\545\2024.1\src\shared\hls\clib/hlsmath/include/FloatingPoint\hls_hotbm.h:250]   --->   Operation 146 'specmemcore' 'specmemcore_ln19' <Predicate = true> <Delay = 0.00>
ST_9 : Operation 147 [1/1] (0.00ns)   --->   "%specmemcore_ln20 = specmemcore void @_ssdm_op_SpecMemCore, i25 %fourth_order_double_sin_cos_K4, i64 666, i64 34, i64 18446744073709551615" [C:\scratch\2024.1\hls_product\545\2024.1\src\shared\hls\clib\hlsmath\src\common\hls_hotbm_double.cpp:20->C:\scratch\2024.1\hls_product\545\2024.1\src\shared\hls\clib/hlsmath/include/FloatingPoint\hls_hotbm.h:250]   --->   Operation 147 'specmemcore' 'specmemcore_ln20' <Predicate = true> <Delay = 0.00>
ST_9 : Operation 148 [1/1] (0.00ns) (grouped into LUT with out node add_ln432)   --->   "%sext_ln252 = sext i11 %Ex_2" [C:\scratch\2024.1\hls_product\545\2024.1\src\shared\hls\clib/hlsmath/include/FloatingPoint\hls_hotbm.h:252]   --->   Operation 148 'sext' 'sext_ln252' <Predicate = true> <Delay = 0.00>
ST_9 : Operation 149 [1/1] (0.00ns)   --->   "%out_bits_4 = bitconcatenate i32 @_ssdm_op_BitConcatenate.i32.i16.i16, i16 %tmp_10, i16 32768" [C:\scratch\2024.1\hls_product\545\2024.1\src\shared\hls\clib/src/hls\utils/x_hls_float_utils.h:405->C:\scratch\2024.1\hls_product\545\2024.1\src\shared\hls\clib/hlsmath/include/FloatingPoint\hls_hotbm.h:252]   --->   Operation 149 'bitconcatenate' 'out_bits_4' <Predicate = true> <Delay = 0.00>
ST_9 : Operation 150 [1/1] (0.00ns)   --->   "%out_bits_5 = bitconcatenate i32 @_ssdm_op_BitConcatenate.i32.i16.i16, i16 %tmp_11, i16 32768" [C:\scratch\2024.1\hls_product\545\2024.1\src\shared\hls\clib/src/hls\utils/x_hls_float_utils.h:405->C:\scratch\2024.1\hls_product\545\2024.1\src\shared\hls\clib/hlsmath/include/FloatingPoint\hls_hotbm.h:252]   --->   Operation 150 'bitconcatenate' 'out_bits_5' <Predicate = true> <Delay = 0.00>
ST_9 : Operation 151 [1/1] (0.00ns)   --->   "%out_bits_6 = bitconcatenate i32 @_ssdm_op_BitConcatenate.i32.i15.i17, i15 %tmp_12, i17 65536" [C:\scratch\2024.1\hls_product\545\2024.1\src\shared\hls\clib/src/hls\utils/x_hls_float_utils.h:410->C:\scratch\2024.1\hls_product\545\2024.1\src\shared\hls\clib/hlsmath/include/FloatingPoint\hls_hotbm.h:252]   --->   Operation 151 'bitconcatenate' 'out_bits_6' <Predicate = true> <Delay = 0.00>
ST_9 : Operation 152 [1/1] (0.00ns)   --->   "%tmp_14 = partselect i32 @llvm.part.select.i32, i32 %out_bits_4, i32 31, i32 0" [C:\scratch\2024.1\hls_product\545\2024.1\src\shared\hls\clib/hlsmath/include/FloatingPoint/hls_normalize.h:81->C:\scratch\2024.1\hls_product\545\2024.1\src\shared\hls\clib/src/hls\utils/x_hls_float_utils.h:415->C:\scratch\2024.1\hls_product\545\2024.1\src\shared\hls\clib/hlsmath/include/FloatingPoint\hls_hotbm.h:252]   --->   Operation 152 'partselect' 'tmp_14' <Predicate = true> <Delay = 0.00>
ST_9 : Operation 153 [1/1] (0.56ns)   --->   "%c_1 = cttz i32 @llvm.cttz.i32, i32 %tmp_14, i1 1" [C:\scratch\2024.1\hls_product\545\2024.1\src\shared\hls\clib/hlsmath/include/FloatingPoint/hls_normalize.h:81->C:\scratch\2024.1\hls_product\545\2024.1\src\shared\hls\clib/src/hls\utils/x_hls_float_utils.h:415->C:\scratch\2024.1\hls_product\545\2024.1\src\shared\hls\clib/hlsmath/include/FloatingPoint\hls_hotbm.h:252]   --->   Operation 153 'cttz' 'c_1' <Predicate = true> <Delay = 0.56> <CoreInst = "cttz">   --->   Core 145 'cttz' <Latency = 0> <II = 1> <Delay = 0.56> <FuncUnit> <Opcode : 'cttz'> <InPorts = 1> <OutPorts = 1>
ST_9 : Operation 154 [1/1] (0.00ns)   --->   "%tmp_15 = partselect i32 @llvm.part.select.i32, i32 %out_bits_5, i32 31, i32 0" [C:\scratch\2024.1\hls_product\545\2024.1\src\shared\hls\clib/hlsmath/include/FloatingPoint/hls_normalize.h:81->C:\scratch\2024.1\hls_product\545\2024.1\src\shared\hls\clib/src/hls\utils/x_hls_float_utils.h:415->C:\scratch\2024.1\hls_product\545\2024.1\src\shared\hls\clib/hlsmath/include/FloatingPoint\hls_hotbm.h:252]   --->   Operation 154 'partselect' 'tmp_15' <Predicate = true> <Delay = 0.00>
ST_9 : Operation 155 [1/1] (0.56ns)   --->   "%c_2 = cttz i32 @llvm.cttz.i32, i32 %tmp_15, i1 1" [C:\scratch\2024.1\hls_product\545\2024.1\src\shared\hls\clib/hlsmath/include/FloatingPoint/hls_normalize.h:81->C:\scratch\2024.1\hls_product\545\2024.1\src\shared\hls\clib/src/hls\utils/x_hls_float_utils.h:415->C:\scratch\2024.1\hls_product\545\2024.1\src\shared\hls\clib/hlsmath/include/FloatingPoint\hls_hotbm.h:252]   --->   Operation 155 'cttz' 'c_2' <Predicate = true> <Delay = 0.56> <CoreInst = "cttz">   --->   Core 145 'cttz' <Latency = 0> <II = 1> <Delay = 0.56> <FuncUnit> <Opcode : 'cttz'> <InPorts = 1> <OutPorts = 1>
ST_9 : Operation 156 [1/1] (0.00ns)   --->   "%tmp_16 = partselect i32 @llvm.part.select.i32, i32 %out_bits_6, i32 31, i32 0" [C:\scratch\2024.1\hls_product\545\2024.1\src\shared\hls\clib/hlsmath/include/FloatingPoint/hls_normalize.h:81->C:\scratch\2024.1\hls_product\545\2024.1\src\shared\hls\clib/src/hls\utils/x_hls_float_utils.h:415->C:\scratch\2024.1\hls_product\545\2024.1\src\shared\hls\clib/hlsmath/include/FloatingPoint\hls_hotbm.h:252]   --->   Operation 156 'partselect' 'tmp_16' <Predicate = true> <Delay = 0.00>
ST_9 : Operation 157 [1/1] (0.56ns)   --->   "%c_3 = cttz i32 @llvm.cttz.i32, i32 %tmp_16, i1 1" [C:\scratch\2024.1\hls_product\545\2024.1\src\shared\hls\clib/hlsmath/include/FloatingPoint/hls_normalize.h:81->C:\scratch\2024.1\hls_product\545\2024.1\src\shared\hls\clib/src/hls\utils/x_hls_float_utils.h:415->C:\scratch\2024.1\hls_product\545\2024.1\src\shared\hls\clib/hlsmath/include/FloatingPoint\hls_hotbm.h:252]   --->   Operation 157 'cttz' 'c_3' <Predicate = true> <Delay = 0.56> <CoreInst = "cttz">   --->   Core 145 'cttz' <Latency = 0> <II = 1> <Delay = 0.56> <FuncUnit> <Opcode : 'cttz'> <InPorts = 1> <OutPorts = 1>
ST_9 : Operation 158 [1/1] (0.00ns)   --->   "%zext_ln423 = zext i32 %c" [C:\scratch\2024.1\hls_product\545\2024.1\src\shared\hls\clib/src/hls\utils/x_hls_float_utils.h:423->C:\scratch\2024.1\hls_product\545\2024.1\src\shared\hls\clib/hlsmath/include/FloatingPoint\hls_hotbm.h:252]   --->   Operation 158 'zext' 'zext_ln423' <Predicate = (!and_ln271)> <Delay = 0.00>
ST_9 : Operation 159 [1/1] (1.53ns)   --->   "%in_shift_2 = shl i63 %result, i63 %zext_ln423" [C:\scratch\2024.1\hls_product\545\2024.1\src\shared\hls\clib/src/hls\utils/x_hls_float_utils.h:423->C:\scratch\2024.1\hls_product\545\2024.1\src\shared\hls\clib/hlsmath/include/FloatingPoint\hls_hotbm.h:252]   --->   Operation 159 'shl' 'in_shift_2' <Predicate = (!and_ln271)> <Delay = 1.53> <CoreInst = "Shifter">   --->   Core 75 'Shifter' <Latency = 0> <II = 1> <Delay = 1.53> <FuncUnit> <Opcode : 'shl' 'lshr' 'ashr'> <InPorts = 2> <OutPorts = 1>
ST_9 : Operation 160 [1/1] (0.00ns)   --->   "%trunc_ln419 = trunc i63 %in_shift_2" [C:\scratch\2024.1\hls_product\545\2024.1\src\shared\hls\clib/src/hls\utils/x_hls_float_utils.h:419->C:\scratch\2024.1\hls_product\545\2024.1\src\shared\hls\clib/hlsmath/include/FloatingPoint\hls_hotbm.h:252]   --->   Operation 160 'trunc' 'trunc_ln419' <Predicate = (!and_ln271)> <Delay = 0.00>
ST_9 : Operation 161 [1/1] (1.01ns)   --->   "%icmp_ln424 = icmp_eq  i32 %c, i32 16" [C:\scratch\2024.1\hls_product\545\2024.1\src\shared\hls\clib/src/hls\utils/x_hls_float_utils.h:424->C:\scratch\2024.1\hls_product\545\2024.1\src\shared\hls\clib/hlsmath/include/FloatingPoint\hls_hotbm.h:252]   --->   Operation 161 'icmp' 'icmp_ln424' <Predicate = true> <Delay = 1.01> <CoreInst = "Cmp">   --->   Core 9 'Cmp' <Latency = 0> <II = 1> <Delay = 1.01> <FuncUnit> <Opcode : 'seteq' 'setne' 'setle' 'setge' 'setlt' 'setgt'> <InPorts = 2> <OutPorts = 1>
ST_9 : Operation 162 [1/1] (1.01ns)   --->   "%shift_1 = add i32 %c_1, i32 16" [C:\scratch\2024.1\hls_product\545\2024.1\src\shared\hls\clib/src/hls\utils/x_hls_float_utils.h:422->C:\scratch\2024.1\hls_product\545\2024.1\src\shared\hls\clib/hlsmath/include/FloatingPoint\hls_hotbm.h:252]   --->   Operation 162 'add' 'shift_1' <Predicate = true> <Delay = 1.01> <CoreInst = "Adder">   --->   Core 1 'Adder' <Latency = 0> <II = 1> <Delay = 1.01> <FuncUnit> <Opcode : 'add' 'sub'> <InPorts = 2> <OutPorts = 1>
ST_9 : Operation 163 [1/1] (0.00ns)   --->   "%zext_ln423_1 = zext i32 %c_1" [C:\scratch\2024.1\hls_product\545\2024.1\src\shared\hls\clib/src/hls\utils/x_hls_float_utils.h:423->C:\scratch\2024.1\hls_product\545\2024.1\src\shared\hls\clib/hlsmath/include/FloatingPoint\hls_hotbm.h:252]   --->   Operation 163 'zext' 'zext_ln423_1' <Predicate = (!and_ln271)> <Delay = 0.00>
ST_9 : Operation 164 [1/1] (1.53ns)   --->   "%in_shift_3 = shl i63 %in_shift_2, i63 %zext_ln423_1" [C:\scratch\2024.1\hls_product\545\2024.1\src\shared\hls\clib/src/hls\utils/x_hls_float_utils.h:423->C:\scratch\2024.1\hls_product\545\2024.1\src\shared\hls\clib/hlsmath/include/FloatingPoint\hls_hotbm.h:252]   --->   Operation 164 'shl' 'in_shift_3' <Predicate = (!and_ln271)> <Delay = 1.53> <CoreInst = "Shifter">   --->   Core 75 'Shifter' <Latency = 0> <II = 1> <Delay = 1.53> <FuncUnit> <Opcode : 'shl' 'lshr' 'ashr'> <InPorts = 2> <OutPorts = 1>
ST_9 : Operation 165 [1/1] (0.00ns)   --->   "%trunc_ln419_1 = trunc i63 %in_shift_3" [C:\scratch\2024.1\hls_product\545\2024.1\src\shared\hls\clib/src/hls\utils/x_hls_float_utils.h:419->C:\scratch\2024.1\hls_product\545\2024.1\src\shared\hls\clib/hlsmath/include/FloatingPoint\hls_hotbm.h:252]   --->   Operation 165 'trunc' 'trunc_ln419_1' <Predicate = (!and_ln271)> <Delay = 0.00>
ST_9 : Operation 166 [1/1] (1.01ns)   --->   "%icmp_ln424_1 = icmp_eq  i32 %c_1, i32 16" [C:\scratch\2024.1\hls_product\545\2024.1\src\shared\hls\clib/src/hls\utils/x_hls_float_utils.h:424->C:\scratch\2024.1\hls_product\545\2024.1\src\shared\hls\clib/hlsmath/include/FloatingPoint\hls_hotbm.h:252]   --->   Operation 166 'icmp' 'icmp_ln424_1' <Predicate = true> <Delay = 1.01> <CoreInst = "Cmp">   --->   Core 9 'Cmp' <Latency = 0> <II = 1> <Delay = 1.01> <FuncUnit> <Opcode : 'seteq' 'setne' 'setle' 'setge' 'setlt' 'setgt'> <InPorts = 2> <OutPorts = 1>
ST_9 : Operation 167 [1/1] (1.01ns)   --->   "%shift_2 = add i32 %c_2, i32 %shift_1" [C:\scratch\2024.1\hls_product\545\2024.1\src\shared\hls\clib/src/hls\utils/x_hls_float_utils.h:422->C:\scratch\2024.1\hls_product\545\2024.1\src\shared\hls\clib/hlsmath/include/FloatingPoint\hls_hotbm.h:252]   --->   Operation 167 'add' 'shift_2' <Predicate = true> <Delay = 1.01> <CoreInst = "Adder">   --->   Core 1 'Adder' <Latency = 0> <II = 1> <Delay = 1.01> <FuncUnit> <Opcode : 'add' 'sub'> <InPorts = 2> <OutPorts = 1>
ST_9 : Operation 168 [1/1] (0.00ns)   --->   "%zext_ln423_2 = zext i32 %c_2" [C:\scratch\2024.1\hls_product\545\2024.1\src\shared\hls\clib/src/hls\utils/x_hls_float_utils.h:423->C:\scratch\2024.1\hls_product\545\2024.1\src\shared\hls\clib/hlsmath/include/FloatingPoint\hls_hotbm.h:252]   --->   Operation 168 'zext' 'zext_ln423_2' <Predicate = (!and_ln271)> <Delay = 0.00>
ST_9 : Operation 169 [1/1] (1.53ns)   --->   "%in_shift_4 = shl i63 %in_shift_3, i63 %zext_ln423_2" [C:\scratch\2024.1\hls_product\545\2024.1\src\shared\hls\clib/src/hls\utils/x_hls_float_utils.h:423->C:\scratch\2024.1\hls_product\545\2024.1\src\shared\hls\clib/hlsmath/include/FloatingPoint\hls_hotbm.h:252]   --->   Operation 169 'shl' 'in_shift_4' <Predicate = (!and_ln271)> <Delay = 1.53> <CoreInst = "Shifter">   --->   Core 75 'Shifter' <Latency = 0> <II = 1> <Delay = 1.53> <FuncUnit> <Opcode : 'shl' 'lshr' 'ashr'> <InPorts = 2> <OutPorts = 1>
ST_9 : Operation 170 [1/1] (0.00ns)   --->   "%trunc_ln419_2 = trunc i63 %in_shift_4" [C:\scratch\2024.1\hls_product\545\2024.1\src\shared\hls\clib/src/hls\utils/x_hls_float_utils.h:419->C:\scratch\2024.1\hls_product\545\2024.1\src\shared\hls\clib/hlsmath/include/FloatingPoint\hls_hotbm.h:252]   --->   Operation 170 'trunc' 'trunc_ln419_2' <Predicate = (!and_ln271)> <Delay = 0.00>
ST_9 : Operation 171 [1/1] (1.01ns)   --->   "%icmp_ln424_2 = icmp_eq  i32 %c_2, i32 16" [C:\scratch\2024.1\hls_product\545\2024.1\src\shared\hls\clib/src/hls\utils/x_hls_float_utils.h:424->C:\scratch\2024.1\hls_product\545\2024.1\src\shared\hls\clib/hlsmath/include/FloatingPoint\hls_hotbm.h:252]   --->   Operation 171 'icmp' 'icmp_ln424_2' <Predicate = true> <Delay = 1.01> <CoreInst = "Cmp">   --->   Core 9 'Cmp' <Latency = 0> <II = 1> <Delay = 1.01> <FuncUnit> <Opcode : 'seteq' 'setne' 'setle' 'setge' 'setlt' 'setgt'> <InPorts = 2> <OutPorts = 1>
ST_9 : Operation 172 [1/1] (1.01ns)   --->   "%shift_3 = add i32 %c_3, i32 %shift_2" [C:\scratch\2024.1\hls_product\545\2024.1\src\shared\hls\clib/src/hls\utils/x_hls_float_utils.h:422->C:\scratch\2024.1\hls_product\545\2024.1\src\shared\hls\clib/hlsmath/include/FloatingPoint\hls_hotbm.h:252]   --->   Operation 172 'add' 'shift_3' <Predicate = true> <Delay = 1.01> <CoreInst = "Adder">   --->   Core 1 'Adder' <Latency = 0> <II = 1> <Delay = 1.01> <FuncUnit> <Opcode : 'add' 'sub'> <InPorts = 2> <OutPorts = 1>
ST_9 : Operation 173 [1/1] (0.00ns)   --->   "%zext_ln423_3 = zext i32 %c_3" [C:\scratch\2024.1\hls_product\545\2024.1\src\shared\hls\clib/src/hls\utils/x_hls_float_utils.h:423->C:\scratch\2024.1\hls_product\545\2024.1\src\shared\hls\clib/hlsmath/include/FloatingPoint\hls_hotbm.h:252]   --->   Operation 173 'zext' 'zext_ln423_3' <Predicate = (!and_ln271)> <Delay = 0.00>
ST_9 : Operation 174 [1/1] (1.53ns)   --->   "%in_shift_5 = shl i63 %in_shift_4, i63 %zext_ln423_3" [C:\scratch\2024.1\hls_product\545\2024.1\src\shared\hls\clib/src/hls\utils/x_hls_float_utils.h:423->C:\scratch\2024.1\hls_product\545\2024.1\src\shared\hls\clib/hlsmath/include/FloatingPoint\hls_hotbm.h:252]   --->   Operation 174 'shl' 'in_shift_5' <Predicate = (!and_ln271)> <Delay = 1.53> <CoreInst = "Shifter">   --->   Core 75 'Shifter' <Latency = 0> <II = 1> <Delay = 1.53> <FuncUnit> <Opcode : 'shl' 'lshr' 'ashr'> <InPorts = 2> <OutPorts = 1>
ST_9 : Operation 175 [1/1] (0.00ns)   --->   "%trunc_ln419_3 = trunc i63 %in_shift_5" [C:\scratch\2024.1\hls_product\545\2024.1\src\shared\hls\clib/src/hls\utils/x_hls_float_utils.h:419->C:\scratch\2024.1\hls_product\545\2024.1\src\shared\hls\clib/hlsmath/include/FloatingPoint\hls_hotbm.h:252]   --->   Operation 175 'trunc' 'trunc_ln419_3' <Predicate = (!and_ln271)> <Delay = 0.00>
ST_9 : Operation 176 [1/1] (0.28ns)   --->   "%xor_ln424 = xor i1 %icmp_ln424, i1 1" [C:\scratch\2024.1\hls_product\545\2024.1\src\shared\hls\clib/src/hls\utils/x_hls_float_utils.h:424->C:\scratch\2024.1\hls_product\545\2024.1\src\shared\hls\clib/hlsmath/include/FloatingPoint\hls_hotbm.h:252]   --->   Operation 176 'xor' 'xor_ln424' <Predicate = true> <Delay = 0.28> <CoreInst = "LogicGate">   --->   Core 74 'LogicGate' <Latency = 0> <II = 1> <Delay = 0.28> <FuncUnit> <Opcode : 'and' 'or' 'xor'> <InPorts = 2> <OutPorts = 1>
ST_9 : Operation 177 [1/1] (0.00ns) (grouped into LUT with out node and_ln424_1)   --->   "%and_ln424 = and i1 %icmp_ln424_1, i1 %icmp_ln424_2" [C:\scratch\2024.1\hls_product\545\2024.1\src\shared\hls\clib/src/hls\utils/x_hls_float_utils.h:424->C:\scratch\2024.1\hls_product\545\2024.1\src\shared\hls\clib/hlsmath/include/FloatingPoint\hls_hotbm.h:252]   --->   Operation 177 'and' 'and_ln424' <Predicate = true> <Delay = 0.00> <CoreInst = "LogicGate">   --->   Core 74 'LogicGate' <Latency = 0> <II = 1> <Delay = 0.28> <FuncUnit> <Opcode : 'and' 'or' 'xor'> <InPorts = 2> <OutPorts = 1>
ST_9 : Operation 178 [1/1] (0.28ns) (out node of the LUT)   --->   "%and_ln424_1 = and i1 %and_ln424, i1 %icmp_ln424" [C:\scratch\2024.1\hls_product\545\2024.1\src\shared\hls\clib/src/hls\utils/x_hls_float_utils.h:424->C:\scratch\2024.1\hls_product\545\2024.1\src\shared\hls\clib/hlsmath/include/FloatingPoint\hls_hotbm.h:252]   --->   Operation 178 'and' 'and_ln424_1' <Predicate = true> <Delay = 0.28> <CoreInst = "LogicGate">   --->   Core 74 'LogicGate' <Latency = 0> <II = 1> <Delay = 0.28> <FuncUnit> <Opcode : 'and' 'or' 'xor'> <InPorts = 2> <OutPorts = 1>
ST_9 : Operation 179 [1/1] (0.00ns) (grouped into LUT with out node and_ln424_2)   --->   "%xor_ln424_1 = xor i1 %icmp_ln424_1, i1 1" [C:\scratch\2024.1\hls_product\545\2024.1\src\shared\hls\clib/src/hls\utils/x_hls_float_utils.h:424->C:\scratch\2024.1\hls_product\545\2024.1\src\shared\hls\clib/hlsmath/include/FloatingPoint\hls_hotbm.h:252]   --->   Operation 179 'xor' 'xor_ln424_1' <Predicate = true> <Delay = 0.00> <CoreInst = "LogicGate">   --->   Core 74 'LogicGate' <Latency = 0> <II = 1> <Delay = 0.28> <FuncUnit> <Opcode : 'and' 'or' 'xor'> <InPorts = 2> <OutPorts = 1>
ST_9 : Operation 180 [1/1] (0.28ns) (out node of the LUT)   --->   "%and_ln424_2 = and i1 %icmp_ln424, i1 %xor_ln424_1" [C:\scratch\2024.1\hls_product\545\2024.1\src\shared\hls\clib/src/hls\utils/x_hls_float_utils.h:424->C:\scratch\2024.1\hls_product\545\2024.1\src\shared\hls\clib/hlsmath/include/FloatingPoint\hls_hotbm.h:252]   --->   Operation 180 'and' 'and_ln424_2' <Predicate = true> <Delay = 0.28> <CoreInst = "LogicGate">   --->   Core 74 'LogicGate' <Latency = 0> <II = 1> <Delay = 0.28> <FuncUnit> <Opcode : 'and' 'or' 'xor'> <InPorts = 2> <OutPorts = 1>
ST_9 : Operation 181 [1/1] (0.00ns)   --->   "%sel_tmp5 = bitconcatenate i3 @_ssdm_op_BitConcatenate.i3.i1.i1.i1, i1 %xor_ln424, i1 %and_ln424_1, i1 %and_ln424_2" [C:\scratch\2024.1\hls_product\545\2024.1\src\shared\hls\clib/src/hls\utils/x_hls_float_utils.h:424->C:\scratch\2024.1\hls_product\545\2024.1\src\shared\hls\clib/hlsmath/include/FloatingPoint\hls_hotbm.h:252]   --->   Operation 181 'bitconcatenate' 'sel_tmp5' <Predicate = true> <Delay = 0.00>
ST_9 : Operation 182 [1/1] (0.47ns)   --->   "%in_shift = sparsemux i62 @_ssdm_op_SparseMux.ap_auto.4i62.i62.i3, i3 4, i62 %trunc_ln419, i3 2, i62 %trunc_ln419_3, i3 1, i62 %trunc_ln419_1, i3 0, i62 %trunc_ln419_2, i62 0, i3 %sel_tmp5" [C:\scratch\2024.1\hls_product\545\2024.1\src\shared\hls\clib/src/hls\utils/x_hls_float_utils.h:419->C:\scratch\2024.1\hls_product\545\2024.1\src\shared\hls\clib/hlsmath/include/FloatingPoint\hls_hotbm.h:252]   --->   Operation 182 'sparsemux' 'in_shift' <Predicate = (!and_ln271)> <Delay = 0.47> <CoreInst = "SparseMux">   --->   Core 144 'SparseMux' <Latency = 0> <II = 1> <Delay = 0.47> <FuncUnit> <Opcode : 'sparsemux'> <InPorts = 2> <OutPorts = 1>
ST_9 : Operation 183 [1/1] (0.47ns)   --->   "%shift_4 = sparsemux i32 @_ssdm_op_SparseMux.ap_auto.4i32.i32.i3, i3 4, i32 %c, i3 2, i32 %shift_3, i3 1, i32 %shift_1, i3 0, i32 %shift_2, i32 0, i3 %sel_tmp5" [C:\scratch\2024.1\hls_product\545\2024.1\src\shared\hls\clib/hlsmath/include/FloatingPoint/hls_normalize.h:81->C:\scratch\2024.1\hls_product\545\2024.1\src\shared\hls\clib/src/hls\utils/x_hls_float_utils.h:415->C:\scratch\2024.1\hls_product\545\2024.1\src\shared\hls\clib/hlsmath/include/FloatingPoint\hls_hotbm.h:252]   --->   Operation 183 'sparsemux' 'shift_4' <Predicate = true> <Delay = 0.47> <CoreInst = "SparseMux">   --->   Core 144 'SparseMux' <Latency = 0> <II = 1> <Delay = 0.47> <FuncUnit> <Opcode : 'sparsemux'> <InPorts = 2> <OutPorts = 1>
ST_9 : Operation 184 [1/1] (0.79ns) (out node of the LUT)   --->   "%add_ln432 = add i12 %sext_ln252, i12 1023" [C:\scratch\2024.1\hls_product\545\2024.1\src\shared\hls\clib/src/hls\utils/x_hls_float_utils.h:432->C:\scratch\2024.1\hls_product\545\2024.1\src\shared\hls\clib/hlsmath/include/FloatingPoint\hls_hotbm.h:252]   --->   Operation 184 'add' 'add_ln432' <Predicate = true> <Delay = 0.79> <CoreInst = "Adder">   --->   Core 1 'Adder' <Latency = 0> <II = 1> <Delay = 0.79> <FuncUnit> <Opcode : 'add' 'sub'> <InPorts = 2> <OutPorts = 1>
ST_9 : Operation 185 [1/1] (0.00ns)   --->   "%sext_ln432 = sext i12 %add_ln432" [C:\scratch\2024.1\hls_product\545\2024.1\src\shared\hls\clib/src/hls\utils/x_hls_float_utils.h:432->C:\scratch\2024.1\hls_product\545\2024.1\src\shared\hls\clib/hlsmath/include/FloatingPoint\hls_hotbm.h:252]   --->   Operation 185 'sext' 'sext_ln432' <Predicate = true> <Delay = 0.00>
ST_9 : Operation 186 [1/1] (1.01ns)   --->   "%newexp = sub i32 %sext_ln432, i32 %shift_4" [C:\scratch\2024.1\hls_product\545\2024.1\src\shared\hls\clib/src/hls\utils/x_hls_float_utils.h:432->C:\scratch\2024.1\hls_product\545\2024.1\src\shared\hls\clib/hlsmath/include/FloatingPoint\hls_hotbm.h:252]   --->   Operation 186 'sub' 'newexp' <Predicate = true> <Delay = 1.01> <CoreInst = "Adder">   --->   Core 1 'Adder' <Latency = 0> <II = 1> <Delay = 1.01> <FuncUnit> <Opcode : 'add' 'sub'> <InPorts = 2> <OutPorts = 1>
ST_9 : Operation 187 [1/1] (0.00ns) (grouped into LUT with out node or_ln282)   --->   "%tmp_20 = bitselect i1 @_ssdm_op_BitSelect.i1.i32.i32, i32 %newexp, i32 31" [C:\scratch\2024.1\hls_product\545\2024.1\src\shared\hls\clib/src/hls\utils/x_hls_float_utils.h:433->C:\scratch\2024.1\hls_product\545\2024.1\src\shared\hls\clib/hlsmath/include/FloatingPoint\hls_hotbm.h:252]   --->   Operation 187 'bitselect' 'tmp_20' <Predicate = true> <Delay = 0.00>
ST_9 : Operation 188 [1/1] (1.08ns)   --->   "%icmp_ln433 = icmp_eq  i63 %result, i63 0" [C:\scratch\2024.1\hls_product\545\2024.1\src\shared\hls\clib/src/hls\utils/x_hls_float_utils.h:433->C:\scratch\2024.1\hls_product\545\2024.1\src\shared\hls\clib/hlsmath/include/FloatingPoint\hls_hotbm.h:252]   --->   Operation 188 'icmp' 'icmp_ln433' <Predicate = true> <Delay = 1.08> <CoreInst = "Cmp">   --->   Core 9 'Cmp' <Latency = 0> <II = 1> <Delay = 1.08> <FuncUnit> <Opcode : 'seteq' 'setne' 'setle' 'setge' 'setlt' 'setgt'> <InPorts = 2> <OutPorts = 1>
ST_9 : Operation 189 [1/1] (0.00ns) (grouped into LUT with out node or_ln282)   --->   "%or_ln433 = or i1 %tmp_20, i1 %icmp_ln433" [C:\scratch\2024.1\hls_product\545\2024.1\src\shared\hls\clib/src/hls\utils/x_hls_float_utils.h:433->C:\scratch\2024.1\hls_product\545\2024.1\src\shared\hls\clib/hlsmath/include/FloatingPoint\hls_hotbm.h:252]   --->   Operation 189 'or' 'or_ln433' <Predicate = true> <Delay = 0.00> <CoreInst = "LogicGate">   --->   Core 74 'LogicGate' <Latency = 0> <II = 1> <Delay = 0.28> <FuncUnit> <Opcode : 'and' 'or' 'xor'> <InPorts = 2> <OutPorts = 1>
ST_9 : Operation 190 [1/1] (0.00ns) (grouped into LUT with out node results_exp_1)   --->   "%empty = trunc i32 %newexp" [C:\scratch\2024.1\hls_product\545\2024.1\src\shared\hls\clib/src/hls\utils/x_hls_float_utils.h:432->C:\scratch\2024.1\hls_product\545\2024.1\src\shared\hls\clib/hlsmath/include/FloatingPoint\hls_hotbm.h:252]   --->   Operation 190 'trunc' 'empty' <Predicate = (!and_ln271)> <Delay = 0.00>
ST_9 : Operation 191 [1/1] (0.00ns) (grouped into LUT with out node results_sig_1)   --->   "%phitmp = partselect i52 @_ssdm_op_PartSelect.i52.i62.i32.i32, i62 %in_shift, i32 10, i32 61" [C:\scratch\2024.1\hls_product\545\2024.1\src\shared\hls\clib/src/hls\utils/x_hls_float_utils.h:419->C:\scratch\2024.1\hls_product\545\2024.1\src\shared\hls\clib/hlsmath/include/FloatingPoint\hls_hotbm.h:252]   --->   Operation 191 'partselect' 'phitmp' <Predicate = (!and_ln271)> <Delay = 0.00>
ST_9 : Operation 192 [1/1] (0.00ns) (grouped into LUT with out node results_exp_1)   --->   "%select_ln259 = select i1 %do_cos_read, i11 1023, i11 0" [C:\scratch\2024.1\hls_product\545\2024.1\src\shared\hls\clib/hlsmath/include/FloatingPoint\hls_hotbm.h:259]   --->   Operation 192 'select' 'select_ln259' <Predicate = (and_ln271)> <Delay = 0.00> <CoreInst = "Sel">   --->   Core 73 'Sel' <Latency = 0> <II = 1> <Delay = 0.38> <FuncUnit> <Opcode : 'select'> <InPorts = 3> <OutPorts = 1>
ST_9 : Operation 193 [1/1] (0.00ns) (grouped into LUT with out node results_exp_1)   --->   "%select_ln282 = select i1 %icmp_ln282, i11 2047, i11 0" [C:\scratch\2024.1\hls_product\545\2024.1\src\shared\hls\clib/hlsmath/include/FloatingPoint\hls_hotbm.h:282]   --->   Operation 193 'select' 'select_ln282' <Predicate = (!and_ln271)> <Delay = 0.00> <CoreInst = "Sel">   --->   Core 73 'Sel' <Latency = 0> <II = 1> <Delay = 0.17> <FuncUnit> <Opcode : 'select'> <InPorts = 3> <OutPorts = 1>
ST_9 : Operation 194 [1/1] (0.28ns) (out node of the LUT)   --->   "%or_ln282 = or i1 %icmp_ln282, i1 %or_ln433" [C:\scratch\2024.1\hls_product\545\2024.1\src\shared\hls\clib/hlsmath/include/FloatingPoint\hls_hotbm.h:282]   --->   Operation 194 'or' 'or_ln282' <Predicate = true> <Delay = 0.28> <CoreInst = "LogicGate">   --->   Core 74 'LogicGate' <Latency = 0> <II = 1> <Delay = 0.28> <FuncUnit> <Opcode : 'and' 'or' 'xor'> <InPorts = 2> <OutPorts = 1>
ST_9 : Operation 195 [1/1] (0.00ns) (grouped into LUT with out node results_exp_1)   --->   "%results_exp = select i1 %or_ln282, i11 %select_ln282, i11 %empty" [C:\scratch\2024.1\hls_product\545\2024.1\src\shared\hls\clib/hlsmath/include/FloatingPoint\hls_hotbm.h:282]   --->   Operation 195 'select' 'results_exp' <Predicate = (!and_ln271)> <Delay = 0.00> <CoreInst = "Sel">   --->   Core 73 'Sel' <Latency = 0> <II = 1> <Delay = 0.38> <FuncUnit> <Opcode : 'select'> <InPorts = 3> <OutPorts = 1>
ST_9 : Operation 196 [1/1] (0.00ns) (grouped into LUT with out node results_sig_1)   --->   "%select_ln282_2 = select i1 %icmp_ln282, i52 4503599627370495, i52 0" [C:\scratch\2024.1\hls_product\545\2024.1\src\shared\hls\clib/hlsmath/include/FloatingPoint\hls_hotbm.h:282]   --->   Operation 196 'select' 'select_ln282_2' <Predicate = (!and_ln271)> <Delay = 0.00> <CoreInst = "Sel">   --->   Core 73 'Sel' <Latency = 0> <II = 1> <Delay = 0.17> <FuncUnit> <Opcode : 'select'> <InPorts = 3> <OutPorts = 1>
ST_9 : Operation 197 [1/1] (0.00ns) (grouped into LUT with out node results_sig_1)   --->   "%results_sig = select i1 %or_ln282, i52 %select_ln282_2, i52 %phitmp" [C:\scratch\2024.1\hls_product\545\2024.1\src\shared\hls\clib/hlsmath/include/FloatingPoint\hls_hotbm.h:282]   --->   Operation 197 'select' 'results_sig' <Predicate = (!and_ln271)> <Delay = 0.00> <CoreInst = "Sel">   --->   Core 73 'Sel' <Latency = 0> <II = 1> <Delay = 0.44> <FuncUnit> <Opcode : 'select'> <InPorts = 3> <OutPorts = 1>
ST_9 : Operation 198 [1/1] (0.38ns) (out node of the LUT)   --->   "%results_exp_1 = select i1 %and_ln271, i11 %select_ln259, i11 %results_exp" [C:\scratch\2024.1\hls_product\545\2024.1\src\shared\hls\clib/hlsmath/include/FloatingPoint\hls_hotbm.h:271]   --->   Operation 198 'select' 'results_exp_1' <Predicate = true> <Delay = 0.38> <CoreInst = "Sel">   --->   Core 73 'Sel' <Latency = 0> <II = 1> <Delay = 0.38> <FuncUnit> <Opcode : 'select'> <InPorts = 3> <OutPorts = 1>
ST_9 : Operation 199 [1/1] (0.44ns) (out node of the LUT)   --->   "%results_sig_1 = select i1 %and_ln271, i52 0, i52 %results_sig" [C:\scratch\2024.1\hls_product\545\2024.1\src\shared\hls\clib/hlsmath/include/FloatingPoint\hls_hotbm.h:271]   --->   Operation 199 'select' 'results_sig_1' <Predicate = true> <Delay = 0.44> <CoreInst = "Sel">   --->   Core 73 'Sel' <Latency = 0> <II = 1> <Delay = 0.44> <FuncUnit> <Opcode : 'select'> <InPorts = 3> <OutPorts = 1>
ST_9 : Operation 200 [1/1] (0.00ns)   --->   "%t_2 = bitconcatenate i64 @_ssdm_op_BitConcatenate.i64.i1.i11.i52, i1 %results_sign_3, i11 %results_exp_1, i52 %results_sig_1" [C:\scratch\2024.1\hls_product\545\2024.1\src\shared\hls\clib/src/hls\utils/x_hls_utils.h:479->C:\scratch\2024.1\hls_product\545\2024.1\src\shared\hls\clib/src/hls\utils/x_hls_utils.h:496->C:\scratch\2024.1\hls_product\545\2024.1\src\shared\hls\clib/src/hls\utils/x_hls_utils.h:510->C:\scratch\2024.1\hls_product\545\2024.1\src\shared\hls\clib/hlsmath/include/FloatingPoint\hls_hotbm.h:287]   --->   Operation 200 'bitconcatenate' 't_2' <Predicate = true> <Delay = 0.00>
ST_9 : Operation 201 [1/1] (0.00ns)   --->   "%bitcast_ln497 = bitcast i64 %t_2" [C:\scratch\2024.1\hls_product\545\2024.1\src\shared\hls\clib/src/hls\utils/x_hls_utils.h:497->C:\scratch\2024.1\hls_product\545\2024.1\src\shared\hls\clib/src/hls\utils/x_hls_utils.h:510->C:\scratch\2024.1\hls_product\545\2024.1\src\shared\hls\clib/hlsmath/include/FloatingPoint\hls_hotbm.h:287]   --->   Operation 201 'bitcast' 'bitcast_ln497' <Predicate = true> <Delay = 0.00>
ST_9 : Operation 202 [1/1] (0.00ns)   --->   "%ret_ln287 = ret i64 %bitcast_ln497" [C:\scratch\2024.1\hls_product\545\2024.1\src\shared\hls\clib/hlsmath/include/FloatingPoint\hls_hotbm.h:287]   --->   Operation 202 'ret' 'ret_ln287' <Predicate = true> <Delay = 0.00>


============================================================
+ Verbose Summary: Timing violations
============================================================
Target clock period: 10.000ns, clock uncertainty: 2.700ns.

 <State 1>: 2.424ns
The critical path consists of the following:
	wire read operation ('t_in_read', C:\scratch\2024.1\hls_product\545\2024.1\src\shared\hls\clib/src/hls\utils/x_hls_utils.h:459->C:\scratch\2024.1\hls_product\545\2024.1\src\shared\hls\clib/hlsmath/include/FloatingPoint\hls_hotbm.h:223) on port 't_in' (C:\scratch\2024.1\hls_product\545\2024.1\src\shared\hls\clib/src/hls\utils/x_hls_utils.h:459->C:\scratch\2024.1\hls_product\545\2024.1\src\shared\hls\clib/hlsmath/include/FloatingPoint\hls_hotbm.h:223) [10]  (0.000 ns)
	'add' operation 11 bit ('add_ln396', C:\scratch\2024.1\hls_product\545\2024.1\src\shared\hls\clib/hlsmath/include/FloatingPoint/hls_range_redux.h:396->C:\scratch\2024.1\hls_product\545\2024.1\src\shared\hls\clib/hlsmath/include/FloatingPoint/hls_range_redux.h:467->C:\scratch\2024.1\hls_product\545\2024.1\src\shared\hls\clib/hlsmath/include/FloatingPoint\hls_hotbm.h:239) [19]  (0.798 ns)
	'select' operation 11 bit ('addr', C:\scratch\2024.1\hls_product\545\2024.1\src\shared\hls\clib/hlsmath/include/FloatingPoint/hls_range_redux.h:396->C:\scratch\2024.1\hls_product\545\2024.1\src\shared\hls\clib/hlsmath/include/FloatingPoint/hls_range_redux.h:467->C:\scratch\2024.1\hls_product\545\2024.1\src\shared\hls\clib/hlsmath/include/FloatingPoint\hls_hotbm.h:239) [20]  (0.389 ns)
	'getelementptr' operation 4 bit ('ref_4oPi_table_256_addr', C:\scratch\2024.1\hls_product\545\2024.1\src\shared\hls\clib/hlsmath/include/FloatingPoint/hls_range_redux.h:397->C:\scratch\2024.1\hls_product\545\2024.1\src\shared\hls\clib/hlsmath/include/FloatingPoint/hls_range_redux.h:467->C:\scratch\2024.1\hls_product\545\2024.1\src\shared\hls\clib/hlsmath/include/FloatingPoint\hls_hotbm.h:239) [23]  (0.000 ns)
	'load' operation 256 bit ('table_256', C:\scratch\2024.1\hls_product\545\2024.1\src\shared\hls\clib/hlsmath/include/FloatingPoint/hls_range_redux.h:397->C:\scratch\2024.1\hls_product\545\2024.1\src\shared\hls\clib/hlsmath/include/FloatingPoint/hls_range_redux.h:467->C:\scratch\2024.1\hls_product\545\2024.1\src\shared\hls\clib/hlsmath/include/FloatingPoint\hls_hotbm.h:239) on array 'ref_4oPi_table_256' [24]  (1.237 ns)

 <State 2>: 6.452ns
The critical path consists of the following:
	'load' operation 256 bit ('table_256', C:\scratch\2024.1\hls_product\545\2024.1\src\shared\hls\clib/hlsmath/include/FloatingPoint/hls_range_redux.h:397->C:\scratch\2024.1\hls_product\545\2024.1\src\shared\hls\clib/hlsmath/include/FloatingPoint/hls_range_redux.h:467->C:\scratch\2024.1\hls_product\545\2024.1\src\shared\hls\clib/hlsmath/include/FloatingPoint\hls_hotbm.h:239) on array 'ref_4oPi_table_256' [24]  (1.237 ns)
	'shl' operation 256 bit ('shl_ln398', C:\scratch\2024.1\hls_product\545\2024.1\src\shared\hls\clib/hlsmath/include/FloatingPoint/hls_range_redux.h:398->C:\scratch\2024.1\hls_product\545\2024.1\src\shared\hls\clib/hlsmath/include/FloatingPoint/hls_range_redux.h:467->C:\scratch\2024.1\hls_product\545\2024.1\src\shared\hls\clib/hlsmath/include/FloatingPoint\hls_hotbm.h:239) [27]  (1.533 ns)
	'mul' operation 170 bit ('h', C:\scratch\2024.1\hls_product\545\2024.1\src\shared\hls\clib/hlsmath/include/FloatingPoint/hls_range_redux.h:468->C:\scratch\2024.1\hls_product\545\2024.1\src\shared\hls\clib/hlsmath/include/FloatingPoint\hls_hotbm.h:239) [30]  (3.682 ns)

 <State 3>: 3.682ns
The critical path consists of the following:
	'mul' operation 170 bit ('h', C:\scratch\2024.1\hls_product\545\2024.1\src\shared\hls\clib/hlsmath/include/FloatingPoint/hls_range_redux.h:468->C:\scratch\2024.1\hls_product\545\2024.1\src\shared\hls\clib/hlsmath/include/FloatingPoint\hls_hotbm.h:239) [30]  (3.682 ns)

 <State 4>: 4.329ns
The critical path consists of the following:
	'sub' operation 124 bit ('Mx_bits', C:\scratch\2024.1\hls_product\545\2024.1\src\shared\hls\clib/hlsmath/include/FloatingPoint/hls_range_redux.h:492->C:\scratch\2024.1\hls_product\545\2024.1\src\shared\hls\clib/hlsmath/include/FloatingPoint\hls_hotbm.h:239) [35]  (1.548 ns)
	'select' operation 124 bit ('Mx_bits', C:\scratch\2024.1\hls_product\545\2024.1\src\shared\hls\clib/hlsmath/include/FloatingPoint/hls_range_redux.h:491->C:\scratch\2024.1\hls_product\545\2024.1\src\shared\hls\clib/hlsmath/include/FloatingPoint\hls_hotbm.h:239) [36]  (0.519 ns)
	'cttz' operation 64 bit ('tmp_5', C:\scratch\2024.1\hls_product\545\2024.1\src\shared\hls\clib/hlsmath/include/FloatingPoint/hls_normalize.h:75->C:\scratch\2024.1\hls_product\545\2024.1\src\shared\hls\clib/hlsmath/include/FloatingPoint/hls_range_redux.h:495->C:\scratch\2024.1\hls_product\545\2024.1\src\shared\hls\clib/hlsmath/include/FloatingPoint\hls_hotbm.h:239) [42]  (0.744 ns)
	'shl' operation 124 bit ('shl_ln504', C:\scratch\2024.1\hls_product\545\2024.1\src\shared\hls\clib/hlsmath/include/FloatingPoint/hls_range_redux.h:504->C:\scratch\2024.1\hls_product\545\2024.1\src\shared\hls\clib/hlsmath/include/FloatingPoint\hls_hotbm.h:239) [46]  (1.517 ns)

 <State 5>: 7.039ns
The critical path consists of the following:
	'sub' operation 11 bit ('sub_ln506', C:\scratch\2024.1\hls_product\545\2024.1\src\shared\hls\clib/hlsmath/include/FloatingPoint/hls_range_redux.h:506->C:\scratch\2024.1\hls_product\545\2024.1\src\shared\hls\clib/hlsmath/include/FloatingPoint\hls_hotbm.h:239) [50]  (0.798 ns)
	'select' operation 11 bit ('select_ln506', C:\scratch\2024.1\hls_product\545\2024.1\src\shared\hls\clib/hlsmath/include/FloatingPoint/hls_range_redux.h:506->C:\scratch\2024.1\hls_product\545\2024.1\src\shared\hls\clib/hlsmath/include/FloatingPoint\hls_hotbm.h:239) [51]  (0.389 ns)
	'lshr' operation 63 bit ('lshr_ln506', C:\scratch\2024.1\hls_product\545\2024.1\src\shared\hls\clib/hlsmath/include/FloatingPoint/hls_range_redux.h:506->C:\scratch\2024.1\hls_product\545\2024.1\src\shared\hls\clib/hlsmath/include/FloatingPoint\hls_hotbm.h:239) [53]  (1.535 ns)
	'select' operation 63 bit ('x', C:\scratch\2024.1\hls_product\545\2024.1\src\shared\hls\clib/hlsmath/include/FloatingPoint/hls_range_redux.h:506->C:\scratch\2024.1\hls_product\545\2024.1\src\shared\hls\clib/hlsmath/include/FloatingPoint\hls_hotbm.h:239) [55]  (0.417 ns)
	'mul' operation 98 bit ('mul_ln25', C:\scratch\2024.1\hls_product\545\2024.1\src\shared\hls\clib\hlsmath\src\common\hls_hotbm_double.cpp:25->C:\scratch\2024.1\hls_product\545\2024.1\src\shared\hls\clib/hlsmath/include/FloatingPoint\hls_hotbm.h:250) [70]  (3.900 ns)

 <State 6>: 3.900ns
The critical path consists of the following:
	'mul' operation 98 bit ('mul_ln26', C:\scratch\2024.1\hls_product\545\2024.1\src\shared\hls\clib\hlsmath\src\common\hls_hotbm_double.cpp:26->C:\scratch\2024.1\hls_product\545\2024.1\src\shared\hls\clib/hlsmath/include/FloatingPoint\hls_hotbm.h:250) [73]  (3.900 ns)

 <State 7>: 6.269ns
The critical path consists of the following:
	'load' operation 52 bit ('fourth_order_double_sin_cos_K1_load', C:\scratch\2024.1\hls_product\545\2024.1\src\shared\hls\clib\hlsmath\src\common\hls_hotbm_double.cpp:33->C:\scratch\2024.1\hls_product\545\2024.1\src\shared\hls\clib/hlsmath/include/FloatingPoint\hls_hotbm.h:250) on array 'fourth_order_double_sin_cos_K1' [83]  (0.677 ns)
	'mul' operation 108 bit ('mul_ln33', C:\scratch\2024.1\hls_product\545\2024.1\src\shared\hls\clib\hlsmath\src\common\hls_hotbm_double.cpp:33->C:\scratch\2024.1\hls_product\545\2024.1\src\shared\hls\clib/hlsmath/include/FloatingPoint\hls_hotbm.h:250) [85]  (3.954 ns)
	'add' operation 64 bit ('add_ln37', C:\scratch\2024.1\hls_product\545\2024.1\src\shared\hls\clib\hlsmath\src\common\hls_hotbm_double.cpp:37->C:\scratch\2024.1\hls_product\545\2024.1\src\shared\hls\clib/hlsmath/include/FloatingPoint\hls_hotbm.h:250) [108]  (0.000 ns)
	'add' operation 64 bit ('add_ln37_1', C:\scratch\2024.1\hls_product\545\2024.1\src\shared\hls\clib\hlsmath\src\common\hls_hotbm_double.cpp:37->C:\scratch\2024.1\hls_product\545\2024.1\src\shared\hls\clib/hlsmath/include/FloatingPoint\hls_hotbm.h:250) [110]  (0.819 ns)
	'add' operation 64 bit ('add_ln37_2', C:\scratch\2024.1\hls_product\545\2024.1\src\shared\hls\clib\hlsmath\src\common\hls_hotbm_double.cpp:37->C:\scratch\2024.1\hls_product\545\2024.1\src\shared\hls\clib/hlsmath/include/FloatingPoint\hls_hotbm.h:250) [113]  (0.000 ns)
	'add' operation 64 bit ('add_ln37_3', C:\scratch\2024.1\hls_product\545\2024.1\src\shared\hls\clib\hlsmath\src\common\hls_hotbm_double.cpp:37->C:\scratch\2024.1\hls_product\545\2024.1\src\shared\hls\clib/hlsmath/include/FloatingPoint\hls_hotbm.h:250) [115]  (0.819 ns)

 <State 8>: 5.514ns
The critical path consists of the following:
	'select' operation 63 bit ('Mx', C:\scratch\2024.1\hls_product\545\2024.1\src\shared\hls\clib/hlsmath/include/FloatingPoint\hls_hotbm.h:243) [59]  (0.417 ns)
	'mul' operation 126 bit ('mul_ln37', C:\scratch\2024.1\hls_product\545\2024.1\src\shared\hls\clib\hlsmath\src\common\hls_hotbm_double.cpp:37->C:\scratch\2024.1\hls_product\545\2024.1\src\shared\hls\clib/hlsmath/include/FloatingPoint\hls_hotbm.h:250) [118]  (4.530 ns)
	'cttz' operation 32 bit ('c', C:\scratch\2024.1\hls_product\545\2024.1\src\shared\hls\clib/hlsmath/include/FloatingPoint/hls_normalize.h:81->C:\scratch\2024.1\hls_product\545\2024.1\src\shared\hls\clib/src/hls\utils/x_hls_float_utils.h:415->C:\scratch\2024.1\hls_product\545\2024.1\src\shared\hls\clib/hlsmath/include/FloatingPoint\hls_hotbm.h:252) [130]  (0.567 ns)

 <State 9>: 7.063ns
The critical path consists of the following:
	'shl' operation 63 bit ('in_shift', C:\scratch\2024.1\hls_product\545\2024.1\src\shared\hls\clib/src/hls\utils/x_hls_float_utils.h:423->C:\scratch\2024.1\hls_product\545\2024.1\src\shared\hls\clib/hlsmath/include/FloatingPoint\hls_hotbm.h:252) [138]  (1.535 ns)
	'shl' operation 63 bit ('in_shift', C:\scratch\2024.1\hls_product\545\2024.1\src\shared\hls\clib/src/hls\utils/x_hls_float_utils.h:423->C:\scratch\2024.1\hls_product\545\2024.1\src\shared\hls\clib/hlsmath/include/FloatingPoint\hls_hotbm.h:252) [143]  (1.535 ns)
	'shl' operation 63 bit ('in_shift', C:\scratch\2024.1\hls_product\545\2024.1\src\shared\hls\clib/src/hls\utils/x_hls_float_utils.h:423->C:\scratch\2024.1\hls_product\545\2024.1\src\shared\hls\clib/hlsmath/include/FloatingPoint\hls_hotbm.h:252) [148]  (1.535 ns)
	'shl' operation 63 bit ('in_shift', C:\scratch\2024.1\hls_product\545\2024.1\src\shared\hls\clib/src/hls\utils/x_hls_float_utils.h:423->C:\scratch\2024.1\hls_product\545\2024.1\src\shared\hls\clib/hlsmath/include/FloatingPoint\hls_hotbm.h:252) [153]  (1.535 ns)
	'sparsemux' operation 62 bit ('in_shift', C:\scratch\2024.1\hls_product\545\2024.1\src\shared\hls\clib/src/hls\utils/x_hls_float_utils.h:419->C:\scratch\2024.1\hls_product\545\2024.1\src\shared\hls\clib/hlsmath/include/FloatingPoint\hls_hotbm.h:252) [161]  (0.476 ns)
	'select' operation 52 bit ('results.sig', C:\scratch\2024.1\hls_product\545\2024.1\src\shared\hls\clib/hlsmath/include/FloatingPoint\hls_hotbm.h:282) [188]  (0.000 ns)
	'select' operation 52 bit ('results.sig', C:\scratch\2024.1\hls_product\545\2024.1\src\shared\hls\clib/hlsmath/include/FloatingPoint\hls_hotbm.h:271) [191]  (0.447 ns)


============================================================
+ Verbose Summary: Binding
============================================================
N/A
* FSMD analyzer results:
  - Output states:
 - Input state : 
  - Chain level:
	State 1
	State 2
	State 3
	State 4
	State 5
	State 6
	State 7
	State 8
	State 9


============================================================
+ Verbose Summary: Datapath Resource usage 
============================================================
N/A
