

================================================================
== Vitis HLS Report for 'sin_or_cos_float_s'
================================================================
* Date:           Mon Apr 13 17:36:42 2026

* Version:        2024.1 (Build 5069499 on May 21 2024)
* Project:        calculateCoefficients
* Solution:       hls (Vivado IP Flow Target)
* Product family: zynquplus
* Target device:  xczu3eg-sfvc784-2-e


================================================================
== Performance Estimates
================================================================
+ Timing: 
    * Summary: 
    +--------+----------+----------+------------+
    |  Clock |  Target  | Estimated| Uncertainty|
    +--------+----------+----------+------------+
    |ap_clk  |  10.00 ns|  7.002 ns|     2.70 ns|
    +--------+----------+----------+------------+

+ Latency: 
    * Summary: 
    +---------+---------+-----------+-----------+-----+-----+---------+
    |  Latency (cycles) |   Latency (absolute)  |  Interval | Pipeline|
    |   min   |   max   |    min    |    max    | min | max |   Type  |
    +---------+---------+-----------+-----------+-----+-----+---------+
    |        5|        5|  50.000 ns|  50.000 ns|    1|    1|      yes|
    +---------+---------+-----------+-----------+-----+-----+---------+

    + Detail: 
        * Instance: 
        N/A

        * Loop: 
        N/A



================================================================
== Utilization Estimates
================================================================
* Summary: 
+-----------------+---------+-----+--------+-------+-----+
|       Name      | BRAM_18K| DSP |   FF   |  LUT  | URAM|
+-----------------+---------+-----+--------+-------+-----+
|DSP              |        -|    -|       -|      -|    -|
|Expression       |        -|    -|       0|   1744|    -|
|FIFO             |        -|    -|       -|      -|    -|
|Instance         |        -|   13|       0|    329|    -|
|Memory           |        -|    -|     168|    293|    -|
|Multiplexer      |        -|    -|       0|     14|    -|
|Register         |        -|    -|     674|    128|    -|
+-----------------+---------+-----+--------+-------+-----+
|Total            |        0|   13|     842|   2508|    0|
+-----------------+---------+-----+--------+-------+-----+
|Available        |      432|  360|  141120|  70560|    0|
+-----------------+---------+-----+--------+-------+-----+
|Utilization (%)  |        0|    3|      ~0|      3|    0|
+-----------------+---------+-----+--------+-------+-----+

+ Detail: 
    * Instance: 
    +--------------------------+----------------------+---------+----+---+----+-----+
    |         Instance         |        Module        | BRAM_18K| DSP| FF| LUT| URAM|
    +--------------------------+----------------------+---------+----+---+----+-----+
    |mul_15ns_15ns_30_1_0_U13  |mul_15ns_15ns_30_1_0  |        0|   1|  0|   5|    0|
    |mul_15ns_15s_30_1_0_U14   |mul_15ns_15s_30_1_0   |        0|   1|  0|   5|    0|
    |mul_23s_22ns_45_1_0_U7    |mul_23s_22ns_45_1_0   |        0|   2|  0|  31|    0|
    |mul_30s_29ns_58_1_0_U8    |mul_30s_29ns_58_1_0   |        0|   4|  0|  25|    0|
    |mul_80s_24ns_80_1_0_U9    |mul_80s_24ns_80_1_0   |        0|   5|  0|  90|    0|
    |sparsemux_17_3_1_1_0_U10  |sparsemux_17_3_1_1_0  |        0|   0|  0|  43|    0|
    |sparsemux_33_4_1_1_0_U11  |sparsemux_33_4_1_1_0  |        0|   0|  0|  65|    0|
    |sparsemux_33_4_1_1_0_U12  |sparsemux_33_4_1_1_0  |        0|   0|  0|  65|    0|
    +--------------------------+----------------------+---------+----+---+----+-----+
    |Total                     |                      |        0|  13|  0| 329|    0|
    +--------------------------+----------------------+---------+----+---+----+-----+

    * DSP: 
    N/A

    * Memory: 
    +---------------------------------+-------------------------------------------------------------------+---------+-----+-----+-----+------+-----+------+-------------+
    |              Memory             |                               Module                              | BRAM_18K|  FF | LUT | URAM| Words| Bits| Banks| W*Bits*Banks|
    +---------------------------------+-------------------------------------------------------------------+---------+-----+-----+-----+------+-----+------+-------------+
    |ref_4oPi_table_100_U             |sin_or_cos_float_s_ref_4oPi_table_100_ROM_1P_LUTRAM_1R             |        0|  100|   21|    0|    13|  100|     1|         1300|
    |second_order_float_sin_cos_K0_U  |sin_or_cos_float_s_second_order_float_sin_cos_K0_ROM_1P_LUTRAM_1R  |        0|   30|  120|    0|   256|   30|     1|         7680|
    |second_order_float_sin_cos_K1_U  |sin_or_cos_float_s_second_order_float_sin_cos_K1_ROM_1P_LUTRAM_1R  |        0|   23|   92|    0|   256|   23|     1|         5888|
    |second_order_float_sin_cos_K2_U  |sin_or_cos_float_s_second_order_float_sin_cos_K2_ROM_1P_LUTRAM_1R  |        0|   15|   60|    0|   256|   15|     1|         3840|
    +---------------------------------+-------------------------------------------------------------------+---------+-----+-----+-----+------+-----+------+-------------+
    |Total                            |                                                                   |        0|  168|  293|    0|   781|  168|     4|        18708|
    +---------------------------------+-------------------------------------------------------------------+---------+-----+-----+-----+------+-----+------+-------------+

    * FIFO: 
    N/A

    * Expression: 
    +---------------------------+----------+----+---+-----+------------+------------+
    |       Variable Name       | Operation| DSP| FF| LUT | Bitwidth P0| Bitwidth P1|
    +---------------------------+----------+----+---+-----+------------+------------+
    |Ex_fu_417_p2               |         +|   0|  0|   15|           8|           8|
    |add_ln300_fu_1132_p2       |         +|   0|  0|   16|           9|           7|
    |add_ln32_1_fu_982_p2       |         +|   0|  0|   30|          30|          30|
    |add_ln32_fu_972_p2         |         +|   0|  0|   30|          30|          30|
    |add_ln376_fu_328_p2        |         +|   0|  0|   15|           8|           7|
    |shift_1_fu_1108_p2         |         +|   0|  0|   39|          32|           5|
    |Ex_1_fu_527_p2             |         -|   0|  0|   15|           8|           8|
    |Mx_bits_1_fu_439_p2        |         -|   0|  0|   65|           1|          58|
    |newexp_fu_1142_p2          |         -|   0|  0|   39|          32|          32|
    |sub_ln506_fu_541_p2        |         -|   0|  0|   15|           1|           8|
    |and_ln271_fu_846_p2        |       and|   0|  0|    2|           1|           1|
    |results_sign_2_fu_856_p2   |       and|   0|  0|    2|           1|           1|
    |results_sign_4_fu_872_p2   |       and|   0|  0|    2|           1|           1|
    |c_1_fu_1080_p3             |      cttz|   0|  0|   46|          32|           0|
    |c_fu_1062_p3               |      cttz|   0|  0|   46|          32|           0|
    |tmp_1_fu_491_p3            |      cttz|   0|  0|   46|          32|           0|
    |closepath_fu_322_p2        |      icmp|   0|  0|   15|           8|           7|
    |icmp_ln271_1_fu_412_p2     |      icmp|   0|  0|   30|          23|           1|
    |icmp_ln271_fu_841_p2       |      icmp|   0|  0|   15|           8|           1|
    |icmp_ln282_fu_861_p2       |      icmp|   0|  0|   15|           8|           2|
    |icmp_ln292_fu_1102_p2      |      icmp|   0|  0|   39|          32|           5|
    |icmp_ln306_fu_1156_p2      |      icmp|   0|  0|   36|          29|           1|
    |lshr_ln506_fu_563_p2       |      lshr|   0|  0|   96|          32|          32|
    |or_ln282_fu_1214_p2        |        or|   0|  0|    2|           1|           1|
    |or_ln306_fu_1162_p2        |        or|   0|  0|    2|           1|           1|
    |Ex_2_fu_988_p3             |    select|   0|  0|    8|           1|           1|
    |Mx_1_fu_886_p3             |    select|   0|  0|   29|           1|           2|
    |Mx_bits_2_fu_444_p3        |    select|   0|  0|   57|           1|          58|
    |addr_fu_334_p3             |    select|   0|  0|    8|           1|           6|
    |cos_basis_fu_633_p3        |    select|   0|  0|    2|           1|           1|
    |empty_43_fu_1192_p3        |    select|   0|  0|   22|           1|          23|
    |k_1_fu_429_p3              |    select|   0|  0|    3|           1|           1|
    |results_exp_1_fu_1242_p3   |    select|   0|  0|    8|           1|           8|
    |results_exp_fu_1219_p3     |    select|   0|  0|    8|           1|           8|
    |results_sig_1_fu_1249_p3   |    select|   0|  0|   22|           1|           1|
    |results_sig_fu_1234_p3     |    select|   0|  0|   22|           1|          23|
    |results_sign_3_fu_878_p3   |    select|   0|  0|    2|           1|           1|
    |results_sign_fu_833_p3     |    select|   0|  0|    2|           1|           1|
    |select_ln259_fu_1200_p3    |    select|   0|  0|    7|           1|           7|
    |select_ln282_2_fu_1227_p3  |    select|   0|  0|    2|           1|           2|
    |select_ln282_fu_1207_p3    |    select|   0|  0|    2|           1|           2|
    |select_ln453_fu_422_p3     |    select|   0|  0|    8|           1|           8|
    |select_ln506_1_fu_575_p3   |    select|   0|  0|   32|           1|          32|
    |select_ln506_fu_547_p3     |    select|   0|  0|    8|           1|           8|
    |shift_2_fu_1124_p3         |    select|   0|  0|   32|           1|          32|
    |sin_basis_fu_660_p3        |    select|   0|  0|    2|           1|           1|
    |shl_ln291_1_fu_1118_p2     |       shl|   0|  0|   96|          32|          32|
    |shl_ln291_fu_1092_p2       |       shl|   0|  0|   96|          32|          32|
    |shl_ln379_fu_364_p2        |       shl|   0|  0|  325|         100|         100|
    |shl_ln504_fu_507_p2        |       shl|   0|  0|  166|          58|          58|
    |shl_ln506_fu_569_p2        |       shl|   0|  0|   96|          32|          32|
    |xor_ln242_fu_627_p2        |       xor|   0|  0|    2|           1|           2|
    |xor_ln278_fu_851_p2        |       xor|   0|  0|    2|           1|           2|
    |xor_ln282_fu_866_p2        |       xor|   0|  0|    2|           1|           2|
    +---------------------------+----------+----+---+-----+------------+------------+
    |Total                      |          |   0|  0| 1744|         678|         733|
    +---------------------------+----------+----+---+-----+------------+------------+

    * Multiplexer: 
    +-----------+----+-----------+-----+-----------+
    |    Name   | LUT| Input Size| Bits| Total Bits|
    +-----------+----+-----------+-----+-----------+
    |ap_return  |  14|          3|   32|         96|
    +-----------+----+-----------+-----+-----------+
    |Total      |  14|          3|   32|         96|
    +-----------+----+-----------+-----+-----------+

    * Register: 
    +---------------------------------------+----+----+-----+-----------+
    |                  Name                 | FF | LUT| Bits| Const Bits|
    +---------------------------------------+----+----+-----+-----------+
    |B_reg_1343                             |  22|   0|   22|          0|
    |B_trunc_reg_1354                       |  15|   0|   15|          0|
    |Ex_1_reg_1338                          |   8|   0|    8|          0|
    |Ex_1_reg_1338_pp0_iter4_reg            |   8|   0|    8|          0|
    |Med_reg_1312                           |  80|   0|   80|          0|
    |Mx_1_reg_1392                          |  29|   0|   29|          0|
    |Mx_bits_reg_1317                       |  58|   0|   58|          0|
    |Mx_reg_1333                            |  29|   0|   29|          0|
    |add_ln32_1_reg_1397                    |  30|   0|   30|          0|
    |and_ln271_reg_1374                     |   1|   0|    1|          0|
    |and_ln271_reg_1374_pp0_iter4_reg       |   1|   0|    1|          0|
    |ap_ce_reg                              |   1|   0|    1|          0|
    |ap_return_int_reg                      |  32|   0|   32|          0|
    |closepath_reg_1296                     |   1|   0|    1|          0|
    |cos_basis_reg_1348                     |   1|   0|    1|          0|
    |cos_basis_reg_1348_pp0_iter4_reg       |   1|   0|    1|          0|
    |din_exp_reg_1283                       |   8|   0|    8|          0|
    |din_sig_reg_1290                       |  23|   0|   23|          0|
    |din_sig_reg_1290_pp0_iter1_reg         |  23|   0|   23|          0|
    |din_sign_reg_1277                      |   1|   0|    1|          0|
    |do_cos_int_reg                         |   1|   0|    1|          0|
    |do_cos_read_reg_1269                   |   1|   0|    1|          0|
    |icmp_ln271_1_reg_1328                  |   1|   0|    1|          0|
    |icmp_ln282_reg_1380                    |   1|   0|    1|          0|
    |icmp_ln282_reg_1380_pp0_iter4_reg      |   1|   0|    1|          0|
    |k_reg_1323                             |   3|   0|    3|          0|
    |results_sign_3_reg_1387                |   1|   0|    1|          0|
    |results_sign_3_reg_1387_pp0_iter4_reg  |   1|   0|    1|          0|
    |t_in_int_reg                           |  32|   0|   32|          0|
    |trunc_ln379_reg_1307                   |   4|   0|    4|          0|
    |closepath_reg_1296                     |  64|  32|    1|          0|
    |din_exp_reg_1283                       |  64|  32|    8|          0|
    |din_sign_reg_1277                      |  64|  32|    1|          0|
    |do_cos_read_reg_1269                   |  64|  32|    1|          0|
    +---------------------------------------+----+----+-----+-----------+
    |Total                                  | 674| 128|  429|          0|
    +---------------------------------------+----+----+-----+-----------+



================================================================
== Interface
================================================================
* Summary: 
+-----------+-----+-----+------------+-------------------+--------------+
| RTL Ports | Dir | Bits|  Protocol  |   Source Object   |    C Type    |
+-----------+-----+-----+------------+-------------------+--------------+
|ap_clk     |   in|    1|  ap_ctrl_hs|  sin_or_cos<float>|  return value|
|ap_rst     |   in|    1|  ap_ctrl_hs|  sin_or_cos<float>|  return value|
|ap_return  |  out|   32|  ap_ctrl_hs|  sin_or_cos<float>|  return value|
|ap_ce      |   in|    1|  ap_ctrl_hs|  sin_or_cos<float>|  return value|
|t_in       |   in|   32|     ap_none|               t_in|        scalar|
|do_cos     |   in|    1|     ap_none|             do_cos|        scalar|
+-----------+-----+-----+------------+-------------------+--------------+

============================================================
+ Verbose Summary: Synthesis Manager
============================================================
InlineROM: 1
ExposeGlobal: 0
============================================================
+ Verbose Summary: CDFG Model
============================================================
IsTopModel: 0
ResetActiveHigh: 1
IsCombinational: 2
IsDatapathOnly: 1
HasWiredReturn: 1
HasMFsm: 2
HasVarLatency: 0
IsPipeline: 1
IsRtlPipelined: 1
IsInstanceOverlapped: 1
IsDontTouch: 0
HasImplIP: 0
IsGatedGlobalClock: 0

+ Individual pipeline summary: 
  * Pipeline-0: initiation interval (II) = 1, depth = 6


============================================================
+ Verbose Summary: Schedule
============================================================
* Number of FSM states : 6
* Pipeline : 1
  Pipeline-0 : II = 1, D = 6, States = { 1 2 3 4 5 6 }
* Dataflow Pipeline: 0

* FSM state transitions: 
1 --> 2 
2 --> 3 
3 --> 4 
4 --> 5 
5 --> 6 
6 --> 

* FSM state operations: 

State 1 <SV = 0> <Delay = 1.83>
ST_1 : Operation 7 [1/1] (0.00ns)   --->   "%do_cos_read = read i1 @_ssdm_op_Read.ap_auto.i1, i1 %do_cos" [C:\scratch\2024.1\hls_product\545\2024.1\src\shared\hls\clib/src/hls\utils/x_hls_utils.h:288->C:\scratch\2024.1\hls_product\545\2024.1\src\shared\hls\clib/hlsmath/include/FloatingPoint\hls_hotbm.h:223]   --->   Operation 7 'read' 'do_cos_read' <Predicate = true> <Delay = 0.00>
ST_1 : Operation 8 [1/1] (0.00ns)   --->   "%t_in_read = read i32 @_ssdm_op_Read.ap_auto.float, i32 %t_in" [C:\scratch\2024.1\hls_product\545\2024.1\src\shared\hls\clib/src/hls\utils/x_hls_utils.h:288->C:\scratch\2024.1\hls_product\545\2024.1\src\shared\hls\clib/hlsmath/include/FloatingPoint\hls_hotbm.h:223]   --->   Operation 8 'read' 't_in_read' <Predicate = true> <Delay = 0.00>
ST_1 : Operation 9 [1/1] (0.00ns)   --->   "%data = bitcast i32 %t_in_read" [C:\scratch\2024.1\hls_product\545\2024.1\src\shared\hls\clib/src/hls\utils/x_hls_utils.h:288->C:\scratch\2024.1\hls_product\545\2024.1\src\shared\hls\clib/hlsmath/include/FloatingPoint\hls_hotbm.h:223]   --->   Operation 9 'bitcast' 'data' <Predicate = true> <Delay = 0.00>
ST_1 : Operation 10 [1/1] (0.00ns)   --->   "%din_sign = bitselect i1 @_ssdm_op_BitSelect.i1.i32.i32, i32 %data, i32 31" [C:\scratch\2024.1\hls_product\545\2024.1\src\shared\hls\clib/src/hls\utils/x_hls_utils.h:294->C:\scratch\2024.1\hls_product\545\2024.1\src\shared\hls\clib/hlsmath/include/FloatingPoint\hls_hotbm.h:223]   --->   Operation 10 'bitselect' 'din_sign' <Predicate = true> <Delay = 0.00>
ST_1 : Operation 11 [1/1] (0.00ns)   --->   "%din_exp = partselect i8 @_ssdm_op_PartSelect.i8.i32.i32.i32, i32 %data, i32 23, i32 30" [C:\scratch\2024.1\hls_product\545\2024.1\src\shared\hls\clib/src/hls\utils/x_hls_utils.h:295->C:\scratch\2024.1\hls_product\545\2024.1\src\shared\hls\clib/hlsmath/include/FloatingPoint\hls_hotbm.h:223]   --->   Operation 11 'partselect' 'din_exp' <Predicate = true> <Delay = 0.00>
ST_1 : Operation 12 [1/1] (0.00ns)   --->   "%din_sig = trunc i32 %data" [C:\scratch\2024.1\hls_product\545\2024.1\src\shared\hls\clib/src/hls\utils/x_hls_utils.h:296->C:\scratch\2024.1\hls_product\545\2024.1\src\shared\hls\clib/hlsmath/include/FloatingPoint\hls_hotbm.h:223]   --->   Operation 12 'trunc' 'din_sig' <Predicate = true> <Delay = 0.00>
ST_1 : Operation 13 [1/1] (0.76ns)   --->   "%closepath = icmp_ult  i8 %din_exp, i8 126" [C:\scratch\2024.1\hls_product\545\2024.1\src\shared\hls\clib/hlsmath/include/FloatingPoint/hls_range_redux.h:451->C:\scratch\2024.1\hls_product\545\2024.1\src\shared\hls\clib/hlsmath/include/FloatingPoint\hls_hotbm.h:239]   --->   Operation 13 'icmp' 'closepath' <Predicate = true> <Delay = 0.76> <CoreInst = "Cmp">   --->   Core 9 'Cmp' <Latency = 0> <II = 1> <Delay = 0.76> <FuncUnit> <Opcode : 'seteq' 'setne' 'setle' 'setge' 'setlt' 'setgt'> <InPorts = 2> <OutPorts = 1>
ST_1 : Operation 14 [1/1] (0.76ns)   --->   "%add_ln376 = add i8 %din_exp, i8 194" [C:\scratch\2024.1\hls_product\545\2024.1\src\shared\hls\clib/hlsmath/include/FloatingPoint/hls_range_redux.h:376->C:\scratch\2024.1\hls_product\545\2024.1\src\shared\hls\clib/hlsmath/include/FloatingPoint/hls_range_redux.h:467->C:\scratch\2024.1\hls_product\545\2024.1\src\shared\hls\clib/hlsmath/include/FloatingPoint\hls_hotbm.h:239]   --->   Operation 14 'add' 'add_ln376' <Predicate = true> <Delay = 0.76> <CoreInst = "Adder">   --->   Core 1 'Adder' <Latency = 0> <II = 1> <Delay = 0.76> <FuncUnit> <Opcode : 'add' 'sub'> <InPorts = 2> <OutPorts = 1>
ST_1 : Operation 15 [1/1] (0.39ns)   --->   "%addr = select i1 %closepath, i8 63, i8 %add_ln376" [C:\scratch\2024.1\hls_product\545\2024.1\src\shared\hls\clib/hlsmath/include/FloatingPoint/hls_range_redux.h:376->C:\scratch\2024.1\hls_product\545\2024.1\src\shared\hls\clib/hlsmath/include/FloatingPoint/hls_range_redux.h:467->C:\scratch\2024.1\hls_product\545\2024.1\src\shared\hls\clib/hlsmath/include/FloatingPoint\hls_hotbm.h:239]   --->   Operation 15 'select' 'addr' <Predicate = true> <Delay = 0.39> <CoreInst = "Sel">   --->   Core 73 'Sel' <Latency = 0> <II = 1> <Delay = 0.39> <FuncUnit> <Opcode : 'select'> <InPorts = 3> <OutPorts = 1>
ST_1 : Operation 16 [1/1] (0.00ns)   --->   "%lshr_ln = partselect i4 @_ssdm_op_PartSelect.i4.i8.i32.i32, i8 %addr, i32 4, i32 7" [C:\scratch\2024.1\hls_product\545\2024.1\src\shared\hls\clib/hlsmath/include/FloatingPoint/hls_range_redux.h:378->C:\scratch\2024.1\hls_product\545\2024.1\src\shared\hls\clib/hlsmath/include/FloatingPoint/hls_range_redux.h:467->C:\scratch\2024.1\hls_product\545\2024.1\src\shared\hls\clib/hlsmath/include/FloatingPoint\hls_hotbm.h:239]   --->   Operation 16 'partselect' 'lshr_ln' <Predicate = true> <Delay = 0.00>
ST_1 : Operation 17 [1/1] (0.00ns)   --->   "%zext_ln378 = zext i4 %lshr_ln" [C:\scratch\2024.1\hls_product\545\2024.1\src\shared\hls\clib/hlsmath/include/FloatingPoint/hls_range_redux.h:378->C:\scratch\2024.1\hls_product\545\2024.1\src\shared\hls\clib/hlsmath/include/FloatingPoint/hls_range_redux.h:467->C:\scratch\2024.1\hls_product\545\2024.1\src\shared\hls\clib/hlsmath/include/FloatingPoint\hls_hotbm.h:239]   --->   Operation 17 'zext' 'zext_ln378' <Predicate = true> <Delay = 0.00>
ST_1 : Operation 18 [1/1] (0.00ns)   --->   "%ref_4oPi_table_100_addr = getelementptr i100 %ref_4oPi_table_100, i64 0, i64 %zext_ln378" [C:\scratch\2024.1\hls_product\545\2024.1\src\shared\hls\clib/hlsmath/include/FloatingPoint/hls_range_redux.h:378->C:\scratch\2024.1\hls_product\545\2024.1\src\shared\hls\clib/hlsmath/include/FloatingPoint/hls_range_redux.h:467->C:\scratch\2024.1\hls_product\545\2024.1\src\shared\hls\clib/hlsmath/include/FloatingPoint\hls_hotbm.h:239]   --->   Operation 18 'getelementptr' 'ref_4oPi_table_100_addr' <Predicate = true> <Delay = 0.00>
ST_1 : Operation 19 [2/2] (0.67ns)   --->   "%table_100 = load i4 %ref_4oPi_table_100_addr" [C:\scratch\2024.1\hls_product\545\2024.1\src\shared\hls\clib/hlsmath/include/FloatingPoint/hls_range_redux.h:378->C:\scratch\2024.1\hls_product\545\2024.1\src\shared\hls\clib/hlsmath/include/FloatingPoint/hls_range_redux.h:467->C:\scratch\2024.1\hls_product\545\2024.1\src\shared\hls\clib/hlsmath/include/FloatingPoint\hls_hotbm.h:239]   --->   Operation 19 'load' 'table_100' <Predicate = true> <Delay = 0.67> <CoreInst = "ROM_1P_LUTRAM">   --->   Core 102 'ROM_1P_LUTRAM' <Latency = 1> <II = 1> <Delay = 0.67> <Storage> <Opcode : 'load'> <Ports = 1> <Width = 100> <Depth = 13> <ROM>
ST_1 : Operation 20 [1/1] (0.00ns)   --->   "%trunc_ln379 = trunc i8 %addr" [C:\scratch\2024.1\hls_product\545\2024.1\src\shared\hls\clib/hlsmath/include/FloatingPoint/hls_range_redux.h:379->C:\scratch\2024.1\hls_product\545\2024.1\src\shared\hls\clib/hlsmath/include/FloatingPoint/hls_range_redux.h:467->C:\scratch\2024.1\hls_product\545\2024.1\src\shared\hls\clib/hlsmath/include/FloatingPoint\hls_hotbm.h:239]   --->   Operation 20 'trunc' 'trunc_ln379' <Predicate = true> <Delay = 0.00>

State 2 <SV = 1> <Delay = 2.18>
ST_2 : Operation 21 [1/2] (0.67ns)   --->   "%table_100 = load i4 %ref_4oPi_table_100_addr" [C:\scratch\2024.1\hls_product\545\2024.1\src\shared\hls\clib/hlsmath/include/FloatingPoint/hls_range_redux.h:378->C:\scratch\2024.1\hls_product\545\2024.1\src\shared\hls\clib/hlsmath/include/FloatingPoint/hls_range_redux.h:467->C:\scratch\2024.1\hls_product\545\2024.1\src\shared\hls\clib/hlsmath/include/FloatingPoint\hls_hotbm.h:239]   --->   Operation 21 'load' 'table_100' <Predicate = true> <Delay = 0.67> <CoreInst = "ROM_1P_LUTRAM">   --->   Core 102 'ROM_1P_LUTRAM' <Latency = 1> <II = 1> <Delay = 0.67> <Storage> <Opcode : 'load'> <Ports = 1> <Width = 100> <Depth = 13> <ROM>
ST_2 : Operation 22 [1/1] (0.00ns)   --->   "%zext_ln379 = zext i4 %trunc_ln379" [C:\scratch\2024.1\hls_product\545\2024.1\src\shared\hls\clib/hlsmath/include/FloatingPoint/hls_range_redux.h:379->C:\scratch\2024.1\hls_product\545\2024.1\src\shared\hls\clib/hlsmath/include/FloatingPoint/hls_range_redux.h:467->C:\scratch\2024.1\hls_product\545\2024.1\src\shared\hls\clib/hlsmath/include/FloatingPoint\hls_hotbm.h:239]   --->   Operation 22 'zext' 'zext_ln379' <Predicate = true> <Delay = 0.00>
ST_2 : Operation 23 [1/1] (1.51ns)   --->   "%shl_ln379 = shl i100 %table_100, i100 %zext_ln379" [C:\scratch\2024.1\hls_product\545\2024.1\src\shared\hls\clib/hlsmath/include/FloatingPoint/hls_range_redux.h:379->C:\scratch\2024.1\hls_product\545\2024.1\src\shared\hls\clib/hlsmath/include/FloatingPoint/hls_range_redux.h:467->C:\scratch\2024.1\hls_product\545\2024.1\src\shared\hls\clib/hlsmath/include/FloatingPoint\hls_hotbm.h:239]   --->   Operation 23 'shl' 'shl_ln379' <Predicate = true> <Delay = 1.51> <CoreInst = "Shifter">   --->   Core 75 'Shifter' <Latency = 0> <II = 1> <Delay = 1.51> <FuncUnit> <Opcode : 'shl' 'lshr' 'ashr'> <InPorts = 2> <OutPorts = 1>
ST_2 : Operation 24 [1/1] (0.00ns)   --->   "%Med = partselect i80 @_ssdm_op_PartSelect.i80.i100.i32.i32, i100 %shl_ln379, i32 20, i32 99" [C:\scratch\2024.1\hls_product\545\2024.1\src\shared\hls\clib/hlsmath/include/FloatingPoint/hls_range_redux.h:379->C:\scratch\2024.1\hls_product\545\2024.1\src\shared\hls\clib/hlsmath/include/FloatingPoint/hls_range_redux.h:467->C:\scratch\2024.1\hls_product\545\2024.1\src\shared\hls\clib/hlsmath/include/FloatingPoint\hls_hotbm.h:239]   --->   Operation 24 'partselect' 'Med' <Predicate = true> <Delay = 0.00>

State 3 <SV = 2> <Delay = 5.20>
ST_3 : Operation 25 [1/1] (0.00ns)   --->   "%X = bitconcatenate i24 @_ssdm_op_BitConcatenate.i24.i1.i23, i1 1, i23 %din_sig" [C:\scratch\2024.1\hls_product\545\2024.1\src\shared\hls\clib/hlsmath/include/FloatingPoint/hls_range_redux.h:468->C:\scratch\2024.1\hls_product\545\2024.1\src\shared\hls\clib/hlsmath/include/FloatingPoint\hls_hotbm.h:239]   --->   Operation 25 'bitconcatenate' 'X' <Predicate = true> <Delay = 0.00>
ST_3 : Operation 26 [1/1] (0.00ns)   --->   "%zext_ln468 = zext i24 %X" [C:\scratch\2024.1\hls_product\545\2024.1\src\shared\hls\clib/hlsmath/include/FloatingPoint/hls_range_redux.h:468->C:\scratch\2024.1\hls_product\545\2024.1\src\shared\hls\clib/hlsmath/include/FloatingPoint\hls_hotbm.h:239]   --->   Operation 26 'zext' 'zext_ln468' <Predicate = true> <Delay = 0.00>
ST_3 : Operation 27 [1/1] (5.20ns)   --->   "%h = mul i80 %Med, i80 %zext_ln468" [C:\scratch\2024.1\hls_product\545\2024.1\src\shared\hls\clib/hlsmath/include/FloatingPoint/hls_range_redux.h:468->C:\scratch\2024.1\hls_product\545\2024.1\src\shared\hls\clib/hlsmath/include/FloatingPoint\hls_hotbm.h:239]   --->   Operation 27 'mul' 'h' <Predicate = true> <Delay = 5.20> <CoreInst = "Multiplier">   --->   Core 3 'Multiplier' <Latency = 0> <II = 1> <Delay = 5.20> <FuncUnit> <Opcode : 'mul'> <InPorts = 2> <OutPorts = 1>
ST_3 : Operation 28 [1/1] (0.00ns)   --->   "%Mx_bits = partselect i58 @_ssdm_op_PartSelect.i58.i80.i32.i32, i80 %h, i32 19, i32 76" [C:\scratch\2024.1\hls_product\545\2024.1\src\shared\hls\clib/hlsmath/include/FloatingPoint/hls_range_redux.h:483->C:\scratch\2024.1\hls_product\545\2024.1\src\shared\hls\clib/hlsmath/include/FloatingPoint\hls_hotbm.h:239]   --->   Operation 28 'partselect' 'Mx_bits' <Predicate = true> <Delay = 0.00>
ST_3 : Operation 29 [1/1] (0.00ns)   --->   "%k = partselect i3 @_ssdm_op_PartSelect.i3.i80.i32.i32, i80 %h, i32 77, i32 79" [C:\scratch\2024.1\hls_product\545\2024.1\src\shared\hls\clib/hlsmath/include/FloatingPoint/hls_range_redux.h:487->C:\scratch\2024.1\hls_product\545\2024.1\src\shared\hls\clib/hlsmath/include/FloatingPoint\hls_hotbm.h:239]   --->   Operation 29 'partselect' 'k' <Predicate = (!closepath)> <Delay = 0.00>
ST_3 : Operation 30 [1/1] (0.92ns)   --->   "%icmp_ln271_1 = icmp_eq  i23 %din_sig, i23 0" [C:\scratch\2024.1\hls_product\545\2024.1\src\shared\hls\clib/hlsmath/include/FloatingPoint\hls_hotbm.h:271]   --->   Operation 30 'icmp' 'icmp_ln271_1' <Predicate = true> <Delay = 0.92> <CoreInst = "Cmp">   --->   Core 9 'Cmp' <Latency = 0> <II = 1> <Delay = 0.92> <FuncUnit> <Opcode : 'seteq' 'setne' 'setle' 'setge' 'setlt' 'setgt'> <InPorts = 2> <OutPorts = 1>

State 4 <SV = 3> <Delay = 6.30>
ST_4 : Operation 31 [1/1] (0.76ns)   --->   "%Ex = add i8 %din_exp, i8 131" [C:\scratch\2024.1\hls_product\545\2024.1\src\shared\hls\clib/hlsmath/include/FloatingPoint/hls_range_redux.h:454->C:\scratch\2024.1\hls_product\545\2024.1\src\shared\hls\clib/hlsmath/include/FloatingPoint\hls_hotbm.h:239]   --->   Operation 31 'add' 'Ex' <Predicate = (closepath)> <Delay = 0.76> <CoreInst = "Adder">   --->   Core 1 'Adder' <Latency = 0> <II = 1> <Delay = 0.76> <FuncUnit> <Opcode : 'add' 'sub'> <InPorts = 2> <OutPorts = 1>
ST_4 : Operation 32 [1/1] (0.00ns) (grouped into LUT with out node Ex_1)   --->   "%select_ln453 = select i1 %closepath, i8 %Ex, i8 0" [C:\scratch\2024.1\hls_product\545\2024.1\src\shared\hls\clib/hlsmath/include/FloatingPoint/hls_range_redux.h:453->C:\scratch\2024.1\hls_product\545\2024.1\src\shared\hls\clib/hlsmath/include/FloatingPoint\hls_hotbm.h:239]   --->   Operation 32 'select' 'select_ln453' <Predicate = true> <Delay = 0.00> <CoreInst = "Sel">   --->   Core 73 'Sel' <Latency = 0> <II = 1> <Delay = 0.39> <FuncUnit> <Opcode : 'select'> <InPorts = 3> <OutPorts = 1>
ST_4 : Operation 33 [1/1] (0.20ns)   --->   "%k_1 = select i1 %closepath, i3 0, i3 %k" [C:\scratch\2024.1\hls_product\545\2024.1\src\shared\hls\clib/hlsmath/include/FloatingPoint/hls_range_redux.h:451->C:\scratch\2024.1\hls_product\545\2024.1\src\shared\hls\clib/hlsmath/include/FloatingPoint\hls_hotbm.h:239]   --->   Operation 33 'select' 'k_1' <Predicate = true> <Delay = 0.20> <CoreInst = "Sel">   --->   Core 73 'Sel' <Latency = 0> <II = 1> <Delay = 0.20> <FuncUnit> <Opcode : 'select'> <InPorts = 3> <OutPorts = 1>
ST_4 : Operation 34 [1/1] (0.00ns)   --->   "%trunc_ln491 = trunc i3 %k_1" [C:\scratch\2024.1\hls_product\545\2024.1\src\shared\hls\clib/hlsmath/include/FloatingPoint/hls_range_redux.h:491->C:\scratch\2024.1\hls_product\545\2024.1\src\shared\hls\clib/hlsmath/include/FloatingPoint\hls_hotbm.h:239]   --->   Operation 34 'trunc' 'trunc_ln491' <Predicate = true> <Delay = 0.00>
ST_4 : Operation 35 [1/1] (1.09ns)   --->   "%Mx_bits_1 = sub i58 0, i58 %Mx_bits" [C:\scratch\2024.1\hls_product\545\2024.1\src\shared\hls\clib/hlsmath/include/FloatingPoint/hls_range_redux.h:492->C:\scratch\2024.1\hls_product\545\2024.1\src\shared\hls\clib/hlsmath/include/FloatingPoint\hls_hotbm.h:239]   --->   Operation 35 'sub' 'Mx_bits_1' <Predicate = true> <Delay = 1.09> <CoreInst = "Adder">   --->   Core 1 'Adder' <Latency = 0> <II = 1> <Delay = 1.09> <FuncUnit> <Opcode : 'add' 'sub'> <InPorts = 2> <OutPorts = 1>
ST_4 : Operation 36 [1/1] (0.37ns)   --->   "%Mx_bits_2 = select i1 %trunc_ln491, i58 %Mx_bits_1, i58 %Mx_bits" [C:\scratch\2024.1\hls_product\545\2024.1\src\shared\hls\clib/hlsmath/include/FloatingPoint/hls_range_redux.h:491->C:\scratch\2024.1\hls_product\545\2024.1\src\shared\hls\clib/hlsmath/include/FloatingPoint\hls_hotbm.h:239]   --->   Operation 36 'select' 'Mx_bits_2' <Predicate = true> <Delay = 0.37> <CoreInst = "Sel">   --->   Core 73 'Sel' <Latency = 0> <II = 1> <Delay = 0.37> <FuncUnit> <Opcode : 'select'> <InPorts = 3> <OutPorts = 1>
ST_4 : Operation 37 [1/1] (0.00ns)   --->   "%tmp_2 = partselect i29 @_ssdm_op_PartSelect.i29.i58.i32.i32, i58 %Mx_bits_2, i32 29, i32 57" [C:\scratch\2024.1\hls_product\545\2024.1\src\shared\hls\clib/hlsmath/include/FloatingPoint/hls_normalize.h:72->C:\scratch\2024.1\hls_product\545\2024.1\src\shared\hls\clib/hlsmath/include/FloatingPoint/hls_range_redux.h:495->C:\scratch\2024.1\hls_product\545\2024.1\src\shared\hls\clib/hlsmath/include/FloatingPoint\hls_hotbm.h:239]   --->   Operation 37 'partselect' 'tmp_2' <Predicate = true> <Delay = 0.00>
ST_4 : Operation 38 [1/1] (0.00ns)   --->   "%t = bitconcatenate i30 @_ssdm_op_BitConcatenate.i30.i29.i1, i29 %tmp_2, i1 1" [C:\scratch\2024.1\hls_product\545\2024.1\src\shared\hls\clib/hlsmath/include/FloatingPoint/hls_normalize.h:73->C:\scratch\2024.1\hls_product\545\2024.1\src\shared\hls\clib/hlsmath/include/FloatingPoint/hls_range_redux.h:495->C:\scratch\2024.1\hls_product\545\2024.1\src\shared\hls\clib/hlsmath/include/FloatingPoint\hls_hotbm.h:239]   --->   Operation 38 'bitconcatenate' 't' <Predicate = true> <Delay = 0.00>
ST_4 : Operation 39 [1/1] (0.00ns)   --->   "%tmp_9 = partselect i30 @llvm.part.select.i30, i30 %t, i32 29, i32 0" [C:\scratch\2024.1\hls_product\545\2024.1\src\shared\hls\clib/hlsmath/include/FloatingPoint/hls_normalize.h:75->C:\scratch\2024.1\hls_product\545\2024.1\src\shared\hls\clib/hlsmath/include/FloatingPoint/hls_range_redux.h:495->C:\scratch\2024.1\hls_product\545\2024.1\src\shared\hls\clib/hlsmath/include/FloatingPoint\hls_hotbm.h:239]   --->   Operation 39 'partselect' 'tmp_9' <Predicate = true> <Delay = 0.00>
ST_4 : Operation 40 [1/1] (0.00ns)   --->   "%tmp_s = bitconcatenate i31 @_ssdm_op_BitConcatenate.i31.i1.i30, i1 1, i30 %tmp_9" [C:\scratch\2024.1\hls_product\545\2024.1\src\shared\hls\clib/hlsmath/include/FloatingPoint/hls_normalize.h:75->C:\scratch\2024.1\hls_product\545\2024.1\src\shared\hls\clib/hlsmath/include/FloatingPoint/hls_range_redux.h:495->C:\scratch\2024.1\hls_product\545\2024.1\src\shared\hls\clib/hlsmath/include/FloatingPoint\hls_hotbm.h:239]   --->   Operation 40 'bitconcatenate' 'tmp_s' <Predicate = true> <Delay = 0.00>
ST_4 : Operation 41 [1/1] (0.00ns)   --->   "%sext_ln75 = sext i31 %tmp_s" [C:\scratch\2024.1\hls_product\545\2024.1\src\shared\hls\clib/hlsmath/include/FloatingPoint/hls_normalize.h:75->C:\scratch\2024.1\hls_product\545\2024.1\src\shared\hls\clib/hlsmath/include/FloatingPoint/hls_range_redux.h:495->C:\scratch\2024.1\hls_product\545\2024.1\src\shared\hls\clib/hlsmath/include/FloatingPoint\hls_hotbm.h:239]   --->   Operation 41 'sext' 'sext_ln75' <Predicate = true> <Delay = 0.00>
ST_4 : Operation 42 [1/1] (0.56ns)   --->   "%tmp_1 = cttz i32 @llvm.cttz.i32, i32 %sext_ln75, i1 1" [C:\scratch\2024.1\hls_product\545\2024.1\src\shared\hls\clib/hlsmath/include/FloatingPoint/hls_normalize.h:75->C:\scratch\2024.1\hls_product\545\2024.1\src\shared\hls\clib/hlsmath/include/FloatingPoint/hls_range_redux.h:495->C:\scratch\2024.1\hls_product\545\2024.1\src\shared\hls\clib/hlsmath/include/FloatingPoint\hls_hotbm.h:239]   --->   Operation 42 'cttz' 'tmp_1' <Predicate = true> <Delay = 0.56> <CoreInst = "cttz">   --->   Core 145 'cttz' <Latency = 0> <II = 1> <Delay = 0.56> <FuncUnit> <Opcode : 'cttz'> <InPorts = 1> <OutPorts = 1>
ST_4 : Operation 43 [1/1] (0.00ns)   --->   "%Mx_zeros = trunc i32 %tmp_1" [C:\scratch\2024.1\hls_product\545\2024.1\src\shared\hls\clib/hlsmath/include/FloatingPoint/hls_range_redux.h:495->C:\scratch\2024.1\hls_product\545\2024.1\src\shared\hls\clib/hlsmath/include/FloatingPoint\hls_hotbm.h:239]   --->   Operation 43 'trunc' 'Mx_zeros' <Predicate = true> <Delay = 0.00>
ST_4 : Operation 44 [1/1] (0.00ns)   --->   "%zext_ln504 = zext i6 %Mx_zeros" [C:\scratch\2024.1\hls_product\545\2024.1\src\shared\hls\clib/hlsmath/include/FloatingPoint/hls_range_redux.h:504->C:\scratch\2024.1\hls_product\545\2024.1\src\shared\hls\clib/hlsmath/include/FloatingPoint\hls_hotbm.h:239]   --->   Operation 44 'zext' 'zext_ln504' <Predicate = true> <Delay = 0.00>
ST_4 : Operation 45 [1/1] (1.51ns)   --->   "%shl_ln504 = shl i58 %Mx_bits_2, i58 %zext_ln504" [C:\scratch\2024.1\hls_product\545\2024.1\src\shared\hls\clib/hlsmath/include/FloatingPoint/hls_range_redux.h:504->C:\scratch\2024.1\hls_product\545\2024.1\src\shared\hls\clib/hlsmath/include/FloatingPoint\hls_hotbm.h:239]   --->   Operation 45 'shl' 'shl_ln504' <Predicate = true> <Delay = 1.51> <CoreInst = "Shifter">   --->   Core 75 'Shifter' <Latency = 0> <II = 1> <Delay = 1.51> <FuncUnit> <Opcode : 'shl' 'lshr' 'ashr'> <InPorts = 2> <OutPorts = 1>
ST_4 : Operation 46 [1/1] (0.00ns)   --->   "%Mx = partselect i29 @_ssdm_op_PartSelect.i29.i58.i32.i32, i58 %shl_ln504, i32 29, i32 57" [C:\scratch\2024.1\hls_product\545\2024.1\src\shared\hls\clib/hlsmath/include/FloatingPoint/hls_range_redux.h:504->C:\scratch\2024.1\hls_product\545\2024.1\src\shared\hls\clib/hlsmath/include/FloatingPoint\hls_hotbm.h:239]   --->   Operation 46 'partselect' 'Mx' <Predicate = true> <Delay = 0.00>
ST_4 : Operation 47 [1/1] (0.00ns) (grouped into LUT with out node Ex_1)   --->   "%zext_ln505 = zext i6 %Mx_zeros" [C:\scratch\2024.1\hls_product\545\2024.1\src\shared\hls\clib/hlsmath/include/FloatingPoint/hls_range_redux.h:505->C:\scratch\2024.1\hls_product\545\2024.1\src\shared\hls\clib/hlsmath/include/FloatingPoint\hls_hotbm.h:239]   --->   Operation 47 'zext' 'zext_ln505' <Predicate = true> <Delay = 0.00>
ST_4 : Operation 48 [1/1] (0.76ns) (out node of the LUT)   --->   "%Ex_1 = sub i8 %select_ln453, i8 %zext_ln505" [C:\scratch\2024.1\hls_product\545\2024.1\src\shared\hls\clib/hlsmath/include/FloatingPoint/hls_range_redux.h:505->C:\scratch\2024.1\hls_product\545\2024.1\src\shared\hls\clib/hlsmath/include/FloatingPoint\hls_hotbm.h:239]   --->   Operation 48 'sub' 'Ex_1' <Predicate = true> <Delay = 0.76> <CoreInst = "Adder">   --->   Core 1 'Adder' <Latency = 0> <II = 1> <Delay = 0.76> <FuncUnit> <Opcode : 'add' 'sub'> <InPorts = 2> <OutPorts = 1>
ST_4 : Operation 49 [1/1] (0.00ns)   --->   "%tmp = bitselect i1 @_ssdm_op_BitSelect.i1.i8.i32, i8 %Ex_1, i32 7" [C:\scratch\2024.1\hls_product\545\2024.1\src\shared\hls\clib/hlsmath/include/FloatingPoint/hls_range_redux.h:506->C:\scratch\2024.1\hls_product\545\2024.1\src\shared\hls\clib/hlsmath/include/FloatingPoint\hls_hotbm.h:239]   --->   Operation 49 'bitselect' 'tmp' <Predicate = true> <Delay = 0.00>
ST_4 : Operation 50 [1/1] (0.76ns)   --->   "%sub_ln506 = sub i8 0, i8 %Ex_1" [C:\scratch\2024.1\hls_product\545\2024.1\src\shared\hls\clib/hlsmath/include/FloatingPoint/hls_range_redux.h:506->C:\scratch\2024.1\hls_product\545\2024.1\src\shared\hls\clib/hlsmath/include/FloatingPoint\hls_hotbm.h:239]   --->   Operation 50 'sub' 'sub_ln506' <Predicate = true> <Delay = 0.76> <CoreInst = "Adder">   --->   Core 1 'Adder' <Latency = 0> <II = 1> <Delay = 0.76> <FuncUnit> <Opcode : 'add' 'sub'> <InPorts = 2> <OutPorts = 1>
ST_4 : Operation 51 [1/1] (0.39ns)   --->   "%select_ln506 = select i1 %tmp, i8 %sub_ln506, i8 %Ex_1" [C:\scratch\2024.1\hls_product\545\2024.1\src\shared\hls\clib/hlsmath/include/FloatingPoint/hls_range_redux.h:506->C:\scratch\2024.1\hls_product\545\2024.1\src\shared\hls\clib/hlsmath/include/FloatingPoint\hls_hotbm.h:239]   --->   Operation 51 'select' 'select_ln506' <Predicate = true> <Delay = 0.39> <CoreInst = "Sel">   --->   Core 73 'Sel' <Latency = 0> <II = 1> <Delay = 0.39> <FuncUnit> <Opcode : 'select'> <InPorts = 3> <OutPorts = 1>
ST_4 : Operation 52 [1/1] (0.00ns)   --->   "%zext_ln506_1 = zext i8 %select_ln506" [C:\scratch\2024.1\hls_product\545\2024.1\src\shared\hls\clib/hlsmath/include/FloatingPoint/hls_range_redux.h:506->C:\scratch\2024.1\hls_product\545\2024.1\src\shared\hls\clib/hlsmath/include/FloatingPoint\hls_hotbm.h:239]   --->   Operation 52 'zext' 'zext_ln506_1' <Predicate = true> <Delay = 0.00>
ST_4 : Operation 53 [1/1] (0.00ns)   --->   "%zext_ln506 = zext i29 %Mx" [C:\scratch\2024.1\hls_product\545\2024.1\src\shared\hls\clib/hlsmath/include/FloatingPoint/hls_range_redux.h:506->C:\scratch\2024.1\hls_product\545\2024.1\src\shared\hls\clib/hlsmath/include/FloatingPoint\hls_hotbm.h:239]   --->   Operation 53 'zext' 'zext_ln506' <Predicate = true> <Delay = 0.00>
ST_4 : Operation 54 [1/1] (1.21ns)   --->   "%lshr_ln506 = lshr i32 %zext_ln506, i32 %zext_ln506_1" [C:\scratch\2024.1\hls_product\545\2024.1\src\shared\hls\clib/hlsmath/include/FloatingPoint/hls_range_redux.h:506->C:\scratch\2024.1\hls_product\545\2024.1\src\shared\hls\clib/hlsmath/include/FloatingPoint\hls_hotbm.h:239]   --->   Operation 54 'lshr' 'lshr_ln506' <Predicate = true> <Delay = 1.21> <CoreInst = "Shifter">   --->   Core 75 'Shifter' <Latency = 0> <II = 1> <Delay = 1.38> <FuncUnit> <Opcode : 'shl' 'lshr' 'ashr'> <InPorts = 2> <OutPorts = 1>
ST_4 : Operation 55 [1/1] (1.21ns)   --->   "%shl_ln506 = shl i32 %zext_ln506, i32 %zext_ln506_1" [C:\scratch\2024.1\hls_product\545\2024.1\src\shared\hls\clib/hlsmath/include/FloatingPoint/hls_range_redux.h:506->C:\scratch\2024.1\hls_product\545\2024.1\src\shared\hls\clib/hlsmath/include/FloatingPoint\hls_hotbm.h:239]   --->   Operation 55 'shl' 'shl_ln506' <Predicate = true> <Delay = 1.21> <CoreInst = "Shifter">   --->   Core 75 'Shifter' <Latency = 0> <II = 1> <Delay = 1.38> <FuncUnit> <Opcode : 'shl' 'lshr' 'ashr'> <InPorts = 2> <OutPorts = 1>
ST_4 : Operation 56 [1/1] (0.44ns)   --->   "%select_ln506_1 = select i1 %tmp, i32 %lshr_ln506, i32 %shl_ln506" [C:\scratch\2024.1\hls_product\545\2024.1\src\shared\hls\clib/hlsmath/include/FloatingPoint/hls_range_redux.h:506->C:\scratch\2024.1\hls_product\545\2024.1\src\shared\hls\clib/hlsmath/include/FloatingPoint\hls_hotbm.h:239]   --->   Operation 56 'select' 'select_ln506_1' <Predicate = true> <Delay = 0.44> <CoreInst = "Sel">   --->   Core 73 'Sel' <Latency = 0> <II = 1> <Delay = 0.44> <FuncUnit> <Opcode : 'select'> <InPorts = 3> <OutPorts = 1>
ST_4 : Operation 57 [1/1] (0.00ns)   --->   "%B = trunc i32 %select_ln506_1" [C:\scratch\2024.1\hls_product\545\2024.1\src\shared\hls\clib\hlsmath\src\common\hls_hotbm_float.cpp:21->C:\scratch\2024.1\hls_product\545\2024.1\src\shared\hls\clib/hlsmath/include/FloatingPoint\hls_hotbm.h:250]   --->   Operation 57 'trunc' 'B' <Predicate = true> <Delay = 0.00>
ST_4 : Operation 58 [1/1] (0.72ns)   --->   "%tmp_3 = sparsemux i1 @_ssdm_op_SparseMux.ap_auto.8i1.i1.i3, i3 0, i1 0, i3 1, i1 1, i3 2, i1 1, i3 3, i1 0, i3 4, i1 0, i3 5, i1 1, i3 6, i1 1, i3 7, i1 0, i1 0, i3 %k_1" [C:\scratch\2024.1\hls_product\545\2024.1\src\shared\hls\clib/hlsmath/include/FloatingPoint\hls_hotbm.h:242]   --->   Operation 58 'sparsemux' 'tmp_3' <Predicate = true> <Delay = 0.72> <CoreInst = "SparseMux">   --->   Core 144 'SparseMux' <Latency = 0> <II = 1> <Delay = 0.72> <FuncUnit> <Opcode : 'sparsemux'> <InPorts = 2> <OutPorts = 1>
ST_4 : Operation 59 [1/1] (0.28ns)   --->   "%xor_ln242 = xor i1 %tmp_3, i1 1" [C:\scratch\2024.1\hls_product\545\2024.1\src\shared\hls\clib/hlsmath/include/FloatingPoint\hls_hotbm.h:242]   --->   Operation 59 'xor' 'xor_ln242' <Predicate = true> <Delay = 0.28> <CoreInst = "LogicGate">   --->   Core 74 'LogicGate' <Latency = 0> <II = 1> <Delay = 0.28> <FuncUnit> <Opcode : 'and' 'or' 'xor'> <InPorts = 2> <OutPorts = 1>
ST_4 : Operation 60 [1/1] (0.17ns)   --->   "%cos_basis = select i1 %do_cos_read, i1 %xor_ln242, i1 %tmp_3" [C:\scratch\2024.1\hls_product\545\2024.1\src\shared\hls\clib/hlsmath/include/FloatingPoint\hls_hotbm.h:242]   --->   Operation 60 'select' 'cos_basis' <Predicate = true> <Delay = 0.17> <CoreInst = "Sel">   --->   Core 73 'Sel' <Latency = 0> <II = 1> <Delay = 0.17> <FuncUnit> <Opcode : 'select'> <InPorts = 3> <OutPorts = 1>
ST_4 : Operation 61 [1/1] (0.00ns)   --->   "%tmp_4 = partselect i7 @_ssdm_op_PartSelect.i7.i32.i32.i32, i32 %select_ln506_1, i32 22, i32 28" [C:\scratch\2024.1\hls_product\545\2024.1\src\shared\hls\clib\hlsmath\src\common\hls_hotbm_float.cpp:20->C:\scratch\2024.1\hls_product\545\2024.1\src\shared\hls\clib/hlsmath/include/FloatingPoint\hls_hotbm.h:250]   --->   Operation 61 'partselect' 'tmp_4' <Predicate = true> <Delay = 0.00>
ST_4 : Operation 62 [1/1] (0.00ns)   --->   "%B_trunc = partselect i15 @_ssdm_op_PartSelect.i15.i32.i32.i32, i32 %select_ln506_1, i32 7, i32 21" [C:\scratch\2024.1\hls_product\545\2024.1\src\shared\hls\clib\hlsmath\src\common\hls_hotbm_float.cpp:22->C:\scratch\2024.1\hls_product\545\2024.1\src\shared\hls\clib/hlsmath/include/FloatingPoint\hls_hotbm.h:250]   --->   Operation 62 'partselect' 'B_trunc' <Predicate = true> <Delay = 0.00>
ST_4 : Operation 63 [1/1] (0.17ns)   --->   "%sin_basis = select i1 %do_cos_read, i1 %tmp_3, i1 %xor_ln242" [C:\scratch\2024.1\hls_product\545\2024.1\src\shared\hls\clib\hlsmath\src\common\hls_hotbm_float.cpp:25->C:\scratch\2024.1\hls_product\545\2024.1\src\shared\hls\clib/hlsmath/include/FloatingPoint\hls_hotbm.h:250]   --->   Operation 63 'select' 'sin_basis' <Predicate = true> <Delay = 0.17> <CoreInst = "Sel">   --->   Core 73 'Sel' <Latency = 0> <II = 1> <Delay = 0.17> <FuncUnit> <Opcode : 'select'> <InPorts = 3> <OutPorts = 1>
ST_4 : Operation 64 [1/1] (0.00ns)   --->   "%A = bitconcatenate i8 @_ssdm_op_BitConcatenate.i8.i1.i7, i1 %sin_basis, i7 %tmp_4" [C:\scratch\2024.1\hls_product\545\2024.1\src\shared\hls\clib\hlsmath\src\common\hls_hotbm_float.cpp:26->C:\scratch\2024.1\hls_product\545\2024.1\src\shared\hls\clib/hlsmath/include/FloatingPoint\hls_hotbm.h:250]   --->   Operation 64 'bitconcatenate' 'A' <Predicate = true> <Delay = 0.00>
ST_4 : Operation 65 [1/1] (0.00ns)   --->   "%zext_ln28 = zext i8 %A" [C:\scratch\2024.1\hls_product\545\2024.1\src\shared\hls\clib\hlsmath\src\common\hls_hotbm_float.cpp:28->C:\scratch\2024.1\hls_product\545\2024.1\src\shared\hls\clib/hlsmath/include/FloatingPoint\hls_hotbm.h:250]   --->   Operation 65 'zext' 'zext_ln28' <Predicate = true> <Delay = 0.00>
ST_4 : Operation 66 [1/1] (0.00ns)   --->   "%second_order_float_sin_cos_K0_addr = getelementptr i30 %second_order_float_sin_cos_K0, i64 0, i64 %zext_ln28" [C:\scratch\2024.1\hls_product\545\2024.1\src\shared\hls\clib\hlsmath\src\common\hls_hotbm_float.cpp:28->C:\scratch\2024.1\hls_product\545\2024.1\src\shared\hls\clib/hlsmath/include/FloatingPoint\hls_hotbm.h:250]   --->   Operation 66 'getelementptr' 'second_order_float_sin_cos_K0_addr' <Predicate = true> <Delay = 0.00>
ST_4 : Operation 67 [2/2] (0.67ns)   --->   "%second_order_float_sin_cos_K0_load = load i8 %second_order_float_sin_cos_K0_addr" [C:\scratch\2024.1\hls_product\545\2024.1\src\shared\hls\clib\hlsmath\src\common\hls_hotbm_float.cpp:28->C:\scratch\2024.1\hls_product\545\2024.1\src\shared\hls\clib/hlsmath/include/FloatingPoint\hls_hotbm.h:250]   --->   Operation 67 'load' 'second_order_float_sin_cos_K0_load' <Predicate = true> <Delay = 0.67> <CoreInst = "ROM_1P_LUTRAM">   --->   Core 102 'ROM_1P_LUTRAM' <Latency = 1> <II = 1> <Delay = 0.67> <Storage> <Opcode : 'load'> <Ports = 1> <Width = 30> <Depth = 256> <ROM>
ST_4 : Operation 68 [1/1] (0.00ns)   --->   "%second_order_float_sin_cos_K1_addr = getelementptr i23 %second_order_float_sin_cos_K1, i64 0, i64 %zext_ln28" [C:\scratch\2024.1\hls_product\545\2024.1\src\shared\hls\clib\hlsmath\src\common\hls_hotbm_float.cpp:29->C:\scratch\2024.1\hls_product\545\2024.1\src\shared\hls\clib/hlsmath/include/FloatingPoint\hls_hotbm.h:250]   --->   Operation 68 'getelementptr' 'second_order_float_sin_cos_K1_addr' <Predicate = true> <Delay = 0.00>
ST_4 : Operation 69 [2/2] (0.67ns)   --->   "%second_order_float_sin_cos_K1_load = load i8 %second_order_float_sin_cos_K1_addr" [C:\scratch\2024.1\hls_product\545\2024.1\src\shared\hls\clib\hlsmath\src\common\hls_hotbm_float.cpp:29->C:\scratch\2024.1\hls_product\545\2024.1\src\shared\hls\clib/hlsmath/include/FloatingPoint\hls_hotbm.h:250]   --->   Operation 69 'load' 'second_order_float_sin_cos_K1_load' <Predicate = true> <Delay = 0.67> <CoreInst = "ROM_1P_LUTRAM">   --->   Core 102 'ROM_1P_LUTRAM' <Latency = 1> <II = 1> <Delay = 0.67> <Storage> <Opcode : 'load'> <Ports = 1> <Width = 23> <Depth = 256> <ROM>
ST_4 : Operation 70 [1/1] (0.00ns)   --->   "%second_order_float_sin_cos_K2_addr = getelementptr i15 %second_order_float_sin_cos_K2, i64 0, i64 %zext_ln28" [C:\scratch\2024.1\hls_product\545\2024.1\src\shared\hls\clib\hlsmath\src\common\hls_hotbm_float.cpp:30->C:\scratch\2024.1\hls_product\545\2024.1\src\shared\hls\clib/hlsmath/include/FloatingPoint\hls_hotbm.h:250]   --->   Operation 70 'getelementptr' 'second_order_float_sin_cos_K2_addr' <Predicate = true> <Delay = 0.00>
ST_4 : Operation 71 [2/2] (0.67ns)   --->   "%second_order_float_sin_cos_K2_load = load i8 %second_order_float_sin_cos_K2_addr" [C:\scratch\2024.1\hls_product\545\2024.1\src\shared\hls\clib\hlsmath\src\common\hls_hotbm_float.cpp:30->C:\scratch\2024.1\hls_product\545\2024.1\src\shared\hls\clib/hlsmath/include/FloatingPoint\hls_hotbm.h:250]   --->   Operation 71 'load' 'second_order_float_sin_cos_K2_load' <Predicate = true> <Delay = 0.67> <CoreInst = "ROM_1P_LUTRAM">   --->   Core 102 'ROM_1P_LUTRAM' <Latency = 1> <II = 1> <Delay = 0.67> <Storage> <Opcode : 'load'> <Ports = 1> <Width = 15> <Depth = 256> <ROM>
ST_4 : Operation 72 [1/1] (0.00ns)   --->   "%index = bitconcatenate i4 @_ssdm_op_BitConcatenate.i4.i1.i3, i1 %din_sign, i3 %k_1" [C:\scratch\2024.1\hls_product\545\2024.1\src\shared\hls\clib/hlsmath/include/FloatingPoint\hls_hotbm.h:266]   --->   Operation 72 'bitconcatenate' 'index' <Predicate = true> <Delay = 0.00>
ST_4 : Operation 73 [1/1] (0.00ns) (grouped into LUT with out node results_sign_4)   --->   "%tmp_12 = sparsemux i1 @_ssdm_op_SparseMux.ap_auto.16i1.i1.i4, i4 0, i1 0, i4 1, i1 0, i4 2, i1 0, i4 3, i1 1, i4 4, i1 1, i4 5, i1 1, i4 6, i1 1, i4 7, i1 0, i4 8, i1 0, i4 9, i1 1, i4 10, i1 1, i4 11, i1 1, i4 12, i1 1, i4 13, i1 0, i4 14, i1 0, i4 15, i1 0, i1 0, i4 %index" [C:\scratch\2024.1\hls_product\545\2024.1\src\shared\hls\clib/hlsmath/include/FloatingPoint\hls_hotbm.h:267]   --->   Operation 73 'sparsemux' 'tmp_12' <Predicate = true> <Delay = 0.00> <CoreInst = "SparseMux">   --->   Core 144 'SparseMux' <Latency = 0> <II = 1> <Delay = 0.48> <FuncUnit> <Opcode : 'sparsemux'> <InPorts = 2> <OutPorts = 1>
ST_4 : Operation 74 [1/1] (0.00ns) (grouped into LUT with out node results_sign_4)   --->   "%tmp_13 = sparsemux i1 @_ssdm_op_SparseMux.ap_auto.16i1.i1.i4, i4 0, i1 0, i4 1, i1 0, i4 2, i1 1, i4 3, i1 0, i4 4, i1 1, i4 5, i1 1, i4 6, i1 0, i4 7, i1 1, i4 8, i1 1, i4 9, i1 0, i4 10, i1 1, i4 11, i1 1, i4 12, i1 0, i4 13, i1 1, i4 14, i1 0, i4 15, i1 0, i1 0, i4 %index" [C:\scratch\2024.1\hls_product\545\2024.1\src\shared\hls\clib/hlsmath/include/FloatingPoint\hls_hotbm.h:267]   --->   Operation 74 'sparsemux' 'tmp_13' <Predicate = true> <Delay = 0.00> <CoreInst = "SparseMux">   --->   Core 144 'SparseMux' <Latency = 0> <II = 1> <Delay = 0.48> <FuncUnit> <Opcode : 'sparsemux'> <InPorts = 2> <OutPorts = 1>
ST_4 : Operation 75 [1/1] (0.00ns) (grouped into LUT with out node results_sign_4)   --->   "%results_sign = select i1 %cos_basis, i1 %tmp_12, i1 %tmp_13" [C:\scratch\2024.1\hls_product\545\2024.1\src\shared\hls\clib/hlsmath/include/FloatingPoint\hls_hotbm.h:242]   --->   Operation 75 'select' 'results_sign' <Predicate = true> <Delay = 0.00> <CoreInst = "Sel">   --->   Core 73 'Sel' <Latency = 0> <II = 1> <Delay = 0.17> <FuncUnit> <Opcode : 'select'> <InPorts = 3> <OutPorts = 1>
ST_4 : Operation 76 [1/1] (0.76ns)   --->   "%icmp_ln271 = icmp_eq  i8 %din_exp, i8 0" [C:\scratch\2024.1\hls_product\545\2024.1\src\shared\hls\clib/hlsmath/include/FloatingPoint\hls_hotbm.h:271]   --->   Operation 76 'icmp' 'icmp_ln271' <Predicate = true> <Delay = 0.76> <CoreInst = "Cmp">   --->   Core 9 'Cmp' <Latency = 0> <II = 1> <Delay = 0.76> <FuncUnit> <Opcode : 'seteq' 'setne' 'setle' 'setge' 'setlt' 'setgt'> <InPorts = 2> <OutPorts = 1>
ST_4 : Operation 77 [1/1] (0.28ns)   --->   "%and_ln271 = and i1 %icmp_ln271, i1 %icmp_ln271_1" [C:\scratch\2024.1\hls_product\545\2024.1\src\shared\hls\clib/hlsmath/include/FloatingPoint\hls_hotbm.h:271]   --->   Operation 77 'and' 'and_ln271' <Predicate = true> <Delay = 0.28> <CoreInst = "LogicGate">   --->   Core 74 'LogicGate' <Latency = 0> <II = 1> <Delay = 0.28> <FuncUnit> <Opcode : 'and' 'or' 'xor'> <InPorts = 2> <OutPorts = 1>
ST_4 : Operation 78 [1/1] (0.00ns) (grouped into LUT with out node results_sign_3)   --->   "%xor_ln278 = xor i1 %do_cos_read, i1 1" [C:\scratch\2024.1\hls_product\545\2024.1\src\shared\hls\clib/hlsmath/include/FloatingPoint\hls_hotbm.h:278]   --->   Operation 78 'xor' 'xor_ln278' <Predicate = true> <Delay = 0.00> <CoreInst = "LogicGate">   --->   Core 74 'LogicGate' <Latency = 0> <II = 1> <Delay = 0.28> <FuncUnit> <Opcode : 'and' 'or' 'xor'> <InPorts = 2> <OutPorts = 1>
ST_4 : Operation 79 [1/1] (0.00ns) (grouped into LUT with out node results_sign_3)   --->   "%results_sign_2 = and i1 %din_sign, i1 %xor_ln278" [C:\scratch\2024.1\hls_product\545\2024.1\src\shared\hls\clib/hlsmath/include/FloatingPoint\hls_hotbm.h:278]   --->   Operation 79 'and' 'results_sign_2' <Predicate = true> <Delay = 0.00> <CoreInst = "LogicGate">   --->   Core 74 'LogicGate' <Latency = 0> <II = 1> <Delay = 0.28> <FuncUnit> <Opcode : 'and' 'or' 'xor'> <InPorts = 2> <OutPorts = 1>
ST_4 : Operation 80 [1/1] (0.76ns)   --->   "%icmp_ln282 = icmp_eq  i8 %din_exp, i8 255" [C:\scratch\2024.1\hls_product\545\2024.1\src\shared\hls\clib/hlsmath/include/FloatingPoint\hls_hotbm.h:282]   --->   Operation 80 'icmp' 'icmp_ln282' <Predicate = true> <Delay = 0.76> <CoreInst = "Cmp">   --->   Core 9 'Cmp' <Latency = 0> <II = 1> <Delay = 0.76> <FuncUnit> <Opcode : 'seteq' 'setne' 'setle' 'setge' 'setlt' 'setgt'> <InPorts = 2> <OutPorts = 1>
ST_4 : Operation 81 [1/1] (0.00ns) (grouped into LUT with out node results_sign_4)   --->   "%xor_ln282 = xor i1 %icmp_ln282, i1 1" [C:\scratch\2024.1\hls_product\545\2024.1\src\shared\hls\clib/hlsmath/include/FloatingPoint\hls_hotbm.h:282]   --->   Operation 81 'xor' 'xor_ln282' <Predicate = true> <Delay = 0.00> <CoreInst = "LogicGate">   --->   Core 74 'LogicGate' <Latency = 0> <II = 1> <Delay = 0.28> <FuncUnit> <Opcode : 'and' 'or' 'xor'> <InPorts = 2> <OutPorts = 1>
ST_4 : Operation 82 [1/1] (0.48ns) (out node of the LUT)   --->   "%results_sign_4 = and i1 %results_sign, i1 %xor_ln282" [C:\scratch\2024.1\hls_product\545\2024.1\src\shared\hls\clib/hlsmath/include/FloatingPoint\hls_hotbm.h:282]   --->   Operation 82 'and' 'results_sign_4' <Predicate = true> <Delay = 0.48> <CoreInst = "LogicGate">   --->   Core 74 'LogicGate' <Latency = 0> <II = 1> <Delay = 0.28> <FuncUnit> <Opcode : 'and' 'or' 'xor'> <InPorts = 2> <OutPorts = 1>
ST_4 : Operation 83 [1/1] (0.28ns) (out node of the LUT)   --->   "%results_sign_3 = select i1 %and_ln271, i1 %results_sign_2, i1 %results_sign_4" [C:\scratch\2024.1\hls_product\545\2024.1\src\shared\hls\clib/hlsmath/include/FloatingPoint\hls_hotbm.h:271]   --->   Operation 83 'select' 'results_sign_3' <Predicate = true> <Delay = 0.28> <CoreInst = "Sel">   --->   Core 73 'Sel' <Latency = 0> <II = 1> <Delay = 0.17> <FuncUnit> <Opcode : 'select'> <InPorts = 3> <OutPorts = 1>

State 5 <SV = 4> <Delay = 5.38>
ST_5 : Operation 84 [1/1] (0.35ns)   --->   "%Mx_1 = select i1 %cos_basis, i29 536870911, i29 %Mx" [C:\scratch\2024.1\hls_product\545\2024.1\src\shared\hls\clib/hlsmath/include/FloatingPoint\hls_hotbm.h:243]   --->   Operation 84 'select' 'Mx_1' <Predicate = true> <Delay = 0.35> <CoreInst = "Sel">   --->   Core 73 'Sel' <Latency = 0> <II = 1> <Delay = 0.35> <FuncUnit> <Opcode : 'select'> <InPorts = 3> <OutPorts = 1>
ST_5 : Operation 85 [1/1] (0.00ns)   --->   "%zext_ln23 = zext i15 %B_trunc" [C:\scratch\2024.1\hls_product\545\2024.1\src\shared\hls\clib\hlsmath\src\common\hls_hotbm_float.cpp:23->C:\scratch\2024.1\hls_product\545\2024.1\src\shared\hls\clib/hlsmath/include/FloatingPoint\hls_hotbm.h:250]   --->   Operation 85 'zext' 'zext_ln23' <Predicate = true> <Delay = 0.00>
ST_5 : Operation 86 [1/1] (2.33ns)   --->   "%mul_ln23 = mul i30 %zext_ln23, i30 %zext_ln23" [C:\scratch\2024.1\hls_product\545\2024.1\src\shared\hls\clib\hlsmath\src\common\hls_hotbm_float.cpp:23->C:\scratch\2024.1\hls_product\545\2024.1\src\shared\hls\clib/hlsmath/include/FloatingPoint\hls_hotbm.h:250]   --->   Operation 86 'mul' 'mul_ln23' <Predicate = true> <Delay = 2.33> <CoreInst = "Multiplier">   --->   Core 3 'Multiplier' <Latency = 0> <II = 1> <Delay = 2.33> <FuncUnit> <Opcode : 'mul'> <InPorts = 2> <OutPorts = 1>
ST_5 : Operation 87 [1/1] (0.00ns)   --->   "%B_squared = partselect i15 @_ssdm_op_PartSelect.i15.i30.i32.i32, i30 %mul_ln23, i32 15, i32 29" [C:\scratch\2024.1\hls_product\545\2024.1\src\shared\hls\clib\hlsmath\src\common\hls_hotbm_float.cpp:23->C:\scratch\2024.1\hls_product\545\2024.1\src\shared\hls\clib/hlsmath/include/FloatingPoint\hls_hotbm.h:250]   --->   Operation 87 'partselect' 'B_squared' <Predicate = true> <Delay = 0.00>
ST_5 : Operation 88 [1/1] (0.00ns)   --->   "%zext_ln23_1 = zext i15 %B_squared" [C:\scratch\2024.1\hls_product\545\2024.1\src\shared\hls\clib\hlsmath\src\common\hls_hotbm_float.cpp:23->C:\scratch\2024.1\hls_product\545\2024.1\src\shared\hls\clib/hlsmath/include/FloatingPoint\hls_hotbm.h:250]   --->   Operation 88 'zext' 'zext_ln23_1' <Predicate = true> <Delay = 0.00>
ST_5 : Operation 89 [1/2] (0.67ns)   --->   "%second_order_float_sin_cos_K0_load = load i8 %second_order_float_sin_cos_K0_addr" [C:\scratch\2024.1\hls_product\545\2024.1\src\shared\hls\clib\hlsmath\src\common\hls_hotbm_float.cpp:28->C:\scratch\2024.1\hls_product\545\2024.1\src\shared\hls\clib/hlsmath/include/FloatingPoint\hls_hotbm.h:250]   --->   Operation 89 'load' 'second_order_float_sin_cos_K0_load' <Predicate = true> <Delay = 0.67> <CoreInst = "ROM_1P_LUTRAM">   --->   Core 102 'ROM_1P_LUTRAM' <Latency = 1> <II = 1> <Delay = 0.67> <Storage> <Opcode : 'load'> <Ports = 1> <Width = 30> <Depth = 256> <ROM>
ST_5 : Operation 90 [1/1] (0.00ns)   --->   "%t1 = partselect i29 @_ssdm_op_PartSelect.i29.i30.i32.i32, i30 %second_order_float_sin_cos_K0_load, i32 1, i32 29" [C:\scratch\2024.1\hls_product\545\2024.1\src\shared\hls\clib\hlsmath\src\common\hls_hotbm_float.cpp:28->C:\scratch\2024.1\hls_product\545\2024.1\src\shared\hls\clib/hlsmath/include/FloatingPoint\hls_hotbm.h:250]   --->   Operation 90 'partselect' 't1' <Predicate = true> <Delay = 0.00>
ST_5 : Operation 91 [1/1] (0.00ns)   --->   "%zext_ln29 = zext i22 %B" [C:\scratch\2024.1\hls_product\545\2024.1\src\shared\hls\clib\hlsmath\src\common\hls_hotbm_float.cpp:29->C:\scratch\2024.1\hls_product\545\2024.1\src\shared\hls\clib/hlsmath/include/FloatingPoint\hls_hotbm.h:250]   --->   Operation 91 'zext' 'zext_ln29' <Predicate = true> <Delay = 0.00>
ST_5 : Operation 92 [1/2] (0.67ns)   --->   "%second_order_float_sin_cos_K1_load = load i8 %second_order_float_sin_cos_K1_addr" [C:\scratch\2024.1\hls_product\545\2024.1\src\shared\hls\clib\hlsmath\src\common\hls_hotbm_float.cpp:29->C:\scratch\2024.1\hls_product\545\2024.1\src\shared\hls\clib/hlsmath/include/FloatingPoint\hls_hotbm.h:250]   --->   Operation 92 'load' 'second_order_float_sin_cos_K1_load' <Predicate = true> <Delay = 0.67> <CoreInst = "ROM_1P_LUTRAM">   --->   Core 102 'ROM_1P_LUTRAM' <Latency = 1> <II = 1> <Delay = 0.67> <Storage> <Opcode : 'load'> <Ports = 1> <Width = 23> <Depth = 256> <ROM>
ST_5 : Operation 93 [1/1] (0.00ns)   --->   "%sext_ln29 = sext i23 %second_order_float_sin_cos_K1_load" [C:\scratch\2024.1\hls_product\545\2024.1\src\shared\hls\clib\hlsmath\src\common\hls_hotbm_float.cpp:29->C:\scratch\2024.1\hls_product\545\2024.1\src\shared\hls\clib/hlsmath/include/FloatingPoint\hls_hotbm.h:250]   --->   Operation 93 'sext' 'sext_ln29' <Predicate = true> <Delay = 0.00>
ST_5 : Operation 94 [1/1] (2.83ns)   --->   "%mul_ln29 = mul i45 %sext_ln29, i45 %zext_ln29" [C:\scratch\2024.1\hls_product\545\2024.1\src\shared\hls\clib\hlsmath\src\common\hls_hotbm_float.cpp:29->C:\scratch\2024.1\hls_product\545\2024.1\src\shared\hls\clib/hlsmath/include/FloatingPoint\hls_hotbm.h:250]   --->   Operation 94 'mul' 'mul_ln29' <Predicate = true> <Delay = 2.83> <CoreInst = "Multiplier">   --->   Core 3 'Multiplier' <Latency = 0> <II = 1> <Delay = 2.83> <FuncUnit> <Opcode : 'mul'> <InPorts = 2> <OutPorts = 1>
ST_5 : Operation 95 [1/1] (0.00ns)   --->   "%trunc_ln = partselect i22 @_ssdm_op_PartSelect.i22.i45.i32.i32, i45 %mul_ln29, i32 23, i32 44" [C:\scratch\2024.1\hls_product\545\2024.1\src\shared\hls\clib\hlsmath\src\common\hls_hotbm_float.cpp:29->C:\scratch\2024.1\hls_product\545\2024.1\src\shared\hls\clib/hlsmath/include/FloatingPoint\hls_hotbm.h:250]   --->   Operation 95 'partselect' 'trunc_ln' <Predicate = true> <Delay = 0.00>
ST_5 : Operation 96 [1/2] (0.67ns)   --->   "%second_order_float_sin_cos_K2_load = load i8 %second_order_float_sin_cos_K2_addr" [C:\scratch\2024.1\hls_product\545\2024.1\src\shared\hls\clib\hlsmath\src\common\hls_hotbm_float.cpp:30->C:\scratch\2024.1\hls_product\545\2024.1\src\shared\hls\clib/hlsmath/include/FloatingPoint\hls_hotbm.h:250]   --->   Operation 96 'load' 'second_order_float_sin_cos_K2_load' <Predicate = true> <Delay = 0.67> <CoreInst = "ROM_1P_LUTRAM">   --->   Core 102 'ROM_1P_LUTRAM' <Latency = 1> <II = 1> <Delay = 0.67> <Storage> <Opcode : 'load'> <Ports = 1> <Width = 15> <Depth = 256> <ROM>
ST_5 : Operation 97 [1/1] (0.00ns)   --->   "%sext_ln30 = sext i15 %second_order_float_sin_cos_K2_load" [C:\scratch\2024.1\hls_product\545\2024.1\src\shared\hls\clib\hlsmath\src\common\hls_hotbm_float.cpp:30->C:\scratch\2024.1\hls_product\545\2024.1\src\shared\hls\clib/hlsmath/include/FloatingPoint\hls_hotbm.h:250]   --->   Operation 97 'sext' 'sext_ln30' <Predicate = true> <Delay = 0.00>
ST_5 : Operation 98 [1/1] (2.33ns)   --->   "%mul_ln30 = mul i30 %zext_ln23_1, i30 %sext_ln30" [C:\scratch\2024.1\hls_product\545\2024.1\src\shared\hls\clib\hlsmath\src\common\hls_hotbm_float.cpp:30->C:\scratch\2024.1\hls_product\545\2024.1\src\shared\hls\clib/hlsmath/include/FloatingPoint\hls_hotbm.h:250]   --->   Operation 98 'mul' 'mul_ln30' <Predicate = true> <Delay = 2.33> <CoreInst = "Multiplier">   --->   Core 3 'Multiplier' <Latency = 0> <II = 1> <Delay = 2.33> <FuncUnit> <Opcode : 'mul'> <InPorts = 2> <OutPorts = 1>
ST_5 : Operation 99 [1/1] (0.00ns)   --->   "%trunc_ln1 = partselect i14 @_ssdm_op_PartSelect.i14.i30.i32.i32, i30 %mul_ln30, i32 16, i32 29" [C:\scratch\2024.1\hls_product\545\2024.1\src\shared\hls\clib\hlsmath\src\common\hls_hotbm_float.cpp:30->C:\scratch\2024.1\hls_product\545\2024.1\src\shared\hls\clib/hlsmath/include/FloatingPoint\hls_hotbm.h:250]   --->   Operation 99 'partselect' 'trunc_ln1' <Predicate = true> <Delay = 0.00>
ST_5 : Operation 100 [1/1] (0.00ns)   --->   "%sext_ln32 = sext i29 %t1" [C:\scratch\2024.1\hls_product\545\2024.1\src\shared\hls\clib\hlsmath\src\common\hls_hotbm_float.cpp:32->C:\scratch\2024.1\hls_product\545\2024.1\src\shared\hls\clib/hlsmath/include/FloatingPoint\hls_hotbm.h:250]   --->   Operation 100 'sext' 'sext_ln32' <Predicate = true> <Delay = 0.00>
ST_5 : Operation 101 [1/1] (0.00ns)   --->   "%sext_ln32_1 = sext i22 %trunc_ln" [C:\scratch\2024.1\hls_product\545\2024.1\src\shared\hls\clib\hlsmath\src\common\hls_hotbm_float.cpp:32->C:\scratch\2024.1\hls_product\545\2024.1\src\shared\hls\clib/hlsmath/include/FloatingPoint\hls_hotbm.h:250]   --->   Operation 101 'sext' 'sext_ln32_1' <Predicate = true> <Delay = 0.00>
ST_5 : Operation 102 [1/1] (0.00ns) (grouped into TernaryAdder)   --->   "%add_ln32 = add i30 %sext_ln32, i30 %sext_ln32_1" [C:\scratch\2024.1\hls_product\545\2024.1\src\shared\hls\clib\hlsmath\src\common\hls_hotbm_float.cpp:32->C:\scratch\2024.1\hls_product\545\2024.1\src\shared\hls\clib/hlsmath/include/FloatingPoint\hls_hotbm.h:250]   --->   Operation 102 'add' 'add_ln32' <Predicate = true> <Delay = 0.00> <CoreInst = "TAddSub">   --->   Core 10 'TAddSub' <Latency = 0> <II = 1> <Delay = 0.36> <IPBlock> <Opcode : '' 'add' 'sub'> <InPorts = 3> <OutPorts = 1> <Sync> <CReg>
ST_5 : Operation 103 [1/1] (0.00ns)   --->   "%sext_ln32_2 = sext i14 %trunc_ln1" [C:\scratch\2024.1\hls_product\545\2024.1\src\shared\hls\clib\hlsmath\src\common\hls_hotbm_float.cpp:32->C:\scratch\2024.1\hls_product\545\2024.1\src\shared\hls\clib/hlsmath/include/FloatingPoint\hls_hotbm.h:250]   --->   Operation 103 'sext' 'sext_ln32_2' <Predicate = true> <Delay = 0.00>
ST_5 : Operation 104 [1/1] (0.72ns) (root node of TernaryAdder)   --->   "%add_ln32_1 = add i30 %add_ln32, i30 %sext_ln32_2" [C:\scratch\2024.1\hls_product\545\2024.1\src\shared\hls\clib\hlsmath\src\common\hls_hotbm_float.cpp:32->C:\scratch\2024.1\hls_product\545\2024.1\src\shared\hls\clib/hlsmath/include/FloatingPoint\hls_hotbm.h:250]   --->   Operation 104 'add' 'add_ln32_1' <Predicate = true> <Delay = 0.72> <CoreInst = "TAddSub">   --->   Core 10 'TAddSub' <Latency = 0> <II = 1> <Delay = 0.36> <IPBlock> <Opcode : '' 'add' 'sub'> <InPorts = 3> <OutPorts = 1> <Sync> <CReg>

State 6 <SV = 5> <Delay = 7.00>
ST_6 : Operation 105 [1/1] (0.00ns)   --->   "%specmemcore_ln375 = specmemcore void @_ssdm_op_SpecMemCore, i100 %ref_4oPi_table_100, i64 666, i64 34, i64 18446744073709551615" [C:\scratch\2024.1\hls_product\545\2024.1\src\shared\hls\clib/hlsmath/include/FloatingPoint/hls_range_redux.h:375->C:\scratch\2024.1\hls_product\545\2024.1\src\shared\hls\clib/hlsmath/include/FloatingPoint/hls_range_redux.h:467->C:\scratch\2024.1\hls_product\545\2024.1\src\shared\hls\clib/hlsmath/include/FloatingPoint\hls_hotbm.h:239]   --->   Operation 105 'specmemcore' 'specmemcore_ln375' <Predicate = true> <Delay = 0.00>
ST_6 : Operation 106 [1/1] (0.00ns) (grouped into LUT with out node add_ln300)   --->   "%Ex_2 = select i1 %cos_basis, i8 0, i8 %Ex_1" [C:\scratch\2024.1\hls_product\545\2024.1\src\shared\hls\clib/hlsmath/include/FloatingPoint\hls_hotbm.h:243]   --->   Operation 106 'select' 'Ex_2' <Predicate = true> <Delay = 0.00> <CoreInst = "Sel">   --->   Core 73 'Sel' <Latency = 0> <II = 1> <Delay = 0.39> <FuncUnit> <Opcode : 'select'> <InPorts = 3> <OutPorts = 1>
ST_6 : Operation 107 [1/1] (0.00ns)   --->   "%specmemcore_ln16 = specmemcore void @_ssdm_op_SpecMemCore, i30 %second_order_float_sin_cos_K0, i64 666, i64 34, i64 18446744073709551615" [C:\scratch\2024.1\hls_product\545\2024.1\src\shared\hls\clib\hlsmath\src\common\hls_hotbm_float.cpp:16->C:\scratch\2024.1\hls_product\545\2024.1\src\shared\hls\clib/hlsmath/include/FloatingPoint\hls_hotbm.h:250]   --->   Operation 107 'specmemcore' 'specmemcore_ln16' <Predicate = true> <Delay = 0.00>
ST_6 : Operation 108 [1/1] (0.00ns)   --->   "%specmemcore_ln17 = specmemcore void @_ssdm_op_SpecMemCore, i23 %second_order_float_sin_cos_K1, i64 666, i64 34, i64 18446744073709551615" [C:\scratch\2024.1\hls_product\545\2024.1\src\shared\hls\clib\hlsmath\src\common\hls_hotbm_float.cpp:17->C:\scratch\2024.1\hls_product\545\2024.1\src\shared\hls\clib/hlsmath/include/FloatingPoint\hls_hotbm.h:250]   --->   Operation 108 'specmemcore' 'specmemcore_ln17' <Predicate = true> <Delay = 0.00>
ST_6 : Operation 109 [1/1] (0.00ns)   --->   "%specmemcore_ln18 = specmemcore void @_ssdm_op_SpecMemCore, i15 %second_order_float_sin_cos_K2, i64 666, i64 34, i64 18446744073709551615" [C:\scratch\2024.1\hls_product\545\2024.1\src\shared\hls\clib\hlsmath\src\common\hls_hotbm_float.cpp:18->C:\scratch\2024.1\hls_product\545\2024.1\src\shared\hls\clib/hlsmath/include/FloatingPoint\hls_hotbm.h:250]   --->   Operation 109 'specmemcore' 'specmemcore_ln18' <Predicate = true> <Delay = 0.00>
ST_6 : Operation 110 [1/1] (0.00ns)   --->   "%sext_ln32_3 = sext i30 %add_ln32_1" [C:\scratch\2024.1\hls_product\545\2024.1\src\shared\hls\clib\hlsmath\src\common\hls_hotbm_float.cpp:32->C:\scratch\2024.1\hls_product\545\2024.1\src\shared\hls\clib/hlsmath/include/FloatingPoint\hls_hotbm.h:250]   --->   Operation 110 'sext' 'sext_ln32_3' <Predicate = true> <Delay = 0.00>
ST_6 : Operation 111 [1/1] (0.00ns)   --->   "%zext_ln32 = zext i29 %Mx_1" [C:\scratch\2024.1\hls_product\545\2024.1\src\shared\hls\clib\hlsmath\src\common\hls_hotbm_float.cpp:32->C:\scratch\2024.1\hls_product\545\2024.1\src\shared\hls\clib/hlsmath/include/FloatingPoint\hls_hotbm.h:250]   --->   Operation 111 'zext' 'zext_ln32' <Predicate = true> <Delay = 0.00>
ST_6 : Operation 112 [1/1] (3.32ns)   --->   "%mul_ln32 = mul i58 %sext_ln32_3, i58 %zext_ln32" [C:\scratch\2024.1\hls_product\545\2024.1\src\shared\hls\clib\hlsmath\src\common\hls_hotbm_float.cpp:32->C:\scratch\2024.1\hls_product\545\2024.1\src\shared\hls\clib/hlsmath/include/FloatingPoint\hls_hotbm.h:250]   --->   Operation 112 'mul' 'mul_ln32' <Predicate = true> <Delay = 3.32> <CoreInst = "Multiplier">   --->   Core 3 'Multiplier' <Latency = 0> <II = 1> <Delay = 3.32> <FuncUnit> <Opcode : 'mul'> <InPorts = 2> <OutPorts = 1>
ST_6 : Operation 113 [1/1] (0.00ns)   --->   "%result = partselect i29 @_ssdm_op_PartSelect.i29.i58.i32.i32, i58 %mul_ln32, i32 29, i32 57" [C:\scratch\2024.1\hls_product\545\2024.1\src\shared\hls\clib\hlsmath\src\common\hls_hotbm_float.cpp:32->C:\scratch\2024.1\hls_product\545\2024.1\src\shared\hls\clib/hlsmath/include/FloatingPoint\hls_hotbm.h:250]   --->   Operation 113 'partselect' 'result' <Predicate = true> <Delay = 0.00>
ST_6 : Operation 114 [1/1] (0.00ns) (grouped into LUT with out node add_ln300)   --->   "%sext_ln252 = sext i8 %Ex_2" [C:\scratch\2024.1\hls_product\545\2024.1\src\shared\hls\clib/hlsmath/include/FloatingPoint\hls_hotbm.h:252]   --->   Operation 114 'sext' 'sext_ln252' <Predicate = true> <Delay = 0.00>
ST_6 : Operation 115 [1/1] (0.00ns)   --->   "%tmp_8 = partselect i16 @_ssdm_op_PartSelect.i16.i58.i32.i32, i58 %mul_ln32, i32 42, i32 57" [C:\scratch\2024.1\hls_product\545\2024.1\src\shared\hls\clib/src/hls\utils/x_hls_float_utils.h:271->C:\scratch\2024.1\hls_product\545\2024.1\src\shared\hls\clib/hlsmath/include/FloatingPoint\hls_hotbm.h:252]   --->   Operation 115 'partselect' 'tmp_8' <Predicate = true> <Delay = 0.00>
ST_6 : Operation 116 [1/1] (0.00ns)   --->   "%out_bits = bitconcatenate i32 @_ssdm_op_BitConcatenate.i32.i16.i16, i16 %tmp_8, i16 32768" [C:\scratch\2024.1\hls_product\545\2024.1\src\shared\hls\clib/src/hls\utils/x_hls_float_utils.h:273->C:\scratch\2024.1\hls_product\545\2024.1\src\shared\hls\clib/hlsmath/include/FloatingPoint\hls_hotbm.h:252]   --->   Operation 116 'bitconcatenate' 'out_bits' <Predicate = true> <Delay = 0.00>
ST_6 : Operation 117 [1/1] (0.00ns)   --->   "%tmp_5 = partselect i13 @_ssdm_op_PartSelect.i13.i58.i32.i32, i58 %mul_ln32, i32 29, i32 41" [C:\scratch\2024.1\hls_product\545\2024.1\src\shared\hls\clib/src/hls\utils/x_hls_float_utils.h:276->C:\scratch\2024.1\hls_product\545\2024.1\src\shared\hls\clib/hlsmath/include/FloatingPoint\hls_hotbm.h:252]   --->   Operation 117 'partselect' 'tmp_5' <Predicate = true> <Delay = 0.00>
ST_6 : Operation 118 [1/1] (0.00ns)   --->   "%out_bits_2 = bitconcatenate i32 @_ssdm_op_BitConcatenate.i32.i13.i19, i13 %tmp_5, i19 262144" [C:\scratch\2024.1\hls_product\545\2024.1\src\shared\hls\clib/src/hls\utils/x_hls_float_utils.h:278->C:\scratch\2024.1\hls_product\545\2024.1\src\shared\hls\clib/hlsmath/include/FloatingPoint\hls_hotbm.h:252]   --->   Operation 118 'bitconcatenate' 'out_bits_2' <Predicate = true> <Delay = 0.00>
ST_6 : Operation 119 [1/1] (0.00ns)   --->   "%tmp_6 = partselect i32 @llvm.part.select.i32, i32 %out_bits, i32 31, i32 0" [C:\scratch\2024.1\hls_product\545\2024.1\src\shared\hls\clib/hlsmath/include/FloatingPoint/hls_normalize.h:81->C:\scratch\2024.1\hls_product\545\2024.1\src\shared\hls\clib/src/hls\utils/x_hls_float_utils.h:283->C:\scratch\2024.1\hls_product\545\2024.1\src\shared\hls\clib/hlsmath/include/FloatingPoint\hls_hotbm.h:252]   --->   Operation 119 'partselect' 'tmp_6' <Predicate = true> <Delay = 0.00>
ST_6 : Operation 120 [1/1] (0.56ns)   --->   "%c = cttz i32 @llvm.cttz.i32, i32 %tmp_6, i1 1" [C:\scratch\2024.1\hls_product\545\2024.1\src\shared\hls\clib/hlsmath/include/FloatingPoint/hls_normalize.h:81->C:\scratch\2024.1\hls_product\545\2024.1\src\shared\hls\clib/src/hls\utils/x_hls_float_utils.h:283->C:\scratch\2024.1\hls_product\545\2024.1\src\shared\hls\clib/hlsmath/include/FloatingPoint\hls_hotbm.h:252]   --->   Operation 120 'cttz' 'c' <Predicate = true> <Delay = 0.56> <CoreInst = "cttz">   --->   Core 145 'cttz' <Latency = 0> <II = 1> <Delay = 0.56> <FuncUnit> <Opcode : 'cttz'> <InPorts = 1> <OutPorts = 1>
ST_6 : Operation 121 [1/1] (0.00ns)   --->   "%tmp_7 = partselect i32 @llvm.part.select.i32, i32 %out_bits_2, i32 31, i32 0" [C:\scratch\2024.1\hls_product\545\2024.1\src\shared\hls\clib/hlsmath/include/FloatingPoint/hls_normalize.h:81->C:\scratch\2024.1\hls_product\545\2024.1\src\shared\hls\clib/src/hls\utils/x_hls_float_utils.h:283->C:\scratch\2024.1\hls_product\545\2024.1\src\shared\hls\clib/hlsmath/include/FloatingPoint\hls_hotbm.h:252]   --->   Operation 121 'partselect' 'tmp_7' <Predicate = true> <Delay = 0.00>
ST_6 : Operation 122 [1/1] (0.56ns)   --->   "%c_1 = cttz i32 @llvm.cttz.i32, i32 %tmp_7, i1 1" [C:\scratch\2024.1\hls_product\545\2024.1\src\shared\hls\clib/hlsmath/include/FloatingPoint/hls_normalize.h:81->C:\scratch\2024.1\hls_product\545\2024.1\src\shared\hls\clib/src/hls\utils/x_hls_float_utils.h:283->C:\scratch\2024.1\hls_product\545\2024.1\src\shared\hls\clib/hlsmath/include/FloatingPoint\hls_hotbm.h:252]   --->   Operation 122 'cttz' 'c_1' <Predicate = true> <Delay = 0.56> <CoreInst = "cttz">   --->   Core 145 'cttz' <Latency = 0> <II = 1> <Delay = 0.56> <FuncUnit> <Opcode : 'cttz'> <InPorts = 1> <OutPorts = 1>
ST_6 : Operation 123 [1/1] (0.00ns)   --->   "%zext_ln291 = zext i29 %result" [C:\scratch\2024.1\hls_product\545\2024.1\src\shared\hls\clib/src/hls\utils/x_hls_float_utils.h:291->C:\scratch\2024.1\hls_product\545\2024.1\src\shared\hls\clib/hlsmath/include/FloatingPoint\hls_hotbm.h:252]   --->   Operation 123 'zext' 'zext_ln291' <Predicate = (!and_ln271)> <Delay = 0.00>
ST_6 : Operation 124 [1/1] (1.38ns)   --->   "%shl_ln291 = shl i32 %zext_ln291, i32 %c" [C:\scratch\2024.1\hls_product\545\2024.1\src\shared\hls\clib/src/hls\utils/x_hls_float_utils.h:291->C:\scratch\2024.1\hls_product\545\2024.1\src\shared\hls\clib/hlsmath/include/FloatingPoint\hls_hotbm.h:252]   --->   Operation 124 'shl' 'shl_ln291' <Predicate = (!and_ln271)> <Delay = 1.38> <CoreInst = "Shifter">   --->   Core 75 'Shifter' <Latency = 0> <II = 1> <Delay = 1.38> <FuncUnit> <Opcode : 'shl' 'lshr' 'ashr'> <InPorts = 2> <OutPorts = 1>
ST_6 : Operation 125 [1/1] (0.00ns)   --->   "%in_shift_1 = trunc i32 %shl_ln291" [C:\scratch\2024.1\hls_product\545\2024.1\src\shared\hls\clib/src/hls\utils/x_hls_float_utils.h:291->C:\scratch\2024.1\hls_product\545\2024.1\src\shared\hls\clib/hlsmath/include/FloatingPoint\hls_hotbm.h:252]   --->   Operation 125 'trunc' 'in_shift_1' <Predicate = (!and_ln271)> <Delay = 0.00>
ST_6 : Operation 126 [1/1] (1.01ns)   --->   "%icmp_ln292 = icmp_eq  i32 %c, i32 16" [C:\scratch\2024.1\hls_product\545\2024.1\src\shared\hls\clib/src/hls\utils/x_hls_float_utils.h:292->C:\scratch\2024.1\hls_product\545\2024.1\src\shared\hls\clib/hlsmath/include/FloatingPoint\hls_hotbm.h:252]   --->   Operation 126 'icmp' 'icmp_ln292' <Predicate = true> <Delay = 1.01> <CoreInst = "Cmp">   --->   Core 9 'Cmp' <Latency = 0> <II = 1> <Delay = 1.01> <FuncUnit> <Opcode : 'seteq' 'setne' 'setle' 'setge' 'setlt' 'setgt'> <InPorts = 2> <OutPorts = 1>
ST_6 : Operation 127 [1/1] (1.01ns)   --->   "%shift_1 = add i32 %c_1, i32 16" [C:\scratch\2024.1\hls_product\545\2024.1\src\shared\hls\clib/src/hls\utils/x_hls_float_utils.h:290->C:\scratch\2024.1\hls_product\545\2024.1\src\shared\hls\clib/hlsmath/include/FloatingPoint\hls_hotbm.h:252]   --->   Operation 127 'add' 'shift_1' <Predicate = true> <Delay = 1.01> <CoreInst = "Adder">   --->   Core 1 'Adder' <Latency = 0> <II = 1> <Delay = 1.01> <FuncUnit> <Opcode : 'add' 'sub'> <InPorts = 2> <OutPorts = 1>
ST_6 : Operation 128 [1/1] (0.00ns)   --->   "%zext_ln291_1 = zext i28 %in_shift_1" [C:\scratch\2024.1\hls_product\545\2024.1\src\shared\hls\clib/src/hls\utils/x_hls_float_utils.h:291->C:\scratch\2024.1\hls_product\545\2024.1\src\shared\hls\clib/hlsmath/include/FloatingPoint\hls_hotbm.h:252]   --->   Operation 128 'zext' 'zext_ln291_1' <Predicate = (!and_ln271)> <Delay = 0.00>
ST_6 : Operation 129 [1/1] (1.38ns)   --->   "%shl_ln291_1 = shl i32 %zext_ln291_1, i32 %c_1" [C:\scratch\2024.1\hls_product\545\2024.1\src\shared\hls\clib/src/hls\utils/x_hls_float_utils.h:291->C:\scratch\2024.1\hls_product\545\2024.1\src\shared\hls\clib/hlsmath/include/FloatingPoint\hls_hotbm.h:252]   --->   Operation 129 'shl' 'shl_ln291_1' <Predicate = (!and_ln271)> <Delay = 1.38> <CoreInst = "Shifter">   --->   Core 75 'Shifter' <Latency = 0> <II = 1> <Delay = 1.38> <FuncUnit> <Opcode : 'shl' 'lshr' 'ashr'> <InPorts = 2> <OutPorts = 1>
ST_6 : Operation 130 [1/1] (0.00ns) (grouped into LUT with out node newexp)   --->   "%shift_2 = select i1 %icmp_ln292, i32 %shift_1, i32 %c" [C:\scratch\2024.1\hls_product\545\2024.1\src\shared\hls\clib/src/hls\utils/x_hls_float_utils.h:292->C:\scratch\2024.1\hls_product\545\2024.1\src\shared\hls\clib/hlsmath/include/FloatingPoint\hls_hotbm.h:252]   --->   Operation 130 'select' 'shift_2' <Predicate = true> <Delay = 0.00> <CoreInst = "Sel">   --->   Core 73 'Sel' <Latency = 0> <II = 1> <Delay = 0.44> <FuncUnit> <Opcode : 'select'> <InPorts = 3> <OutPorts = 1>
ST_6 : Operation 131 [1/1] (0.76ns) (out node of the LUT)   --->   "%add_ln300 = add i9 %sext_ln252, i9 127" [C:\scratch\2024.1\hls_product\545\2024.1\src\shared\hls\clib/src/hls\utils/x_hls_float_utils.h:300->C:\scratch\2024.1\hls_product\545\2024.1\src\shared\hls\clib/hlsmath/include/FloatingPoint\hls_hotbm.h:252]   --->   Operation 131 'add' 'add_ln300' <Predicate = true> <Delay = 0.76> <CoreInst = "Adder">   --->   Core 1 'Adder' <Latency = 0> <II = 1> <Delay = 0.77> <FuncUnit> <Opcode : 'add' 'sub'> <InPorts = 2> <OutPorts = 1>
ST_6 : Operation 132 [1/1] (0.00ns) (grouped into LUT with out node newexp)   --->   "%sext_ln300 = sext i9 %add_ln300" [C:\scratch\2024.1\hls_product\545\2024.1\src\shared\hls\clib/src/hls\utils/x_hls_float_utils.h:300->C:\scratch\2024.1\hls_product\545\2024.1\src\shared\hls\clib/hlsmath/include/FloatingPoint\hls_hotbm.h:252]   --->   Operation 132 'sext' 'sext_ln300' <Predicate = true> <Delay = 0.00>
ST_6 : Operation 133 [1/1] (1.01ns) (out node of the LUT)   --->   "%newexp = sub i32 %sext_ln300, i32 %shift_2" [C:\scratch\2024.1\hls_product\545\2024.1\src\shared\hls\clib/src/hls\utils/x_hls_float_utils.h:300->C:\scratch\2024.1\hls_product\545\2024.1\src\shared\hls\clib/hlsmath/include/FloatingPoint\hls_hotbm.h:252]   --->   Operation 133 'sub' 'newexp' <Predicate = true> <Delay = 1.01> <CoreInst = "Adder">   --->   Core 1 'Adder' <Latency = 0> <II = 1> <Delay = 1.01> <FuncUnit> <Opcode : 'add' 'sub'> <InPorts = 2> <OutPorts = 1>
ST_6 : Operation 134 [1/1] (0.00ns) (grouped into LUT with out node or_ln282)   --->   "%tmp_10 = bitselect i1 @_ssdm_op_BitSelect.i1.i32.i32, i32 %newexp, i32 31" [C:\scratch\2024.1\hls_product\545\2024.1\src\shared\hls\clib/src/hls\utils/x_hls_float_utils.h:306->C:\scratch\2024.1\hls_product\545\2024.1\src\shared\hls\clib/hlsmath/include/FloatingPoint\hls_hotbm.h:252]   --->   Operation 134 'bitselect' 'tmp_10' <Predicate = true> <Delay = 0.00>
ST_6 : Operation 135 [1/1] (0.98ns)   --->   "%icmp_ln306 = icmp_eq  i29 %result, i29 0" [C:\scratch\2024.1\hls_product\545\2024.1\src\shared\hls\clib/src/hls\utils/x_hls_float_utils.h:306->C:\scratch\2024.1\hls_product\545\2024.1\src\shared\hls\clib/hlsmath/include/FloatingPoint\hls_hotbm.h:252]   --->   Operation 135 'icmp' 'icmp_ln306' <Predicate = true> <Delay = 0.98> <CoreInst = "Cmp">   --->   Core 9 'Cmp' <Latency = 0> <II = 1> <Delay = 0.98> <FuncUnit> <Opcode : 'seteq' 'setne' 'setle' 'setge' 'setlt' 'setgt'> <InPorts = 2> <OutPorts = 1>
ST_6 : Operation 136 [1/1] (0.00ns) (grouped into LUT with out node or_ln282)   --->   "%or_ln306 = or i1 %tmp_10, i1 %icmp_ln306" [C:\scratch\2024.1\hls_product\545\2024.1\src\shared\hls\clib/src/hls\utils/x_hls_float_utils.h:306->C:\scratch\2024.1\hls_product\545\2024.1\src\shared\hls\clib/hlsmath/include/FloatingPoint\hls_hotbm.h:252]   --->   Operation 136 'or' 'or_ln306' <Predicate = true> <Delay = 0.00> <CoreInst = "LogicGate">   --->   Core 74 'LogicGate' <Latency = 0> <II = 1> <Delay = 0.28> <FuncUnit> <Opcode : 'and' 'or' 'xor'> <InPorts = 2> <OutPorts = 1>
ST_6 : Operation 137 [1/1] (0.00ns) (grouped into LUT with out node results_exp_1)   --->   "%empty = trunc i32 %newexp" [C:\scratch\2024.1\hls_product\545\2024.1\src\shared\hls\clib/src/hls\utils/x_hls_float_utils.h:300->C:\scratch\2024.1\hls_product\545\2024.1\src\shared\hls\clib/hlsmath/include/FloatingPoint\hls_hotbm.h:252]   --->   Operation 137 'trunc' 'empty' <Predicate = (!and_ln271)> <Delay = 0.00>
ST_6 : Operation 138 [1/1] (0.00ns) (grouped into LUT with out node results_sig_1)   --->   "%tmp_11 = partselect i23 @_ssdm_op_PartSelect.i23.i32.i32.i32, i32 %shl_ln291_1, i32 5, i32 27" [C:\scratch\2024.1\hls_product\545\2024.1\src\shared\hls\clib/src/hls\utils/x_hls_float_utils.h:291->C:\scratch\2024.1\hls_product\545\2024.1\src\shared\hls\clib/hlsmath/include/FloatingPoint\hls_hotbm.h:252]   --->   Operation 138 'partselect' 'tmp_11' <Predicate = (!and_ln271)> <Delay = 0.00>
ST_6 : Operation 139 [1/1] (0.00ns) (grouped into LUT with out node results_sig_1)   --->   "%tmp_14 = partselect i23 @_ssdm_op_PartSelect.i23.i32.i32.i32, i32 %shl_ln291, i32 5, i32 27" [C:\scratch\2024.1\hls_product\545\2024.1\src\shared\hls\clib/src/hls\utils/x_hls_float_utils.h:291->C:\scratch\2024.1\hls_product\545\2024.1\src\shared\hls\clib/hlsmath/include/FloatingPoint\hls_hotbm.h:252]   --->   Operation 139 'partselect' 'tmp_14' <Predicate = (!and_ln271)> <Delay = 0.00>
ST_6 : Operation 140 [1/1] (0.00ns) (grouped into LUT with out node results_sig_1)   --->   "%empty_43 = select i1 %icmp_ln292, i23 %tmp_11, i23 %tmp_14" [C:\scratch\2024.1\hls_product\545\2024.1\src\shared\hls\clib/src/hls\utils/x_hls_float_utils.h:292->C:\scratch\2024.1\hls_product\545\2024.1\src\shared\hls\clib/hlsmath/include/FloatingPoint\hls_hotbm.h:252]   --->   Operation 140 'select' 'empty_43' <Predicate = (!and_ln271)> <Delay = 0.00> <CoreInst = "Sel">   --->   Core 73 'Sel' <Latency = 0> <II = 1> <Delay = 0.33> <FuncUnit> <Opcode : 'select'> <InPorts = 3> <OutPorts = 1>
ST_6 : Operation 141 [1/1] (0.00ns) (grouped into LUT with out node results_exp_1)   --->   "%select_ln259 = select i1 %do_cos_read, i8 127, i8 0" [C:\scratch\2024.1\hls_product\545\2024.1\src\shared\hls\clib/hlsmath/include/FloatingPoint\hls_hotbm.h:259]   --->   Operation 141 'select' 'select_ln259' <Predicate = (and_ln271)> <Delay = 0.00> <CoreInst = "Sel">   --->   Core 73 'Sel' <Latency = 0> <II = 1> <Delay = 0.36> <FuncUnit> <Opcode : 'select'> <InPorts = 3> <OutPorts = 1>
ST_6 : Operation 142 [1/1] (0.00ns) (grouped into LUT with out node results_exp_1)   --->   "%select_ln282 = select i1 %icmp_ln282, i8 255, i8 0" [C:\scratch\2024.1\hls_product\545\2024.1\src\shared\hls\clib/hlsmath/include/FloatingPoint\hls_hotbm.h:282]   --->   Operation 142 'select' 'select_ln282' <Predicate = (!and_ln271)> <Delay = 0.00> <CoreInst = "Sel">   --->   Core 73 'Sel' <Latency = 0> <II = 1> <Delay = 0.17> <FuncUnit> <Opcode : 'select'> <InPorts = 3> <OutPorts = 1>
ST_6 : Operation 143 [1/1] (0.28ns) (out node of the LUT)   --->   "%or_ln282 = or i1 %icmp_ln282, i1 %or_ln306" [C:\scratch\2024.1\hls_product\545\2024.1\src\shared\hls\clib/hlsmath/include/FloatingPoint\hls_hotbm.h:282]   --->   Operation 143 'or' 'or_ln282' <Predicate = true> <Delay = 0.28> <CoreInst = "LogicGate">   --->   Core 74 'LogicGate' <Latency = 0> <II = 1> <Delay = 0.28> <FuncUnit> <Opcode : 'and' 'or' 'xor'> <InPorts = 2> <OutPorts = 1>
ST_6 : Operation 144 [1/1] (0.00ns) (grouped into LUT with out node results_exp_1)   --->   "%results_exp = select i1 %or_ln282, i8 %select_ln282, i8 %empty" [C:\scratch\2024.1\hls_product\545\2024.1\src\shared\hls\clib/hlsmath/include/FloatingPoint\hls_hotbm.h:282]   --->   Operation 144 'select' 'results_exp' <Predicate = (!and_ln271)> <Delay = 0.00> <CoreInst = "Sel">   --->   Core 73 'Sel' <Latency = 0> <II = 1> <Delay = 0.39> <FuncUnit> <Opcode : 'select'> <InPorts = 3> <OutPorts = 1>
ST_6 : Operation 145 [1/1] (0.00ns) (grouped into LUT with out node results_sig_1)   --->   "%select_ln282_2 = select i1 %icmp_ln282, i23 8388607, i23 0" [C:\scratch\2024.1\hls_product\545\2024.1\src\shared\hls\clib/hlsmath/include/FloatingPoint\hls_hotbm.h:282]   --->   Operation 145 'select' 'select_ln282_2' <Predicate = (!and_ln271)> <Delay = 0.00> <CoreInst = "Sel">   --->   Core 73 'Sel' <Latency = 0> <II = 1> <Delay = 0.17> <FuncUnit> <Opcode : 'select'> <InPorts = 3> <OutPorts = 1>
ST_6 : Operation 146 [1/1] (0.00ns) (grouped into LUT with out node results_sig_1)   --->   "%results_sig = select i1 %or_ln282, i23 %select_ln282_2, i23 %empty_43" [C:\scratch\2024.1\hls_product\545\2024.1\src\shared\hls\clib/hlsmath/include/FloatingPoint\hls_hotbm.h:282]   --->   Operation 146 'select' 'results_sig' <Predicate = (!and_ln271)> <Delay = 0.00> <CoreInst = "Sel">   --->   Core 73 'Sel' <Latency = 0> <II = 1> <Delay = 0.33> <FuncUnit> <Opcode : 'select'> <InPorts = 3> <OutPorts = 1>
ST_6 : Operation 147 [1/1] (0.39ns) (out node of the LUT)   --->   "%results_exp_1 = select i1 %and_ln271, i8 %select_ln259, i8 %results_exp" [C:\scratch\2024.1\hls_product\545\2024.1\src\shared\hls\clib/hlsmath/include/FloatingPoint\hls_hotbm.h:271]   --->   Operation 147 'select' 'results_exp_1' <Predicate = true> <Delay = 0.39> <CoreInst = "Sel">   --->   Core 73 'Sel' <Latency = 0> <II = 1> <Delay = 0.39> <FuncUnit> <Opcode : 'select'> <InPorts = 3> <OutPorts = 1>
ST_6 : Operation 148 [1/1] (0.33ns) (out node of the LUT)   --->   "%results_sig_1 = select i1 %and_ln271, i23 0, i23 %results_sig" [C:\scratch\2024.1\hls_product\545\2024.1\src\shared\hls\clib/hlsmath/include/FloatingPoint\hls_hotbm.h:271]   --->   Operation 148 'select' 'results_sig_1' <Predicate = true> <Delay = 0.33> <CoreInst = "Sel">   --->   Core 73 'Sel' <Latency = 0> <II = 1> <Delay = 0.33> <FuncUnit> <Opcode : 'select'> <InPorts = 3> <OutPorts = 1>
ST_6 : Operation 149 [1/1] (0.00ns)   --->   "%t_2 = bitconcatenate i32 @_ssdm_op_BitConcatenate.i32.i1.i8.i23, i1 %results_sign_3, i8 %results_exp_1, i23 %results_sig_1" [C:\scratch\2024.1\hls_product\545\2024.1\src\shared\hls\clib/src/hls\utils/x_hls_utils.h:313->C:\scratch\2024.1\hls_product\545\2024.1\src\shared\hls\clib/src/hls\utils/x_hls_utils.h:326->C:\scratch\2024.1\hls_product\545\2024.1\src\shared\hls\clib/src/hls\utils/x_hls_utils.h:347->C:\scratch\2024.1\hls_product\545\2024.1\src\shared\hls\clib/hlsmath/include/FloatingPoint\hls_hotbm.h:287]   --->   Operation 149 'bitconcatenate' 't_2' <Predicate = true> <Delay = 0.00>
ST_6 : Operation 150 [1/1] (0.00ns)   --->   "%bitcast_ln327 = bitcast i32 %t_2" [C:\scratch\2024.1\hls_product\545\2024.1\src\shared\hls\clib/src/hls\utils/x_hls_utils.h:327->C:\scratch\2024.1\hls_product\545\2024.1\src\shared\hls\clib/src/hls\utils/x_hls_utils.h:347->C:\scratch\2024.1\hls_product\545\2024.1\src\shared\hls\clib/hlsmath/include/FloatingPoint\hls_hotbm.h:287]   --->   Operation 150 'bitcast' 'bitcast_ln327' <Predicate = true> <Delay = 0.00>
ST_6 : Operation 151 [1/1] (0.00ns)   --->   "%ret_ln287 = ret i32 %bitcast_ln327" [C:\scratch\2024.1\hls_product\545\2024.1\src\shared\hls\clib/hlsmath/include/FloatingPoint\hls_hotbm.h:287]   --->   Operation 151 'ret' 'ret_ln287' <Predicate = true> <Delay = 0.00>


============================================================
+ Verbose Summary: Binding
============================================================
STG Binding: 
---------------- STG Properties BEGIN ----------------
- Is combinational: 0
- Is one-state seq: 0
- Is datapath-only: 1
- Is pipelined: 1
- Is top level: 0
Port [ Return ] is wired: 1; IO mode=ap_ctrl_hs:ce=0
Port [ t_in]:  wired=1; compound=0; hidden=0; nouse=0; global=0; static=0; extern=0; dir=0; type=0; pingpong=0; private_global=0; IO mode=ap_none:ce=0
Port [ do_cos]:  wired=1; compound=0; hidden=0; nouse=0; global=0; static=0; extern=0; dir=0; type=0; pingpong=0; private_global=0; IO mode=ap_none:ce=0
Port [ ref_4oPi_table_100]:  wired=0; compound=1; hidden=1; nouse=0; global=1; static=1; extern=0; dir=0; type=1; pingpong=0; private_global=1; MemPort=[1]; IO mode=ap_memory:ce=0
Port [ second_order_float_sin_cos_K0]:  wired=0; compound=1; hidden=1; nouse=0; global=1; static=1; extern=0; dir=0; type=1; pingpong=0; private_global=1; MemPort=[1]; IO mode=ap_memory:ce=0
Port [ second_order_float_sin_cos_K1]:  wired=0; compound=1; hidden=1; nouse=0; global=1; static=1; extern=0; dir=0; type=1; pingpong=0; private_global=1; MemPort=[1]; IO mode=ap_memory:ce=0
Port [ second_order_float_sin_cos_K2]:  wired=0; compound=1; hidden=1; nouse=0; global=1; static=1; extern=0; dir=0; type=1; pingpong=0; private_global=1; MemPort=[1]; IO mode=ap_memory:ce=0
---------------- STG Properties END ------------------

---------------- Datapath Model BEGIN ----------------

<LifeTime>
<method=bitvector/>
do_cos_read                        (read          ) [ 0111111]
t_in_read                          (read          ) [ 0000000]
data                               (bitcast       ) [ 0000000]
din_sign                           (bitselect     ) [ 0111100]
din_exp                            (partselect    ) [ 0111100]
din_sig                            (trunc         ) [ 0111000]
closepath                          (icmp          ) [ 0111100]
add_ln376                          (add           ) [ 0000000]
addr                               (select        ) [ 0000000]
lshr_ln                            (partselect    ) [ 0000000]
zext_ln378                         (zext          ) [ 0000000]
ref_4oPi_table_100_addr            (getelementptr ) [ 0110000]
trunc_ln379                        (trunc         ) [ 0110000]
table_100                          (load          ) [ 0000000]
zext_ln379                         (zext          ) [ 0000000]
shl_ln379                          (shl           ) [ 0000000]
Med                                (partselect    ) [ 0101000]
X                                  (bitconcatenate) [ 0000000]
zext_ln468                         (zext          ) [ 0000000]
h                                  (mul           ) [ 0000000]
Mx_bits                            (partselect    ) [ 0100100]
k                                  (partselect    ) [ 0100100]
icmp_ln271_1                       (icmp          ) [ 0100100]
Ex                                 (add           ) [ 0000000]
select_ln453                       (select        ) [ 0000000]
k_1                                (select        ) [ 0000000]
trunc_ln491                        (trunc         ) [ 0000000]
Mx_bits_1                          (sub           ) [ 0000000]
Mx_bits_2                          (select        ) [ 0000000]
tmp_2                              (partselect    ) [ 0000000]
t                                  (bitconcatenate) [ 0000000]
tmp_9                              (partselect    ) [ 0000000]
tmp_s                              (bitconcatenate) [ 0000000]
sext_ln75                          (sext          ) [ 0000000]
tmp_1                              (cttz          ) [ 0000000]
Mx_zeros                           (trunc         ) [ 0000000]
zext_ln504                         (zext          ) [ 0000000]
shl_ln504                          (shl           ) [ 0000000]
Mx                                 (partselect    ) [ 0100010]
zext_ln505                         (zext          ) [ 0000000]
Ex_1                               (sub           ) [ 0100011]
tmp                                (bitselect     ) [ 0000000]
sub_ln506                          (sub           ) [ 0000000]
select_ln506                       (select        ) [ 0000000]
zext_ln506_1                       (zext          ) [ 0000000]
zext_ln506                         (zext          ) [ 0000000]
lshr_ln506                         (lshr          ) [ 0000000]
shl_ln506                          (shl           ) [ 0000000]
select_ln506_1                     (select        ) [ 0000000]
B                                  (trunc         ) [ 0100010]
tmp_3                              (sparsemux     ) [ 0000000]
xor_ln242                          (xor           ) [ 0000000]
cos_basis                          (select        ) [ 0100011]
tmp_4                              (partselect    ) [ 0000000]
B_trunc                            (partselect    ) [ 0100010]
sin_basis                          (select        ) [ 0000000]
A                                  (bitconcatenate) [ 0000000]
zext_ln28                          (zext          ) [ 0000000]
second_order_float_sin_cos_K0_addr (getelementptr ) [ 0100010]
second_order_float_sin_cos_K1_addr (getelementptr ) [ 0100010]
second_order_float_sin_cos_K2_addr (getelementptr ) [ 0100010]
index                              (bitconcatenate) [ 0000000]
tmp_12                             (sparsemux     ) [ 0000000]
tmp_13                             (sparsemux     ) [ 0000000]
results_sign                       (select        ) [ 0000000]
icmp_ln271                         (icmp          ) [ 0000000]
and_ln271                          (and           ) [ 0100011]
xor_ln278                          (xor           ) [ 0000000]
results_sign_2                     (and           ) [ 0000000]
icmp_ln282                         (icmp          ) [ 0100011]
xor_ln282                          (xor           ) [ 0000000]
results_sign_4                     (and           ) [ 0000000]
results_sign_3                     (select        ) [ 0100011]
Mx_1                               (select        ) [ 0100001]
zext_ln23                          (zext          ) [ 0000000]
mul_ln23                           (mul           ) [ 0000000]
B_squared                          (partselect    ) [ 0000000]
zext_ln23_1                        (zext          ) [ 0000000]
second_order_float_sin_cos_K0_load (load          ) [ 0000000]
t1                                 (partselect    ) [ 0000000]
zext_ln29                          (zext          ) [ 0000000]
second_order_float_sin_cos_K1_load (load          ) [ 0000000]
sext_ln29                          (sext          ) [ 0000000]
mul_ln29                           (mul           ) [ 0000000]
trunc_ln                           (partselect    ) [ 0000000]
second_order_float_sin_cos_K2_load (load          ) [ 0000000]
sext_ln30                          (sext          ) [ 0000000]
mul_ln30                           (mul           ) [ 0000000]
trunc_ln1                          (partselect    ) [ 0000000]
sext_ln32                          (sext          ) [ 0000000]
sext_ln32_1                        (sext          ) [ 0000000]
add_ln32                           (add           ) [ 0000000]
sext_ln32_2                        (sext          ) [ 0000000]
add_ln32_1                         (add           ) [ 0100001]
specmemcore_ln375                  (specmemcore   ) [ 0000000]
Ex_2                               (select        ) [ 0000000]
specmemcore_ln16                   (specmemcore   ) [ 0000000]
specmemcore_ln17                   (specmemcore   ) [ 0000000]
specmemcore_ln18                   (specmemcore   ) [ 0000000]
sext_ln32_3                        (sext          ) [ 0000000]
zext_ln32                          (zext          ) [ 0000000]
mul_ln32                           (mul           ) [ 0000000]
result                             (partselect    ) [ 0000000]
sext_ln252                         (sext          ) [ 0000000]
tmp_8                              (partselect    ) [ 0000000]
out_bits                           (bitconcatenate) [ 0000000]
tmp_5                              (partselect    ) [ 0000000]
out_bits_2                         (bitconcatenate) [ 0000000]
tmp_6                              (partselect    ) [ 0000000]
c                                  (cttz          ) [ 0000000]
tmp_7                              (partselect    ) [ 0000000]
c_1                                (cttz          ) [ 0000000]
zext_ln291                         (zext          ) [ 0000000]
shl_ln291                          (shl           ) [ 0000000]
in_shift_1                         (trunc         ) [ 0000000]
icmp_ln292                         (icmp          ) [ 0000000]
shift_1                            (add           ) [ 0000000]
zext_ln291_1                       (zext          ) [ 0000000]
shl_ln291_1                        (shl           ) [ 0000000]
shift_2                            (select        ) [ 0000000]
add_ln300                          (add           ) [ 0000000]
sext_ln300                         (sext          ) [ 0000000]
newexp                             (sub           ) [ 0000000]
tmp_10                             (bitselect     ) [ 0000000]
icmp_ln306                         (icmp          ) [ 0000000]
or_ln306                           (or            ) [ 0000000]
empty                              (trunc         ) [ 0000000]
tmp_11                             (partselect    ) [ 0000000]
tmp_14                             (partselect    ) [ 0000000]
empty_43                           (select        ) [ 0000000]
select_ln259                       (select        ) [ 0000000]
select_ln282                       (select        ) [ 0000000]
or_ln282                           (or            ) [ 0000000]
results_exp                        (select        ) [ 0000000]
select_ln282_2                     (select        ) [ 0000000]
results_sig                        (select        ) [ 0000000]
results_exp_1                      (select        ) [ 0000000]
results_sig_1                      (select        ) [ 0000000]
t_2                                (bitconcatenate) [ 0000000]
bitcast_ln327                      (bitcast       ) [ 0000000]
ret_ln287                          (ret           ) [ 0000000]
</LifeTime>

<model>

<comp_list>
<comp id="0" class="1000" name="t_in">
<pin_list>
<pin id="1" dir="1" index="0" bw="1" slack="0"/>
</pin_list>
<bind>
<StgValue><ssdm name="t_in"/></StgValue>
</bind>
</comp>

<comp id="2" class="1000" name="do_cos">
<pin_list>
<pin id="3" dir="1" index="0" bw="1" slack="0"/>
</pin_list>
<bind>
<StgValue><ssdm name="do_cos"/></StgValue>
</bind>
</comp>

<comp id="4" class="1000" name="ref_4oPi_table_100">
<pin_list>
<pin id="5" dir="1" index="0" bw="1" slack="0"/>
</pin_list>
<bind>
<StgValue><ssdm name="ref_4oPi_table_100"/><MemPortTyVec>1 </MemPortTyVec>
</StgValue>
</bind>
</comp>

<comp id="6" class="1000" name="second_order_float_sin_cos_K0">
<pin_list>
<pin id="7" dir="1" index="0" bw="1" slack="0"/>
</pin_list>
<bind>
<StgValue><ssdm name="second_order_float_sin_cos_K0"/><MemPortTyVec>1 </MemPortTyVec>
</StgValue>
</bind>
</comp>

<comp id="8" class="1000" name="second_order_float_sin_cos_K1">
<pin_list>
<pin id="9" dir="1" index="0" bw="1" slack="0"/>
</pin_list>
<bind>
<StgValue><ssdm name="second_order_float_sin_cos_K1"/><MemPortTyVec>1 </MemPortTyVec>
</StgValue>
</bind>
</comp>

<comp id="10" class="1000" name="second_order_float_sin_cos_K2">
<pin_list>
<pin id="11" dir="1" index="0" bw="1" slack="0"/>
</pin_list>
<bind>
<StgValue><ssdm name="second_order_float_sin_cos_K2"/><MemPortTyVec>1 </MemPortTyVec>
</StgValue>
</bind>
</comp>

<comp id="12" class="1001" name="const_12">
<pin_list>
<pin id="13" dir="1" index="0" bw="1" slack="0"/>
</pin_list>
<bind>
<StgValue><ssdm name="_ssdm_op_Read.ap_auto.i1"/></StgValue>
</bind>
</comp>

<comp id="14" class="1001" name="const_14">
<pin_list>
<pin id="15" dir="1" index="0" bw="1" slack="0"/>
</pin_list>
<bind>
<StgValue><ssdm name="_ssdm_op_Read.ap_auto.float"/></StgValue>
</bind>
</comp>

<comp id="16" class="1001" name="const_16">
<pin_list>
<pin id="17" dir="1" index="0" bw="1" slack="0"/>
</pin_list>
<bind>
<StgValue><ssdm name="_ssdm_op_BitSelect.i1.i32.i32"/></StgValue>
</bind>
</comp>

<comp id="18" class="1001" name="const_18">
<pin_list>
<pin id="19" dir="1" index="0" bw="1" slack="0"/>
</pin_list>
<bind>
<StgValue><ssdm name=""/></StgValue>
</bind>
</comp>

<comp id="20" class="1001" name="const_20">
<pin_list>
<pin id="21" dir="1" index="0" bw="1" slack="0"/>
</pin_list>
<bind>
<StgValue><ssdm name="_ssdm_op_PartSelect.i8.i32.i32.i32"/></StgValue>
</bind>
</comp>

<comp id="22" class="1001" name="const_22">
<pin_list>
<pin id="23" dir="1" index="0" bw="1" slack="0"/>
</pin_list>
<bind>
<StgValue><ssdm name=""/></StgValue>
</bind>
</comp>

<comp id="24" class="1001" name="const_24">
<pin_list>
<pin id="25" dir="1" index="0" bw="1" slack="0"/>
</pin_list>
<bind>
<StgValue><ssdm name=""/></StgValue>
</bind>
</comp>

<comp id="26" class="1001" name="const_26">
<pin_list>
<pin id="27" dir="1" index="0" bw="1" slack="0"/>
</pin_list>
<bind>
<StgValue><ssdm name=""/></StgValue>
</bind>
</comp>

<comp id="28" class="1001" name="const_28">
<pin_list>
<pin id="29" dir="1" index="0" bw="1" slack="0"/>
</pin_list>
<bind>
<StgValue><ssdm name=""/></StgValue>
</bind>
</comp>

<comp id="30" class="1001" name="const_30">
<pin_list>
<pin id="31" dir="1" index="0" bw="1" slack="0"/>
</pin_list>
<bind>
<StgValue><ssdm name=""/></StgValue>
</bind>
</comp>

<comp id="32" class="1001" name="const_32">
<pin_list>
<pin id="33" dir="1" index="0" bw="1" slack="0"/>
</pin_list>
<bind>
<StgValue><ssdm name="_ssdm_op_PartSelect.i4.i8.i32.i32"/></StgValue>
</bind>
</comp>

<comp id="34" class="1001" name="const_34">
<pin_list>
<pin id="35" dir="1" index="0" bw="1" slack="0"/>
</pin_list>
<bind>
<StgValue><ssdm name=""/></StgValue>
</bind>
</comp>

<comp id="36" class="1001" name="const_36">
<pin_list>
<pin id="37" dir="1" index="0" bw="1" slack="0"/>
</pin_list>
<bind>
<StgValue><ssdm name=""/></StgValue>
</bind>
</comp>

<comp id="38" class="1001" name="const_38">
<pin_list>
<pin id="39" dir="1" index="0" bw="1" slack="0"/>
</pin_list>
<bind>
<StgValue><ssdm name=""/></StgValue>
</bind>
</comp>

<comp id="40" class="1001" name="const_40">
<pin_list>
<pin id="41" dir="1" index="0" bw="1" slack="0"/>
</pin_list>
<bind>
<StgValue><ssdm name="_ssdm_op_PartSelect.i80.i100.i32.i32"/></StgValue>
</bind>
</comp>

<comp id="42" class="1001" name="const_42">
<pin_list>
<pin id="43" dir="1" index="0" bw="1" slack="0"/>
</pin_list>
<bind>
<StgValue><ssdm name=""/></StgValue>
</bind>
</comp>

<comp id="44" class="1001" name="const_44">
<pin_list>
<pin id="45" dir="1" index="0" bw="1" slack="0"/>
</pin_list>
<bind>
<StgValue><ssdm name=""/></StgValue>
</bind>
</comp>

<comp id="46" class="1001" name="const_46">
<pin_list>
<pin id="47" dir="1" index="0" bw="1" slack="0"/>
</pin_list>
<bind>
<StgValue><ssdm name="_ssdm_op_BitConcatenate.i24.i1.i23"/></StgValue>
</bind>
</comp>

<comp id="48" class="1001" name="const_48">
<pin_list>
<pin id="49" dir="1" index="0" bw="1" slack="0"/>
</pin_list>
<bind>
<StgValue><ssdm name=""/></StgValue>
</bind>
</comp>

<comp id="50" class="1001" name="const_50">
<pin_list>
<pin id="51" dir="1" index="0" bw="1" slack="0"/>
</pin_list>
<bind>
<StgValue><ssdm name="_ssdm_op_PartSelect.i58.i80.i32.i32"/></StgValue>
</bind>
</comp>

<comp id="52" class="1001" name="const_52">
<pin_list>
<pin id="53" dir="1" index="0" bw="1" slack="0"/>
</pin_list>
<bind>
<StgValue><ssdm name=""/></StgValue>
</bind>
</comp>

<comp id="54" class="1001" name="const_54">
<pin_list>
<pin id="55" dir="1" index="0" bw="1" slack="0"/>
</pin_list>
<bind>
<StgValue><ssdm name=""/></StgValue>
</bind>
</comp>

<comp id="56" class="1001" name="const_56">
<pin_list>
<pin id="57" dir="1" index="0" bw="1" slack="0"/>
</pin_list>
<bind>
<StgValue><ssdm name="_ssdm_op_PartSelect.i3.i80.i32.i32"/></StgValue>
</bind>
</comp>

<comp id="58" class="1001" name="const_58">
<pin_list>
<pin id="59" dir="1" index="0" bw="1" slack="0"/>
</pin_list>
<bind>
<StgValue><ssdm name=""/></StgValue>
</bind>
</comp>

<comp id="60" class="1001" name="const_60">
<pin_list>
<pin id="61" dir="1" index="0" bw="1" slack="0"/>
</pin_list>
<bind>
<StgValue><ssdm name=""/></StgValue>
</bind>
</comp>

<comp id="62" class="1001" name="const_62">
<pin_list>
<pin id="63" dir="1" index="0" bw="1" slack="0"/>
</pin_list>
<bind>
<StgValue><ssdm name=""/></StgValue>
</bind>
</comp>

<comp id="64" class="1001" name="const_64">
<pin_list>
<pin id="65" dir="1" index="0" bw="1" slack="0"/>
</pin_list>
<bind>
<StgValue><ssdm name=""/></StgValue>
</bind>
</comp>

<comp id="66" class="1001" name="const_66">
<pin_list>
<pin id="67" dir="1" index="0" bw="1" slack="0"/>
</pin_list>
<bind>
<StgValue><ssdm name=""/></StgValue>
</bind>
</comp>

<comp id="68" class="1001" name="const_68">
<pin_list>
<pin id="69" dir="1" index="0" bw="1" slack="0"/>
</pin_list>
<bind>
<StgValue><ssdm name=""/></StgValue>
</bind>
</comp>

<comp id="70" class="1001" name="const_70">
<pin_list>
<pin id="71" dir="1" index="0" bw="1" slack="0"/>
</pin_list>
<bind>
<StgValue><ssdm name=""/></StgValue>
</bind>
</comp>

<comp id="72" class="1001" name="const_72">
<pin_list>
<pin id="73" dir="1" index="0" bw="1" slack="0"/>
</pin_list>
<bind>
<StgValue><ssdm name="_ssdm_op_PartSelect.i29.i58.i32.i32"/></StgValue>
</bind>
</comp>

<comp id="74" class="1001" name="const_74">
<pin_list>
<pin id="75" dir="1" index="0" bw="1" slack="0"/>
</pin_list>
<bind>
<StgValue><ssdm name=""/></StgValue>
</bind>
</comp>

<comp id="76" class="1001" name="const_76">
<pin_list>
<pin id="77" dir="1" index="0" bw="1" slack="0"/>
</pin_list>
<bind>
<StgValue><ssdm name=""/></StgValue>
</bind>
</comp>

<comp id="78" class="1001" name="const_78">
<pin_list>
<pin id="79" dir="1" index="0" bw="1" slack="0"/>
</pin_list>
<bind>
<StgValue><ssdm name="_ssdm_op_BitConcatenate.i30.i29.i1"/></StgValue>
</bind>
</comp>

<comp id="80" class="1001" name="const_80">
<pin_list>
<pin id="81" dir="1" index="0" bw="1" slack="0"/>
</pin_list>
<bind>
<StgValue><ssdm name="llvm.part.select.i30"/></StgValue>
</bind>
</comp>

<comp id="82" class="1001" name="const_82">
<pin_list>
<pin id="83" dir="1" index="0" bw="1" slack="0"/>
</pin_list>
<bind>
<StgValue><ssdm name=""/></StgValue>
</bind>
</comp>

<comp id="84" class="1001" name="const_84">
<pin_list>
<pin id="85" dir="1" index="0" bw="1" slack="0"/>
</pin_list>
<bind>
<StgValue><ssdm name="_ssdm_op_BitConcatenate.i31.i1.i30"/></StgValue>
</bind>
</comp>

<comp id="86" class="1001" name="const_86">
<pin_list>
<pin id="87" dir="1" index="0" bw="1" slack="0"/>
</pin_list>
<bind>
<StgValue><ssdm name="llvm.cttz.i32"/></StgValue>
</bind>
</comp>

<comp id="88" class="1001" name="const_88">
<pin_list>
<pin id="89" dir="1" index="0" bw="1" slack="0"/>
</pin_list>
<bind>
<StgValue><ssdm name="_ssdm_op_BitSelect.i1.i8.i32"/></StgValue>
</bind>
</comp>

<comp id="90" class="1001" name="const_90">
<pin_list>
<pin id="91" dir="1" index="0" bw="1" slack="0"/>
</pin_list>
<bind>
<StgValue><ssdm name="_ssdm_op_SparseMux.ap_auto.8i1.i1.i3"/></StgValue>
</bind>
</comp>

<comp id="92" class="1001" name="const_92">
<pin_list>
<pin id="93" dir="1" index="0" bw="1" slack="0"/>
</pin_list>
<bind>
<StgValue><ssdm name=""/></StgValue>
</bind>
</comp>

<comp id="94" class="1001" name="const_94">
<pin_list>
<pin id="95" dir="1" index="0" bw="1" slack="0"/>
</pin_list>
<bind>
<StgValue><ssdm name=""/></StgValue>
</bind>
</comp>

<comp id="96" class="1001" name="const_96">
<pin_list>
<pin id="97" dir="1" index="0" bw="1" slack="0"/>
</pin_list>
<bind>
<StgValue><ssdm name=""/></StgValue>
</bind>
</comp>

<comp id="98" class="1001" name="const_98">
<pin_list>
<pin id="99" dir="1" index="0" bw="1" slack="0"/>
</pin_list>
<bind>
<StgValue><ssdm name=""/></StgValue>
</bind>
</comp>

<comp id="100" class="1001" name="const_100">
<pin_list>
<pin id="101" dir="1" index="0" bw="1" slack="0"/>
</pin_list>
<bind>
<StgValue><ssdm name=""/></StgValue>
</bind>
</comp>

<comp id="102" class="1001" name="const_102">
<pin_list>
<pin id="103" dir="1" index="0" bw="1" slack="0"/>
</pin_list>
<bind>
<StgValue><ssdm name=""/></StgValue>
</bind>
</comp>

<comp id="104" class="1001" name="const_104">
<pin_list>
<pin id="105" dir="1" index="0" bw="1" slack="0"/>
</pin_list>
<bind>
<StgValue><ssdm name=""/></StgValue>
</bind>
</comp>

<comp id="106" class="1001" name="const_106">
<pin_list>
<pin id="107" dir="1" index="0" bw="1" slack="0"/>
</pin_list>
<bind>
<StgValue><ssdm name=""/></StgValue>
</bind>
</comp>

<comp id="108" class="1001" name="const_108">
<pin_list>
<pin id="109" dir="1" index="0" bw="1" slack="0"/>
</pin_list>
<bind>
<StgValue><ssdm name=""/></StgValue>
</bind>
</comp>

<comp id="110" class="1001" name="const_110">
<pin_list>
<pin id="111" dir="1" index="0" bw="1" slack="0"/>
</pin_list>
<bind>
<StgValue><ssdm name="_ssdm_op_PartSelect.i7.i32.i32.i32"/></StgValue>
</bind>
</comp>

<comp id="112" class="1001" name="const_112">
<pin_list>
<pin id="113" dir="1" index="0" bw="1" slack="0"/>
</pin_list>
<bind>
<StgValue><ssdm name=""/></StgValue>
</bind>
</comp>

<comp id="114" class="1001" name="const_114">
<pin_list>
<pin id="115" dir="1" index="0" bw="1" slack="0"/>
</pin_list>
<bind>
<StgValue><ssdm name=""/></StgValue>
</bind>
</comp>

<comp id="116" class="1001" name="const_116">
<pin_list>
<pin id="117" dir="1" index="0" bw="1" slack="0"/>
</pin_list>
<bind>
<StgValue><ssdm name="_ssdm_op_PartSelect.i15.i32.i32.i32"/></StgValue>
</bind>
</comp>

<comp id="118" class="1001" name="const_118">
<pin_list>
<pin id="119" dir="1" index="0" bw="1" slack="0"/>
</pin_list>
<bind>
<StgValue><ssdm name=""/></StgValue>
</bind>
</comp>

<comp id="120" class="1001" name="const_120">
<pin_list>
<pin id="121" dir="1" index="0" bw="1" slack="0"/>
</pin_list>
<bind>
<StgValue><ssdm name="_ssdm_op_BitConcatenate.i8.i1.i7"/></StgValue>
</bind>
</comp>

<comp id="122" class="1001" name="const_122">
<pin_list>
<pin id="123" dir="1" index="0" bw="1" slack="0"/>
</pin_list>
<bind>
<StgValue><ssdm name="_ssdm_op_BitConcatenate.i4.i1.i3"/></StgValue>
</bind>
</comp>

<comp id="124" class="1001" name="const_124">
<pin_list>
<pin id="125" dir="1" index="0" bw="1" slack="0"/>
</pin_list>
<bind>
<StgValue><ssdm name="_ssdm_op_SparseMux.ap_auto.16i1.i1.i4"/></StgValue>
</bind>
</comp>

<comp id="126" class="1001" name="const_126">
<pin_list>
<pin id="127" dir="1" index="0" bw="1" slack="0"/>
</pin_list>
<bind>
<StgValue><ssdm name=""/></StgValue>
</bind>
</comp>

<comp id="128" class="1001" name="const_128">
<pin_list>
<pin id="129" dir="1" index="0" bw="1" slack="0"/>
</pin_list>
<bind>
<StgValue><ssdm name=""/></StgValue>
</bind>
</comp>

<comp id="130" class="1001" name="const_130">
<pin_list>
<pin id="131" dir="1" index="0" bw="1" slack="0"/>
</pin_list>
<bind>
<StgValue><ssdm name=""/></StgValue>
</bind>
</comp>

<comp id="132" class="1001" name="const_132">
<pin_list>
<pin id="133" dir="1" index="0" bw="1" slack="0"/>
</pin_list>
<bind>
<StgValue><ssdm name=""/></StgValue>
</bind>
</comp>

<comp id="134" class="1001" name="const_134">
<pin_list>
<pin id="135" dir="1" index="0" bw="1" slack="0"/>
</pin_list>
<bind>
<StgValue><ssdm name=""/></StgValue>
</bind>
</comp>

<comp id="136" class="1001" name="const_136">
<pin_list>
<pin id="137" dir="1" index="0" bw="1" slack="0"/>
</pin_list>
<bind>
<StgValue><ssdm name=""/></StgValue>
</bind>
</comp>

<comp id="138" class="1001" name="const_138">
<pin_list>
<pin id="139" dir="1" index="0" bw="1" slack="0"/>
</pin_list>
<bind>
<StgValue><ssdm name=""/></StgValue>
</bind>
</comp>

<comp id="140" class="1001" name="const_140">
<pin_list>
<pin id="141" dir="1" index="0" bw="1" slack="0"/>
</pin_list>
<bind>
<StgValue><ssdm name=""/></StgValue>
</bind>
</comp>

<comp id="142" class="1001" name="const_142">
<pin_list>
<pin id="143" dir="1" index="0" bw="1" slack="0"/>
</pin_list>
<bind>
<StgValue><ssdm name=""/></StgValue>
</bind>
</comp>

<comp id="144" class="1001" name="const_144">
<pin_list>
<pin id="145" dir="1" index="0" bw="1" slack="0"/>
</pin_list>
<bind>
<StgValue><ssdm name=""/></StgValue>
</bind>
</comp>

<comp id="146" class="1001" name="const_146">
<pin_list>
<pin id="147" dir="1" index="0" bw="1" slack="0"/>
</pin_list>
<bind>
<StgValue><ssdm name=""/></StgValue>
</bind>
</comp>

<comp id="148" class="1001" name="const_148">
<pin_list>
<pin id="149" dir="1" index="0" bw="1" slack="0"/>
</pin_list>
<bind>
<StgValue><ssdm name=""/></StgValue>
</bind>
</comp>

<comp id="150" class="1001" name="const_150">
<pin_list>
<pin id="151" dir="1" index="0" bw="1" slack="0"/>
</pin_list>
<bind>
<StgValue><ssdm name=""/></StgValue>
</bind>
</comp>

<comp id="152" class="1001" name="const_152">
<pin_list>
<pin id="153" dir="1" index="0" bw="1" slack="0"/>
</pin_list>
<bind>
<StgValue><ssdm name=""/></StgValue>
</bind>
</comp>

<comp id="154" class="1001" name="const_154">
<pin_list>
<pin id="155" dir="1" index="0" bw="1" slack="0"/>
</pin_list>
<bind>
<StgValue><ssdm name=""/></StgValue>
</bind>
</comp>

<comp id="156" class="1001" name="const_156">
<pin_list>
<pin id="157" dir="1" index="0" bw="1" slack="0"/>
</pin_list>
<bind>
<StgValue><ssdm name=""/></StgValue>
</bind>
</comp>

<comp id="158" class="1001" name="const_158">
<pin_list>
<pin id="159" dir="1" index="0" bw="1" slack="0"/>
</pin_list>
<bind>
<StgValue><ssdm name=""/></StgValue>
</bind>
</comp>

<comp id="160" class="1001" name="const_160">
<pin_list>
<pin id="161" dir="1" index="0" bw="1" slack="0"/>
</pin_list>
<bind>
<StgValue><ssdm name=""/></StgValue>
</bind>
</comp>

<comp id="162" class="1001" name="const_162">
<pin_list>
<pin id="163" dir="1" index="0" bw="1" slack="0"/>
</pin_list>
<bind>
<StgValue><ssdm name="_ssdm_op_PartSelect.i15.i30.i32.i32"/></StgValue>
</bind>
</comp>

<comp id="164" class="1001" name="const_164">
<pin_list>
<pin id="165" dir="1" index="0" bw="1" slack="0"/>
</pin_list>
<bind>
<StgValue><ssdm name=""/></StgValue>
</bind>
</comp>

<comp id="166" class="1001" name="const_166">
<pin_list>
<pin id="167" dir="1" index="0" bw="1" slack="0"/>
</pin_list>
<bind>
<StgValue><ssdm name="_ssdm_op_PartSelect.i29.i30.i32.i32"/></StgValue>
</bind>
</comp>

<comp id="168" class="1001" name="const_168">
<pin_list>
<pin id="169" dir="1" index="0" bw="1" slack="0"/>
</pin_list>
<bind>
<StgValue><ssdm name=""/></StgValue>
</bind>
</comp>

<comp id="170" class="1001" name="const_170">
<pin_list>
<pin id="171" dir="1" index="0" bw="1" slack="0"/>
</pin_list>
<bind>
<StgValue><ssdm name="_ssdm_op_PartSelect.i22.i45.i32.i32"/></StgValue>
</bind>
</comp>

<comp id="172" class="1001" name="const_172">
<pin_list>
<pin id="173" dir="1" index="0" bw="1" slack="0"/>
</pin_list>
<bind>
<StgValue><ssdm name=""/></StgValue>
</bind>
</comp>

<comp id="174" class="1001" name="const_174">
<pin_list>
<pin id="175" dir="1" index="0" bw="1" slack="0"/>
</pin_list>
<bind>
<StgValue><ssdm name="_ssdm_op_PartSelect.i14.i30.i32.i32"/></StgValue>
</bind>
</comp>

<comp id="176" class="1001" name="const_176">
<pin_list>
<pin id="177" dir="1" index="0" bw="1" slack="0"/>
</pin_list>
<bind>
<StgValue><ssdm name=""/></StgValue>
</bind>
</comp>

<comp id="178" class="1001" name="const_178">
<pin_list>
<pin id="179" dir="1" index="0" bw="1" slack="2147483647"/>
</pin_list>
<bind>
<StgValue><ssdm name="_ssdm_op_SpecMemCore"/></StgValue>
</bind>
</comp>

<comp id="180" class="1001" name="const_180">
<pin_list>
<pin id="181" dir="1" index="0" bw="1" slack="2147483647"/>
</pin_list>
<bind>
<StgValue><ssdm name=""/></StgValue>
</bind>
</comp>

<comp id="182" class="1001" name="const_182">
<pin_list>
<pin id="183" dir="1" index="0" bw="1" slack="2147483647"/>
</pin_list>
<bind>
<StgValue><ssdm name=""/></StgValue>
</bind>
</comp>

<comp id="184" class="1001" name="const_184">
<pin_list>
<pin id="185" dir="1" index="0" bw="1" slack="2147483647"/>
</pin_list>
<bind>
<StgValue><ssdm name=""/></StgValue>
</bind>
</comp>

<comp id="186" class="1001" name="const_186">
<pin_list>
<pin id="187" dir="1" index="0" bw="1" slack="0"/>
</pin_list>
<bind>
<StgValue><ssdm name="_ssdm_op_PartSelect.i16.i58.i32.i32"/></StgValue>
</bind>
</comp>

<comp id="188" class="1001" name="const_188">
<pin_list>
<pin id="189" dir="1" index="0" bw="1" slack="0"/>
</pin_list>
<bind>
<StgValue><ssdm name=""/></StgValue>
</bind>
</comp>

<comp id="190" class="1001" name="const_190">
<pin_list>
<pin id="191" dir="1" index="0" bw="1" slack="0"/>
</pin_list>
<bind>
<StgValue><ssdm name="_ssdm_op_BitConcatenate.i32.i16.i16"/></StgValue>
</bind>
</comp>

<comp id="192" class="1001" name="const_192">
<pin_list>
<pin id="193" dir="1" index="0" bw="1" slack="0"/>
</pin_list>
<bind>
<StgValue><ssdm name=""/></StgValue>
</bind>
</comp>

<comp id="194" class="1001" name="const_194">
<pin_list>
<pin id="195" dir="1" index="0" bw="1" slack="0"/>
</pin_list>
<bind>
<StgValue><ssdm name="_ssdm_op_PartSelect.i13.i58.i32.i32"/></StgValue>
</bind>
</comp>

<comp id="196" class="1001" name="const_196">
<pin_list>
<pin id="197" dir="1" index="0" bw="1" slack="0"/>
</pin_list>
<bind>
<StgValue><ssdm name=""/></StgValue>
</bind>
</comp>

<comp id="198" class="1001" name="const_198">
<pin_list>
<pin id="199" dir="1" index="0" bw="1" slack="0"/>
</pin_list>
<bind>
<StgValue><ssdm name="_ssdm_op_BitConcatenate.i32.i13.i19"/></StgValue>
</bind>
</comp>

<comp id="200" class="1001" name="const_200">
<pin_list>
<pin id="201" dir="1" index="0" bw="1" slack="0"/>
</pin_list>
<bind>
<StgValue><ssdm name=""/></StgValue>
</bind>
</comp>

<comp id="202" class="1001" name="const_202">
<pin_list>
<pin id="203" dir="1" index="0" bw="1" slack="0"/>
</pin_list>
<bind>
<StgValue><ssdm name="llvm.part.select.i32"/></StgValue>
</bind>
</comp>

<comp id="204" class="1001" name="const_204">
<pin_list>
<pin id="205" dir="1" index="0" bw="1" slack="0"/>
</pin_list>
<bind>
<StgValue><ssdm name=""/></StgValue>
</bind>
</comp>

<comp id="206" class="1001" name="const_206">
<pin_list>
<pin id="207" dir="1" index="0" bw="1" slack="0"/>
</pin_list>
<bind>
<StgValue><ssdm name=""/></StgValue>
</bind>
</comp>

<comp id="208" class="1001" name="const_208">
<pin_list>
<pin id="209" dir="1" index="0" bw="1" slack="0"/>
</pin_list>
<bind>
<StgValue><ssdm name="_ssdm_op_PartSelect.i23.i32.i32.i32"/></StgValue>
</bind>
</comp>

<comp id="210" class="1001" name="const_210">
<pin_list>
<pin id="211" dir="1" index="0" bw="1" slack="0"/>
</pin_list>
<bind>
<StgValue><ssdm name=""/></StgValue>
</bind>
</comp>

<comp id="212" class="1001" name="const_212">
<pin_list>
<pin id="213" dir="1" index="0" bw="1" slack="0"/>
</pin_list>
<bind>
<StgValue><ssdm name=""/></StgValue>
</bind>
</comp>

<comp id="214" class="1001" name="const_214">
<pin_list>
<pin id="215" dir="1" index="0" bw="1" slack="0"/>
</pin_list>
<bind>
<StgValue><ssdm name=""/></StgValue>
</bind>
</comp>

<comp id="216" class="1001" name="const_216">
<pin_list>
<pin id="217" dir="1" index="0" bw="1" slack="0"/>
</pin_list>
<bind>
<StgValue><ssdm name=""/></StgValue>
</bind>
</comp>

<comp id="218" class="1001" name="const_218">
<pin_list>
<pin id="219" dir="1" index="0" bw="1" slack="0"/>
</pin_list>
<bind>
<StgValue><ssdm name="_ssdm_op_BitConcatenate.i32.i1.i8.i23"/></StgValue>
</bind>
</comp>

<comp id="220" class="1004" name="do_cos_read_read_fu_220">
<pin_list>
<pin id="221" dir="0" index="0" bw="1" slack="0"/>
<pin id="222" dir="0" index="1" bw="1" slack="0"/>
<pin id="223" dir="1" index="2" bw="1" slack="3"/>
</pin_list>
<bind>
<opcode="read(1150) " fcode="read"/>
<opset="do_cos_read/1 "/>
</bind>
</comp>

<comp id="226" class="1004" name="t_in_read_read_fu_226">
<pin_list>
<pin id="227" dir="0" index="0" bw="32" slack="0"/>
<pin id="228" dir="0" index="1" bw="32" slack="0"/>
<pin id="229" dir="1" index="2" bw="32" slack="0"/>
</pin_list>
<bind>
<opcode="read(1150) " fcode="read"/>
<opset="t_in_read/1 "/>
</bind>
</comp>

<comp id="232" class="1004" name="ref_4oPi_table_100_addr_gep_fu_232">
<pin_list>
<pin id="233" dir="0" index="0" bw="100" slack="0"/>
<pin id="234" dir="0" index="1" bw="1" slack="0"/>
<pin id="235" dir="0" index="2" bw="4" slack="0"/>
<pin id="236" dir="1" index="3" bw="4" slack="0"/>
</pin_list>
<bind>
<opcode="getelementptr(29) " fcode="getelementptr"/>
<opset="ref_4oPi_table_100_addr/1 "/>
</bind>
</comp>

<comp id="239" class="1004" name="grp_access_fu_239">
<pin_list>
<pin id="240" dir="0" index="0" bw="4" slack="0"/>
<pin id="241" dir="0" index="1" bw="100" slack="2147483647"/>
<pin id="242" dir="0" index="2" bw="0" slack="2147483647"/>
<pin id="243" dir="1" index="3" bw="100" slack="0"/>
</pin_list>
<bind>
<opcode="load(27) " fcode="load"/>
<opset="table_100/1 "/>
</bind>
</comp>

<comp id="245" class="1004" name="second_order_float_sin_cos_K0_addr_gep_fu_245">
<pin_list>
<pin id="246" dir="0" index="0" bw="30" slack="0"/>
<pin id="247" dir="0" index="1" bw="1" slack="0"/>
<pin id="248" dir="0" index="2" bw="8" slack="0"/>
<pin id="249" dir="1" index="3" bw="8" slack="0"/>
</pin_list>
<bind>
<opcode="getelementptr(29) " fcode="getelementptr"/>
<opset="second_order_float_sin_cos_K0_addr/4 "/>
</bind>
</comp>

<comp id="252" class="1004" name="grp_access_fu_252">
<pin_list>
<pin id="253" dir="0" index="0" bw="8" slack="0"/>
<pin id="254" dir="0" index="1" bw="30" slack="2147483647"/>
<pin id="255" dir="0" index="2" bw="0" slack="2147483647"/>
<pin id="256" dir="1" index="3" bw="30" slack="0"/>
</pin_list>
<bind>
<opcode="load(27) " fcode="load"/>
<opset="second_order_float_sin_cos_K0_load/4 "/>
</bind>
</comp>

<comp id="258" class="1004" name="second_order_float_sin_cos_K1_addr_gep_fu_258">
<pin_list>
<pin id="259" dir="0" index="0" bw="23" slack="0"/>
<pin id="260" dir="0" index="1" bw="1" slack="0"/>
<pin id="261" dir="0" index="2" bw="8" slack="0"/>
<pin id="262" dir="1" index="3" bw="8" slack="0"/>
</pin_list>
<bind>
<opcode="getelementptr(29) " fcode="getelementptr"/>
<opset="second_order_float_sin_cos_K1_addr/4 "/>
</bind>
</comp>

<comp id="265" class="1004" name="grp_access_fu_265">
<pin_list>
<pin id="266" dir="0" index="0" bw="8" slack="0"/>
<pin id="267" dir="0" index="1" bw="23" slack="2147483647"/>
<pin id="268" dir="0" index="2" bw="0" slack="2147483647"/>
<pin id="269" dir="1" index="3" bw="23" slack="0"/>
</pin_list>
<bind>
<opcode="load(27) " fcode="load"/>
<opset="second_order_float_sin_cos_K1_load/4 "/>
</bind>
</comp>

<comp id="271" class="1004" name="second_order_float_sin_cos_K2_addr_gep_fu_271">
<pin_list>
<pin id="272" dir="0" index="0" bw="15" slack="0"/>
<pin id="273" dir="0" index="1" bw="1" slack="0"/>
<pin id="274" dir="0" index="2" bw="8" slack="0"/>
<pin id="275" dir="1" index="3" bw="8" slack="0"/>
</pin_list>
<bind>
<opcode="getelementptr(29) " fcode="getelementptr"/>
<opset="second_order_float_sin_cos_K2_addr/4 "/>
</bind>
</comp>

<comp id="278" class="1004" name="grp_access_fu_278">
<pin_list>
<pin id="279" dir="0" index="0" bw="8" slack="0"/>
<pin id="280" dir="0" index="1" bw="15" slack="2147483647"/>
<pin id="281" dir="0" index="2" bw="0" slack="2147483647"/>
<pin id="282" dir="1" index="3" bw="15" slack="0"/>
</pin_list>
<bind>
<opcode="load(27) " fcode="load"/>
<opset="second_order_float_sin_cos_K2_load/4 "/>
</bind>
</comp>

<comp id="284" class="1004" name="mul_ln29_fu_284">
<pin_list>
<pin id="285" dir="0" index="0" bw="23" slack="0"/>
<pin id="286" dir="0" index="1" bw="22" slack="0"/>
<pin id="287" dir="1" index="2" bw="45" slack="0"/>
</pin_list>
<bind>
<opcode="mul(12) " fcode="mul"/>
<opset="mul_ln29/5 "/>
</bind>
</comp>

<comp id="288" class="1004" name="mul_ln32_fu_288">
<pin_list>
<pin id="289" dir="0" index="0" bw="30" slack="0"/>
<pin id="290" dir="0" index="1" bw="29" slack="0"/>
<pin id="291" dir="1" index="2" bw="58" slack="0"/>
</pin_list>
<bind>
<opcode="mul(12) " fcode="mul"/>
<opset="mul_ln32/6 "/>
</bind>
</comp>

<comp id="292" class="1004" name="h_fu_292">
<pin_list>
<pin id="293" dir="0" index="0" bw="80" slack="1"/>
<pin id="294" dir="0" index="1" bw="24" slack="0"/>
<pin id="295" dir="1" index="2" bw="80" slack="0"/>
</pin_list>
<bind>
<opcode="mul(12) " fcode="mul"/>
<opset="h/3 "/>
</bind>
</comp>

<comp id="296" class="1004" name="data_fu_296">
<pin_list>
<pin id="297" dir="0" index="0" bw="32" slack="0"/>
<pin id="298" dir="1" index="1" bw="32" slack="0"/>
</pin_list>
<bind>
<opcode="bitcast(44) " fcode="bitcast"/>
<opset="data/1 "/>
</bind>
</comp>

<comp id="300" class="1004" name="din_sign_fu_300">
<pin_list>
<pin id="301" dir="0" index="0" bw="1" slack="0"/>
<pin id="302" dir="0" index="1" bw="32" slack="0"/>
<pin id="303" dir="0" index="2" bw="6" slack="0"/>
<pin id="304" dir="1" index="3" bw="1" slack="3"/>
</pin_list>
<bind>
<opcode="bitselect(1000) " fcode="bitselect"/>
<opset="din_sign/1 "/>
</bind>
</comp>

<comp id="308" class="1004" name="din_exp_fu_308">
<pin_list>
<pin id="309" dir="0" index="0" bw="8" slack="0"/>
<pin id="310" dir="0" index="1" bw="32" slack="0"/>
<pin id="311" dir="0" index="2" bw="6" slack="0"/>
<pin id="312" dir="0" index="3" bw="6" slack="0"/>
<pin id="313" dir="1" index="4" bw="8" slack="0"/>
</pin_list>
<bind>
<opcode="partselect(1002) " fcode="partselect"/>
<opset="din_exp/1 "/>
</bind>
</comp>

<comp id="318" class="1004" name="din_sig_fu_318">
<pin_list>
<pin id="319" dir="0" index="0" bw="32" slack="0"/>
<pin id="320" dir="1" index="1" bw="23" slack="2"/>
</pin_list>
<bind>
<opcode="trunc(33) " fcode="trunc"/>
<opset="din_sig/1 "/>
</bind>
</comp>

<comp id="322" class="1004" name="closepath_fu_322">
<pin_list>
<pin id="323" dir="0" index="0" bw="8" slack="0"/>
<pin id="324" dir="0" index="1" bw="8" slack="0"/>
<pin id="325" dir="1" index="2" bw="1" slack="0"/>
</pin_list>
<bind>
<opcode="icmp(45) " fcode="icmp"/>
<opset="closepath/1 "/>
</bind>
</comp>

<comp id="328" class="1004" name="add_ln376_fu_328">
<pin_list>
<pin id="329" dir="0" index="0" bw="8" slack="0"/>
<pin id="330" dir="0" index="1" bw="7" slack="0"/>
<pin id="331" dir="1" index="2" bw="8" slack="0"/>
</pin_list>
<bind>
<opcode="add(8) " fcode="add"/>
<opset="add_ln376/1 "/>
</bind>
</comp>

<comp id="334" class="1004" name="addr_fu_334">
<pin_list>
<pin id="335" dir="0" index="0" bw="1" slack="0"/>
<pin id="336" dir="0" index="1" bw="8" slack="0"/>
<pin id="337" dir="0" index="2" bw="8" slack="0"/>
<pin id="338" dir="1" index="3" bw="8" slack="0"/>
</pin_list>
<bind>
<opcode="select(49) " fcode="select"/>
<opset="addr/1 "/>
</bind>
</comp>

<comp id="342" class="1004" name="lshr_ln_fu_342">
<pin_list>
<pin id="343" dir="0" index="0" bw="4" slack="0"/>
<pin id="344" dir="0" index="1" bw="8" slack="0"/>
<pin id="345" dir="0" index="2" bw="4" slack="0"/>
<pin id="346" dir="0" index="3" bw="4" slack="0"/>
<pin id="347" dir="1" index="4" bw="4" slack="0"/>
</pin_list>
<bind>
<opcode="partselect(1002) " fcode="partselect"/>
<opset="lshr_ln/1 "/>
</bind>
</comp>

<comp id="352" class="1004" name="zext_ln378_fu_352">
<pin_list>
<pin id="353" dir="0" index="0" bw="4" slack="0"/>
<pin id="354" dir="1" index="1" bw="64" slack="0"/>
</pin_list>
<bind>
<opcode="zext(34) " fcode="zext"/>
<opset="zext_ln378/1 "/>
</bind>
</comp>

<comp id="357" class="1004" name="trunc_ln379_fu_357">
<pin_list>
<pin id="358" dir="0" index="0" bw="8" slack="0"/>
<pin id="359" dir="1" index="1" bw="4" slack="1"/>
</pin_list>
<bind>
<opcode="trunc(33) " fcode="trunc"/>
<opset="trunc_ln379/1 "/>
</bind>
</comp>

<comp id="361" class="1004" name="zext_ln379_fu_361">
<pin_list>
<pin id="362" dir="0" index="0" bw="4" slack="1"/>
<pin id="363" dir="1" index="1" bw="100" slack="0"/>
</pin_list>
<bind>
<opcode="zext(34) " fcode="zext"/>
<opset="zext_ln379/2 "/>
</bind>
</comp>

<comp id="364" class="1004" name="shl_ln379_fu_364">
<pin_list>
<pin id="365" dir="0" index="0" bw="100" slack="0"/>
<pin id="366" dir="0" index="1" bw="4" slack="0"/>
<pin id="367" dir="1" index="2" bw="100" slack="0"/>
</pin_list>
<bind>
<opcode="shl(20) " fcode="shl"/>
<opset="shl_ln379/2 "/>
</bind>
</comp>

<comp id="370" class="1004" name="Med_fu_370">
<pin_list>
<pin id="371" dir="0" index="0" bw="80" slack="0"/>
<pin id="372" dir="0" index="1" bw="100" slack="0"/>
<pin id="373" dir="0" index="2" bw="6" slack="0"/>
<pin id="374" dir="0" index="3" bw="8" slack="0"/>
<pin id="375" dir="1" index="4" bw="80" slack="1"/>
</pin_list>
<bind>
<opcode="partselect(1002) " fcode="partselect"/>
<opset="Med/2 "/>
</bind>
</comp>

<comp id="380" class="1004" name="X_fu_380">
<pin_list>
<pin id="381" dir="0" index="0" bw="24" slack="0"/>
<pin id="382" dir="0" index="1" bw="1" slack="0"/>
<pin id="383" dir="0" index="2" bw="23" slack="2"/>
<pin id="384" dir="1" index="3" bw="24" slack="0"/>
</pin_list>
<bind>
<opcode="bitconcatenate(1004) " fcode="bitconcatenate"/>
<opset="X/3 "/>
</bind>
</comp>

<comp id="387" class="1004" name="zext_ln468_fu_387">
<pin_list>
<pin id="388" dir="0" index="0" bw="24" slack="0"/>
<pin id="389" dir="1" index="1" bw="80" slack="0"/>
</pin_list>
<bind>
<opcode="zext(34) " fcode="zext"/>
<opset="zext_ln468/3 "/>
</bind>
</comp>

<comp id="392" class="1004" name="Mx_bits_fu_392">
<pin_list>
<pin id="393" dir="0" index="0" bw="58" slack="0"/>
<pin id="394" dir="0" index="1" bw="80" slack="0"/>
<pin id="395" dir="0" index="2" bw="6" slack="0"/>
<pin id="396" dir="0" index="3" bw="8" slack="0"/>
<pin id="397" dir="1" index="4" bw="58" slack="1"/>
</pin_list>
<bind>
<opcode="partselect(1002) " fcode="partselect"/>
<opset="Mx_bits/3 "/>
</bind>
</comp>

<comp id="402" class="1004" name="k_fu_402">
<pin_list>
<pin id="403" dir="0" index="0" bw="3" slack="0"/>
<pin id="404" dir="0" index="1" bw="80" slack="0"/>
<pin id="405" dir="0" index="2" bw="8" slack="0"/>
<pin id="406" dir="0" index="3" bw="8" slack="0"/>
<pin id="407" dir="1" index="4" bw="3" slack="1"/>
</pin_list>
<bind>
<opcode="partselect(1002) " fcode="partselect"/>
<opset="k/3 "/>
</bind>
</comp>

<comp id="412" class="1004" name="icmp_ln271_1_fu_412">
<pin_list>
<pin id="413" dir="0" index="0" bw="23" slack="2"/>
<pin id="414" dir="0" index="1" bw="23" slack="0"/>
<pin id="415" dir="1" index="2" bw="1" slack="1"/>
</pin_list>
<bind>
<opcode="icmp(45) " fcode="icmp"/>
<opset="icmp_ln271_1/3 "/>
</bind>
</comp>

<comp id="417" class="1004" name="Ex_fu_417">
<pin_list>
<pin id="418" dir="0" index="0" bw="8" slack="3"/>
<pin id="419" dir="0" index="1" bw="8" slack="0"/>
<pin id="420" dir="1" index="2" bw="8" slack="0"/>
</pin_list>
<bind>
<opcode="add(8) " fcode="add"/>
<opset="Ex/4 "/>
</bind>
</comp>

<comp id="422" class="1004" name="select_ln453_fu_422">
<pin_list>
<pin id="423" dir="0" index="0" bw="1" slack="3"/>
<pin id="424" dir="0" index="1" bw="8" slack="0"/>
<pin id="425" dir="0" index="2" bw="8" slack="0"/>
<pin id="426" dir="1" index="3" bw="8" slack="0"/>
</pin_list>
<bind>
<opcode="select(49) " fcode="select"/>
<opset="select_ln453/4 "/>
</bind>
</comp>

<comp id="429" class="1004" name="k_1_fu_429">
<pin_list>
<pin id="430" dir="0" index="0" bw="1" slack="3"/>
<pin id="431" dir="0" index="1" bw="3" slack="0"/>
<pin id="432" dir="0" index="2" bw="3" slack="1"/>
<pin id="433" dir="1" index="3" bw="3" slack="0"/>
</pin_list>
<bind>
<opcode="select(49) " fcode="select"/>
<opset="k_1/4 "/>
</bind>
</comp>

<comp id="435" class="1004" name="trunc_ln491_fu_435">
<pin_list>
<pin id="436" dir="0" index="0" bw="3" slack="0"/>
<pin id="437" dir="1" index="1" bw="1" slack="0"/>
</pin_list>
<bind>
<opcode="trunc(33) " fcode="trunc"/>
<opset="trunc_ln491/4 "/>
</bind>
</comp>

<comp id="439" class="1004" name="Mx_bits_1_fu_439">
<pin_list>
<pin id="440" dir="0" index="0" bw="1" slack="0"/>
<pin id="441" dir="0" index="1" bw="58" slack="1"/>
<pin id="442" dir="1" index="2" bw="58" slack="0"/>
</pin_list>
<bind>
<opcode="sub(10) " fcode="sub"/>
<opset="Mx_bits_1/4 "/>
</bind>
</comp>

<comp id="444" class="1004" name="Mx_bits_2_fu_444">
<pin_list>
<pin id="445" dir="0" index="0" bw="1" slack="0"/>
<pin id="446" dir="0" index="1" bw="58" slack="0"/>
<pin id="447" dir="0" index="2" bw="58" slack="1"/>
<pin id="448" dir="1" index="3" bw="58" slack="0"/>
</pin_list>
<bind>
<opcode="select(49) " fcode="select"/>
<opset="Mx_bits_2/4 "/>
</bind>
</comp>

<comp id="451" class="1004" name="tmp_2_fu_451">
<pin_list>
<pin id="452" dir="0" index="0" bw="29" slack="0"/>
<pin id="453" dir="0" index="1" bw="58" slack="0"/>
<pin id="454" dir="0" index="2" bw="6" slack="0"/>
<pin id="455" dir="0" index="3" bw="7" slack="0"/>
<pin id="456" dir="1" index="4" bw="29" slack="0"/>
</pin_list>
<bind>
<opcode="partselect(1002) " fcode="partselect"/>
<opset="tmp_2/4 "/>
</bind>
</comp>

<comp id="461" class="1004" name="t_fu_461">
<pin_list>
<pin id="462" dir="0" index="0" bw="30" slack="0"/>
<pin id="463" dir="0" index="1" bw="29" slack="0"/>
<pin id="464" dir="0" index="2" bw="1" slack="0"/>
<pin id="465" dir="1" index="3" bw="30" slack="0"/>
</pin_list>
<bind>
<opcode="bitconcatenate(1004) " fcode="bitconcatenate"/>
<opset="t/4 "/>
</bind>
</comp>

<comp id="469" class="1004" name="tmp_9_fu_469">
<pin_list>
<pin id="470" dir="0" index="0" bw="30" slack="0"/>
<pin id="471" dir="0" index="1" bw="30" slack="0"/>
<pin id="472" dir="0" index="2" bw="6" slack="0"/>
<pin id="473" dir="0" index="3" bw="1" slack="0"/>
<pin id="474" dir="1" index="4" bw="30" slack="0"/>
</pin_list>
<bind>
<opcode="partselect(1002) " fcode="partselect"/>
<opset="tmp_9/4 "/>
</bind>
</comp>

<comp id="479" class="1004" name="tmp_s_fu_479">
<pin_list>
<pin id="480" dir="0" index="0" bw="31" slack="0"/>
<pin id="481" dir="0" index="1" bw="1" slack="0"/>
<pin id="482" dir="0" index="2" bw="30" slack="0"/>
<pin id="483" dir="1" index="3" bw="31" slack="0"/>
</pin_list>
<bind>
<opcode="bitconcatenate(1004) " fcode="bitconcatenate"/>
<opset="tmp_s/4 "/>
</bind>
</comp>

<comp id="487" class="1004" name="sext_ln75_fu_487">
<pin_list>
<pin id="488" dir="0" index="0" bw="31" slack="0"/>
<pin id="489" dir="1" index="1" bw="32" slack="0"/>
</pin_list>
<bind>
<opcode="sext(35) " fcode="sext"/>
<opset="sext_ln75/4 "/>
</bind>
</comp>

<comp id="491" class="1004" name="tmp_1_fu_491">
<pin_list>
<pin id="492" dir="0" index="0" bw="32" slack="0"/>
<pin id="493" dir="0" index="1" bw="31" slack="0"/>
<pin id="494" dir="0" index="2" bw="1" slack="0"/>
<pin id="495" dir="1" index="3" bw="32" slack="0"/>
</pin_list>
<bind>
<opcode="cttz(524) " fcode="cttz"/>
<opset="tmp_1/4 "/>
</bind>
</comp>

<comp id="499" class="1004" name="Mx_zeros_fu_499">
<pin_list>
<pin id="500" dir="0" index="0" bw="32" slack="0"/>
<pin id="501" dir="1" index="1" bw="6" slack="0"/>
</pin_list>
<bind>
<opcode="trunc(33) " fcode="trunc"/>
<opset="Mx_zeros/4 "/>
</bind>
</comp>

<comp id="503" class="1004" name="zext_ln504_fu_503">
<pin_list>
<pin id="504" dir="0" index="0" bw="6" slack="0"/>
<pin id="505" dir="1" index="1" bw="58" slack="0"/>
</pin_list>
<bind>
<opcode="zext(34) " fcode="zext"/>
<opset="zext_ln504/4 "/>
</bind>
</comp>

<comp id="507" class="1004" name="shl_ln504_fu_507">
<pin_list>
<pin id="508" dir="0" index="0" bw="58" slack="0"/>
<pin id="509" dir="0" index="1" bw="6" slack="0"/>
<pin id="510" dir="1" index="2" bw="58" slack="0"/>
</pin_list>
<bind>
<opcode="shl(20) " fcode="shl"/>
<opset="shl_ln504/4 "/>
</bind>
</comp>

<comp id="513" class="1004" name="Mx_fu_513">
<pin_list>
<pin id="514" dir="0" index="0" bw="29" slack="0"/>
<pin id="515" dir="0" index="1" bw="58" slack="0"/>
<pin id="516" dir="0" index="2" bw="6" slack="0"/>
<pin id="517" dir="0" index="3" bw="7" slack="0"/>
<pin id="518" dir="1" index="4" bw="29" slack="0"/>
</pin_list>
<bind>
<opcode="partselect(1002) " fcode="partselect"/>
<opset="Mx/4 "/>
</bind>
</comp>

<comp id="523" class="1004" name="zext_ln505_fu_523">
<pin_list>
<pin id="524" dir="0" index="0" bw="6" slack="0"/>
<pin id="525" dir="1" index="1" bw="8" slack="0"/>
</pin_list>
<bind>
<opcode="zext(34) " fcode="zext"/>
<opset="zext_ln505/4 "/>
</bind>
</comp>

<comp id="527" class="1004" name="Ex_1_fu_527">
<pin_list>
<pin id="528" dir="0" index="0" bw="8" slack="0"/>
<pin id="529" dir="0" index="1" bw="6" slack="0"/>
<pin id="530" dir="1" index="2" bw="8" slack="0"/>
</pin_list>
<bind>
<opcode="sub(10) " fcode="sub"/>
<opset="Ex_1/4 "/>
</bind>
</comp>

<comp id="533" class="1004" name="tmp_fu_533">
<pin_list>
<pin id="534" dir="0" index="0" bw="1" slack="0"/>
<pin id="535" dir="0" index="1" bw="8" slack="0"/>
<pin id="536" dir="0" index="2" bw="4" slack="0"/>
<pin id="537" dir="1" index="3" bw="1" slack="0"/>
</pin_list>
<bind>
<opcode="bitselect(1000) " fcode="bitselect"/>
<opset="tmp/4 "/>
</bind>
</comp>

<comp id="541" class="1004" name="sub_ln506_fu_541">
<pin_list>
<pin id="542" dir="0" index="0" bw="1" slack="0"/>
<pin id="543" dir="0" index="1" bw="8" slack="0"/>
<pin id="544" dir="1" index="2" bw="8" slack="0"/>
</pin_list>
<bind>
<opcode="sub(10) " fcode="sub"/>
<opset="sub_ln506/4 "/>
</bind>
</comp>

<comp id="547" class="1004" name="select_ln506_fu_547">
<pin_list>
<pin id="548" dir="0" index="0" bw="1" slack="0"/>
<pin id="549" dir="0" index="1" bw="8" slack="0"/>
<pin id="550" dir="0" index="2" bw="8" slack="0"/>
<pin id="551" dir="1" index="3" bw="8" slack="0"/>
</pin_list>
<bind>
<opcode="select(49) " fcode="select"/>
<opset="select_ln506/4 "/>
</bind>
</comp>

<comp id="555" class="1004" name="zext_ln506_1_fu_555">
<pin_list>
<pin id="556" dir="0" index="0" bw="8" slack="0"/>
<pin id="557" dir="1" index="1" bw="32" slack="0"/>
</pin_list>
<bind>
<opcode="zext(34) " fcode="zext"/>
<opset="zext_ln506_1/4 "/>
</bind>
</comp>

<comp id="559" class="1004" name="zext_ln506_fu_559">
<pin_list>
<pin id="560" dir="0" index="0" bw="29" slack="0"/>
<pin id="561" dir="1" index="1" bw="32" slack="0"/>
</pin_list>
<bind>
<opcode="zext(34) " fcode="zext"/>
<opset="zext_ln506/4 "/>
</bind>
</comp>

<comp id="563" class="1004" name="lshr_ln506_fu_563">
<pin_list>
<pin id="564" dir="0" index="0" bw="29" slack="0"/>
<pin id="565" dir="0" index="1" bw="8" slack="0"/>
<pin id="566" dir="1" index="2" bw="32" slack="0"/>
</pin_list>
<bind>
<opcode="lshr(21) " fcode="lshr"/>
<opset="lshr_ln506/4 "/>
</bind>
</comp>

<comp id="569" class="1004" name="shl_ln506_fu_569">
<pin_list>
<pin id="570" dir="0" index="0" bw="29" slack="0"/>
<pin id="571" dir="0" index="1" bw="8" slack="0"/>
<pin id="572" dir="1" index="2" bw="32" slack="0"/>
</pin_list>
<bind>
<opcode="shl(20) " fcode="shl"/>
<opset="shl_ln506/4 "/>
</bind>
</comp>

<comp id="575" class="1004" name="select_ln506_1_fu_575">
<pin_list>
<pin id="576" dir="0" index="0" bw="1" slack="0"/>
<pin id="577" dir="0" index="1" bw="32" slack="0"/>
<pin id="578" dir="0" index="2" bw="32" slack="0"/>
<pin id="579" dir="1" index="3" bw="32" slack="0"/>
</pin_list>
<bind>
<opcode="select(49) " fcode="select"/>
<opset="select_ln506_1/4 "/>
</bind>
</comp>

<comp id="583" class="1004" name="B_fu_583">
<pin_list>
<pin id="584" dir="0" index="0" bw="32" slack="0"/>
<pin id="585" dir="1" index="1" bw="22" slack="1"/>
</pin_list>
<bind>
<opcode="trunc(33) " fcode="trunc"/>
<opset="B/4 "/>
</bind>
</comp>

<comp id="587" class="1004" name="tmp_3_fu_587">
<pin_list>
<pin id="588" dir="0" index="0" bw="1" slack="0"/>
<pin id="589" dir="0" index="1" bw="3" slack="0"/>
<pin id="590" dir="0" index="2" bw="1" slack="0"/>
<pin id="591" dir="0" index="3" bw="3" slack="0"/>
<pin id="592" dir="0" index="4" bw="1" slack="0"/>
<pin id="593" dir="0" index="5" bw="3" slack="0"/>
<pin id="594" dir="0" index="6" bw="1" slack="0"/>
<pin id="595" dir="0" index="7" bw="3" slack="0"/>
<pin id="596" dir="0" index="8" bw="1" slack="0"/>
<pin id="597" dir="0" index="9" bw="3" slack="0"/>
<pin id="598" dir="0" index="10" bw="1" slack="0"/>
<pin id="599" dir="0" index="11" bw="3" slack="0"/>
<pin id="600" dir="0" index="12" bw="1" slack="0"/>
<pin id="601" dir="0" index="13" bw="3" slack="0"/>
<pin id="602" dir="0" index="14" bw="1" slack="0"/>
<pin id="603" dir="0" index="15" bw="3" slack="0"/>
<pin id="604" dir="0" index="16" bw="1" slack="0"/>
<pin id="605" dir="0" index="17" bw="1" slack="0"/>
<pin id="606" dir="0" index="18" bw="3" slack="0"/>
<pin id="607" dir="1" index="19" bw="1" slack="0"/>
</pin_list>
<bind>
<opcode="sparsemux(1197) " fcode="sparsemux"/>
<opset="tmp_3/4 "/>
</bind>
</comp>

<comp id="627" class="1004" name="xor_ln242_fu_627">
<pin_list>
<pin id="628" dir="0" index="0" bw="1" slack="0"/>
<pin id="629" dir="0" index="1" bw="1" slack="0"/>
<pin id="630" dir="1" index="2" bw="1" slack="0"/>
</pin_list>
<bind>
<opcode="xor(25) " fcode="xor"/>
<opset="xor_ln242/4 "/>
</bind>
</comp>

<comp id="633" class="1004" name="cos_basis_fu_633">
<pin_list>
<pin id="634" dir="0" index="0" bw="1" slack="3"/>
<pin id="635" dir="0" index="1" bw="1" slack="0"/>
<pin id="636" dir="0" index="2" bw="1" slack="0"/>
<pin id="637" dir="1" index="3" bw="1" slack="0"/>
</pin_list>
<bind>
<opcode="select(49) " fcode="select"/>
<opset="cos_basis/4 "/>
</bind>
</comp>

<comp id="640" class="1004" name="tmp_4_fu_640">
<pin_list>
<pin id="641" dir="0" index="0" bw="7" slack="0"/>
<pin id="642" dir="0" index="1" bw="32" slack="0"/>
<pin id="643" dir="0" index="2" bw="6" slack="0"/>
<pin id="644" dir="0" index="3" bw="6" slack="0"/>
<pin id="645" dir="1" index="4" bw="7" slack="0"/>
</pin_list>
<bind>
<opcode="partselect(1002) " fcode="partselect"/>
<opset="tmp_4/4 "/>
</bind>
</comp>

<comp id="650" class="1004" name="B_trunc_fu_650">
<pin_list>
<pin id="651" dir="0" index="0" bw="15" slack="0"/>
<pin id="652" dir="0" index="1" bw="32" slack="0"/>
<pin id="653" dir="0" index="2" bw="4" slack="0"/>
<pin id="654" dir="0" index="3" bw="6" slack="0"/>
<pin id="655" dir="1" index="4" bw="15" slack="1"/>
</pin_list>
<bind>
<opcode="partselect(1002) " fcode="partselect"/>
<opset="B_trunc/4 "/>
</bind>
</comp>

<comp id="660" class="1004" name="sin_basis_fu_660">
<pin_list>
<pin id="661" dir="0" index="0" bw="1" slack="3"/>
<pin id="662" dir="0" index="1" bw="1" slack="0"/>
<pin id="663" dir="0" index="2" bw="1" slack="0"/>
<pin id="664" dir="1" index="3" bw="1" slack="0"/>
</pin_list>
<bind>
<opcode="select(49) " fcode="select"/>
<opset="sin_basis/4 "/>
</bind>
</comp>

<comp id="667" class="1004" name="A_fu_667">
<pin_list>
<pin id="668" dir="0" index="0" bw="8" slack="0"/>
<pin id="669" dir="0" index="1" bw="1" slack="0"/>
<pin id="670" dir="0" index="2" bw="7" slack="0"/>
<pin id="671" dir="1" index="3" bw="8" slack="0"/>
</pin_list>
<bind>
<opcode="bitconcatenate(1004) " fcode="bitconcatenate"/>
<opset="A/4 "/>
</bind>
</comp>

<comp id="675" class="1004" name="zext_ln28_fu_675">
<pin_list>
<pin id="676" dir="0" index="0" bw="8" slack="0"/>
<pin id="677" dir="1" index="1" bw="64" slack="0"/>
</pin_list>
<bind>
<opcode="zext(34) " fcode="zext"/>
<opset="zext_ln28/4 "/>
</bind>
</comp>

<comp id="682" class="1004" name="index_fu_682">
<pin_list>
<pin id="683" dir="0" index="0" bw="4" slack="0"/>
<pin id="684" dir="0" index="1" bw="1" slack="3"/>
<pin id="685" dir="0" index="2" bw="3" slack="0"/>
<pin id="686" dir="1" index="3" bw="4" slack="0"/>
</pin_list>
<bind>
<opcode="bitconcatenate(1004) " fcode="bitconcatenate"/>
<opset="index/4 "/>
</bind>
</comp>

<comp id="689" class="1004" name="tmp_12_fu_689">
<pin_list>
<pin id="690" dir="0" index="0" bw="1" slack="0"/>
<pin id="691" dir="0" index="1" bw="4" slack="0"/>
<pin id="692" dir="0" index="2" bw="1" slack="0"/>
<pin id="693" dir="0" index="3" bw="4" slack="0"/>
<pin id="694" dir="0" index="4" bw="1" slack="0"/>
<pin id="695" dir="0" index="5" bw="4" slack="0"/>
<pin id="696" dir="0" index="6" bw="1" slack="0"/>
<pin id="697" dir="0" index="7" bw="4" slack="0"/>
<pin id="698" dir="0" index="8" bw="1" slack="0"/>
<pin id="699" dir="0" index="9" bw="4" slack="0"/>
<pin id="700" dir="0" index="10" bw="1" slack="0"/>
<pin id="701" dir="0" index="11" bw="4" slack="0"/>
<pin id="702" dir="0" index="12" bw="1" slack="0"/>
<pin id="703" dir="0" index="13" bw="4" slack="0"/>
<pin id="704" dir="0" index="14" bw="1" slack="0"/>
<pin id="705" dir="0" index="15" bw="4" slack="0"/>
<pin id="706" dir="0" index="16" bw="1" slack="0"/>
<pin id="707" dir="0" index="17" bw="4" slack="0"/>
<pin id="708" dir="0" index="18" bw="1" slack="0"/>
<pin id="709" dir="0" index="19" bw="4" slack="0"/>
<pin id="710" dir="0" index="20" bw="1" slack="0"/>
<pin id="711" dir="0" index="21" bw="4" slack="0"/>
<pin id="712" dir="0" index="22" bw="1" slack="0"/>
<pin id="713" dir="0" index="23" bw="4" slack="0"/>
<pin id="714" dir="0" index="24" bw="1" slack="0"/>
<pin id="715" dir="0" index="25" bw="4" slack="0"/>
<pin id="716" dir="0" index="26" bw="1" slack="0"/>
<pin id="717" dir="0" index="27" bw="4" slack="0"/>
<pin id="718" dir="0" index="28" bw="1" slack="0"/>
<pin id="719" dir="0" index="29" bw="4" slack="0"/>
<pin id="720" dir="0" index="30" bw="1" slack="0"/>
<pin id="721" dir="0" index="31" bw="4" slack="0"/>
<pin id="722" dir="0" index="32" bw="1" slack="0"/>
<pin id="723" dir="0" index="33" bw="1" slack="0"/>
<pin id="724" dir="0" index="34" bw="4" slack="0"/>
<pin id="725" dir="1" index="35" bw="1" slack="0"/>
</pin_list>
<bind>
<opcode="sparsemux(1197) " fcode="sparsemux"/>
<opset="tmp_12/4 "/>
</bind>
</comp>

<comp id="761" class="1004" name="tmp_13_fu_761">
<pin_list>
<pin id="762" dir="0" index="0" bw="1" slack="0"/>
<pin id="763" dir="0" index="1" bw="4" slack="0"/>
<pin id="764" dir="0" index="2" bw="1" slack="0"/>
<pin id="765" dir="0" index="3" bw="4" slack="0"/>
<pin id="766" dir="0" index="4" bw="1" slack="0"/>
<pin id="767" dir="0" index="5" bw="4" slack="0"/>
<pin id="768" dir="0" index="6" bw="1" slack="0"/>
<pin id="769" dir="0" index="7" bw="4" slack="0"/>
<pin id="770" dir="0" index="8" bw="1" slack="0"/>
<pin id="771" dir="0" index="9" bw="4" slack="0"/>
<pin id="772" dir="0" index="10" bw="1" slack="0"/>
<pin id="773" dir="0" index="11" bw="4" slack="0"/>
<pin id="774" dir="0" index="12" bw="1" slack="0"/>
<pin id="775" dir="0" index="13" bw="4" slack="0"/>
<pin id="776" dir="0" index="14" bw="1" slack="0"/>
<pin id="777" dir="0" index="15" bw="4" slack="0"/>
<pin id="778" dir="0" index="16" bw="1" slack="0"/>
<pin id="779" dir="0" index="17" bw="4" slack="0"/>
<pin id="780" dir="0" index="18" bw="1" slack="0"/>
<pin id="781" dir="0" index="19" bw="4" slack="0"/>
<pin id="782" dir="0" index="20" bw="1" slack="0"/>
<pin id="783" dir="0" index="21" bw="4" slack="0"/>
<pin id="784" dir="0" index="22" bw="1" slack="0"/>
<pin id="785" dir="0" index="23" bw="4" slack="0"/>
<pin id="786" dir="0" index="24" bw="1" slack="0"/>
<pin id="787" dir="0" index="25" bw="4" slack="0"/>
<pin id="788" dir="0" index="26" bw="1" slack="0"/>
<pin id="789" dir="0" index="27" bw="4" slack="0"/>
<pin id="790" dir="0" index="28" bw="1" slack="0"/>
<pin id="791" dir="0" index="29" bw="4" slack="0"/>
<pin id="792" dir="0" index="30" bw="1" slack="0"/>
<pin id="793" dir="0" index="31" bw="4" slack="0"/>
<pin id="794" dir="0" index="32" bw="1" slack="0"/>
<pin id="795" dir="0" index="33" bw="1" slack="0"/>
<pin id="796" dir="0" index="34" bw="4" slack="0"/>
<pin id="797" dir="1" index="35" bw="1" slack="0"/>
</pin_list>
<bind>
<opcode="sparsemux(1197) " fcode="sparsemux"/>
<opset="tmp_13/4 "/>
</bind>
</comp>

<comp id="833" class="1004" name="results_sign_fu_833">
<pin_list>
<pin id="834" dir="0" index="0" bw="1" slack="0"/>
<pin id="835" dir="0" index="1" bw="1" slack="0"/>
<pin id="836" dir="0" index="2" bw="1" slack="0"/>
<pin id="837" dir="1" index="3" bw="1" slack="0"/>
</pin_list>
<bind>
<opcode="select(49) " fcode="select"/>
<opset="results_sign/4 "/>
</bind>
</comp>

<comp id="841" class="1004" name="icmp_ln271_fu_841">
<pin_list>
<pin id="842" dir="0" index="0" bw="8" slack="3"/>
<pin id="843" dir="0" index="1" bw="8" slack="0"/>
<pin id="844" dir="1" index="2" bw="1" slack="0"/>
</pin_list>
<bind>
<opcode="icmp(45) " fcode="icmp"/>
<opset="icmp_ln271/4 "/>
</bind>
</comp>

<comp id="846" class="1004" name="and_ln271_fu_846">
<pin_list>
<pin id="847" dir="0" index="0" bw="1" slack="0"/>
<pin id="848" dir="0" index="1" bw="1" slack="1"/>
<pin id="849" dir="1" index="2" bw="1" slack="0"/>
</pin_list>
<bind>
<opcode="and(23) " fcode="and"/>
<opset="and_ln271/4 "/>
</bind>
</comp>

<comp id="851" class="1004" name="xor_ln278_fu_851">
<pin_list>
<pin id="852" dir="0" index="0" bw="1" slack="3"/>
<pin id="853" dir="0" index="1" bw="1" slack="0"/>
<pin id="854" dir="1" index="2" bw="1" slack="0"/>
</pin_list>
<bind>
<opcode="xor(25) " fcode="xor"/>
<opset="xor_ln278/4 "/>
</bind>
</comp>

<comp id="856" class="1004" name="results_sign_2_fu_856">
<pin_list>
<pin id="857" dir="0" index="0" bw="1" slack="3"/>
<pin id="858" dir="0" index="1" bw="1" slack="0"/>
<pin id="859" dir="1" index="2" bw="1" slack="0"/>
</pin_list>
<bind>
<opcode="and(23) " fcode="and"/>
<opset="results_sign_2/4 "/>
</bind>
</comp>

<comp id="861" class="1004" name="icmp_ln282_fu_861">
<pin_list>
<pin id="862" dir="0" index="0" bw="8" slack="3"/>
<pin id="863" dir="0" index="1" bw="8" slack="0"/>
<pin id="864" dir="1" index="2" bw="1" slack="0"/>
</pin_list>
<bind>
<opcode="icmp(45) " fcode="icmp"/>
<opset="icmp_ln282/4 "/>
</bind>
</comp>

<comp id="866" class="1004" name="xor_ln282_fu_866">
<pin_list>
<pin id="867" dir="0" index="0" bw="1" slack="0"/>
<pin id="868" dir="0" index="1" bw="1" slack="0"/>
<pin id="869" dir="1" index="2" bw="1" slack="0"/>
</pin_list>
<bind>
<opcode="xor(25) " fcode="xor"/>
<opset="xor_ln282/4 "/>
</bind>
</comp>

<comp id="872" class="1004" name="results_sign_4_fu_872">
<pin_list>
<pin id="873" dir="0" index="0" bw="1" slack="0"/>
<pin id="874" dir="0" index="1" bw="1" slack="0"/>
<pin id="875" dir="1" index="2" bw="1" slack="0"/>
</pin_list>
<bind>
<opcode="and(23) " fcode="and"/>
<opset="results_sign_4/4 "/>
</bind>
</comp>

<comp id="878" class="1004" name="results_sign_3_fu_878">
<pin_list>
<pin id="879" dir="0" index="0" bw="1" slack="0"/>
<pin id="880" dir="0" index="1" bw="1" slack="0"/>
<pin id="881" dir="0" index="2" bw="1" slack="0"/>
<pin id="882" dir="1" index="3" bw="1" slack="2"/>
</pin_list>
<bind>
<opcode="select(49) " fcode="select"/>
<opset="results_sign_3/4 "/>
</bind>
</comp>

<comp id="886" class="1004" name="Mx_1_fu_886">
<pin_list>
<pin id="887" dir="0" index="0" bw="1" slack="1"/>
<pin id="888" dir="0" index="1" bw="29" slack="0"/>
<pin id="889" dir="0" index="2" bw="29" slack="1"/>
<pin id="890" dir="1" index="3" bw="29" slack="1"/>
</pin_list>
<bind>
<opcode="select(49) " fcode="select"/>
<opset="Mx_1/5 "/>
</bind>
</comp>

<comp id="892" class="1004" name="zext_ln23_fu_892">
<pin_list>
<pin id="893" dir="0" index="0" bw="15" slack="1"/>
<pin id="894" dir="1" index="1" bw="30" slack="0"/>
</pin_list>
<bind>
<opcode="zext(34) " fcode="zext"/>
<opset="zext_ln23/5 "/>
</bind>
</comp>

<comp id="895" class="1004" name="mul_ln23_fu_895">
<pin_list>
<pin id="896" dir="0" index="0" bw="15" slack="0"/>
<pin id="897" dir="0" index="1" bw="15" slack="0"/>
<pin id="898" dir="1" index="2" bw="30" slack="0"/>
</pin_list>
<bind>
<opcode="mul(12) " fcode="mul"/>
<opset="mul_ln23/5 "/>
</bind>
</comp>

<comp id="901" class="1004" name="B_squared_fu_901">
<pin_list>
<pin id="902" dir="0" index="0" bw="15" slack="0"/>
<pin id="903" dir="0" index="1" bw="30" slack="0"/>
<pin id="904" dir="0" index="2" bw="5" slack="0"/>
<pin id="905" dir="0" index="3" bw="6" slack="0"/>
<pin id="906" dir="1" index="4" bw="15" slack="0"/>
</pin_list>
<bind>
<opcode="partselect(1002) " fcode="partselect"/>
<opset="B_squared/5 "/>
</bind>
</comp>

<comp id="911" class="1004" name="zext_ln23_1_fu_911">
<pin_list>
<pin id="912" dir="0" index="0" bw="15" slack="0"/>
<pin id="913" dir="1" index="1" bw="30" slack="0"/>
</pin_list>
<bind>
<opcode="zext(34) " fcode="zext"/>
<opset="zext_ln23_1/5 "/>
</bind>
</comp>

<comp id="915" class="1004" name="t1_fu_915">
<pin_list>
<pin id="916" dir="0" index="0" bw="29" slack="0"/>
<pin id="917" dir="0" index="1" bw="30" slack="0"/>
<pin id="918" dir="0" index="2" bw="1" slack="0"/>
<pin id="919" dir="0" index="3" bw="6" slack="0"/>
<pin id="920" dir="1" index="4" bw="29" slack="0"/>
</pin_list>
<bind>
<opcode="partselect(1002) " fcode="partselect"/>
<opset="t1/5 "/>
</bind>
</comp>

<comp id="925" class="1004" name="zext_ln29_fu_925">
<pin_list>
<pin id="926" dir="0" index="0" bw="22" slack="1"/>
<pin id="927" dir="1" index="1" bw="45" slack="0"/>
</pin_list>
<bind>
<opcode="zext(34) " fcode="zext"/>
<opset="zext_ln29/5 "/>
</bind>
</comp>

<comp id="929" class="1004" name="sext_ln29_fu_929">
<pin_list>
<pin id="930" dir="0" index="0" bw="23" slack="0"/>
<pin id="931" dir="1" index="1" bw="45" slack="0"/>
</pin_list>
<bind>
<opcode="sext(35) " fcode="sext"/>
<opset="sext_ln29/5 "/>
</bind>
</comp>

<comp id="934" class="1004" name="trunc_ln_fu_934">
<pin_list>
<pin id="935" dir="0" index="0" bw="22" slack="0"/>
<pin id="936" dir="0" index="1" bw="45" slack="0"/>
<pin id="937" dir="0" index="2" bw="6" slack="0"/>
<pin id="938" dir="0" index="3" bw="7" slack="0"/>
<pin id="939" dir="1" index="4" bw="22" slack="0"/>
</pin_list>
<bind>
<opcode="partselect(1002) " fcode="partselect"/>
<opset="trunc_ln/5 "/>
</bind>
</comp>

<comp id="944" class="1004" name="sext_ln30_fu_944">
<pin_list>
<pin id="945" dir="0" index="0" bw="15" slack="0"/>
<pin id="946" dir="1" index="1" bw="30" slack="0"/>
</pin_list>
<bind>
<opcode="sext(35) " fcode="sext"/>
<opset="sext_ln30/5 "/>
</bind>
</comp>

<comp id="948" class="1004" name="mul_ln30_fu_948">
<pin_list>
<pin id="949" dir="0" index="0" bw="15" slack="0"/>
<pin id="950" dir="0" index="1" bw="15" slack="0"/>
<pin id="951" dir="1" index="2" bw="30" slack="0"/>
</pin_list>
<bind>
<opcode="mul(12) " fcode="mul"/>
<opset="mul_ln30/5 "/>
</bind>
</comp>

<comp id="954" class="1004" name="trunc_ln1_fu_954">
<pin_list>
<pin id="955" dir="0" index="0" bw="14" slack="0"/>
<pin id="956" dir="0" index="1" bw="30" slack="0"/>
<pin id="957" dir="0" index="2" bw="6" slack="0"/>
<pin id="958" dir="0" index="3" bw="6" slack="0"/>
<pin id="959" dir="1" index="4" bw="14" slack="0"/>
</pin_list>
<bind>
<opcode="partselect(1002) " fcode="partselect"/>
<opset="trunc_ln1/5 "/>
</bind>
</comp>

<comp id="964" class="1004" name="sext_ln32_fu_964">
<pin_list>
<pin id="965" dir="0" index="0" bw="29" slack="0"/>
<pin id="966" dir="1" index="1" bw="30" slack="0"/>
</pin_list>
<bind>
<opcode="sext(35) " fcode="sext"/>
<opset="sext_ln32/5 "/>
</bind>
</comp>

<comp id="968" class="1004" name="sext_ln32_1_fu_968">
<pin_list>
<pin id="969" dir="0" index="0" bw="22" slack="0"/>
<pin id="970" dir="1" index="1" bw="30" slack="0"/>
</pin_list>
<bind>
<opcode="sext(35) " fcode="sext"/>
<opset="sext_ln32_1/5 "/>
</bind>
</comp>

<comp id="972" class="1004" name="add_ln32_fu_972">
<pin_list>
<pin id="973" dir="0" index="0" bw="29" slack="0"/>
<pin id="974" dir="0" index="1" bw="22" slack="0"/>
<pin id="975" dir="1" index="2" bw="30" slack="0"/>
</pin_list>
<bind>
<opcode="add(8) " fcode="add"/>
<opset="add_ln32/5 "/>
</bind>
</comp>

<comp id="978" class="1004" name="sext_ln32_2_fu_978">
<pin_list>
<pin id="979" dir="0" index="0" bw="14" slack="0"/>
<pin id="980" dir="1" index="1" bw="30" slack="0"/>
</pin_list>
<bind>
<opcode="sext(35) " fcode="sext"/>
<opset="sext_ln32_2/5 "/>
</bind>
</comp>

<comp id="982" class="1004" name="add_ln32_1_fu_982">
<pin_list>
<pin id="983" dir="0" index="0" bw="30" slack="0"/>
<pin id="984" dir="0" index="1" bw="14" slack="0"/>
<pin id="985" dir="1" index="2" bw="30" slack="1"/>
</pin_list>
<bind>
<opcode="add(8) " fcode="add"/>
<opset="add_ln32_1/5 "/>
</bind>
</comp>

<comp id="988" class="1004" name="Ex_2_fu_988">
<pin_list>
<pin id="989" dir="0" index="0" bw="1" slack="2"/>
<pin id="990" dir="0" index="1" bw="8" slack="0"/>
<pin id="991" dir="0" index="2" bw="8" slack="2"/>
<pin id="992" dir="1" index="3" bw="8" slack="0"/>
</pin_list>
<bind>
<opcode="select(49) " fcode="select"/>
<opset="Ex_2/6 "/>
</bind>
</comp>

<comp id="994" class="1004" name="sext_ln32_3_fu_994">
<pin_list>
<pin id="995" dir="0" index="0" bw="30" slack="1"/>
<pin id="996" dir="1" index="1" bw="58" slack="0"/>
</pin_list>
<bind>
<opcode="sext(35) " fcode="sext"/>
<opset="sext_ln32_3/6 "/>
</bind>
</comp>

<comp id="998" class="1004" name="zext_ln32_fu_998">
<pin_list>
<pin id="999" dir="0" index="0" bw="29" slack="1"/>
<pin id="1000" dir="1" index="1" bw="58" slack="0"/>
</pin_list>
<bind>
<opcode="zext(34) " fcode="zext"/>
<opset="zext_ln32/6 "/>
</bind>
</comp>

<comp id="1002" class="1004" name="result_fu_1002">
<pin_list>
<pin id="1003" dir="0" index="0" bw="29" slack="0"/>
<pin id="1004" dir="0" index="1" bw="58" slack="0"/>
<pin id="1005" dir="0" index="2" bw="6" slack="0"/>
<pin id="1006" dir="0" index="3" bw="7" slack="0"/>
<pin id="1007" dir="1" index="4" bw="29" slack="0"/>
</pin_list>
<bind>
<opcode="partselect(1002) " fcode="partselect"/>
<opset="result/6 "/>
</bind>
</comp>

<comp id="1012" class="1004" name="sext_ln252_fu_1012">
<pin_list>
<pin id="1013" dir="0" index="0" bw="8" slack="0"/>
<pin id="1014" dir="1" index="1" bw="9" slack="0"/>
</pin_list>
<bind>
<opcode="sext(35) " fcode="sext"/>
<opset="sext_ln252/6 "/>
</bind>
</comp>

<comp id="1016" class="1004" name="tmp_8_fu_1016">
<pin_list>
<pin id="1017" dir="0" index="0" bw="16" slack="0"/>
<pin id="1018" dir="0" index="1" bw="58" slack="0"/>
<pin id="1019" dir="0" index="2" bw="7" slack="0"/>
<pin id="1020" dir="0" index="3" bw="7" slack="0"/>
<pin id="1021" dir="1" index="4" bw="16" slack="0"/>
</pin_list>
<bind>
<opcode="partselect(1002) " fcode="partselect"/>
<opset="tmp_8/6 "/>
</bind>
</comp>

<comp id="1026" class="1004" name="out_bits_fu_1026">
<pin_list>
<pin id="1027" dir="0" index="0" bw="32" slack="0"/>
<pin id="1028" dir="0" index="1" bw="16" slack="0"/>
<pin id="1029" dir="0" index="2" bw="16" slack="0"/>
<pin id="1030" dir="1" index="3" bw="32" slack="0"/>
</pin_list>
<bind>
<opcode="bitconcatenate(1004) " fcode="bitconcatenate"/>
<opset="out_bits/6 "/>
</bind>
</comp>

<comp id="1034" class="1004" name="tmp_5_fu_1034">
<pin_list>
<pin id="1035" dir="0" index="0" bw="13" slack="0"/>
<pin id="1036" dir="0" index="1" bw="58" slack="0"/>
<pin id="1037" dir="0" index="2" bw="6" slack="0"/>
<pin id="1038" dir="0" index="3" bw="7" slack="0"/>
<pin id="1039" dir="1" index="4" bw="13" slack="0"/>
</pin_list>
<bind>
<opcode="partselect(1002) " fcode="partselect"/>
<opset="tmp_5/6 "/>
</bind>
</comp>

<comp id="1044" class="1004" name="out_bits_2_fu_1044">
<pin_list>
<pin id="1045" dir="0" index="0" bw="32" slack="0"/>
<pin id="1046" dir="0" index="1" bw="13" slack="0"/>
<pin id="1047" dir="0" index="2" bw="19" slack="0"/>
<pin id="1048" dir="1" index="3" bw="32" slack="0"/>
</pin_list>
<bind>
<opcode="bitconcatenate(1004) " fcode="bitconcatenate"/>
<opset="out_bits_2/6 "/>
</bind>
</comp>

<comp id="1052" class="1004" name="tmp_6_fu_1052">
<pin_list>
<pin id="1053" dir="0" index="0" bw="32" slack="0"/>
<pin id="1054" dir="0" index="1" bw="32" slack="0"/>
<pin id="1055" dir="0" index="2" bw="6" slack="0"/>
<pin id="1056" dir="0" index="3" bw="1" slack="0"/>
<pin id="1057" dir="1" index="4" bw="32" slack="0"/>
</pin_list>
<bind>
<opcode="partselect(1002) " fcode="partselect"/>
<opset="tmp_6/6 "/>
</bind>
</comp>

<comp id="1062" class="1004" name="c_fu_1062">
<pin_list>
<pin id="1063" dir="0" index="0" bw="32" slack="0"/>
<pin id="1064" dir="0" index="1" bw="32" slack="0"/>
<pin id="1065" dir="0" index="2" bw="1" slack="0"/>
<pin id="1066" dir="1" index="3" bw="32" slack="0"/>
</pin_list>
<bind>
<opcode="cttz(524) " fcode="cttz"/>
<opset="c/6 "/>
</bind>
</comp>

<comp id="1070" class="1004" name="tmp_7_fu_1070">
<pin_list>
<pin id="1071" dir="0" index="0" bw="32" slack="0"/>
<pin id="1072" dir="0" index="1" bw="32" slack="0"/>
<pin id="1073" dir="0" index="2" bw="6" slack="0"/>
<pin id="1074" dir="0" index="3" bw="1" slack="0"/>
<pin id="1075" dir="1" index="4" bw="32" slack="0"/>
</pin_list>
<bind>
<opcode="partselect(1002) " fcode="partselect"/>
<opset="tmp_7/6 "/>
</bind>
</comp>

<comp id="1080" class="1004" name="c_1_fu_1080">
<pin_list>
<pin id="1081" dir="0" index="0" bw="32" slack="0"/>
<pin id="1082" dir="0" index="1" bw="32" slack="0"/>
<pin id="1083" dir="0" index="2" bw="1" slack="0"/>
<pin id="1084" dir="1" index="3" bw="32" slack="0"/>
</pin_list>
<bind>
<opcode="cttz(524) " fcode="cttz"/>
<opset="c_1/6 "/>
</bind>
</comp>

<comp id="1088" class="1004" name="zext_ln291_fu_1088">
<pin_list>
<pin id="1089" dir="0" index="0" bw="29" slack="0"/>
<pin id="1090" dir="1" index="1" bw="32" slack="0"/>
</pin_list>
<bind>
<opcode="zext(34) " fcode="zext"/>
<opset="zext_ln291/6 "/>
</bind>
</comp>

<comp id="1092" class="1004" name="shl_ln291_fu_1092">
<pin_list>
<pin id="1093" dir="0" index="0" bw="29" slack="0"/>
<pin id="1094" dir="0" index="1" bw="32" slack="0"/>
<pin id="1095" dir="1" index="2" bw="32" slack="0"/>
</pin_list>
<bind>
<opcode="shl(20) " fcode="shl"/>
<opset="shl_ln291/6 "/>
</bind>
</comp>

<comp id="1098" class="1004" name="in_shift_1_fu_1098">
<pin_list>
<pin id="1099" dir="0" index="0" bw="32" slack="0"/>
<pin id="1100" dir="1" index="1" bw="28" slack="0"/>
</pin_list>
<bind>
<opcode="trunc(33) " fcode="trunc"/>
<opset="in_shift_1/6 "/>
</bind>
</comp>

<comp id="1102" class="1004" name="icmp_ln292_fu_1102">
<pin_list>
<pin id="1103" dir="0" index="0" bw="32" slack="0"/>
<pin id="1104" dir="0" index="1" bw="32" slack="0"/>
<pin id="1105" dir="1" index="2" bw="1" slack="0"/>
</pin_list>
<bind>
<opcode="icmp(45) " fcode="icmp"/>
<opset="icmp_ln292/6 "/>
</bind>
</comp>

<comp id="1108" class="1004" name="shift_1_fu_1108">
<pin_list>
<pin id="1109" dir="0" index="0" bw="32" slack="0"/>
<pin id="1110" dir="0" index="1" bw="6" slack="0"/>
<pin id="1111" dir="1" index="2" bw="32" slack="0"/>
</pin_list>
<bind>
<opcode="add(8) " fcode="add"/>
<opset="shift_1/6 "/>
</bind>
</comp>

<comp id="1114" class="1004" name="zext_ln291_1_fu_1114">
<pin_list>
<pin id="1115" dir="0" index="0" bw="28" slack="0"/>
<pin id="1116" dir="1" index="1" bw="32" slack="0"/>
</pin_list>
<bind>
<opcode="zext(34) " fcode="zext"/>
<opset="zext_ln291_1/6 "/>
</bind>
</comp>

<comp id="1118" class="1004" name="shl_ln291_1_fu_1118">
<pin_list>
<pin id="1119" dir="0" index="0" bw="28" slack="0"/>
<pin id="1120" dir="0" index="1" bw="32" slack="0"/>
<pin id="1121" dir="1" index="2" bw="32" slack="0"/>
</pin_list>
<bind>
<opcode="shl(20) " fcode="shl"/>
<opset="shl_ln291_1/6 "/>
</bind>
</comp>

<comp id="1124" class="1004" name="shift_2_fu_1124">
<pin_list>
<pin id="1125" dir="0" index="0" bw="1" slack="0"/>
<pin id="1126" dir="0" index="1" bw="32" slack="0"/>
<pin id="1127" dir="0" index="2" bw="32" slack="0"/>
<pin id="1128" dir="1" index="3" bw="32" slack="0"/>
</pin_list>
<bind>
<opcode="select(49) " fcode="select"/>
<opset="shift_2/6 "/>
</bind>
</comp>

<comp id="1132" class="1004" name="add_ln300_fu_1132">
<pin_list>
<pin id="1133" dir="0" index="0" bw="8" slack="0"/>
<pin id="1134" dir="0" index="1" bw="8" slack="0"/>
<pin id="1135" dir="1" index="2" bw="9" slack="0"/>
</pin_list>
<bind>
<opcode="add(8) " fcode="add"/>
<opset="add_ln300/6 "/>
</bind>
</comp>

<comp id="1138" class="1004" name="sext_ln300_fu_1138">
<pin_list>
<pin id="1139" dir="0" index="0" bw="9" slack="0"/>
<pin id="1140" dir="1" index="1" bw="32" slack="0"/>
</pin_list>
<bind>
<opcode="sext(35) " fcode="sext"/>
<opset="sext_ln300/6 "/>
</bind>
</comp>

<comp id="1142" class="1004" name="newexp_fu_1142">
<pin_list>
<pin id="1143" dir="0" index="0" bw="9" slack="0"/>
<pin id="1144" dir="0" index="1" bw="32" slack="0"/>
<pin id="1145" dir="1" index="2" bw="32" slack="0"/>
</pin_list>
<bind>
<opcode="sub(10) " fcode="sub"/>
<opset="newexp/6 "/>
</bind>
</comp>

<comp id="1148" class="1004" name="tmp_10_fu_1148">
<pin_list>
<pin id="1149" dir="0" index="0" bw="1" slack="0"/>
<pin id="1150" dir="0" index="1" bw="32" slack="0"/>
<pin id="1151" dir="0" index="2" bw="6" slack="0"/>
<pin id="1152" dir="1" index="3" bw="1" slack="0"/>
</pin_list>
<bind>
<opcode="bitselect(1000) " fcode="bitselect"/>
<opset="tmp_10/6 "/>
</bind>
</comp>

<comp id="1156" class="1004" name="icmp_ln306_fu_1156">
<pin_list>
<pin id="1157" dir="0" index="0" bw="29" slack="0"/>
<pin id="1158" dir="0" index="1" bw="29" slack="0"/>
<pin id="1159" dir="1" index="2" bw="1" slack="0"/>
</pin_list>
<bind>
<opcode="icmp(45) " fcode="icmp"/>
<opset="icmp_ln306/6 "/>
</bind>
</comp>

<comp id="1162" class="1004" name="or_ln306_fu_1162">
<pin_list>
<pin id="1163" dir="0" index="0" bw="1" slack="0"/>
<pin id="1164" dir="0" index="1" bw="1" slack="0"/>
<pin id="1165" dir="1" index="2" bw="1" slack="0"/>
</pin_list>
<bind>
<opcode="or(24) " fcode="or"/>
<opset="or_ln306/6 "/>
</bind>
</comp>

<comp id="1168" class="1004" name="empty_fu_1168">
<pin_list>
<pin id="1169" dir="0" index="0" bw="32" slack="0"/>
<pin id="1170" dir="1" index="1" bw="8" slack="0"/>
</pin_list>
<bind>
<opcode="trunc(33) " fcode="trunc"/>
<opset="empty/6 "/>
</bind>
</comp>

<comp id="1172" class="1004" name="tmp_11_fu_1172">
<pin_list>
<pin id="1173" dir="0" index="0" bw="23" slack="0"/>
<pin id="1174" dir="0" index="1" bw="32" slack="0"/>
<pin id="1175" dir="0" index="2" bw="4" slack="0"/>
<pin id="1176" dir="0" index="3" bw="6" slack="0"/>
<pin id="1177" dir="1" index="4" bw="23" slack="0"/>
</pin_list>
<bind>
<opcode="partselect(1002) " fcode="partselect"/>
<opset="tmp_11/6 "/>
</bind>
</comp>

<comp id="1182" class="1004" name="tmp_14_fu_1182">
<pin_list>
<pin id="1183" dir="0" index="0" bw="23" slack="0"/>
<pin id="1184" dir="0" index="1" bw="32" slack="0"/>
<pin id="1185" dir="0" index="2" bw="4" slack="0"/>
<pin id="1186" dir="0" index="3" bw="6" slack="0"/>
<pin id="1187" dir="1" index="4" bw="23" slack="0"/>
</pin_list>
<bind>
<opcode="partselect(1002) " fcode="partselect"/>
<opset="tmp_14/6 "/>
</bind>
</comp>

<comp id="1192" class="1004" name="empty_43_fu_1192">
<pin_list>
<pin id="1193" dir="0" index="0" bw="1" slack="0"/>
<pin id="1194" dir="0" index="1" bw="23" slack="0"/>
<pin id="1195" dir="0" index="2" bw="23" slack="0"/>
<pin id="1196" dir="1" index="3" bw="23" slack="0"/>
</pin_list>
<bind>
<opcode="select(49) " fcode="select"/>
<opset="empty_43/6 "/>
</bind>
</comp>

<comp id="1200" class="1004" name="select_ln259_fu_1200">
<pin_list>
<pin id="1201" dir="0" index="0" bw="1" slack="5"/>
<pin id="1202" dir="0" index="1" bw="8" slack="0"/>
<pin id="1203" dir="0" index="2" bw="8" slack="0"/>
<pin id="1204" dir="1" index="3" bw="8" slack="0"/>
</pin_list>
<bind>
<opcode="select(49) " fcode="select"/>
<opset="select_ln259/6 "/>
</bind>
</comp>

<comp id="1207" class="1004" name="select_ln282_fu_1207">
<pin_list>
<pin id="1208" dir="0" index="0" bw="1" slack="2"/>
<pin id="1209" dir="0" index="1" bw="8" slack="0"/>
<pin id="1210" dir="0" index="2" bw="8" slack="0"/>
<pin id="1211" dir="1" index="3" bw="8" slack="0"/>
</pin_list>
<bind>
<opcode="select(49) " fcode="select"/>
<opset="select_ln282/6 "/>
</bind>
</comp>

<comp id="1214" class="1004" name="or_ln282_fu_1214">
<pin_list>
<pin id="1215" dir="0" index="0" bw="1" slack="2"/>
<pin id="1216" dir="0" index="1" bw="1" slack="0"/>
<pin id="1217" dir="1" index="2" bw="1" slack="0"/>
</pin_list>
<bind>
<opcode="or(24) " fcode="or"/>
<opset="or_ln282/6 "/>
</bind>
</comp>

<comp id="1219" class="1004" name="results_exp_fu_1219">
<pin_list>
<pin id="1220" dir="0" index="0" bw="1" slack="0"/>
<pin id="1221" dir="0" index="1" bw="8" slack="0"/>
<pin id="1222" dir="0" index="2" bw="8" slack="0"/>
<pin id="1223" dir="1" index="3" bw="8" slack="0"/>
</pin_list>
<bind>
<opcode="select(49) " fcode="select"/>
<opset="results_exp/6 "/>
</bind>
</comp>

<comp id="1227" class="1004" name="select_ln282_2_fu_1227">
<pin_list>
<pin id="1228" dir="0" index="0" bw="1" slack="2"/>
<pin id="1229" dir="0" index="1" bw="23" slack="0"/>
<pin id="1230" dir="0" index="2" bw="23" slack="0"/>
<pin id="1231" dir="1" index="3" bw="23" slack="0"/>
</pin_list>
<bind>
<opcode="select(49) " fcode="select"/>
<opset="select_ln282_2/6 "/>
</bind>
</comp>

<comp id="1234" class="1004" name="results_sig_fu_1234">
<pin_list>
<pin id="1235" dir="0" index="0" bw="1" slack="0"/>
<pin id="1236" dir="0" index="1" bw="23" slack="0"/>
<pin id="1237" dir="0" index="2" bw="23" slack="0"/>
<pin id="1238" dir="1" index="3" bw="23" slack="0"/>
</pin_list>
<bind>
<opcode="select(49) " fcode="select"/>
<opset="results_sig/6 "/>
</bind>
</comp>

<comp id="1242" class="1004" name="results_exp_1_fu_1242">
<pin_list>
<pin id="1243" dir="0" index="0" bw="1" slack="2"/>
<pin id="1244" dir="0" index="1" bw="8" slack="0"/>
<pin id="1245" dir="0" index="2" bw="8" slack="0"/>
<pin id="1246" dir="1" index="3" bw="8" slack="0"/>
</pin_list>
<bind>
<opcode="select(49) " fcode="select"/>
<opset="results_exp_1/6 "/>
</bind>
</comp>

<comp id="1249" class="1004" name="results_sig_1_fu_1249">
<pin_list>
<pin id="1250" dir="0" index="0" bw="1" slack="2"/>
<pin id="1251" dir="0" index="1" bw="23" slack="0"/>
<pin id="1252" dir="0" index="2" bw="23" slack="0"/>
<pin id="1253" dir="1" index="3" bw="23" slack="0"/>
</pin_list>
<bind>
<opcode="select(49) " fcode="select"/>
<opset="results_sig_1/6 "/>
</bind>
</comp>

<comp id="1256" class="1004" name="t_2_fu_1256">
<pin_list>
<pin id="1257" dir="0" index="0" bw="32" slack="0"/>
<pin id="1258" dir="0" index="1" bw="1" slack="2"/>
<pin id="1259" dir="0" index="2" bw="8" slack="0"/>
<pin id="1260" dir="0" index="3" bw="23" slack="0"/>
<pin id="1261" dir="1" index="4" bw="32" slack="0"/>
</pin_list>
<bind>
<opcode="bitconcatenate(1004) " fcode="bitconcatenate"/>
<opset="t_2/6 "/>
</bind>
</comp>

<comp id="1265" class="1004" name="bitcast_ln327_fu_1265">
<pin_list>
<pin id="1266" dir="0" index="0" bw="32" slack="0"/>
<pin id="1267" dir="1" index="1" bw="32" slack="2147483647"/>
</pin_list>
<bind>
<opcode="bitcast(44) " fcode="bitcast"/>
<opset="bitcast_ln327/6 "/>
</bind>
</comp>

<comp id="1269" class="1005" name="do_cos_read_reg_1269">
<pin_list>
<pin id="1270" dir="0" index="0" bw="1" slack="3"/>
<pin id="1271" dir="1" index="1" bw="1" slack="3"/>
</pin_list>
<bind>
<opset="do_cos_read "/>
</bind>
</comp>

<comp id="1277" class="1005" name="din_sign_reg_1277">
<pin_list>
<pin id="1278" dir="0" index="0" bw="1" slack="3"/>
<pin id="1279" dir="1" index="1" bw="1" slack="3"/>
</pin_list>
<bind>
<opset="din_sign "/>
</bind>
</comp>

<comp id="1283" class="1005" name="din_exp_reg_1283">
<pin_list>
<pin id="1284" dir="0" index="0" bw="8" slack="3"/>
<pin id="1285" dir="1" index="1" bw="8" slack="3"/>
</pin_list>
<bind>
<opset="din_exp "/>
</bind>
</comp>

<comp id="1290" class="1005" name="din_sig_reg_1290">
<pin_list>
<pin id="1291" dir="0" index="0" bw="23" slack="2"/>
<pin id="1292" dir="1" index="1" bw="23" slack="2"/>
</pin_list>
<bind>
<opset="din_sig "/>
</bind>
</comp>

<comp id="1296" class="1005" name="closepath_reg_1296">
<pin_list>
<pin id="1297" dir="0" index="0" bw="1" slack="2"/>
<pin id="1298" dir="1" index="1" bw="1" slack="3"/>
</pin_list>
<bind>
<opset="closepath "/>
</bind>
</comp>

<comp id="1302" class="1005" name="ref_4oPi_table_100_addr_reg_1302">
<pin_list>
<pin id="1303" dir="0" index="0" bw="4" slack="1"/>
<pin id="1304" dir="1" index="1" bw="4" slack="1"/>
</pin_list>
<bind>
<opset="ref_4oPi_table_100_addr "/>
</bind>
</comp>

<comp id="1307" class="1005" name="trunc_ln379_reg_1307">
<pin_list>
<pin id="1308" dir="0" index="0" bw="4" slack="1"/>
<pin id="1309" dir="1" index="1" bw="4" slack="1"/>
</pin_list>
<bind>
<opset="trunc_ln379 "/>
</bind>
</comp>

<comp id="1312" class="1005" name="Med_reg_1312">
<pin_list>
<pin id="1313" dir="0" index="0" bw="80" slack="1"/>
<pin id="1314" dir="1" index="1" bw="80" slack="1"/>
</pin_list>
<bind>
<opset="Med "/>
</bind>
</comp>

<comp id="1317" class="1005" name="Mx_bits_reg_1317">
<pin_list>
<pin id="1318" dir="0" index="0" bw="58" slack="1"/>
<pin id="1319" dir="1" index="1" bw="58" slack="1"/>
</pin_list>
<bind>
<opset="Mx_bits "/>
</bind>
</comp>

<comp id="1323" class="1005" name="k_reg_1323">
<pin_list>
<pin id="1324" dir="0" index="0" bw="3" slack="1"/>
<pin id="1325" dir="1" index="1" bw="3" slack="1"/>
</pin_list>
<bind>
<opset="k "/>
</bind>
</comp>

<comp id="1328" class="1005" name="icmp_ln271_1_reg_1328">
<pin_list>
<pin id="1329" dir="0" index="0" bw="1" slack="1"/>
<pin id="1330" dir="1" index="1" bw="1" slack="1"/>
</pin_list>
<bind>
<opset="icmp_ln271_1 "/>
</bind>
</comp>

<comp id="1333" class="1005" name="Mx_reg_1333">
<pin_list>
<pin id="1334" dir="0" index="0" bw="29" slack="1"/>
<pin id="1335" dir="1" index="1" bw="29" slack="1"/>
</pin_list>
<bind>
<opset="Mx "/>
</bind>
</comp>

<comp id="1338" class="1005" name="Ex_1_reg_1338">
<pin_list>
<pin id="1339" dir="0" index="0" bw="8" slack="2"/>
<pin id="1340" dir="1" index="1" bw="8" slack="2"/>
</pin_list>
<bind>
<opset="Ex_1 "/>
</bind>
</comp>

<comp id="1343" class="1005" name="B_reg_1343">
<pin_list>
<pin id="1344" dir="0" index="0" bw="22" slack="1"/>
<pin id="1345" dir="1" index="1" bw="22" slack="1"/>
</pin_list>
<bind>
<opset="B "/>
</bind>
</comp>

<comp id="1348" class="1005" name="cos_basis_reg_1348">
<pin_list>
<pin id="1349" dir="0" index="0" bw="1" slack="1"/>
<pin id="1350" dir="1" index="1" bw="1" slack="1"/>
</pin_list>
<bind>
<opset="cos_basis "/>
</bind>
</comp>

<comp id="1354" class="1005" name="B_trunc_reg_1354">
<pin_list>
<pin id="1355" dir="0" index="0" bw="15" slack="1"/>
<pin id="1356" dir="1" index="1" bw="15" slack="1"/>
</pin_list>
<bind>
<opset="B_trunc "/>
</bind>
</comp>

<comp id="1359" class="1005" name="second_order_float_sin_cos_K0_addr_reg_1359">
<pin_list>
<pin id="1360" dir="0" index="0" bw="8" slack="1"/>
<pin id="1361" dir="1" index="1" bw="8" slack="1"/>
</pin_list>
<bind>
<opset="second_order_float_sin_cos_K0_addr "/>
</bind>
</comp>

<comp id="1364" class="1005" name="second_order_float_sin_cos_K1_addr_reg_1364">
<pin_list>
<pin id="1365" dir="0" index="0" bw="8" slack="1"/>
<pin id="1366" dir="1" index="1" bw="8" slack="1"/>
</pin_list>
<bind>
<opset="second_order_float_sin_cos_K1_addr "/>
</bind>
</comp>

<comp id="1369" class="1005" name="second_order_float_sin_cos_K2_addr_reg_1369">
<pin_list>
<pin id="1370" dir="0" index="0" bw="8" slack="1"/>
<pin id="1371" dir="1" index="1" bw="8" slack="1"/>
</pin_list>
<bind>
<opset="second_order_float_sin_cos_K2_addr "/>
</bind>
</comp>

<comp id="1374" class="1005" name="and_ln271_reg_1374">
<pin_list>
<pin id="1375" dir="0" index="0" bw="1" slack="2"/>
<pin id="1376" dir="1" index="1" bw="1" slack="2"/>
</pin_list>
<bind>
<opset="and_ln271 "/>
</bind>
</comp>

<comp id="1380" class="1005" name="icmp_ln282_reg_1380">
<pin_list>
<pin id="1381" dir="0" index="0" bw="1" slack="2"/>
<pin id="1382" dir="1" index="1" bw="1" slack="2"/>
</pin_list>
<bind>
<opset="icmp_ln282 "/>
</bind>
</comp>

<comp id="1387" class="1005" name="results_sign_3_reg_1387">
<pin_list>
<pin id="1388" dir="0" index="0" bw="1" slack="2"/>
<pin id="1389" dir="1" index="1" bw="1" slack="2"/>
</pin_list>
<bind>
<opset="results_sign_3 "/>
</bind>
</comp>

<comp id="1392" class="1005" name="Mx_1_reg_1392">
<pin_list>
<pin id="1393" dir="0" index="0" bw="29" slack="1"/>
<pin id="1394" dir="1" index="1" bw="29" slack="1"/>
</pin_list>
<bind>
<opset="Mx_1 "/>
</bind>
</comp>

<comp id="1397" class="1005" name="add_ln32_1_reg_1397">
<pin_list>
<pin id="1398" dir="0" index="0" bw="30" slack="1"/>
<pin id="1399" dir="1" index="1" bw="30" slack="1"/>
</pin_list>
<bind>
<opset="add_ln32_1 "/>
</bind>
</comp>

</comp_list>

<net_list>
<net id="224"><net_src comp="12" pin="0"/><net_sink comp="220" pin=0"/></net>

<net id="225"><net_src comp="2" pin="0"/><net_sink comp="220" pin=1"/></net>

<net id="230"><net_src comp="14" pin="0"/><net_sink comp="226" pin=0"/></net>

<net id="231"><net_src comp="0" pin="0"/><net_sink comp="226" pin=1"/></net>

<net id="237"><net_src comp="4" pin="0"/><net_sink comp="232" pin=0"/></net>

<net id="238"><net_src comp="38" pin="0"/><net_sink comp="232" pin=1"/></net>

<net id="244"><net_src comp="232" pin="3"/><net_sink comp="239" pin=0"/></net>

<net id="250"><net_src comp="6" pin="0"/><net_sink comp="245" pin=0"/></net>

<net id="251"><net_src comp="38" pin="0"/><net_sink comp="245" pin=1"/></net>

<net id="257"><net_src comp="245" pin="3"/><net_sink comp="252" pin=0"/></net>

<net id="263"><net_src comp="8" pin="0"/><net_sink comp="258" pin=0"/></net>

<net id="264"><net_src comp="38" pin="0"/><net_sink comp="258" pin=1"/></net>

<net id="270"><net_src comp="258" pin="3"/><net_sink comp="265" pin=0"/></net>

<net id="276"><net_src comp="10" pin="0"/><net_sink comp="271" pin=0"/></net>

<net id="277"><net_src comp="38" pin="0"/><net_sink comp="271" pin=1"/></net>

<net id="283"><net_src comp="271" pin="3"/><net_sink comp="278" pin=0"/></net>

<net id="299"><net_src comp="226" pin="2"/><net_sink comp="296" pin=0"/></net>

<net id="305"><net_src comp="16" pin="0"/><net_sink comp="300" pin=0"/></net>

<net id="306"><net_src comp="296" pin="1"/><net_sink comp="300" pin=1"/></net>

<net id="307"><net_src comp="18" pin="0"/><net_sink comp="300" pin=2"/></net>

<net id="314"><net_src comp="20" pin="0"/><net_sink comp="308" pin=0"/></net>

<net id="315"><net_src comp="296" pin="1"/><net_sink comp="308" pin=1"/></net>

<net id="316"><net_src comp="22" pin="0"/><net_sink comp="308" pin=2"/></net>

<net id="317"><net_src comp="24" pin="0"/><net_sink comp="308" pin=3"/></net>

<net id="321"><net_src comp="296" pin="1"/><net_sink comp="318" pin=0"/></net>

<net id="326"><net_src comp="308" pin="4"/><net_sink comp="322" pin=0"/></net>

<net id="327"><net_src comp="26" pin="0"/><net_sink comp="322" pin=1"/></net>

<net id="332"><net_src comp="308" pin="4"/><net_sink comp="328" pin=0"/></net>

<net id="333"><net_src comp="28" pin="0"/><net_sink comp="328" pin=1"/></net>

<net id="339"><net_src comp="322" pin="2"/><net_sink comp="334" pin=0"/></net>

<net id="340"><net_src comp="30" pin="0"/><net_sink comp="334" pin=1"/></net>

<net id="341"><net_src comp="328" pin="2"/><net_sink comp="334" pin=2"/></net>

<net id="348"><net_src comp="32" pin="0"/><net_sink comp="342" pin=0"/></net>

<net id="349"><net_src comp="334" pin="3"/><net_sink comp="342" pin=1"/></net>

<net id="350"><net_src comp="34" pin="0"/><net_sink comp="342" pin=2"/></net>

<net id="351"><net_src comp="36" pin="0"/><net_sink comp="342" pin=3"/></net>

<net id="355"><net_src comp="342" pin="4"/><net_sink comp="352" pin=0"/></net>

<net id="356"><net_src comp="352" pin="1"/><net_sink comp="232" pin=2"/></net>

<net id="360"><net_src comp="334" pin="3"/><net_sink comp="357" pin=0"/></net>

<net id="368"><net_src comp="239" pin="3"/><net_sink comp="364" pin=0"/></net>

<net id="369"><net_src comp="361" pin="1"/><net_sink comp="364" pin=1"/></net>

<net id="376"><net_src comp="40" pin="0"/><net_sink comp="370" pin=0"/></net>

<net id="377"><net_src comp="364" pin="2"/><net_sink comp="370" pin=1"/></net>

<net id="378"><net_src comp="42" pin="0"/><net_sink comp="370" pin=2"/></net>

<net id="379"><net_src comp="44" pin="0"/><net_sink comp="370" pin=3"/></net>

<net id="385"><net_src comp="46" pin="0"/><net_sink comp="380" pin=0"/></net>

<net id="386"><net_src comp="48" pin="0"/><net_sink comp="380" pin=1"/></net>

<net id="390"><net_src comp="380" pin="3"/><net_sink comp="387" pin=0"/></net>

<net id="391"><net_src comp="387" pin="1"/><net_sink comp="292" pin=1"/></net>

<net id="398"><net_src comp="50" pin="0"/><net_sink comp="392" pin=0"/></net>

<net id="399"><net_src comp="292" pin="2"/><net_sink comp="392" pin=1"/></net>

<net id="400"><net_src comp="52" pin="0"/><net_sink comp="392" pin=2"/></net>

<net id="401"><net_src comp="54" pin="0"/><net_sink comp="392" pin=3"/></net>

<net id="408"><net_src comp="56" pin="0"/><net_sink comp="402" pin=0"/></net>

<net id="409"><net_src comp="292" pin="2"/><net_sink comp="402" pin=1"/></net>

<net id="410"><net_src comp="58" pin="0"/><net_sink comp="402" pin=2"/></net>

<net id="411"><net_src comp="60" pin="0"/><net_sink comp="402" pin=3"/></net>

<net id="416"><net_src comp="62" pin="0"/><net_sink comp="412" pin=1"/></net>

<net id="421"><net_src comp="64" pin="0"/><net_sink comp="417" pin=1"/></net>

<net id="427"><net_src comp="417" pin="2"/><net_sink comp="422" pin=1"/></net>

<net id="428"><net_src comp="66" pin="0"/><net_sink comp="422" pin=2"/></net>

<net id="434"><net_src comp="68" pin="0"/><net_sink comp="429" pin=1"/></net>

<net id="438"><net_src comp="429" pin="3"/><net_sink comp="435" pin=0"/></net>

<net id="443"><net_src comp="70" pin="0"/><net_sink comp="439" pin=0"/></net>

<net id="449"><net_src comp="435" pin="1"/><net_sink comp="444" pin=0"/></net>

<net id="450"><net_src comp="439" pin="2"/><net_sink comp="444" pin=1"/></net>

<net id="457"><net_src comp="72" pin="0"/><net_sink comp="451" pin=0"/></net>

<net id="458"><net_src comp="444" pin="3"/><net_sink comp="451" pin=1"/></net>

<net id="459"><net_src comp="74" pin="0"/><net_sink comp="451" pin=2"/></net>

<net id="460"><net_src comp="76" pin="0"/><net_sink comp="451" pin=3"/></net>

<net id="466"><net_src comp="78" pin="0"/><net_sink comp="461" pin=0"/></net>

<net id="467"><net_src comp="451" pin="4"/><net_sink comp="461" pin=1"/></net>

<net id="468"><net_src comp="48" pin="0"/><net_sink comp="461" pin=2"/></net>

<net id="475"><net_src comp="80" pin="0"/><net_sink comp="469" pin=0"/></net>

<net id="476"><net_src comp="461" pin="3"/><net_sink comp="469" pin=1"/></net>

<net id="477"><net_src comp="74" pin="0"/><net_sink comp="469" pin=2"/></net>

<net id="478"><net_src comp="82" pin="0"/><net_sink comp="469" pin=3"/></net>

<net id="484"><net_src comp="84" pin="0"/><net_sink comp="479" pin=0"/></net>

<net id="485"><net_src comp="48" pin="0"/><net_sink comp="479" pin=1"/></net>

<net id="486"><net_src comp="469" pin="4"/><net_sink comp="479" pin=2"/></net>

<net id="490"><net_src comp="479" pin="3"/><net_sink comp="487" pin=0"/></net>

<net id="496"><net_src comp="86" pin="0"/><net_sink comp="491" pin=0"/></net>

<net id="497"><net_src comp="487" pin="1"/><net_sink comp="491" pin=1"/></net>

<net id="498"><net_src comp="48" pin="0"/><net_sink comp="491" pin=2"/></net>

<net id="502"><net_src comp="491" pin="3"/><net_sink comp="499" pin=0"/></net>

<net id="506"><net_src comp="499" pin="1"/><net_sink comp="503" pin=0"/></net>

<net id="511"><net_src comp="444" pin="3"/><net_sink comp="507" pin=0"/></net>

<net id="512"><net_src comp="503" pin="1"/><net_sink comp="507" pin=1"/></net>

<net id="519"><net_src comp="72" pin="0"/><net_sink comp="513" pin=0"/></net>

<net id="520"><net_src comp="507" pin="2"/><net_sink comp="513" pin=1"/></net>

<net id="521"><net_src comp="74" pin="0"/><net_sink comp="513" pin=2"/></net>

<net id="522"><net_src comp="76" pin="0"/><net_sink comp="513" pin=3"/></net>

<net id="526"><net_src comp="499" pin="1"/><net_sink comp="523" pin=0"/></net>

<net id="531"><net_src comp="422" pin="3"/><net_sink comp="527" pin=0"/></net>

<net id="532"><net_src comp="523" pin="1"/><net_sink comp="527" pin=1"/></net>

<net id="538"><net_src comp="88" pin="0"/><net_sink comp="533" pin=0"/></net>

<net id="539"><net_src comp="527" pin="2"/><net_sink comp="533" pin=1"/></net>

<net id="540"><net_src comp="36" pin="0"/><net_sink comp="533" pin=2"/></net>

<net id="545"><net_src comp="66" pin="0"/><net_sink comp="541" pin=0"/></net>

<net id="546"><net_src comp="527" pin="2"/><net_sink comp="541" pin=1"/></net>

<net id="552"><net_src comp="533" pin="3"/><net_sink comp="547" pin=0"/></net>

<net id="553"><net_src comp="541" pin="2"/><net_sink comp="547" pin=1"/></net>

<net id="554"><net_src comp="527" pin="2"/><net_sink comp="547" pin=2"/></net>

<net id="558"><net_src comp="547" pin="3"/><net_sink comp="555" pin=0"/></net>

<net id="562"><net_src comp="513" pin="4"/><net_sink comp="559" pin=0"/></net>

<net id="567"><net_src comp="559" pin="1"/><net_sink comp="563" pin=0"/></net>

<net id="568"><net_src comp="555" pin="1"/><net_sink comp="563" pin=1"/></net>

<net id="573"><net_src comp="559" pin="1"/><net_sink comp="569" pin=0"/></net>

<net id="574"><net_src comp="555" pin="1"/><net_sink comp="569" pin=1"/></net>

<net id="580"><net_src comp="533" pin="3"/><net_sink comp="575" pin=0"/></net>

<net id="581"><net_src comp="563" pin="2"/><net_sink comp="575" pin=1"/></net>

<net id="582"><net_src comp="569" pin="2"/><net_sink comp="575" pin=2"/></net>

<net id="586"><net_src comp="575" pin="3"/><net_sink comp="583" pin=0"/></net>

<net id="608"><net_src comp="90" pin="0"/><net_sink comp="587" pin=0"/></net>

<net id="609"><net_src comp="68" pin="0"/><net_sink comp="587" pin=1"/></net>

<net id="610"><net_src comp="92" pin="0"/><net_sink comp="587" pin=2"/></net>

<net id="611"><net_src comp="94" pin="0"/><net_sink comp="587" pin=3"/></net>

<net id="612"><net_src comp="48" pin="0"/><net_sink comp="587" pin=4"/></net>

<net id="613"><net_src comp="96" pin="0"/><net_sink comp="587" pin=5"/></net>

<net id="614"><net_src comp="48" pin="0"/><net_sink comp="587" pin=6"/></net>

<net id="615"><net_src comp="98" pin="0"/><net_sink comp="587" pin=7"/></net>

<net id="616"><net_src comp="92" pin="0"/><net_sink comp="587" pin=8"/></net>

<net id="617"><net_src comp="100" pin="0"/><net_sink comp="587" pin=9"/></net>

<net id="618"><net_src comp="92" pin="0"/><net_sink comp="587" pin=10"/></net>

<net id="619"><net_src comp="102" pin="0"/><net_sink comp="587" pin=11"/></net>

<net id="620"><net_src comp="48" pin="0"/><net_sink comp="587" pin=12"/></net>

<net id="621"><net_src comp="104" pin="0"/><net_sink comp="587" pin=13"/></net>

<net id="622"><net_src comp="48" pin="0"/><net_sink comp="587" pin=14"/></net>

<net id="623"><net_src comp="106" pin="0"/><net_sink comp="587" pin=15"/></net>

<net id="624"><net_src comp="92" pin="0"/><net_sink comp="587" pin=16"/></net>

<net id="625"><net_src comp="108" pin="0"/><net_sink comp="587" pin=17"/></net>

<net id="626"><net_src comp="429" pin="3"/><net_sink comp="587" pin=18"/></net>

<net id="631"><net_src comp="587" pin="19"/><net_sink comp="627" pin=0"/></net>

<net id="632"><net_src comp="48" pin="0"/><net_sink comp="627" pin=1"/></net>

<net id="638"><net_src comp="627" pin="2"/><net_sink comp="633" pin=1"/></net>

<net id="639"><net_src comp="587" pin="19"/><net_sink comp="633" pin=2"/></net>

<net id="646"><net_src comp="110" pin="0"/><net_sink comp="640" pin=0"/></net>

<net id="647"><net_src comp="575" pin="3"/><net_sink comp="640" pin=1"/></net>

<net id="648"><net_src comp="112" pin="0"/><net_sink comp="640" pin=2"/></net>

<net id="649"><net_src comp="114" pin="0"/><net_sink comp="640" pin=3"/></net>

<net id="656"><net_src comp="116" pin="0"/><net_sink comp="650" pin=0"/></net>

<net id="657"><net_src comp="575" pin="3"/><net_sink comp="650" pin=1"/></net>

<net id="658"><net_src comp="36" pin="0"/><net_sink comp="650" pin=2"/></net>

<net id="659"><net_src comp="118" pin="0"/><net_sink comp="650" pin=3"/></net>

<net id="665"><net_src comp="587" pin="19"/><net_sink comp="660" pin=1"/></net>

<net id="666"><net_src comp="627" pin="2"/><net_sink comp="660" pin=2"/></net>

<net id="672"><net_src comp="120" pin="0"/><net_sink comp="667" pin=0"/></net>

<net id="673"><net_src comp="660" pin="3"/><net_sink comp="667" pin=1"/></net>

<net id="674"><net_src comp="640" pin="4"/><net_sink comp="667" pin=2"/></net>

<net id="678"><net_src comp="667" pin="3"/><net_sink comp="675" pin=0"/></net>

<net id="679"><net_src comp="675" pin="1"/><net_sink comp="245" pin=2"/></net>

<net id="680"><net_src comp="675" pin="1"/><net_sink comp="258" pin=2"/></net>

<net id="681"><net_src comp="675" pin="1"/><net_sink comp="271" pin=2"/></net>

<net id="687"><net_src comp="122" pin="0"/><net_sink comp="682" pin=0"/></net>

<net id="688"><net_src comp="429" pin="3"/><net_sink comp="682" pin=2"/></net>

<net id="726"><net_src comp="124" pin="0"/><net_sink comp="689" pin=0"/></net>

<net id="727"><net_src comp="126" pin="0"/><net_sink comp="689" pin=1"/></net>

<net id="728"><net_src comp="92" pin="0"/><net_sink comp="689" pin=2"/></net>

<net id="729"><net_src comp="128" pin="0"/><net_sink comp="689" pin=3"/></net>

<net id="730"><net_src comp="92" pin="0"/><net_sink comp="689" pin=4"/></net>

<net id="731"><net_src comp="130" pin="0"/><net_sink comp="689" pin=5"/></net>

<net id="732"><net_src comp="92" pin="0"/><net_sink comp="689" pin=6"/></net>

<net id="733"><net_src comp="132" pin="0"/><net_sink comp="689" pin=7"/></net>

<net id="734"><net_src comp="48" pin="0"/><net_sink comp="689" pin=8"/></net>

<net id="735"><net_src comp="134" pin="0"/><net_sink comp="689" pin=9"/></net>

<net id="736"><net_src comp="48" pin="0"/><net_sink comp="689" pin=10"/></net>

<net id="737"><net_src comp="136" pin="0"/><net_sink comp="689" pin=11"/></net>

<net id="738"><net_src comp="48" pin="0"/><net_sink comp="689" pin=12"/></net>

<net id="739"><net_src comp="138" pin="0"/><net_sink comp="689" pin=13"/></net>

<net id="740"><net_src comp="48" pin="0"/><net_sink comp="689" pin=14"/></net>

<net id="741"><net_src comp="140" pin="0"/><net_sink comp="689" pin=15"/></net>

<net id="742"><net_src comp="92" pin="0"/><net_sink comp="689" pin=16"/></net>

<net id="743"><net_src comp="142" pin="0"/><net_sink comp="689" pin=17"/></net>

<net id="744"><net_src comp="92" pin="0"/><net_sink comp="689" pin=18"/></net>

<net id="745"><net_src comp="144" pin="0"/><net_sink comp="689" pin=19"/></net>

<net id="746"><net_src comp="48" pin="0"/><net_sink comp="689" pin=20"/></net>

<net id="747"><net_src comp="146" pin="0"/><net_sink comp="689" pin=21"/></net>

<net id="748"><net_src comp="48" pin="0"/><net_sink comp="689" pin=22"/></net>

<net id="749"><net_src comp="148" pin="0"/><net_sink comp="689" pin=23"/></net>

<net id="750"><net_src comp="48" pin="0"/><net_sink comp="689" pin=24"/></net>

<net id="751"><net_src comp="150" pin="0"/><net_sink comp="689" pin=25"/></net>

<net id="752"><net_src comp="48" pin="0"/><net_sink comp="689" pin=26"/></net>

<net id="753"><net_src comp="152" pin="0"/><net_sink comp="689" pin=27"/></net>

<net id="754"><net_src comp="92" pin="0"/><net_sink comp="689" pin=28"/></net>

<net id="755"><net_src comp="154" pin="0"/><net_sink comp="689" pin=29"/></net>

<net id="756"><net_src comp="92" pin="0"/><net_sink comp="689" pin=30"/></net>

<net id="757"><net_src comp="156" pin="0"/><net_sink comp="689" pin=31"/></net>

<net id="758"><net_src comp="92" pin="0"/><net_sink comp="689" pin=32"/></net>

<net id="759"><net_src comp="108" pin="0"/><net_sink comp="689" pin=33"/></net>

<net id="760"><net_src comp="682" pin="3"/><net_sink comp="689" pin=34"/></net>

<net id="798"><net_src comp="124" pin="0"/><net_sink comp="761" pin=0"/></net>

<net id="799"><net_src comp="126" pin="0"/><net_sink comp="761" pin=1"/></net>

<net id="800"><net_src comp="92" pin="0"/><net_sink comp="761" pin=2"/></net>

<net id="801"><net_src comp="128" pin="0"/><net_sink comp="761" pin=3"/></net>

<net id="802"><net_src comp="92" pin="0"/><net_sink comp="761" pin=4"/></net>

<net id="803"><net_src comp="130" pin="0"/><net_sink comp="761" pin=5"/></net>

<net id="804"><net_src comp="48" pin="0"/><net_sink comp="761" pin=6"/></net>

<net id="805"><net_src comp="132" pin="0"/><net_sink comp="761" pin=7"/></net>

<net id="806"><net_src comp="92" pin="0"/><net_sink comp="761" pin=8"/></net>

<net id="807"><net_src comp="134" pin="0"/><net_sink comp="761" pin=9"/></net>

<net id="808"><net_src comp="48" pin="0"/><net_sink comp="761" pin=10"/></net>

<net id="809"><net_src comp="136" pin="0"/><net_sink comp="761" pin=11"/></net>

<net id="810"><net_src comp="48" pin="0"/><net_sink comp="761" pin=12"/></net>

<net id="811"><net_src comp="138" pin="0"/><net_sink comp="761" pin=13"/></net>

<net id="812"><net_src comp="92" pin="0"/><net_sink comp="761" pin=14"/></net>

<net id="813"><net_src comp="140" pin="0"/><net_sink comp="761" pin=15"/></net>

<net id="814"><net_src comp="48" pin="0"/><net_sink comp="761" pin=16"/></net>

<net id="815"><net_src comp="142" pin="0"/><net_sink comp="761" pin=17"/></net>

<net id="816"><net_src comp="48" pin="0"/><net_sink comp="761" pin=18"/></net>

<net id="817"><net_src comp="144" pin="0"/><net_sink comp="761" pin=19"/></net>

<net id="818"><net_src comp="92" pin="0"/><net_sink comp="761" pin=20"/></net>

<net id="819"><net_src comp="146" pin="0"/><net_sink comp="761" pin=21"/></net>

<net id="820"><net_src comp="48" pin="0"/><net_sink comp="761" pin=22"/></net>

<net id="821"><net_src comp="148" pin="0"/><net_sink comp="761" pin=23"/></net>

<net id="822"><net_src comp="48" pin="0"/><net_sink comp="761" pin=24"/></net>

<net id="823"><net_src comp="150" pin="0"/><net_sink comp="761" pin=25"/></net>

<net id="824"><net_src comp="92" pin="0"/><net_sink comp="761" pin=26"/></net>

<net id="825"><net_src comp="152" pin="0"/><net_sink comp="761" pin=27"/></net>

<net id="826"><net_src comp="48" pin="0"/><net_sink comp="761" pin=28"/></net>

<net id="827"><net_src comp="154" pin="0"/><net_sink comp="761" pin=29"/></net>

<net id="828"><net_src comp="92" pin="0"/><net_sink comp="761" pin=30"/></net>

<net id="829"><net_src comp="156" pin="0"/><net_sink comp="761" pin=31"/></net>

<net id="830"><net_src comp="92" pin="0"/><net_sink comp="761" pin=32"/></net>

<net id="831"><net_src comp="108" pin="0"/><net_sink comp="761" pin=33"/></net>

<net id="832"><net_src comp="682" pin="3"/><net_sink comp="761" pin=34"/></net>

<net id="838"><net_src comp="633" pin="3"/><net_sink comp="833" pin=0"/></net>

<net id="839"><net_src comp="689" pin="35"/><net_sink comp="833" pin=1"/></net>

<net id="840"><net_src comp="761" pin="35"/><net_sink comp="833" pin=2"/></net>

<net id="845"><net_src comp="66" pin="0"/><net_sink comp="841" pin=1"/></net>

<net id="850"><net_src comp="841" pin="2"/><net_sink comp="846" pin=0"/></net>

<net id="855"><net_src comp="48" pin="0"/><net_sink comp="851" pin=1"/></net>

<net id="860"><net_src comp="851" pin="2"/><net_sink comp="856" pin=1"/></net>

<net id="865"><net_src comp="158" pin="0"/><net_sink comp="861" pin=1"/></net>

<net id="870"><net_src comp="861" pin="2"/><net_sink comp="866" pin=0"/></net>

<net id="871"><net_src comp="48" pin="0"/><net_sink comp="866" pin=1"/></net>

<net id="876"><net_src comp="833" pin="3"/><net_sink comp="872" pin=0"/></net>

<net id="877"><net_src comp="866" pin="2"/><net_sink comp="872" pin=1"/></net>

<net id="883"><net_src comp="846" pin="2"/><net_sink comp="878" pin=0"/></net>

<net id="884"><net_src comp="856" pin="2"/><net_sink comp="878" pin=1"/></net>

<net id="885"><net_src comp="872" pin="2"/><net_sink comp="878" pin=2"/></net>

<net id="891"><net_src comp="160" pin="0"/><net_sink comp="886" pin=1"/></net>

<net id="899"><net_src comp="892" pin="1"/><net_sink comp="895" pin=0"/></net>

<net id="900"><net_src comp="892" pin="1"/><net_sink comp="895" pin=1"/></net>

<net id="907"><net_src comp="162" pin="0"/><net_sink comp="901" pin=0"/></net>

<net id="908"><net_src comp="895" pin="2"/><net_sink comp="901" pin=1"/></net>

<net id="909"><net_src comp="164" pin="0"/><net_sink comp="901" pin=2"/></net>

<net id="910"><net_src comp="74" pin="0"/><net_sink comp="901" pin=3"/></net>

<net id="914"><net_src comp="901" pin="4"/><net_sink comp="911" pin=0"/></net>

<net id="921"><net_src comp="166" pin="0"/><net_sink comp="915" pin=0"/></net>

<net id="922"><net_src comp="252" pin="3"/><net_sink comp="915" pin=1"/></net>

<net id="923"><net_src comp="168" pin="0"/><net_sink comp="915" pin=2"/></net>

<net id="924"><net_src comp="74" pin="0"/><net_sink comp="915" pin=3"/></net>

<net id="928"><net_src comp="925" pin="1"/><net_sink comp="284" pin=1"/></net>

<net id="932"><net_src comp="265" pin="3"/><net_sink comp="929" pin=0"/></net>

<net id="933"><net_src comp="929" pin="1"/><net_sink comp="284" pin=0"/></net>

<net id="940"><net_src comp="170" pin="0"/><net_sink comp="934" pin=0"/></net>

<net id="941"><net_src comp="284" pin="2"/><net_sink comp="934" pin=1"/></net>

<net id="942"><net_src comp="22" pin="0"/><net_sink comp="934" pin=2"/></net>

<net id="943"><net_src comp="172" pin="0"/><net_sink comp="934" pin=3"/></net>

<net id="947"><net_src comp="278" pin="3"/><net_sink comp="944" pin=0"/></net>

<net id="952"><net_src comp="911" pin="1"/><net_sink comp="948" pin=0"/></net>

<net id="953"><net_src comp="944" pin="1"/><net_sink comp="948" pin=1"/></net>

<net id="960"><net_src comp="174" pin="0"/><net_sink comp="954" pin=0"/></net>

<net id="961"><net_src comp="948" pin="2"/><net_sink comp="954" pin=1"/></net>

<net id="962"><net_src comp="176" pin="0"/><net_sink comp="954" pin=2"/></net>

<net id="963"><net_src comp="74" pin="0"/><net_sink comp="954" pin=3"/></net>

<net id="967"><net_src comp="915" pin="4"/><net_sink comp="964" pin=0"/></net>

<net id="971"><net_src comp="934" pin="4"/><net_sink comp="968" pin=0"/></net>

<net id="976"><net_src comp="964" pin="1"/><net_sink comp="972" pin=0"/></net>

<net id="977"><net_src comp="968" pin="1"/><net_sink comp="972" pin=1"/></net>

<net id="981"><net_src comp="954" pin="4"/><net_sink comp="978" pin=0"/></net>

<net id="986"><net_src comp="972" pin="2"/><net_sink comp="982" pin=0"/></net>

<net id="987"><net_src comp="978" pin="1"/><net_sink comp="982" pin=1"/></net>

<net id="993"><net_src comp="66" pin="0"/><net_sink comp="988" pin=1"/></net>

<net id="997"><net_src comp="994" pin="1"/><net_sink comp="288" pin=0"/></net>

<net id="1001"><net_src comp="998" pin="1"/><net_sink comp="288" pin=1"/></net>

<net id="1008"><net_src comp="72" pin="0"/><net_sink comp="1002" pin=0"/></net>

<net id="1009"><net_src comp="288" pin="2"/><net_sink comp="1002" pin=1"/></net>

<net id="1010"><net_src comp="74" pin="0"/><net_sink comp="1002" pin=2"/></net>

<net id="1011"><net_src comp="76" pin="0"/><net_sink comp="1002" pin=3"/></net>

<net id="1015"><net_src comp="988" pin="3"/><net_sink comp="1012" pin=0"/></net>

<net id="1022"><net_src comp="186" pin="0"/><net_sink comp="1016" pin=0"/></net>

<net id="1023"><net_src comp="288" pin="2"/><net_sink comp="1016" pin=1"/></net>

<net id="1024"><net_src comp="188" pin="0"/><net_sink comp="1016" pin=2"/></net>

<net id="1025"><net_src comp="76" pin="0"/><net_sink comp="1016" pin=3"/></net>

<net id="1031"><net_src comp="190" pin="0"/><net_sink comp="1026" pin=0"/></net>

<net id="1032"><net_src comp="1016" pin="4"/><net_sink comp="1026" pin=1"/></net>

<net id="1033"><net_src comp="192" pin="0"/><net_sink comp="1026" pin=2"/></net>

<net id="1040"><net_src comp="194" pin="0"/><net_sink comp="1034" pin=0"/></net>

<net id="1041"><net_src comp="288" pin="2"/><net_sink comp="1034" pin=1"/></net>

<net id="1042"><net_src comp="74" pin="0"/><net_sink comp="1034" pin=2"/></net>

<net id="1043"><net_src comp="196" pin="0"/><net_sink comp="1034" pin=3"/></net>

<net id="1049"><net_src comp="198" pin="0"/><net_sink comp="1044" pin=0"/></net>

<net id="1050"><net_src comp="1034" pin="4"/><net_sink comp="1044" pin=1"/></net>

<net id="1051"><net_src comp="200" pin="0"/><net_sink comp="1044" pin=2"/></net>

<net id="1058"><net_src comp="202" pin="0"/><net_sink comp="1052" pin=0"/></net>

<net id="1059"><net_src comp="1026" pin="3"/><net_sink comp="1052" pin=1"/></net>

<net id="1060"><net_src comp="18" pin="0"/><net_sink comp="1052" pin=2"/></net>

<net id="1061"><net_src comp="82" pin="0"/><net_sink comp="1052" pin=3"/></net>

<net id="1067"><net_src comp="86" pin="0"/><net_sink comp="1062" pin=0"/></net>

<net id="1068"><net_src comp="1052" pin="4"/><net_sink comp="1062" pin=1"/></net>

<net id="1069"><net_src comp="48" pin="0"/><net_sink comp="1062" pin=2"/></net>

<net id="1076"><net_src comp="202" pin="0"/><net_sink comp="1070" pin=0"/></net>

<net id="1077"><net_src comp="1044" pin="3"/><net_sink comp="1070" pin=1"/></net>

<net id="1078"><net_src comp="18" pin="0"/><net_sink comp="1070" pin=2"/></net>

<net id="1079"><net_src comp="82" pin="0"/><net_sink comp="1070" pin=3"/></net>

<net id="1085"><net_src comp="86" pin="0"/><net_sink comp="1080" pin=0"/></net>

<net id="1086"><net_src comp="1070" pin="4"/><net_sink comp="1080" pin=1"/></net>

<net id="1087"><net_src comp="48" pin="0"/><net_sink comp="1080" pin=2"/></net>

<net id="1091"><net_src comp="1002" pin="4"/><net_sink comp="1088" pin=0"/></net>

<net id="1096"><net_src comp="1088" pin="1"/><net_sink comp="1092" pin=0"/></net>

<net id="1097"><net_src comp="1062" pin="3"/><net_sink comp="1092" pin=1"/></net>

<net id="1101"><net_src comp="1092" pin="2"/><net_sink comp="1098" pin=0"/></net>

<net id="1106"><net_src comp="1062" pin="3"/><net_sink comp="1102" pin=0"/></net>

<net id="1107"><net_src comp="176" pin="0"/><net_sink comp="1102" pin=1"/></net>

<net id="1112"><net_src comp="1080" pin="3"/><net_sink comp="1108" pin=0"/></net>

<net id="1113"><net_src comp="176" pin="0"/><net_sink comp="1108" pin=1"/></net>

<net id="1117"><net_src comp="1098" pin="1"/><net_sink comp="1114" pin=0"/></net>

<net id="1122"><net_src comp="1114" pin="1"/><net_sink comp="1118" pin=0"/></net>

<net id="1123"><net_src comp="1080" pin="3"/><net_sink comp="1118" pin=1"/></net>

<net id="1129"><net_src comp="1102" pin="2"/><net_sink comp="1124" pin=0"/></net>

<net id="1130"><net_src comp="1108" pin="2"/><net_sink comp="1124" pin=1"/></net>

<net id="1131"><net_src comp="1062" pin="3"/><net_sink comp="1124" pin=2"/></net>

<net id="1136"><net_src comp="1012" pin="1"/><net_sink comp="1132" pin=0"/></net>

<net id="1137"><net_src comp="204" pin="0"/><net_sink comp="1132" pin=1"/></net>

<net id="1141"><net_src comp="1132" pin="2"/><net_sink comp="1138" pin=0"/></net>

<net id="1146"><net_src comp="1138" pin="1"/><net_sink comp="1142" pin=0"/></net>

<net id="1147"><net_src comp="1124" pin="3"/><net_sink comp="1142" pin=1"/></net>

<net id="1153"><net_src comp="16" pin="0"/><net_sink comp="1148" pin=0"/></net>

<net id="1154"><net_src comp="1142" pin="2"/><net_sink comp="1148" pin=1"/></net>

<net id="1155"><net_src comp="18" pin="0"/><net_sink comp="1148" pin=2"/></net>

<net id="1160"><net_src comp="1002" pin="4"/><net_sink comp="1156" pin=0"/></net>

<net id="1161"><net_src comp="206" pin="0"/><net_sink comp="1156" pin=1"/></net>

<net id="1166"><net_src comp="1148" pin="3"/><net_sink comp="1162" pin=0"/></net>

<net id="1167"><net_src comp="1156" pin="2"/><net_sink comp="1162" pin=1"/></net>

<net id="1171"><net_src comp="1142" pin="2"/><net_sink comp="1168" pin=0"/></net>

<net id="1178"><net_src comp="208" pin="0"/><net_sink comp="1172" pin=0"/></net>

<net id="1179"><net_src comp="1118" pin="2"/><net_sink comp="1172" pin=1"/></net>

<net id="1180"><net_src comp="210" pin="0"/><net_sink comp="1172" pin=2"/></net>

<net id="1181"><net_src comp="212" pin="0"/><net_sink comp="1172" pin=3"/></net>

<net id="1188"><net_src comp="208" pin="0"/><net_sink comp="1182" pin=0"/></net>

<net id="1189"><net_src comp="1092" pin="2"/><net_sink comp="1182" pin=1"/></net>

<net id="1190"><net_src comp="210" pin="0"/><net_sink comp="1182" pin=2"/></net>

<net id="1191"><net_src comp="212" pin="0"/><net_sink comp="1182" pin=3"/></net>

<net id="1197"><net_src comp="1102" pin="2"/><net_sink comp="1192" pin=0"/></net>

<net id="1198"><net_src comp="1172" pin="4"/><net_sink comp="1192" pin=1"/></net>

<net id="1199"><net_src comp="1182" pin="4"/><net_sink comp="1192" pin=2"/></net>

<net id="1205"><net_src comp="214" pin="0"/><net_sink comp="1200" pin=1"/></net>

<net id="1206"><net_src comp="66" pin="0"/><net_sink comp="1200" pin=2"/></net>

<net id="1212"><net_src comp="158" pin="0"/><net_sink comp="1207" pin=1"/></net>

<net id="1213"><net_src comp="66" pin="0"/><net_sink comp="1207" pin=2"/></net>

<net id="1218"><net_src comp="1162" pin="2"/><net_sink comp="1214" pin=1"/></net>

<net id="1224"><net_src comp="1214" pin="2"/><net_sink comp="1219" pin=0"/></net>

<net id="1225"><net_src comp="1207" pin="3"/><net_sink comp="1219" pin=1"/></net>

<net id="1226"><net_src comp="1168" pin="1"/><net_sink comp="1219" pin=2"/></net>

<net id="1232"><net_src comp="216" pin="0"/><net_sink comp="1227" pin=1"/></net>

<net id="1233"><net_src comp="62" pin="0"/><net_sink comp="1227" pin=2"/></net>

<net id="1239"><net_src comp="1214" pin="2"/><net_sink comp="1234" pin=0"/></net>

<net id="1240"><net_src comp="1227" pin="3"/><net_sink comp="1234" pin=1"/></net>

<net id="1241"><net_src comp="1192" pin="3"/><net_sink comp="1234" pin=2"/></net>

<net id="1247"><net_src comp="1200" pin="3"/><net_sink comp="1242" pin=1"/></net>

<net id="1248"><net_src comp="1219" pin="3"/><net_sink comp="1242" pin=2"/></net>

<net id="1254"><net_src comp="62" pin="0"/><net_sink comp="1249" pin=1"/></net>

<net id="1255"><net_src comp="1234" pin="3"/><net_sink comp="1249" pin=2"/></net>

<net id="1262"><net_src comp="218" pin="0"/><net_sink comp="1256" pin=0"/></net>

<net id="1263"><net_src comp="1242" pin="3"/><net_sink comp="1256" pin=2"/></net>

<net id="1264"><net_src comp="1249" pin="3"/><net_sink comp="1256" pin=3"/></net>

<net id="1268"><net_src comp="1256" pin="4"/><net_sink comp="1265" pin=0"/></net>

<net id="1272"><net_src comp="220" pin="2"/><net_sink comp="1269" pin=0"/></net>

<net id="1273"><net_src comp="1269" pin="1"/><net_sink comp="633" pin=0"/></net>

<net id="1274"><net_src comp="1269" pin="1"/><net_sink comp="660" pin=0"/></net>

<net id="1275"><net_src comp="1269" pin="1"/><net_sink comp="851" pin=0"/></net>

<net id="1276"><net_src comp="1269" pin="1"/><net_sink comp="1200" pin=0"/></net>

<net id="1280"><net_src comp="300" pin="3"/><net_sink comp="1277" pin=0"/></net>

<net id="1281"><net_src comp="1277" pin="1"/><net_sink comp="682" pin=1"/></net>

<net id="1282"><net_src comp="1277" pin="1"/><net_sink comp="856" pin=0"/></net>

<net id="1286"><net_src comp="308" pin="4"/><net_sink comp="1283" pin=0"/></net>

<net id="1287"><net_src comp="1283" pin="1"/><net_sink comp="417" pin=0"/></net>

<net id="1288"><net_src comp="1283" pin="1"/><net_sink comp="841" pin=0"/></net>

<net id="1289"><net_src comp="1283" pin="1"/><net_sink comp="861" pin=0"/></net>

<net id="1293"><net_src comp="318" pin="1"/><net_sink comp="1290" pin=0"/></net>

<net id="1294"><net_src comp="1290" pin="1"/><net_sink comp="380" pin=2"/></net>

<net id="1295"><net_src comp="1290" pin="1"/><net_sink comp="412" pin=0"/></net>

<net id="1299"><net_src comp="322" pin="2"/><net_sink comp="1296" pin=0"/></net>

<net id="1300"><net_src comp="1296" pin="1"/><net_sink comp="422" pin=0"/></net>

<net id="1301"><net_src comp="1296" pin="1"/><net_sink comp="429" pin=0"/></net>

<net id="1305"><net_src comp="232" pin="3"/><net_sink comp="1302" pin=0"/></net>

<net id="1306"><net_src comp="1302" pin="1"/><net_sink comp="239" pin=0"/></net>

<net id="1310"><net_src comp="357" pin="1"/><net_sink comp="1307" pin=0"/></net>

<net id="1311"><net_src comp="1307" pin="1"/><net_sink comp="361" pin=0"/></net>

<net id="1315"><net_src comp="370" pin="4"/><net_sink comp="1312" pin=0"/></net>

<net id="1316"><net_src comp="1312" pin="1"/><net_sink comp="292" pin=0"/></net>

<net id="1320"><net_src comp="392" pin="4"/><net_sink comp="1317" pin=0"/></net>

<net id="1321"><net_src comp="1317" pin="1"/><net_sink comp="439" pin=1"/></net>

<net id="1322"><net_src comp="1317" pin="1"/><net_sink comp="444" pin=2"/></net>

<net id="1326"><net_src comp="402" pin="4"/><net_sink comp="1323" pin=0"/></net>

<net id="1327"><net_src comp="1323" pin="1"/><net_sink comp="429" pin=2"/></net>

<net id="1331"><net_src comp="412" pin="2"/><net_sink comp="1328" pin=0"/></net>

<net id="1332"><net_src comp="1328" pin="1"/><net_sink comp="846" pin=1"/></net>

<net id="1336"><net_src comp="513" pin="4"/><net_sink comp="1333" pin=0"/></net>

<net id="1337"><net_src comp="1333" pin="1"/><net_sink comp="886" pin=2"/></net>

<net id="1341"><net_src comp="527" pin="2"/><net_sink comp="1338" pin=0"/></net>

<net id="1342"><net_src comp="1338" pin="1"/><net_sink comp="988" pin=2"/></net>

<net id="1346"><net_src comp="583" pin="1"/><net_sink comp="1343" pin=0"/></net>

<net id="1347"><net_src comp="1343" pin="1"/><net_sink comp="925" pin=0"/></net>

<net id="1351"><net_src comp="633" pin="3"/><net_sink comp="1348" pin=0"/></net>

<net id="1352"><net_src comp="1348" pin="1"/><net_sink comp="886" pin=0"/></net>

<net id="1353"><net_src comp="1348" pin="1"/><net_sink comp="988" pin=0"/></net>

<net id="1357"><net_src comp="650" pin="4"/><net_sink comp="1354" pin=0"/></net>

<net id="1358"><net_src comp="1354" pin="1"/><net_sink comp="892" pin=0"/></net>

<net id="1362"><net_src comp="245" pin="3"/><net_sink comp="1359" pin=0"/></net>

<net id="1363"><net_src comp="1359" pin="1"/><net_sink comp="252" pin=0"/></net>

<net id="1367"><net_src comp="258" pin="3"/><net_sink comp="1364" pin=0"/></net>

<net id="1368"><net_src comp="1364" pin="1"/><net_sink comp="265" pin=0"/></net>

<net id="1372"><net_src comp="271" pin="3"/><net_sink comp="1369" pin=0"/></net>

<net id="1373"><net_src comp="1369" pin="1"/><net_sink comp="278" pin=0"/></net>

<net id="1377"><net_src comp="846" pin="2"/><net_sink comp="1374" pin=0"/></net>

<net id="1378"><net_src comp="1374" pin="1"/><net_sink comp="1242" pin=0"/></net>

<net id="1379"><net_src comp="1374" pin="1"/><net_sink comp="1249" pin=0"/></net>

<net id="1383"><net_src comp="861" pin="2"/><net_sink comp="1380" pin=0"/></net>

<net id="1384"><net_src comp="1380" pin="1"/><net_sink comp="1207" pin=0"/></net>

<net id="1385"><net_src comp="1380" pin="1"/><net_sink comp="1214" pin=0"/></net>

<net id="1386"><net_src comp="1380" pin="1"/><net_sink comp="1227" pin=0"/></net>

<net id="1390"><net_src comp="878" pin="3"/><net_sink comp="1387" pin=0"/></net>

<net id="1391"><net_src comp="1387" pin="1"/><net_sink comp="1256" pin=1"/></net>

<net id="1395"><net_src comp="886" pin="3"/><net_sink comp="1392" pin=0"/></net>

<net id="1396"><net_src comp="1392" pin="1"/><net_sink comp="998" pin=0"/></net>

<net id="1400"><net_src comp="982" pin="2"/><net_sink comp="1397" pin=0"/></net>

<net id="1401"><net_src comp="1397" pin="1"/><net_sink comp="994" pin=0"/></net>

</net_list>

</model> 
---------------- Datapath Model END ------------------

* FSMD analyzer results:
  - Output states:
	Port: t_in | {}
	Port: ref_4oPi_table_100 | {}
	Port: second_order_float_sin_cos_K0 | {}
	Port: second_order_float_sin_cos_K1 | {}
	Port: second_order_float_sin_cos_K2 | {}
 - Input state : 
	Port: sin_or_cos<float> : t_in | {1 }
	Port: sin_or_cos<float> : do_cos | {1 }
	Port: sin_or_cos<float> : ref_4oPi_table_100 | {1 2 }
	Port: sin_or_cos<float> : second_order_float_sin_cos_K0 | {4 5 }
	Port: sin_or_cos<float> : second_order_float_sin_cos_K1 | {4 5 }
	Port: sin_or_cos<float> : second_order_float_sin_cos_K2 | {4 5 }
  - Chain level:
	State 1
		din_sign : 1
		din_exp : 1
		din_sig : 1
		closepath : 2
		add_ln376 : 2
		addr : 3
		lshr_ln : 4
		zext_ln378 : 5
		ref_4oPi_table_100_addr : 6
		table_100 : 7
		trunc_ln379 : 4
	State 2
		shl_ln379 : 1
		Med : 2
	State 3
		zext_ln468 : 1
		h : 2
		Mx_bits : 3
		k : 3
	State 4
		select_ln453 : 1
		trunc_ln491 : 1
		Mx_bits_2 : 2
		tmp_2 : 3
		t : 4
		tmp_9 : 5
		tmp_s : 6
		sext_ln75 : 7
		tmp_1 : 8
		Mx_zeros : 9
		zext_ln504 : 10
		shl_ln504 : 11
		Mx : 12
		zext_ln505 : 10
		Ex_1 : 11
		tmp : 12
		sub_ln506 : 12
		select_ln506 : 13
		zext_ln506_1 : 14
		zext_ln506 : 13
		lshr_ln506 : 15
		shl_ln506 : 15
		select_ln506_1 : 16
		B : 17
		tmp_3 : 1
		xor_ln242 : 2
		cos_basis : 2
		tmp_4 : 17
		B_trunc : 17
		sin_basis : 2
		A : 18
		zext_ln28 : 19
		second_order_float_sin_cos_K0_addr : 20
		second_order_float_sin_cos_K0_load : 21
		second_order_float_sin_cos_K1_addr : 20
		second_order_float_sin_cos_K1_load : 21
		second_order_float_sin_cos_K2_addr : 20
		second_order_float_sin_cos_K2_load : 21
		index : 1
		tmp_12 : 2
		tmp_13 : 2
		results_sign : 3
		and_ln271 : 1
		xor_ln282 : 1
		results_sign_4 : 4
		results_sign_3 : 4
	State 5
		mul_ln23 : 1
		B_squared : 2
		zext_ln23_1 : 3
		t1 : 1
		sext_ln29 : 1
		mul_ln29 : 2
		trunc_ln : 3
		sext_ln30 : 1
		mul_ln30 : 4
		trunc_ln1 : 5
		sext_ln32 : 2
		sext_ln32_1 : 4
		add_ln32 : 5
		sext_ln32_2 : 6
		add_ln32_1 : 7
	State 6
		mul_ln32 : 1
		result : 2
		sext_ln252 : 1
		tmp_8 : 2
		out_bits : 3
		tmp_5 : 2
		out_bits_2 : 3
		tmp_6 : 4
		c : 5
		tmp_7 : 4
		c_1 : 5
		zext_ln291 : 3
		shl_ln291 : 6
		in_shift_1 : 7
		icmp_ln292 : 6
		shift_1 : 6
		zext_ln291_1 : 8
		shl_ln291_1 : 9
		shift_2 : 7
		add_ln300 : 2
		sext_ln300 : 3
		newexp : 8
		tmp_10 : 9
		icmp_ln306 : 3
		or_ln306 : 10
		empty : 9
		tmp_11 : 10
		tmp_14 : 7
		empty_43 : 11
		or_ln282 : 10
		results_exp : 10
		results_sig : 10
		results_exp_1 : 11
		results_sig_1 : 11
		t_2 : 12
		bitcast_ln327 : 13
		ret_ln287 : 14


============================================================
+ Verbose Summary: Datapath Resource usage 
============================================================

* Functional unit list:
|----------|-------------------------|---------|---------|---------|
| Operation|     Functional Unit     |   DSP   |    FF   |   LUT   |
|----------|-------------------------|---------|---------|---------|
|          |     shl_ln379_fu_364    |    0    |    0    |   325   |
|          |     shl_ln504_fu_507    |    0    |    0    |   166   |
|    shl   |     shl_ln506_fu_569    |    0    |    0    |    74   |
|          |    shl_ln291_fu_1092    |    0    |    0    |    96   |
|          |   shl_ln291_1_fu_1118   |    0    |    0    |    96   |
|----------|-------------------------|---------|---------|---------|
|          |       addr_fu_334       |    0    |    0    |    8    |
|          |   select_ln453_fu_422   |    0    |    0    |    8    |
|          |        k_1_fu_429       |    0    |    0    |    3    |
|          |     Mx_bits_2_fu_444    |    0    |    0    |    57   |
|          |   select_ln506_fu_547   |    0    |    0    |    8    |
|          |  select_ln506_1_fu_575  |    0    |    0    |    32   |
|          |     cos_basis_fu_633    |    0    |    0    |    2    |
|          |     sin_basis_fu_660    |    0    |    0    |    2    |
|          |   results_sign_fu_833   |    0    |    0    |    2    |
|          |  results_sign_3_fu_878  |    0    |    0    |    2    |
|  select  |       Mx_1_fu_886       |    0    |    0    |    29   |
|          |       Ex_2_fu_988       |    0    |    0    |    8    |
|          |     shift_2_fu_1124     |    0    |    0    |    32   |
|          |     empty_43_fu_1192    |    0    |    0    |    22   |
|          |   select_ln259_fu_1200  |    0    |    0    |    8    |
|          |   select_ln282_fu_1207  |    0    |    0    |    8    |
|          |   results_exp_fu_1219   |    0    |    0    |    8    |
|          |  select_ln282_2_fu_1227 |    0    |    0    |    22   |
|          |   results_sig_fu_1234   |    0    |    0    |    22   |
|          |  results_exp_1_fu_1242  |    0    |    0    |    8    |
|          |  results_sig_1_fu_1249  |    0    |    0    |    22   |
|----------|-------------------------|---------|---------|---------|
|          |       tmp_3_fu_587      |    0    |    0    |    43   |
| sparsemux|      tmp_12_fu_689      |    0    |    0    |    65   |
|          |      tmp_13_fu_761      |    0    |    0    |    65   |
|----------|-------------------------|---------|---------|---------|
|          |     mul_ln29_fu_284     |    2    |    0    |    31   |
|          |     mul_ln32_fu_288     |    4    |    0    |    25   |
|    mul   |         h_fu_292        |    5    |    0    |    90   |
|          |     mul_ln23_fu_895     |    1    |    0    |    5    |
|          |     mul_ln30_fu_948     |    1    |    0    |    5    |
|----------|-------------------------|---------|---------|---------|
|          |     closepath_fu_322    |    0    |    0    |    15   |
|          |   icmp_ln271_1_fu_412   |    0    |    0    |    30   |
|   icmp   |    icmp_ln271_fu_841    |    0    |    0    |    15   |
|          |    icmp_ln282_fu_861    |    0    |    0    |    15   |
|          |    icmp_ln292_fu_1102   |    0    |    0    |    39   |
|          |    icmp_ln306_fu_1156   |    0    |    0    |    36   |
|----------|-------------------------|---------|---------|---------|
|          |     add_ln376_fu_328    |    0    |    0    |    15   |
|          |        Ex_fu_417        |    0    |    0    |    15   |
|    add   |     add_ln32_fu_972     |    0    |    0    |    29   |
|          |    add_ln32_1_fu_982    |    0    |    0    |    30   |
|          |     shift_1_fu_1108     |    0    |    0    |    39   |
|          |    add_ln300_fu_1132    |    0    |    0    |    15   |
|----------|-------------------------|---------|---------|---------|
|          |       tmp_1_fu_491      |    0    |    0    |    44   |
|   cttz   |        c_fu_1062        |    0    |    0    |    46   |
|          |       c_1_fu_1080       |    0    |    0    |    46   |
|----------|-------------------------|---------|---------|---------|
|          |     Mx_bits_1_fu_439    |    0    |    0    |    65   |
|    sub   |       Ex_1_fu_527       |    0    |    0    |    15   |
|          |     sub_ln506_fu_541    |    0    |    0    |    15   |
|          |      newexp_fu_1142     |    0    |    0    |    39   |
|----------|-------------------------|---------|---------|---------|
|   lshr   |    lshr_ln506_fu_563    |    0    |    0    |    74   |
|----------|-------------------------|---------|---------|---------|
|          |     xor_ln242_fu_627    |    0    |    0    |    2    |
|    xor   |     xor_ln278_fu_851    |    0    |    0    |    2    |
|          |     xor_ln282_fu_866    |    0    |    0    |    2    |
|----------|-------------------------|---------|---------|---------|
|          |     and_ln271_fu_846    |    0    |    0    |    2    |
|    and   |  results_sign_2_fu_856  |    0    |    0    |    2    |
|          |  results_sign_4_fu_872  |    0    |    0    |    2    |
|----------|-------------------------|---------|---------|---------|
|    or    |     or_ln306_fu_1162    |    0    |    0    |    2    |
|          |     or_ln282_fu_1214    |    0    |    0    |    2    |
|----------|-------------------------|---------|---------|---------|
|   read   | do_cos_read_read_fu_220 |    0    |    0    |    0    |
|          |  t_in_read_read_fu_226  |    0    |    0    |    0    |
|----------|-------------------------|---------|---------|---------|
|          |     din_sign_fu_300     |    0    |    0    |    0    |
| bitselect|        tmp_fu_533       |    0    |    0    |    0    |
|          |      tmp_10_fu_1148     |    0    |    0    |    0    |
|----------|-------------------------|---------|---------|---------|
|          |      din_exp_fu_308     |    0    |    0    |    0    |
|          |      lshr_ln_fu_342     |    0    |    0    |    0    |
|          |        Med_fu_370       |    0    |    0    |    0    |
|          |      Mx_bits_fu_392     |    0    |    0    |    0    |
|          |         k_fu_402        |    0    |    0    |    0    |
|          |       tmp_2_fu_451      |    0    |    0    |    0    |
|          |       tmp_9_fu_469      |    0    |    0    |    0    |
|          |        Mx_fu_513        |    0    |    0    |    0    |
|          |       tmp_4_fu_640      |    0    |    0    |    0    |
|          |      B_trunc_fu_650     |    0    |    0    |    0    |
|partselect|     B_squared_fu_901    |    0    |    0    |    0    |
|          |        t1_fu_915        |    0    |    0    |    0    |
|          |     trunc_ln_fu_934     |    0    |    0    |    0    |
|          |     trunc_ln1_fu_954    |    0    |    0    |    0    |
|          |      result_fu_1002     |    0    |    0    |    0    |
|          |      tmp_8_fu_1016      |    0    |    0    |    0    |
|          |      tmp_5_fu_1034      |    0    |    0    |    0    |
|          |      tmp_6_fu_1052      |    0    |    0    |    0    |
|          |      tmp_7_fu_1070      |    0    |    0    |    0    |
|          |      tmp_11_fu_1172     |    0    |    0    |    0    |
|          |      tmp_14_fu_1182     |    0    |    0    |    0    |
|----------|-------------------------|---------|---------|---------|
|          |      din_sig_fu_318     |    0    |    0    |    0    |
|          |    trunc_ln379_fu_357   |    0    |    0    |    0    |
|          |    trunc_ln491_fu_435   |    0    |    0    |    0    |
|   trunc  |     Mx_zeros_fu_499     |    0    |    0    |    0    |
|          |         B_fu_583        |    0    |    0    |    0    |
|          |    in_shift_1_fu_1098   |    0    |    0    |    0    |
|          |      empty_fu_1168      |    0    |    0    |    0    |
|----------|-------------------------|---------|---------|---------|
|          |    zext_ln378_fu_352    |    0    |    0    |    0    |
|          |    zext_ln379_fu_361    |    0    |    0    |    0    |
|          |    zext_ln468_fu_387    |    0    |    0    |    0    |
|          |    zext_ln504_fu_503    |    0    |    0    |    0    |
|          |    zext_ln505_fu_523    |    0    |    0    |    0    |
|          |   zext_ln506_1_fu_555   |    0    |    0    |    0    |
|   zext   |    zext_ln506_fu_559    |    0    |    0    |    0    |
|          |     zext_ln28_fu_675    |    0    |    0    |    0    |
|          |     zext_ln23_fu_892    |    0    |    0    |    0    |
|          |    zext_ln23_1_fu_911   |    0    |    0    |    0    |
|          |     zext_ln29_fu_925    |    0    |    0    |    0    |
|          |     zext_ln32_fu_998    |    0    |    0    |    0    |
|          |    zext_ln291_fu_1088   |    0    |    0    |    0    |
|          |   zext_ln291_1_fu_1114  |    0    |    0    |    0    |
|----------|-------------------------|---------|---------|---------|
|          |         X_fu_380        |    0    |    0    |    0    |
|          |         t_fu_461        |    0    |    0    |    0    |
|          |       tmp_s_fu_479      |    0    |    0    |    0    |
|bitconcatenate|         A_fu_667        |    0    |    0    |    0    |
|          |       index_fu_682      |    0    |    0    |    0    |
|          |     out_bits_fu_1026    |    0    |    0    |    0    |
|          |    out_bits_2_fu_1044   |    0    |    0    |    0    |
|          |       t_2_fu_1256       |    0    |    0    |    0    |
|----------|-------------------------|---------|---------|---------|
|          |     sext_ln75_fu_487    |    0    |    0    |    0    |
|          |     sext_ln29_fu_929    |    0    |    0    |    0    |
|          |     sext_ln30_fu_944    |    0    |    0    |    0    |
|          |     sext_ln32_fu_964    |    0    |    0    |    0    |
|   sext   |    sext_ln32_1_fu_968   |    0    |    0    |    0    |
|          |    sext_ln32_2_fu_978   |    0    |    0    |    0    |
|          |    sext_ln32_3_fu_994   |    0    |    0    |    0    |
|          |    sext_ln252_fu_1012   |    0    |    0    |    0    |
|          |    sext_ln300_fu_1138   |    0    |    0    |    0    |
|----------|-------------------------|---------|---------|---------|
|   Total  |                         |    13   |    0    |   2052  |
|----------|-------------------------|---------|---------|---------|

Memories:
N/A

* Register list:
+-------------------------------------------+--------+
|                                           |   FF   |
+-------------------------------------------+--------+
|                 B_reg_1343                |   22   |
|              B_trunc_reg_1354             |   15   |
|               Ex_1_reg_1338               |    8   |
|                Med_reg_1312               |   80   |
|               Mx_1_reg_1392               |   29   |
|              Mx_bits_reg_1317             |   58   |
|                Mx_reg_1333                |   29   |
|            add_ln32_1_reg_1397            |   30   |
|             and_ln271_reg_1374            |    1   |
|             closepath_reg_1296            |    1   |
|             cos_basis_reg_1348            |    1   |
|              din_exp_reg_1283             |    8   |
|              din_sig_reg_1290             |   23   |
|             din_sign_reg_1277             |    1   |
|            do_cos_read_reg_1269           |    1   |
|           icmp_ln271_1_reg_1328           |    1   |
|            icmp_ln282_reg_1380            |    1   |
|                 k_reg_1323                |    3   |
|      ref_4oPi_table_100_addr_reg_1302     |    4   |
|          results_sign_3_reg_1387          |    1   |
|second_order_float_sin_cos_K0_addr_reg_1359|    8   |
|second_order_float_sin_cos_K1_addr_reg_1364|    8   |
|second_order_float_sin_cos_K2_addr_reg_1369|    8   |
|            trunc_ln379_reg_1307           |    4   |
+-------------------------------------------+--------+
|                   Total                   |   345  |
+-------------------------------------------+--------+

* Multiplexer (MUX) list: 
|-------------------|------|------|------|--------||---------||---------||---------|
|        Comp       |  Pin | Size |  BW  | S x BW ||  Delay  ||    FF   ||   LUT   |
|-------------------|------|------|------|--------||---------||---------||---------|
| grp_access_fu_239 |  p0  |   2  |   4  |    8   ||    0    ||    9    |
| grp_access_fu_252 |  p0  |   2  |   8  |   16   ||    0    ||    9    |
| grp_access_fu_265 |  p0  |   2  |   8  |   16   ||    0    ||    9    |
| grp_access_fu_278 |  p0  |   2  |   8  |   16   ||    0    ||    9    |
|-------------------|------|------|------|--------||---------||---------||---------|
|       Total       |      |      |      |   56   ||  1.708  ||    0    ||    36   |
|-------------------|------|------|------|--------||---------||---------||---------|



* Summary:
+-----------+--------+--------+--------+--------+
|           |   DSP  |  Delay |   FF   |   LUT  |
+-----------+--------+--------+--------+--------+
|  Function |   13   |    -   |    0   |  2052  |
|   Memory  |    -   |    -   |    -   |    -   |
|Multiplexer|    -   |    1   |    0   |   36   |
|  Register |    -   |    -   |   345  |    -   |
+-----------+--------+--------+--------+--------+
|   Total   |   13   |    1   |   345  |  2088  |
+-----------+--------+--------+--------+--------+
