

================================================================
== Vitis HLS Report for 'sin_or_cos_double_s'
================================================================
* Date:           Tue Apr 21 17:14:49 2026

* Version:        2024.1 (Build 5069499 on May 21 2024)
* Project:        calculateCoefficients
* Solution:       hls (Vivado IP Flow Target)
* Product family: zynquplus
* Target device:  xczu3eg-sfvc784-2-e


================================================================
== Performance Estimates
================================================================
+ Timing: 
    * Summary: 
    +--------+----------+----------+------------+
    |  Clock |  Target  | Estimated| Uncertainty|
    +--------+----------+----------+------------+
    |ap_clk  |  10.00 ns|  7.039 ns|     2.70 ns|
    +--------+----------+----------+------------+

+ Latency: 
    * Summary: 
    +---------+---------+----------+----------+-----+-----+---------+
    |  Latency (cycles) |  Latency (absolute) |  Interval | Pipeline|
    |   min   |   max   |    min   |    max   | min | max |   Type  |
    +---------+---------+----------+----------+-----+-----+---------+
    |       31|       34|  0.310 us|  0.340 us|   31|   34|       no|
    +---------+---------+----------+----------+-----+-----+---------+

    + Detail: 
        * Instance: 
        +-----------------------------------------+------------------------------+---------+---------+-----------+-----------+-----+-----+-----------------------------------------------+
        |                                         |                              |  Latency (cycles) |   Latency (absolute)  |  Interval |                    Pipeline                   |
        |                 Instance                |            Module            |   min   |   max   |    min    |    max    | min | max |                      Type                     |
        +-----------------------------------------+------------------------------+---------+---------+-----------+-----------+-----+-----+-----------------------------------------------+
        |grp_sin_or_cos_double_Pipeline_1_fu_382  |sin_or_cos_double_Pipeline_1  |        5|        5|  50.000 ns|  50.000 ns|    4|    4|  loop auto-rewind stp(delay=0 clock cycles(s))|
        |grp_sin_or_cos_double_Pipeline_2_fu_389  |sin_or_cos_double_Pipeline_2  |        5|        5|  50.000 ns|  50.000 ns|    4|    4|  loop auto-rewind stp(delay=0 clock cycles(s))|
        |grp_sin_or_cos_double_Pipeline_3_fu_400  |sin_or_cos_double_Pipeline_3  |        6|        6|  60.000 ns|  60.000 ns|    5|    5|  loop auto-rewind stp(delay=0 clock cycles(s))|
        |grp_sin_or_cos_double_Pipeline_4_fu_412  |sin_or_cos_double_Pipeline_4  |        2|        5|  20.000 ns|  50.000 ns|    1|    4|  loop auto-rewind stp(delay=0 clock cycles(s))|
        +-----------------------------------------+------------------------------+---------+---------+-----------+-----------+-----+-----+-----------------------------------------------+

        * Loop: 
        N/A



================================================================
== Utilization Estimates
================================================================
* Summary: 
+-----------------+---------+-----+--------+-------+-----+
|       Name      | BRAM_18K| DSP |   FF   |  LUT  | URAM|
+-----------------+---------+-----+--------+-------+-----+
|DSP              |        -|    -|       -|      -|    -|
|Expression       |        -|    -|       0|   2933|    -|
|FIFO             |        -|    -|       -|      -|    -|
|Instance         |        -|   82|     794|   1718|    -|
|Memory           |        8|    -|     213|    852|    -|
|Multiplexer      |        -|    -|       0|     93|    -|
|Register         |        -|    -|     885|      -|    -|
+-----------------+---------+-----+--------+-------+-----+
|Total            |        8|   82|    1892|   5596|    0|
+-----------------+---------+-----+--------+-------+-----+
|Available        |      432|  360|  141120|  70560|    0|
+-----------------+---------+-----+--------+-------+-----+
|Utilization (%)  |        1|   22|       1|      7|    0|
+-----------------+---------+-----+--------+-------+-----+

+ Detail: 
    * Instance: 
    +-----------------------------------------+------------------------------+---------+----+-----+-----+-----+
    |                 Instance                |            Module            | BRAM_18K| DSP|  FF | LUT | URAM|
    +-----------------------------------------+------------------------------+---------+----+-----+-----+-----+
    |mul_170s_53ns_170_2_1_U39                |mul_170s_53ns_170_2_1         |        0|  27|  361|  178|    0|
    |mul_35ns_25ns_60_1_1_U32                 |mul_35ns_25ns_60_1_1          |        0|   2|    0|   23|    0|
    |mul_42ns_33ns_75_1_1_U33                 |mul_42ns_33ns_75_1_1          |        0|   4|    0|   22|    0|
    |mul_49ns_44s_93_1_1_U34                  |mul_49ns_44s_93_1_1           |        0|   6|    0|   20|    0|
    |mul_49ns_49ns_98_1_1_U35                 |mul_49ns_49ns_98_1_1          |        0|   9|    0|   20|    0|
    |mul_49ns_49ns_98_1_1_U36                 |mul_49ns_49ns_98_1_1          |        0|   9|    0|   20|    0|
    |mul_56ns_52s_108_1_1_U37                 |mul_56ns_52s_108_1_1          |        0|   9|    0|   27|    0|
    |mul_64s_63ns_126_1_1_U38                 |mul_64s_63ns_126_1_1          |        0|  16|    0|   46|    0|
    |grp_sin_or_cos_double_Pipeline_1_fu_382  |sin_or_cos_double_Pipeline_1  |        0|   0|  100|  169|    0|
    |grp_sin_or_cos_double_Pipeline_2_fu_389  |sin_or_cos_double_Pipeline_2  |        0|   0|  100|  263|    0|
    |grp_sin_or_cos_double_Pipeline_3_fu_400  |sin_or_cos_double_Pipeline_3  |        0|   0|  133|  115|    0|
    |grp_sin_or_cos_double_Pipeline_4_fu_412  |sin_or_cos_double_Pipeline_4  |        0|   0|  100|  642|    0|
    |sparsemux_17_3_1_1_1_U40                 |sparsemux_17_3_1_1_1          |        0|   0|    0|   43|    0|
    |sparsemux_33_4_1_1_1_U41                 |sparsemux_33_4_1_1_1          |        0|   0|    0|   65|    0|
    |sparsemux_33_4_1_1_1_U42                 |sparsemux_33_4_1_1_1          |        0|   0|    0|   65|    0|
    +-----------------------------------------+------------------------------+---------+----+-----+-----+-----+
    |Total                                    |                              |        0|  82|  794| 1718|    0|
    +-----------------------------------------+------------------------------+---------+----+-----+-----+-----+

    * DSP: 
    N/A

    * Memory: 
    +----------------------------------+---------------------------------------------------------------------+---------+----+-----+-----+------+-----+------+-------------+
    |              Memory              |                                Module                               | BRAM_18K| FF | LUT | URAM| Words| Bits| Banks| W*Bits*Banks|
    +----------------------------------+---------------------------------------------------------------------+---------+----+-----+-----+------+-----+------+-------------+
    |fourth_order_double_sin_cos_K0_U  |sin_or_cos_double_s_fourth_order_double_sin_cos_K0_ROM_1P_LUTRAM_1R  |        0|  59|  236|    0|   256|   59|     1|        15104|
    |fourth_order_double_sin_cos_K1_U  |sin_or_cos_double_s_fourth_order_double_sin_cos_K1_ROM_1P_LUTRAM_1R  |        0|  52|  208|    0|   256|   52|     1|        13312|
    |fourth_order_double_sin_cos_K2_U  |sin_or_cos_double_s_fourth_order_double_sin_cos_K2_ROM_1P_LUTRAM_1R  |        0|  44|  176|    0|   256|   44|     1|        11264|
    |fourth_order_double_sin_cos_K3_U  |sin_or_cos_double_s_fourth_order_double_sin_cos_K3_ROM_1P_LUTRAM_1R  |        0|  33|  132|    0|   256|   33|     1|         8448|
    |fourth_order_double_sin_cos_K4_U  |sin_or_cos_double_s_fourth_order_double_sin_cos_K4_ROM_1P_LUTRAM_1R  |        0|  25|  100|    0|   256|   25|     1|         6400|
    |ref_4oPi_table_256_U              |sin_or_cos_double_s_ref_4oPi_table_256_ROM_AUTO_1R                   |        8|   0|    0|    0|    10|  256|     1|         2560|
    +----------------------------------+---------------------------------------------------------------------+---------+----+-----+-----+------+-----+------+-------------+
    |Total                             |                                                                     |        8| 213|  852|    0|  1290|  469|     6|        57088|
    +----------------------------------+---------------------------------------------------------------------+---------+----+-----+-----+------+-----+------+-------------+

    * FIFO: 
    N/A

    * Expression: 
    +---------------------------+----------+----+---+-----+------------+------------+
    |       Variable Name       | Operation| DSP| FF| LUT | Bitwidth P0| Bitwidth P1|
    +---------------------------+----------+----+---+-----+------------+------------+
    |Ex_fu_588_p2               |         +|   0|  0|   18|          11|          11|
    |add_ln37_1_fu_1171_p2      |         +|   0|  0|   64|          64|          64|
    |add_ln37_2_fu_1191_p2      |         +|   0|  0|   64|          64|          64|
    |add_ln37_3_fu_1201_p2      |         +|   0|  0|   64|          64|          64|
    |add_ln37_fu_1161_p2        |         +|   0|  0|   64|          64|          64|
    |add_ln396_fu_487_p2        |         +|   0|  0|   18|          11|          11|
    |add_ln432_fu_1312_p2       |         +|   0|  0|   19|          12|          10|
    |Ex_1_fu_698_p2             |         -|   0|  0|   18|          11|          11|
    |Mx_bits_1_fu_610_p2        |         -|   0|  0|  131|           1|         124|
    |newexp_fu_1322_p2          |         -|   0|  0|   39|          32|          32|
    |sub_ln506_fu_717_p2        |         -|   0|  0|   18|           1|          11|
    |and_ln271_fu_562_p2        |       and|   0|  0|    2|           1|           1|
    |results_sign_2_fu_1056_p2  |       and|   0|  0|    2|           1|           1|
    |results_sign_4_fu_1066_p2  |       and|   0|  0|    2|           1|           1|
    |tmp_5_fu_662_p3            |      cttz|   0|  0|   92|          64|           0|
    |closepath_fu_481_p2        |      icmp|   0|  0|   18|          11|          10|
    |icmp_ln271_1_fu_557_p2     |      icmp|   0|  0|   59|          52|           1|
    |icmp_ln271_fu_552_p2       |      icmp|   0|  0|   18|          11|           1|
    |icmp_ln282_fu_712_p2       |      icmp|   0|  0|   18|          11|           2|
    |icmp_ln433_fu_1291_p2      |      icmp|   0|  0|   70|          63|           1|
    |lshr_ln506_fu_732_p2       |      lshr|   0|  0|  176|          63|          63|
    |or_ln282_fu_1369_p2        |        or|   0|  0|    2|           1|           1|
    |or_ln433_fu_1336_p2        |        or|   0|  0|    2|           1|           1|
    |Ex_3_fu_1296_p3            |    select|   0|  0|   10|           1|           1|
    |Mx_2_fu_1223_p3            |    select|   0|  0|   62|           1|           2|
    |Mx_bits_2_fu_615_p3        |    select|   0|  0|  105|           1|         124|
    |addr_fu_493_p3             |    select|   0|  0|   10|           1|           7|
    |cos_basis_fu_884_p3        |    select|   0|  0|    2|           1|           1|
    |k_1_fu_600_p3              |    select|   0|  0|    3|           1|           1|
    |results_exp_1_fu_1397_p3   |    select|   0|  0|   10|           1|          11|
    |results_exp_fu_1374_p3     |    select|   0|  0|   10|           1|          11|
    |results_sig_1_fu_1404_p3   |    select|   0|  0|   50|           1|           1|
    |results_sig_fu_1389_p3     |    select|   0|  0|   50|           1|          52|
    |results_sign_3_fu_1072_p3  |    select|   0|  0|    2|           1|           1|
    |results_sign_fu_1042_p3    |    select|   0|  0|    2|           1|           1|
    |select_ln259_fu_1355_p3    |    select|   0|  0|   10|           1|          10|
    |select_ln282_2_fu_1382_p3  |    select|   0|  0|    2|           1|           2|
    |select_ln282_fu_1362_p3    |    select|   0|  0|    2|           1|           2|
    |select_ln453_fu_593_p3     |    select|   0|  0|   10|           1|          11|
    |select_ln506_fu_722_p3     |    select|   0|  0|   10|           1|          11|
    |sin_basis_fu_840_p3        |    select|   0|  0|    2|           1|           1|
    |x_fu_742_p3                |    select|   0|  0|   62|           1|          63|
    |shl_ln398_fu_530_p2        |       shl|   0|  0|  950|         256|         256|
    |shl_ln504_fu_682_p2        |       shl|   0|  0|  409|         124|         124|
    |shl_ln506_fu_737_p2        |       shl|   0|  0|  176|          63|          63|
    |xor_ln242_fu_828_p2        |       xor|   0|  0|    2|           1|           2|
    |xor_ln278_fu_1050_p2       |       xor|   0|  0|    2|           1|           2|
    |xor_ln282_fu_1061_p2       |       xor|   0|  0|    2|           1|           2|
    +---------------------------+----------+----+---+-----+------------+------------+
    |Total                      |          |   0|  0| 2933|        1080|        1311|
    +---------------------------+----------+----+---+-----+------------+------------+

    * Multiplexer: 
    +---------------+----+-----------+-----+-----------+
    |      Name     | LUT| Input Size| Bits| Total Bits|
    +---------------+----+-----------+-----+-----------+
    |ap_NS_fsm      |  65|         15|    1|         15|
    |grp_fu_435_p0  |  14|          3|   49|        147|
    |grp_fu_435_p1  |  14|          3|   49|        147|
    +---------------+----+-----------+-----+-----------+
    |Total          |  93|         21|   99|        309|
    +---------------+----+-----------+-----+-----------+

    * Register: 
    +------------------------------------------------------+-----+----+-----+-----------+
    |                         Name                         |  FF | LUT| Bits| Const Bits|
    +------------------------------------------------------+-----+----+-----+-----------+
    |B_reg_1598                                            |   56|   0|   56|          0|
    |B_squared_reg_1608                                    |   49|   0|   49|          0|
    |Ex_1_reg_1572                                         |   11|   0|   11|          0|
    |Mx_bits_reg_1548                                      |  124|   0|  124|          0|
    |Mx_reg_1565                                           |   63|   0|   63|          0|
    |add_ln37_3_reg_1665                                   |   64|   0|   64|          0|
    |and_ln271_reg_1541                                    |    1|   0|    1|          0|
    |ap_CS_fsm                                             |   14|   0|   14|          0|
    |closepath_reg_1515                                    |    1|   0|    1|          0|
    |cos_basis_reg_1654                                    |    1|   0|    1|          0|
    |din_exp_reg_1502                                      |   11|   0|   11|          0|
    |din_sig_reg_1509                                      |   52|   0|   52|          0|
    |din_sign_reg_1496                                     |    1|   0|    1|          0|
    |grp_sin_or_cos_double_Pipeline_1_fu_382_ap_start_reg  |    1|   0|    1|          0|
    |grp_sin_or_cos_double_Pipeline_2_fu_389_ap_start_reg  |    1|   0|    1|          0|
    |grp_sin_or_cos_double_Pipeline_3_fu_400_ap_start_reg  |    1|   0|    1|          0|
    |grp_sin_or_cos_double_Pipeline_4_fu_412_ap_start_reg  |    1|   0|    1|          0|
    |icmp_ln282_reg_1585                                   |    1|   0|    1|          0|
    |icmp_ln433_reg_1717                                   |    1|   0|    1|          0|
    |in_shift_loc_fu_244                                   |   62|   0|   62|          0|
    |k_1_reg_1559                                          |    3|   0|    3|          0|
    |k_reg_1554                                            |    3|   0|    3|          0|
    |out_bits_3_loc_fu_280                                 |   32|   0|   32|          0|
    |out_bits_4_loc_fu_284                                 |   32|   0|   32|          0|
    |out_bits_5_loc_fu_288                                 |   32|   0|   32|          0|
    |out_bits_6_reg_1700                                   |   15|   0|   32|         17|
    |result_reg_1679                                       |   63|   0|   63|          0|
    |results_sign_3_reg_1660                               |    1|   0|    1|          0|
    |shift_1_loc_fu_248                                    |   32|   0|   32|          0|
    |tmp_4_reg_1593                                        |    7|   0|    7|          0|
    |tmp_6_reg_1686                                        |   15|   0|   15|          0|
    |tmp_7_reg_1634                                        |   42|   0|   42|          0|
    |tmp_8_reg_1644                                        |   35|   0|   35|          0|
    |tmp_reg_1579                                          |    1|   0|    1|          0|
    |trunc_ln398_reg_1526                                  |    7|   0|    7|          0|
    |zext_ln25_reg_1603                                    |   49|   0|   98|         49|
    +------------------------------------------------------+-----+----+-----+-----------+
    |Total                                                 |  885|   0|  951|         66|
    +------------------------------------------------------+-----+----+-----+-----------+



================================================================
== Interface
================================================================
* Summary: 
+-----------+-----+-----+------------+--------------------+--------------+
| RTL Ports | Dir | Bits|  Protocol  |    Source Object   |    C Type    |
+-----------+-----+-----+------------+--------------------+--------------+
|ap_clk     |   in|    1|  ap_ctrl_hs|  sin_or_cos<double>|  return value|
|ap_rst     |   in|    1|  ap_ctrl_hs|  sin_or_cos<double>|  return value|
|ap_start   |   in|    1|  ap_ctrl_hs|  sin_or_cos<double>|  return value|
|ap_done    |  out|    1|  ap_ctrl_hs|  sin_or_cos<double>|  return value|
|ap_idle    |  out|    1|  ap_ctrl_hs|  sin_or_cos<double>|  return value|
|ap_ready   |  out|    1|  ap_ctrl_hs|  sin_or_cos<double>|  return value|
|ap_return  |  out|   64|  ap_ctrl_hs|  sin_or_cos<double>|  return value|
|t_in       |   in|   64|     ap_none|                t_in|        scalar|
|do_cos     |   in|    1|     ap_none|              do_cos|        scalar|
+-----------+-----+-----+------------+--------------------+--------------+

============================================================
+ Verbose Summary: Synthesis Manager
============================================================
InlineROM: 1
ExposeGlobal: 0
============================================================
+ Verbose Summary: CDFG Model
============================================================
IsTopModel: 0
ResetActiveHigh: 1
IsCombinational: 2
IsDatapathOnly: 2
HasWiredReturn: 1
HasMFsm: 0
HasVarLatency: 1
IsPipeline: 0
IsRtlPipelined: 0
IsInstanceOverlapped: 0
IsDontTouch: 0
HasImplIP: 0
IsGatedGlobalClock: 0


============================================================
+ Verbose Summary: Schedule
============================================================
* Number of FSM states : 14
* Pipeline : 0
* Dataflow Pipeline: 0

* FSM state transitions: 
1 --> 2 
2 --> 3 
3 --> 4 
4 --> 5 
5 --> 6 
6 --> 7 
7 --> 8 
8 --> 9 
9 --> 10 
10 --> 11 
11 --> 12 
12 --> 13 
13 --> 14 
14 --> 

* FSM state operations: 

State 1 <SV = 0> <Delay = 2.42>
ST_1 : Operation 15 [1/1] (0.00ns)   --->   "%t_in_read = read i64 @_ssdm_op_Read.ap_auto.double, i64 %t_in"   --->   Operation 15 'read' 't_in_read' <Predicate = true> <Delay = 0.00>
ST_1 : Operation 16 [1/1] (0.00ns)   --->   "%in_shift_loc = alloca i64 1"   --->   Operation 16 'alloca' 'in_shift_loc' <Predicate = true> <Delay = 0.00>
ST_1 : Operation 17 [1/1] (0.00ns)   --->   "%shift_1_loc = alloca i64 1"   --->   Operation 17 'alloca' 'shift_1_loc' <Predicate = true> <Delay = 0.00>
ST_1 : Operation 18 [1/1] (0.00ns)   --->   "%c_loc = alloca i64 1"   --->   Operation 18 'alloca' 'c_loc' <Predicate = true> <Delay = 0.00>
ST_1 : Operation 19 [1/1] (0.00ns)   --->   "%c_1_loc = alloca i64 1"   --->   Operation 19 'alloca' 'c_1_loc' <Predicate = true> <Delay = 0.00>
ST_1 : Operation 20 [1/1] (0.00ns)   --->   "%c_2_loc = alloca i64 1"   --->   Operation 20 'alloca' 'c_2_loc' <Predicate = true> <Delay = 0.00>
ST_1 : Operation 21 [1/1] (0.00ns)   --->   "%c_3_loc = alloca i64 1"   --->   Operation 21 'alloca' 'c_3_loc' <Predicate = true> <Delay = 0.00>
ST_1 : Operation 22 [1/1] (0.00ns)   --->   "%out_bits_7_loc = alloca i64 1"   --->   Operation 22 'alloca' 'out_bits_7_loc' <Predicate = true> <Delay = 0.00>
ST_1 : Operation 23 [1/1] (0.00ns)   --->   "%out_bits_8_loc = alloca i64 1"   --->   Operation 23 'alloca' 'out_bits_8_loc' <Predicate = true> <Delay = 0.00>
ST_1 : Operation 24 [1/1] (0.00ns)   --->   "%out_bits_9_loc = alloca i64 1"   --->   Operation 24 'alloca' 'out_bits_9_loc' <Predicate = true> <Delay = 0.00>
ST_1 : Operation 25 [1/1] (0.00ns)   --->   "%out_bits_3_loc = alloca i64 1"   --->   Operation 25 'alloca' 'out_bits_3_loc' <Predicate = true> <Delay = 0.00>
ST_1 : Operation 26 [1/1] (0.00ns)   --->   "%out_bits_4_loc = alloca i64 1"   --->   Operation 26 'alloca' 'out_bits_4_loc' <Predicate = true> <Delay = 0.00>
ST_1 : Operation 27 [1/1] (0.00ns)   --->   "%out_bits_5_loc = alloca i64 1"   --->   Operation 27 'alloca' 'out_bits_5_loc' <Predicate = true> <Delay = 0.00>
ST_1 : Operation 28 [1/1] (0.00ns)   --->   "%data = bitcast i64 %t_in_read" [C:\scratch\2024.1\hls_product\545\2024.1\src\shared\hls\clib/src/hls\utils/x_hls_utils.h:459->C:\scratch\2024.1\hls_product\545\2024.1\src\shared\hls\clib/hlsmath/include/FloatingPoint\hls_hotbm.h:223]   --->   Operation 28 'bitcast' 'data' <Predicate = true> <Delay = 0.00>
ST_1 : Operation 29 [1/1] (0.00ns)   --->   "%din_sign = bitselect i1 @_ssdm_op_BitSelect.i1.i64.i32, i64 %data, i32 63" [C:\scratch\2024.1\hls_product\545\2024.1\src\shared\hls\clib/src/hls\utils/x_hls_utils.h:460->C:\scratch\2024.1\hls_product\545\2024.1\src\shared\hls\clib/hlsmath/include/FloatingPoint\hls_hotbm.h:223]   --->   Operation 29 'bitselect' 'din_sign' <Predicate = true> <Delay = 0.00>
ST_1 : Operation 30 [1/1] (0.00ns)   --->   "%din_exp = partselect i11 @_ssdm_op_PartSelect.i11.i64.i32.i32, i64 %data, i32 52, i32 62" [C:\scratch\2024.1\hls_product\545\2024.1\src\shared\hls\clib/src/hls\utils/x_hls_utils.h:461->C:\scratch\2024.1\hls_product\545\2024.1\src\shared\hls\clib/hlsmath/include/FloatingPoint\hls_hotbm.h:223]   --->   Operation 30 'partselect' 'din_exp' <Predicate = true> <Delay = 0.00>
ST_1 : Operation 31 [1/1] (0.00ns)   --->   "%din_sig = trunc i64 %data" [C:\scratch\2024.1\hls_product\545\2024.1\src\shared\hls\clib/src/hls\utils/x_hls_utils.h:462->C:\scratch\2024.1\hls_product\545\2024.1\src\shared\hls\clib/hlsmath/include/FloatingPoint\hls_hotbm.h:223]   --->   Operation 31 'trunc' 'din_sig' <Predicate = true> <Delay = 0.00>
ST_1 : Operation 32 [1/1] (0.79ns)   --->   "%closepath = icmp_ult  i11 %din_exp, i11 1022" [C:\scratch\2024.1\hls_product\545\2024.1\src\shared\hls\clib/hlsmath/include/FloatingPoint/hls_range_redux.h:451->C:\scratch\2024.1\hls_product\545\2024.1\src\shared\hls\clib/hlsmath/include/FloatingPoint\hls_hotbm.h:239]   --->   Operation 32 'icmp' 'closepath' <Predicate = true> <Delay = 0.79> <CoreInst = "Cmp">   --->   Core 9 'Cmp' <Latency = 0> <II = 1> <Delay = 0.79> <FuncUnit> <Opcode : 'seteq' 'setne' 'setle' 'setge' 'setlt' 'setgt'> <InPorts = 2> <OutPorts = 1>
ST_1 : Operation 33 [1/1] (0.79ns)   --->   "%add_ln396 = add i11 %din_exp, i11 1101" [C:\scratch\2024.1\hls_product\545\2024.1\src\shared\hls\clib/hlsmath/include/FloatingPoint/hls_range_redux.h:396->C:\scratch\2024.1\hls_product\545\2024.1\src\shared\hls\clib/hlsmath/include/FloatingPoint/hls_range_redux.h:467->C:\scratch\2024.1\hls_product\545\2024.1\src\shared\hls\clib/hlsmath/include/FloatingPoint\hls_hotbm.h:239]   --->   Operation 33 'add' 'add_ln396' <Predicate = true> <Delay = 0.79> <CoreInst = "Adder">   --->   Core 1 'Adder' <Latency = 0> <II = 1> <Delay = 0.79> <FuncUnit> <Opcode : 'add' 'sub'> <InPorts = 2> <OutPorts = 1>
ST_1 : Operation 34 [1/1] (0.38ns)   --->   "%addr = select i1 %closepath, i11 74, i11 %add_ln396" [C:\scratch\2024.1\hls_product\545\2024.1\src\shared\hls\clib/hlsmath/include/FloatingPoint/hls_range_redux.h:396->C:\scratch\2024.1\hls_product\545\2024.1\src\shared\hls\clib/hlsmath/include/FloatingPoint/hls_range_redux.h:467->C:\scratch\2024.1\hls_product\545\2024.1\src\shared\hls\clib/hlsmath/include/FloatingPoint\hls_hotbm.h:239]   --->   Operation 34 'select' 'addr' <Predicate = true> <Delay = 0.38> <CoreInst = "Sel">   --->   Core 73 'Sel' <Latency = 0> <II = 1> <Delay = 0.38> <FuncUnit> <Opcode : 'select'> <InPorts = 3> <OutPorts = 1>
ST_1 : Operation 35 [1/1] (0.00ns)   --->   "%tmp_2 = partselect i4 @_ssdm_op_PartSelect.i4.i11.i32.i32, i11 %addr, i32 7, i32 10" [C:\scratch\2024.1\hls_product\545\2024.1\src\shared\hls\clib/hlsmath/include/FloatingPoint/hls_range_redux.h:397->C:\scratch\2024.1\hls_product\545\2024.1\src\shared\hls\clib/hlsmath/include/FloatingPoint/hls_range_redux.h:467->C:\scratch\2024.1\hls_product\545\2024.1\src\shared\hls\clib/hlsmath/include/FloatingPoint\hls_hotbm.h:239]   --->   Operation 35 'partselect' 'tmp_2' <Predicate = true> <Delay = 0.00>
ST_1 : Operation 36 [1/1] (0.00ns)   --->   "%zext_ln397 = zext i4 %tmp_2" [C:\scratch\2024.1\hls_product\545\2024.1\src\shared\hls\clib/hlsmath/include/FloatingPoint/hls_range_redux.h:397->C:\scratch\2024.1\hls_product\545\2024.1\src\shared\hls\clib/hlsmath/include/FloatingPoint/hls_range_redux.h:467->C:\scratch\2024.1\hls_product\545\2024.1\src\shared\hls\clib/hlsmath/include/FloatingPoint\hls_hotbm.h:239]   --->   Operation 36 'zext' 'zext_ln397' <Predicate = true> <Delay = 0.00>
ST_1 : Operation 37 [1/1] (0.00ns)   --->   "%ref_4oPi_table_256_addr = getelementptr i256 %ref_4oPi_table_256, i64 0, i64 %zext_ln397" [C:\scratch\2024.1\hls_product\545\2024.1\src\shared\hls\clib/hlsmath/include/FloatingPoint/hls_range_redux.h:397->C:\scratch\2024.1\hls_product\545\2024.1\src\shared\hls\clib/hlsmath/include/FloatingPoint/hls_range_redux.h:467->C:\scratch\2024.1\hls_product\545\2024.1\src\shared\hls\clib/hlsmath/include/FloatingPoint\hls_hotbm.h:239]   --->   Operation 37 'getelementptr' 'ref_4oPi_table_256_addr' <Predicate = true> <Delay = 0.00>
ST_1 : Operation 38 [2/2] (1.23ns)   --->   "%table_256 = load i4 %ref_4oPi_table_256_addr" [C:\scratch\2024.1\hls_product\545\2024.1\src\shared\hls\clib/hlsmath/include/FloatingPoint/hls_range_redux.h:397->C:\scratch\2024.1\hls_product\545\2024.1\src\shared\hls\clib/hlsmath/include/FloatingPoint/hls_range_redux.h:467->C:\scratch\2024.1\hls_product\545\2024.1\src\shared\hls\clib/hlsmath/include/FloatingPoint\hls_hotbm.h:239]   --->   Operation 38 'load' 'table_256' <Predicate = true> <Delay = 1.23> <CoreInst = "ROM">   --->   Core 100 'ROM' <Latency = 1> <II = 1> <Delay = 1.23> <Storage> <Opcode : 'load'> <Ports = 0> <Width = 256> <Depth = 10> <ROM>
ST_1 : Operation 39 [1/1] (0.00ns)   --->   "%trunc_ln398 = trunc i11 %addr" [C:\scratch\2024.1\hls_product\545\2024.1\src\shared\hls\clib/hlsmath/include/FloatingPoint/hls_range_redux.h:398->C:\scratch\2024.1\hls_product\545\2024.1\src\shared\hls\clib/hlsmath/include/FloatingPoint/hls_range_redux.h:467->C:\scratch\2024.1\hls_product\545\2024.1\src\shared\hls\clib/hlsmath/include/FloatingPoint\hls_hotbm.h:239]   --->   Operation 39 'trunc' 'trunc_ln398' <Predicate = true> <Delay = 0.00>
ST_1 : Operation 40 [2/2] (0.00ns)   --->   "%call_ln0 = call void @sin_or_cos<double>_Pipeline_1, i32 %out_bits_5_loc, i32 %out_bits_4_loc, i32 %out_bits_3_loc"   --->   Operation 40 'call' 'call_ln0' <Predicate = true> <Delay = 0.00> <CoreType = "Generic">   --->   Core 0 '' <Latency = 0> <II = 1> <Delay = 1.00> <Generic> <Opcode : >

State 2 <SV = 1> <Delay = 6.45>
ST_2 : Operation 41 [1/1] (0.00ns)   --->   "%X = bitconcatenate i53 @_ssdm_op_BitConcatenate.i53.i1.i52, i1 1, i52 %din_sig" [C:\scratch\2024.1\hls_product\545\2024.1\src\shared\hls\clib/hlsmath/include/FloatingPoint/hls_range_redux.h:468->C:\scratch\2024.1\hls_product\545\2024.1\src\shared\hls\clib/hlsmath/include/FloatingPoint\hls_hotbm.h:239]   --->   Operation 41 'bitconcatenate' 'X' <Predicate = true> <Delay = 0.00>
ST_2 : Operation 42 [1/2] (1.23ns)   --->   "%table_256 = load i4 %ref_4oPi_table_256_addr" [C:\scratch\2024.1\hls_product\545\2024.1\src\shared\hls\clib/hlsmath/include/FloatingPoint/hls_range_redux.h:397->C:\scratch\2024.1\hls_product\545\2024.1\src\shared\hls\clib/hlsmath/include/FloatingPoint/hls_range_redux.h:467->C:\scratch\2024.1\hls_product\545\2024.1\src\shared\hls\clib/hlsmath/include/FloatingPoint\hls_hotbm.h:239]   --->   Operation 42 'load' 'table_256' <Predicate = true> <Delay = 1.23> <CoreInst = "ROM">   --->   Core 100 'ROM' <Latency = 1> <II = 1> <Delay = 1.23> <Storage> <Opcode : 'load'> <Ports = 0> <Width = 256> <Depth = 10> <ROM>
ST_2 : Operation 43 [1/1] (0.00ns)   --->   "%zext_ln398 = zext i7 %trunc_ln398" [C:\scratch\2024.1\hls_product\545\2024.1\src\shared\hls\clib/hlsmath/include/FloatingPoint/hls_range_redux.h:398->C:\scratch\2024.1\hls_product\545\2024.1\src\shared\hls\clib/hlsmath/include/FloatingPoint/hls_range_redux.h:467->C:\scratch\2024.1\hls_product\545\2024.1\src\shared\hls\clib/hlsmath/include/FloatingPoint\hls_hotbm.h:239]   --->   Operation 43 'zext' 'zext_ln398' <Predicate = true> <Delay = 0.00>
ST_2 : Operation 44 [1/1] (1.53ns)   --->   "%shl_ln398 = shl i256 %table_256, i256 %zext_ln398" [C:\scratch\2024.1\hls_product\545\2024.1\src\shared\hls\clib/hlsmath/include/FloatingPoint/hls_range_redux.h:398->C:\scratch\2024.1\hls_product\545\2024.1\src\shared\hls\clib/hlsmath/include/FloatingPoint/hls_range_redux.h:467->C:\scratch\2024.1\hls_product\545\2024.1\src\shared\hls\clib/hlsmath/include/FloatingPoint\hls_hotbm.h:239]   --->   Operation 44 'shl' 'shl_ln398' <Predicate = true> <Delay = 1.53> <CoreInst = "Shifter">   --->   Core 75 'Shifter' <Latency = 0> <II = 1> <Delay = 1.53> <FuncUnit> <Opcode : 'shl' 'lshr' 'ashr'> <InPorts = 2> <OutPorts = 1>
ST_2 : Operation 45 [1/1] (0.00ns)   --->   "%Med = partselect i170 @_ssdm_op_PartSelect.i170.i256.i32.i32, i256 %shl_ln398, i32 86, i32 255" [C:\scratch\2024.1\hls_product\545\2024.1\src\shared\hls\clib/hlsmath/include/FloatingPoint/hls_range_redux.h:398->C:\scratch\2024.1\hls_product\545\2024.1\src\shared\hls\clib/hlsmath/include/FloatingPoint/hls_range_redux.h:467->C:\scratch\2024.1\hls_product\545\2024.1\src\shared\hls\clib/hlsmath/include/FloatingPoint\hls_hotbm.h:239]   --->   Operation 45 'partselect' 'Med' <Predicate = true> <Delay = 0.00>
ST_2 : Operation 46 [1/1] (0.00ns)   --->   "%zext_ln468 = zext i53 %X" [C:\scratch\2024.1\hls_product\545\2024.1\src\shared\hls\clib/hlsmath/include/FloatingPoint/hls_range_redux.h:468->C:\scratch\2024.1\hls_product\545\2024.1\src\shared\hls\clib/hlsmath/include/FloatingPoint\hls_hotbm.h:239]   --->   Operation 46 'zext' 'zext_ln468' <Predicate = true> <Delay = 0.00>
ST_2 : Operation 47 [2/2] (3.68ns)   --->   "%h = mul i170 %Med, i170 %zext_ln468" [C:\scratch\2024.1\hls_product\545\2024.1\src\shared\hls\clib/hlsmath/include/FloatingPoint/hls_range_redux.h:468->C:\scratch\2024.1\hls_product\545\2024.1\src\shared\hls\clib/hlsmath/include/FloatingPoint\hls_hotbm.h:239]   --->   Operation 47 'mul' 'h' <Predicate = true> <Delay = 3.68> <CoreInst = "Multiplier">   --->   Core 3 'Multiplier' <Latency = 1> <II = 1> <Delay = 3.68> <FuncUnit> <Opcode : 'mul'> <InPorts = 2> <OutPorts = 1>
ST_2 : Operation 48 [1/2] (1.42ns)   --->   "%call_ln0 = call void @sin_or_cos<double>_Pipeline_1, i32 %out_bits_5_loc, i32 %out_bits_4_loc, i32 %out_bits_3_loc"   --->   Operation 48 'call' 'call_ln0' <Predicate = true> <Delay = 1.42> <CoreType = "Generic">   --->   Core 0 '' <Latency = 0> <II = 1> <Delay = 1.00> <Generic> <Opcode : >
ST_2 : Operation 49 [1/1] (0.79ns)   --->   "%icmp_ln271 = icmp_eq  i11 %din_exp, i11 0" [C:\scratch\2024.1\hls_product\545\2024.1\src\shared\hls\clib/hlsmath/include/FloatingPoint\hls_hotbm.h:271]   --->   Operation 49 'icmp' 'icmp_ln271' <Predicate = true> <Delay = 0.79> <CoreInst = "Cmp">   --->   Core 9 'Cmp' <Latency = 0> <II = 1> <Delay = 0.79> <FuncUnit> <Opcode : 'seteq' 'setne' 'setle' 'setge' 'setlt' 'setgt'> <InPorts = 2> <OutPorts = 1>
ST_2 : Operation 50 [1/1] (1.10ns)   --->   "%icmp_ln271_1 = icmp_eq  i52 %din_sig, i52 0" [C:\scratch\2024.1\hls_product\545\2024.1\src\shared\hls\clib/hlsmath/include/FloatingPoint\hls_hotbm.h:271]   --->   Operation 50 'icmp' 'icmp_ln271_1' <Predicate = true> <Delay = 1.10> <CoreInst = "Cmp">   --->   Core 9 'Cmp' <Latency = 0> <II = 1> <Delay = 1.10> <FuncUnit> <Opcode : 'seteq' 'setne' 'setle' 'setge' 'setlt' 'setgt'> <InPorts = 2> <OutPorts = 1>
ST_2 : Operation 51 [1/1] (0.28ns)   --->   "%and_ln271 = and i1 %icmp_ln271, i1 %icmp_ln271_1" [C:\scratch\2024.1\hls_product\545\2024.1\src\shared\hls\clib/hlsmath/include/FloatingPoint\hls_hotbm.h:271]   --->   Operation 51 'and' 'and_ln271' <Predicate = true> <Delay = 0.28> <CoreInst = "LogicGate">   --->   Core 74 'LogicGate' <Latency = 0> <II = 1> <Delay = 0.28> <FuncUnit> <Opcode : 'and' 'or' 'xor'> <InPorts = 2> <OutPorts = 1>

State 3 <SV = 2> <Delay = 3.68>
ST_3 : Operation 52 [1/2] (3.68ns)   --->   "%h = mul i170 %Med, i170 %zext_ln468" [C:\scratch\2024.1\hls_product\545\2024.1\src\shared\hls\clib/hlsmath/include/FloatingPoint/hls_range_redux.h:468->C:\scratch\2024.1\hls_product\545\2024.1\src\shared\hls\clib/hlsmath/include/FloatingPoint\hls_hotbm.h:239]   --->   Operation 52 'mul' 'h' <Predicate = true> <Delay = 3.68> <CoreInst = "Multiplier">   --->   Core 3 'Multiplier' <Latency = 1> <II = 1> <Delay = 3.68> <FuncUnit> <Opcode : 'mul'> <InPorts = 2> <OutPorts = 1>
ST_3 : Operation 53 [1/1] (0.00ns)   --->   "%Mx_bits = partselect i124 @_ssdm_op_PartSelect.i124.i170.i32.i32, i170 %h, i32 43, i32 166" [C:\scratch\2024.1\hls_product\545\2024.1\src\shared\hls\clib/hlsmath/include/FloatingPoint/hls_range_redux.h:483->C:\scratch\2024.1\hls_product\545\2024.1\src\shared\hls\clib/hlsmath/include/FloatingPoint\hls_hotbm.h:239]   --->   Operation 53 'partselect' 'Mx_bits' <Predicate = true> <Delay = 0.00>
ST_3 : Operation 54 [1/1] (0.00ns)   --->   "%k = partselect i3 @_ssdm_op_PartSelect.i3.i170.i32.i32, i170 %h, i32 167, i32 169" [C:\scratch\2024.1\hls_product\545\2024.1\src\shared\hls\clib/hlsmath/include/FloatingPoint/hls_range_redux.h:487->C:\scratch\2024.1\hls_product\545\2024.1\src\shared\hls\clib/hlsmath/include/FloatingPoint\hls_hotbm.h:239]   --->   Operation 54 'partselect' 'k' <Predicate = (!closepath)> <Delay = 0.00>

State 4 <SV = 3> <Delay = 4.32>
ST_4 : Operation 55 [1/1] (0.79ns)   --->   "%Ex = add i11 %din_exp, i11 1027" [C:\scratch\2024.1\hls_product\545\2024.1\src\shared\hls\clib/hlsmath/include/FloatingPoint/hls_range_redux.h:454->C:\scratch\2024.1\hls_product\545\2024.1\src\shared\hls\clib/hlsmath/include/FloatingPoint\hls_hotbm.h:239]   --->   Operation 55 'add' 'Ex' <Predicate = (closepath)> <Delay = 0.79> <CoreInst = "Adder">   --->   Core 1 'Adder' <Latency = 0> <II = 1> <Delay = 0.79> <FuncUnit> <Opcode : 'add' 'sub'> <InPorts = 2> <OutPorts = 1>
ST_4 : Operation 56 [1/1] (0.00ns) (grouped into LUT with out node Ex_1)   --->   "%select_ln453 = select i1 %closepath, i11 %Ex, i11 0" [C:\scratch\2024.1\hls_product\545\2024.1\src\shared\hls\clib/hlsmath/include/FloatingPoint/hls_range_redux.h:453->C:\scratch\2024.1\hls_product\545\2024.1\src\shared\hls\clib/hlsmath/include/FloatingPoint\hls_hotbm.h:239]   --->   Operation 56 'select' 'select_ln453' <Predicate = true> <Delay = 0.00> <CoreInst = "Sel">   --->   Core 73 'Sel' <Latency = 0> <II = 1> <Delay = 0.38> <FuncUnit> <Opcode : 'select'> <InPorts = 3> <OutPorts = 1>
ST_4 : Operation 57 [1/1] (0.20ns)   --->   "%k_1 = select i1 %closepath, i3 0, i3 %k" [C:\scratch\2024.1\hls_product\545\2024.1\src\shared\hls\clib/hlsmath/include/FloatingPoint/hls_range_redux.h:451->C:\scratch\2024.1\hls_product\545\2024.1\src\shared\hls\clib/hlsmath/include/FloatingPoint\hls_hotbm.h:239]   --->   Operation 57 'select' 'k_1' <Predicate = true> <Delay = 0.20> <CoreInst = "Sel">   --->   Core 73 'Sel' <Latency = 0> <II = 1> <Delay = 0.20> <FuncUnit> <Opcode : 'select'> <InPorts = 3> <OutPorts = 1>
ST_4 : Operation 58 [1/1] (0.00ns)   --->   "%trunc_ln491 = trunc i3 %k_1" [C:\scratch\2024.1\hls_product\545\2024.1\src\shared\hls\clib/hlsmath/include/FloatingPoint/hls_range_redux.h:491->C:\scratch\2024.1\hls_product\545\2024.1\src\shared\hls\clib/hlsmath/include/FloatingPoint\hls_hotbm.h:239]   --->   Operation 58 'trunc' 'trunc_ln491' <Predicate = true> <Delay = 0.00>
ST_4 : Operation 59 [1/1] (1.54ns)   --->   "%Mx_bits_1 = sub i124 0, i124 %Mx_bits" [C:\scratch\2024.1\hls_product\545\2024.1\src\shared\hls\clib/hlsmath/include/FloatingPoint/hls_range_redux.h:492->C:\scratch\2024.1\hls_product\545\2024.1\src\shared\hls\clib/hlsmath/include/FloatingPoint\hls_hotbm.h:239]   --->   Operation 59 'sub' 'Mx_bits_1' <Predicate = true> <Delay = 1.54> <CoreInst = "Adder">   --->   Core 1 'Adder' <Latency = 0> <II = 1> <Delay = 1.54> <FuncUnit> <Opcode : 'add' 'sub'> <InPorts = 2> <OutPorts = 1>
ST_4 : Operation 60 [1/1] (0.51ns)   --->   "%Mx_bits_2 = select i1 %trunc_ln491, i124 %Mx_bits_1, i124 %Mx_bits" [C:\scratch\2024.1\hls_product\545\2024.1\src\shared\hls\clib/hlsmath/include/FloatingPoint/hls_range_redux.h:491->C:\scratch\2024.1\hls_product\545\2024.1\src\shared\hls\clib/hlsmath/include/FloatingPoint\hls_hotbm.h:239]   --->   Operation 60 'select' 'Mx_bits_2' <Predicate = true> <Delay = 0.51> <CoreInst = "Sel">   --->   Core 73 'Sel' <Latency = 0> <II = 1> <Delay = 0.51> <FuncUnit> <Opcode : 'select'> <InPorts = 3> <OutPorts = 1>
ST_4 : Operation 61 [1/1] (0.00ns)   --->   "%tmp_3 = partselect i61 @_ssdm_op_PartSelect.i61.i124.i32.i32, i124 %Mx_bits_2, i32 63, i32 123" [C:\scratch\2024.1\hls_product\545\2024.1\src\shared\hls\clib/hlsmath/include/FloatingPoint/hls_normalize.h:72->C:\scratch\2024.1\hls_product\545\2024.1\src\shared\hls\clib/hlsmath/include/FloatingPoint/hls_range_redux.h:495->C:\scratch\2024.1\hls_product\545\2024.1\src\shared\hls\clib/hlsmath/include/FloatingPoint\hls_hotbm.h:239]   --->   Operation 61 'partselect' 'tmp_3' <Predicate = true> <Delay = 0.00>
ST_4 : Operation 62 [1/1] (0.00ns)   --->   "%t = bitconcatenate i62 @_ssdm_op_BitConcatenate.i62.i61.i1, i61 %tmp_3, i1 1" [C:\scratch\2024.1\hls_product\545\2024.1\src\shared\hls\clib/hlsmath/include/FloatingPoint/hls_normalize.h:73->C:\scratch\2024.1\hls_product\545\2024.1\src\shared\hls\clib/hlsmath/include/FloatingPoint/hls_range_redux.h:495->C:\scratch\2024.1\hls_product\545\2024.1\src\shared\hls\clib/hlsmath/include/FloatingPoint\hls_hotbm.h:239]   --->   Operation 62 'bitconcatenate' 't' <Predicate = true> <Delay = 0.00>
ST_4 : Operation 63 [1/1] (0.00ns)   --->   "%tmp_s = partselect i62 @llvm.part.select.i62, i62 %t, i32 61, i32 0" [C:\scratch\2024.1\hls_product\545\2024.1\src\shared\hls\clib/hlsmath/include/FloatingPoint/hls_normalize.h:75->C:\scratch\2024.1\hls_product\545\2024.1\src\shared\hls\clib/hlsmath/include/FloatingPoint/hls_range_redux.h:495->C:\scratch\2024.1\hls_product\545\2024.1\src\shared\hls\clib/hlsmath/include/FloatingPoint\hls_hotbm.h:239]   --->   Operation 63 'partselect' 'tmp_s' <Predicate = true> <Delay = 0.00>
ST_4 : Operation 64 [1/1] (0.00ns)   --->   "%tmp_1 = bitconcatenate i63 @_ssdm_op_BitConcatenate.i63.i1.i62, i1 1, i62 %tmp_s" [C:\scratch\2024.1\hls_product\545\2024.1\src\shared\hls\clib/hlsmath/include/FloatingPoint/hls_normalize.h:75->C:\scratch\2024.1\hls_product\545\2024.1\src\shared\hls\clib/hlsmath/include/FloatingPoint/hls_range_redux.h:495->C:\scratch\2024.1\hls_product\545\2024.1\src\shared\hls\clib/hlsmath/include/FloatingPoint\hls_hotbm.h:239]   --->   Operation 64 'bitconcatenate' 'tmp_1' <Predicate = true> <Delay = 0.00>
ST_4 : Operation 65 [1/1] (0.00ns)   --->   "%sext_ln75 = sext i63 %tmp_1" [C:\scratch\2024.1\hls_product\545\2024.1\src\shared\hls\clib/hlsmath/include/FloatingPoint/hls_normalize.h:75->C:\scratch\2024.1\hls_product\545\2024.1\src\shared\hls\clib/hlsmath/include/FloatingPoint/hls_range_redux.h:495->C:\scratch\2024.1\hls_product\545\2024.1\src\shared\hls\clib/hlsmath/include/FloatingPoint\hls_hotbm.h:239]   --->   Operation 65 'sext' 'sext_ln75' <Predicate = true> <Delay = 0.00>
ST_4 : Operation 66 [1/1] (0.74ns)   --->   "%tmp_5 = cttz i64 @llvm.cttz.i64, i64 %sext_ln75, i1 1" [C:\scratch\2024.1\hls_product\545\2024.1\src\shared\hls\clib/hlsmath/include/FloatingPoint/hls_normalize.h:75->C:\scratch\2024.1\hls_product\545\2024.1\src\shared\hls\clib/hlsmath/include/FloatingPoint/hls_range_redux.h:495->C:\scratch\2024.1\hls_product\545\2024.1\src\shared\hls\clib/hlsmath/include/FloatingPoint\hls_hotbm.h:239]   --->   Operation 66 'cttz' 'tmp_5' <Predicate = true> <Delay = 0.74> <CoreInst = "cttz">   --->   Core 145 'cttz' <Latency = 0> <II = 1> <Delay = 0.75> <FuncUnit> <Opcode : 'cttz'> <InPorts = 1> <OutPorts = 1>
ST_4 : Operation 67 [1/1] (0.00ns)   --->   "%Mx_zeros = trunc i64 %tmp_5" [C:\scratch\2024.1\hls_product\545\2024.1\src\shared\hls\clib/hlsmath/include/FloatingPoint/hls_range_redux.h:495->C:\scratch\2024.1\hls_product\545\2024.1\src\shared\hls\clib/hlsmath/include/FloatingPoint\hls_hotbm.h:239]   --->   Operation 67 'trunc' 'Mx_zeros' <Predicate = true> <Delay = 0.00>
ST_4 : Operation 68 [1/1] (0.00ns) (grouped into LUT with out node Ex_1)   --->   "%zext_ln505 = zext i7 %Mx_zeros" [C:\scratch\2024.1\hls_product\545\2024.1\src\shared\hls\clib/hlsmath/include/FloatingPoint/hls_range_redux.h:505->C:\scratch\2024.1\hls_product\545\2024.1\src\shared\hls\clib/hlsmath/include/FloatingPoint\hls_hotbm.h:239]   --->   Operation 68 'zext' 'zext_ln505' <Predicate = true> <Delay = 0.00>
ST_4 : Operation 69 [1/1] (0.00ns)   --->   "%zext_ln504 = zext i7 %Mx_zeros" [C:\scratch\2024.1\hls_product\545\2024.1\src\shared\hls\clib/hlsmath/include/FloatingPoint/hls_range_redux.h:504->C:\scratch\2024.1\hls_product\545\2024.1\src\shared\hls\clib/hlsmath/include/FloatingPoint\hls_hotbm.h:239]   --->   Operation 69 'zext' 'zext_ln504' <Predicate = true> <Delay = 0.00>
ST_4 : Operation 70 [1/1] (1.51ns)   --->   "%shl_ln504 = shl i124 %Mx_bits_2, i124 %zext_ln504" [C:\scratch\2024.1\hls_product\545\2024.1\src\shared\hls\clib/hlsmath/include/FloatingPoint/hls_range_redux.h:504->C:\scratch\2024.1\hls_product\545\2024.1\src\shared\hls\clib/hlsmath/include/FloatingPoint\hls_hotbm.h:239]   --->   Operation 70 'shl' 'shl_ln504' <Predicate = true> <Delay = 1.51> <CoreInst = "Shifter">   --->   Core 75 'Shifter' <Latency = 0> <II = 1> <Delay = 1.51> <FuncUnit> <Opcode : 'shl' 'lshr' 'ashr'> <InPorts = 2> <OutPorts = 1>
ST_4 : Operation 71 [1/1] (0.00ns)   --->   "%Mx = partselect i63 @_ssdm_op_PartSelect.i63.i124.i32.i32, i124 %shl_ln504, i32 61, i32 123" [C:\scratch\2024.1\hls_product\545\2024.1\src\shared\hls\clib/hlsmath/include/FloatingPoint/hls_range_redux.h:504->C:\scratch\2024.1\hls_product\545\2024.1\src\shared\hls\clib/hlsmath/include/FloatingPoint\hls_hotbm.h:239]   --->   Operation 71 'partselect' 'Mx' <Predicate = true> <Delay = 0.00>
ST_4 : Operation 72 [1/1] (0.79ns) (out node of the LUT)   --->   "%Ex_1 = sub i11 %select_ln453, i11 %zext_ln505" [C:\scratch\2024.1\hls_product\545\2024.1\src\shared\hls\clib/hlsmath/include/FloatingPoint/hls_range_redux.h:505->C:\scratch\2024.1\hls_product\545\2024.1\src\shared\hls\clib/hlsmath/include/FloatingPoint\hls_hotbm.h:239]   --->   Operation 72 'sub' 'Ex_1' <Predicate = true> <Delay = 0.79> <CoreInst = "Adder">   --->   Core 1 'Adder' <Latency = 0> <II = 1> <Delay = 0.79> <FuncUnit> <Opcode : 'add' 'sub'> <InPorts = 2> <OutPorts = 1>
ST_4 : Operation 73 [1/1] (0.00ns)   --->   "%tmp = bitselect i1 @_ssdm_op_BitSelect.i1.i11.i32, i11 %Ex_1, i32 10" [C:\scratch\2024.1\hls_product\545\2024.1\src\shared\hls\clib/hlsmath/include/FloatingPoint/hls_range_redux.h:506->C:\scratch\2024.1\hls_product\545\2024.1\src\shared\hls\clib/hlsmath/include/FloatingPoint\hls_hotbm.h:239]   --->   Operation 73 'bitselect' 'tmp' <Predicate = true> <Delay = 0.00>
ST_4 : Operation 74 [1/1] (0.79ns)   --->   "%icmp_ln282 = icmp_eq  i11 %din_exp, i11 2047" [C:\scratch\2024.1\hls_product\545\2024.1\src\shared\hls\clib/hlsmath/include/FloatingPoint\hls_hotbm.h:282]   --->   Operation 74 'icmp' 'icmp_ln282' <Predicate = true> <Delay = 0.79> <CoreInst = "Cmp">   --->   Core 9 'Cmp' <Latency = 0> <II = 1> <Delay = 0.79> <FuncUnit> <Opcode : 'seteq' 'setne' 'setle' 'setge' 'setlt' 'setgt'> <InPorts = 2> <OutPorts = 1>

State 5 <SV = 4> <Delay = 7.03>
ST_5 : Operation 75 [1/1] (0.79ns)   --->   "%sub_ln506 = sub i11 0, i11 %Ex_1" [C:\scratch\2024.1\hls_product\545\2024.1\src\shared\hls\clib/hlsmath/include/FloatingPoint/hls_range_redux.h:506->C:\scratch\2024.1\hls_product\545\2024.1\src\shared\hls\clib/hlsmath/include/FloatingPoint\hls_hotbm.h:239]   --->   Operation 75 'sub' 'sub_ln506' <Predicate = (tmp)> <Delay = 0.79> <CoreInst = "Adder">   --->   Core 1 'Adder' <Latency = 0> <II = 1> <Delay = 0.79> <FuncUnit> <Opcode : 'add' 'sub'> <InPorts = 2> <OutPorts = 1>
ST_5 : Operation 76 [1/1] (0.38ns)   --->   "%select_ln506 = select i1 %tmp, i11 %sub_ln506, i11 %Ex_1" [C:\scratch\2024.1\hls_product\545\2024.1\src\shared\hls\clib/hlsmath/include/FloatingPoint/hls_range_redux.h:506->C:\scratch\2024.1\hls_product\545\2024.1\src\shared\hls\clib/hlsmath/include/FloatingPoint\hls_hotbm.h:239]   --->   Operation 76 'select' 'select_ln506' <Predicate = true> <Delay = 0.38> <CoreInst = "Sel">   --->   Core 73 'Sel' <Latency = 0> <II = 1> <Delay = 0.38> <FuncUnit> <Opcode : 'select'> <InPorts = 3> <OutPorts = 1>
ST_5 : Operation 77 [1/1] (0.00ns)   --->   "%zext_ln506 = zext i11 %select_ln506" [C:\scratch\2024.1\hls_product\545\2024.1\src\shared\hls\clib/hlsmath/include/FloatingPoint/hls_range_redux.h:506->C:\scratch\2024.1\hls_product\545\2024.1\src\shared\hls\clib/hlsmath/include/FloatingPoint\hls_hotbm.h:239]   --->   Operation 77 'zext' 'zext_ln506' <Predicate = true> <Delay = 0.00>
ST_5 : Operation 78 [1/1] (1.53ns)   --->   "%lshr_ln506 = lshr i63 %Mx, i63 %zext_ln506" [C:\scratch\2024.1\hls_product\545\2024.1\src\shared\hls\clib/hlsmath/include/FloatingPoint/hls_range_redux.h:506->C:\scratch\2024.1\hls_product\545\2024.1\src\shared\hls\clib/hlsmath/include/FloatingPoint\hls_hotbm.h:239]   --->   Operation 78 'lshr' 'lshr_ln506' <Predicate = (tmp)> <Delay = 1.53> <CoreInst = "Shifter">   --->   Core 75 'Shifter' <Latency = 0> <II = 1> <Delay = 1.53> <FuncUnit> <Opcode : 'shl' 'lshr' 'ashr'> <InPorts = 2> <OutPorts = 1>
ST_5 : Operation 79 [1/1] (1.53ns)   --->   "%shl_ln506 = shl i63 %Mx, i63 %zext_ln506" [C:\scratch\2024.1\hls_product\545\2024.1\src\shared\hls\clib/hlsmath/include/FloatingPoint/hls_range_redux.h:506->C:\scratch\2024.1\hls_product\545\2024.1\src\shared\hls\clib/hlsmath/include/FloatingPoint\hls_hotbm.h:239]   --->   Operation 79 'shl' 'shl_ln506' <Predicate = (!tmp)> <Delay = 1.53> <CoreInst = "Shifter">   --->   Core 75 'Shifter' <Latency = 0> <II = 1> <Delay = 1.53> <FuncUnit> <Opcode : 'shl' 'lshr' 'ashr'> <InPorts = 2> <OutPorts = 1>
ST_5 : Operation 80 [1/1] (0.41ns)   --->   "%x = select i1 %tmp, i63 %lshr_ln506, i63 %shl_ln506" [C:\scratch\2024.1\hls_product\545\2024.1\src\shared\hls\clib/hlsmath/include/FloatingPoint/hls_range_redux.h:506->C:\scratch\2024.1\hls_product\545\2024.1\src\shared\hls\clib/hlsmath/include/FloatingPoint\hls_hotbm.h:239]   --->   Operation 80 'select' 'x' <Predicate = true> <Delay = 0.41> <CoreInst = "Sel">   --->   Core 73 'Sel' <Latency = 0> <II = 1> <Delay = 0.41> <FuncUnit> <Opcode : 'select'> <InPorts = 3> <OutPorts = 1>
ST_5 : Operation 81 [1/1] (0.00ns)   --->   "%tmp_4 = partselect i7 @_ssdm_op_PartSelect.i7.i63.i32.i32, i63 %x, i32 56, i32 62" [C:\scratch\2024.1\hls_product\545\2024.1\src\shared\hls\clib\hlsmath\src\common\hls_hotbm_double.cpp:22->C:\scratch\2024.1\hls_product\545\2024.1\src\shared\hls\clib/hlsmath/include/FloatingPoint\hls_hotbm.h:250]   --->   Operation 81 'partselect' 'tmp_4' <Predicate = true> <Delay = 0.00>
ST_5 : Operation 82 [1/1] (0.00ns)   --->   "%B = trunc i63 %x" [C:\scratch\2024.1\hls_product\545\2024.1\src\shared\hls\clib\hlsmath\src\common\hls_hotbm_double.cpp:23->C:\scratch\2024.1\hls_product\545\2024.1\src\shared\hls\clib/hlsmath/include/FloatingPoint\hls_hotbm.h:250]   --->   Operation 82 'trunc' 'B' <Predicate = true> <Delay = 0.00>
ST_5 : Operation 83 [1/1] (0.00ns)   --->   "%B_trunc = partselect i49 @_ssdm_op_PartSelect.i49.i63.i32.i32, i63 %x, i32 7, i32 55" [C:\scratch\2024.1\hls_product\545\2024.1\src\shared\hls\clib\hlsmath\src\common\hls_hotbm_double.cpp:24->C:\scratch\2024.1\hls_product\545\2024.1\src\shared\hls\clib/hlsmath/include/FloatingPoint\hls_hotbm.h:250]   --->   Operation 83 'partselect' 'B_trunc' <Predicate = true> <Delay = 0.00>
ST_5 : Operation 84 [1/1] (0.00ns)   --->   "%zext_ln25 = zext i49 %B_trunc" [C:\scratch\2024.1\hls_product\545\2024.1\src\shared\hls\clib\hlsmath\src\common\hls_hotbm_double.cpp:25->C:\scratch\2024.1\hls_product\545\2024.1\src\shared\hls\clib/hlsmath/include/FloatingPoint\hls_hotbm.h:250]   --->   Operation 84 'zext' 'zext_ln25' <Predicate = true> <Delay = 0.00>
ST_5 : Operation 85 [1/1] (3.90ns)   --->   "%mul_ln25 = mul i98 %zext_ln25, i98 %zext_ln25" [C:\scratch\2024.1\hls_product\545\2024.1\src\shared\hls\clib\hlsmath\src\common\hls_hotbm_double.cpp:25->C:\scratch\2024.1\hls_product\545\2024.1\src\shared\hls\clib/hlsmath/include/FloatingPoint\hls_hotbm.h:250]   --->   Operation 85 'mul' 'mul_ln25' <Predicate = true> <Delay = 3.90> <CoreInst = "Multiplier">   --->   Core 3 'Multiplier' <Latency = 0> <II = 1> <Delay = 3.90> <FuncUnit> <Opcode : 'mul'> <InPorts = 2> <OutPorts = 1>
ST_5 : Operation 86 [1/1] (0.00ns)   --->   "%B_squared = partselect i49 @_ssdm_op_PartSelect.i49.i98.i32.i32, i98 %mul_ln25, i32 49, i32 97" [C:\scratch\2024.1\hls_product\545\2024.1\src\shared\hls\clib\hlsmath\src\common\hls_hotbm_double.cpp:25->C:\scratch\2024.1\hls_product\545\2024.1\src\shared\hls\clib/hlsmath/include/FloatingPoint\hls_hotbm.h:250]   --->   Operation 86 'partselect' 'B_squared' <Predicate = true> <Delay = 0.00>

State 6 <SV = 5> <Delay = 3.90>
ST_6 : Operation 87 [1/1] (0.00ns)   --->   "%do_cos_read = read i1 @_ssdm_op_Read.ap_auto.i1, i1 %do_cos"   --->   Operation 87 'read' 'do_cos_read' <Predicate = true> <Delay = 0.00>
ST_6 : Operation 88 [1/1] (0.72ns)   --->   "%tmp_9 = sparsemux i1 @_ssdm_op_SparseMux.ap_auto.8i1.i1.i3, i3 0, i1 0, i3 1, i1 1, i3 2, i1 1, i3 3, i1 0, i3 4, i1 0, i3 5, i1 1, i3 6, i1 1, i3 7, i1 0, i1 0, i3 %k_1" [C:\scratch\2024.1\hls_product\545\2024.1\src\shared\hls\clib/hlsmath/include/FloatingPoint\hls_hotbm.h:242]   --->   Operation 88 'sparsemux' 'tmp_9' <Predicate = true> <Delay = 0.72> <CoreInst = "SparseMux">   --->   Core 144 'SparseMux' <Latency = 0> <II = 1> <Delay = 0.72> <FuncUnit> <Opcode : 'sparsemux'> <InPorts = 2> <OutPorts = 1>
ST_6 : Operation 89 [1/1] (0.28ns)   --->   "%xor_ln242 = xor i1 %tmp_9, i1 1" [C:\scratch\2024.1\hls_product\545\2024.1\src\shared\hls\clib/hlsmath/include/FloatingPoint\hls_hotbm.h:242]   --->   Operation 89 'xor' 'xor_ln242' <Predicate = true> <Delay = 0.28> <CoreInst = "LogicGate">   --->   Core 74 'LogicGate' <Latency = 0> <II = 1> <Delay = 0.28> <FuncUnit> <Opcode : 'and' 'or' 'xor'> <InPorts = 2> <OutPorts = 1>
ST_6 : Operation 90 [1/1] (0.00ns)   --->   "%zext_ln25_1 = zext i49 %B_squared" [C:\scratch\2024.1\hls_product\545\2024.1\src\shared\hls\clib\hlsmath\src\common\hls_hotbm_double.cpp:25->C:\scratch\2024.1\hls_product\545\2024.1\src\shared\hls\clib/hlsmath/include/FloatingPoint\hls_hotbm.h:250]   --->   Operation 90 'zext' 'zext_ln25_1' <Predicate = true> <Delay = 0.00>
ST_6 : Operation 91 [1/1] (3.90ns)   --->   "%mul_ln26 = mul i98 %zext_ln25_1, i98 %zext_ln25" [C:\scratch\2024.1\hls_product\545\2024.1\src\shared\hls\clib\hlsmath\src\common\hls_hotbm_double.cpp:26->C:\scratch\2024.1\hls_product\545\2024.1\src\shared\hls\clib/hlsmath/include/FloatingPoint\hls_hotbm.h:250]   --->   Operation 91 'mul' 'mul_ln26' <Predicate = true> <Delay = 3.90> <CoreInst = "Multiplier">   --->   Core 3 'Multiplier' <Latency = 0> <II = 1> <Delay = 3.90> <FuncUnit> <Opcode : 'mul'> <InPorts = 2> <OutPorts = 1>
ST_6 : Operation 92 [1/1] (3.90ns)   --->   "%mul_ln27 = mul i98 %zext_ln25_1, i98 %zext_ln25_1" [C:\scratch\2024.1\hls_product\545\2024.1\src\shared\hls\clib\hlsmath\src\common\hls_hotbm_double.cpp:27->C:\scratch\2024.1\hls_product\545\2024.1\src\shared\hls\clib/hlsmath/include/FloatingPoint\hls_hotbm.h:250]   --->   Operation 92 'mul' 'mul_ln27' <Predicate = true> <Delay = 3.90> <CoreInst = "Multiplier">   --->   Core 3 'Multiplier' <Latency = 0> <II = 1> <Delay = 3.90> <FuncUnit> <Opcode : 'mul'> <InPorts = 2> <OutPorts = 1>
ST_6 : Operation 93 [1/1] (0.17ns)   --->   "%sin_basis = select i1 %do_cos_read, i1 %tmp_9, i1 %xor_ln242" [C:\scratch\2024.1\hls_product\545\2024.1\src\shared\hls\clib\hlsmath\src\common\hls_hotbm_double.cpp:29->C:\scratch\2024.1\hls_product\545\2024.1\src\shared\hls\clib/hlsmath/include/FloatingPoint\hls_hotbm.h:250]   --->   Operation 93 'select' 'sin_basis' <Predicate = true> <Delay = 0.17> <CoreInst = "Sel">   --->   Core 73 'Sel' <Latency = 0> <II = 1> <Delay = 0.17> <FuncUnit> <Opcode : 'select'> <InPorts = 3> <OutPorts = 1>
ST_6 : Operation 94 [1/1] (0.00ns)   --->   "%A = bitconcatenate i8 @_ssdm_op_BitConcatenate.i8.i1.i7, i1 %sin_basis, i7 %tmp_4" [C:\scratch\2024.1\hls_product\545\2024.1\src\shared\hls\clib\hlsmath\src\common\hls_hotbm_double.cpp:30->C:\scratch\2024.1\hls_product\545\2024.1\src\shared\hls\clib/hlsmath/include/FloatingPoint\hls_hotbm.h:250]   --->   Operation 94 'bitconcatenate' 'A' <Predicate = true> <Delay = 0.00>
ST_6 : Operation 95 [1/1] (0.00ns)   --->   "%zext_ln32 = zext i8 %A" [C:\scratch\2024.1\hls_product\545\2024.1\src\shared\hls\clib\hlsmath\src\common\hls_hotbm_double.cpp:32->C:\scratch\2024.1\hls_product\545\2024.1\src\shared\hls\clib/hlsmath/include/FloatingPoint\hls_hotbm.h:250]   --->   Operation 95 'zext' 'zext_ln32' <Predicate = true> <Delay = 0.00>
ST_6 : Operation 96 [1/1] (0.00ns)   --->   "%fourth_order_double_sin_cos_K0_addr = getelementptr i59 %fourth_order_double_sin_cos_K0, i64 0, i64 %zext_ln32" [C:\scratch\2024.1\hls_product\545\2024.1\src\shared\hls\clib\hlsmath\src\common\hls_hotbm_double.cpp:32->C:\scratch\2024.1\hls_product\545\2024.1\src\shared\hls\clib/hlsmath/include/FloatingPoint\hls_hotbm.h:250]   --->   Operation 96 'getelementptr' 'fourth_order_double_sin_cos_K0_addr' <Predicate = true> <Delay = 0.00>
ST_6 : Operation 97 [2/2] (0.67ns)   --->   "%t1 = load i8 %fourth_order_double_sin_cos_K0_addr" [C:\scratch\2024.1\hls_product\545\2024.1\src\shared\hls\clib\hlsmath\src\common\hls_hotbm_double.cpp:32->C:\scratch\2024.1\hls_product\545\2024.1\src\shared\hls\clib/hlsmath/include/FloatingPoint\hls_hotbm.h:250]   --->   Operation 97 'load' 't1' <Predicate = true> <Delay = 0.67> <CoreInst = "ROM_1P_LUTRAM">   --->   Core 102 'ROM_1P_LUTRAM' <Latency = 1> <II = 1> <Delay = 0.67> <Storage> <Opcode : 'load'> <Ports = 1> <Width = 59> <Depth = 256> <ROM>
ST_6 : Operation 98 [1/1] (0.00ns)   --->   "%fourth_order_double_sin_cos_K1_addr = getelementptr i52 %fourth_order_double_sin_cos_K1, i64 0, i64 %zext_ln32" [C:\scratch\2024.1\hls_product\545\2024.1\src\shared\hls\clib\hlsmath\src\common\hls_hotbm_double.cpp:33->C:\scratch\2024.1\hls_product\545\2024.1\src\shared\hls\clib/hlsmath/include/FloatingPoint\hls_hotbm.h:250]   --->   Operation 98 'getelementptr' 'fourth_order_double_sin_cos_K1_addr' <Predicate = true> <Delay = 0.00>
ST_6 : Operation 99 [2/2] (0.67ns)   --->   "%fourth_order_double_sin_cos_K1_load = load i8 %fourth_order_double_sin_cos_K1_addr" [C:\scratch\2024.1\hls_product\545\2024.1\src\shared\hls\clib\hlsmath\src\common\hls_hotbm_double.cpp:33->C:\scratch\2024.1\hls_product\545\2024.1\src\shared\hls\clib/hlsmath/include/FloatingPoint\hls_hotbm.h:250]   --->   Operation 99 'load' 'fourth_order_double_sin_cos_K1_load' <Predicate = true> <Delay = 0.67> <CoreInst = "ROM_1P_LUTRAM">   --->   Core 102 'ROM_1P_LUTRAM' <Latency = 1> <II = 1> <Delay = 0.67> <Storage> <Opcode : 'load'> <Ports = 1> <Width = 52> <Depth = 256> <ROM>
ST_6 : Operation 100 [1/1] (0.00ns)   --->   "%fourth_order_double_sin_cos_K2_addr = getelementptr i44 %fourth_order_double_sin_cos_K2, i64 0, i64 %zext_ln32" [C:\scratch\2024.1\hls_product\545\2024.1\src\shared\hls\clib\hlsmath\src\common\hls_hotbm_double.cpp:34->C:\scratch\2024.1\hls_product\545\2024.1\src\shared\hls\clib/hlsmath/include/FloatingPoint\hls_hotbm.h:250]   --->   Operation 100 'getelementptr' 'fourth_order_double_sin_cos_K2_addr' <Predicate = true> <Delay = 0.00>
ST_6 : Operation 101 [2/2] (0.67ns)   --->   "%fourth_order_double_sin_cos_K2_load = load i8 %fourth_order_double_sin_cos_K2_addr" [C:\scratch\2024.1\hls_product\545\2024.1\src\shared\hls\clib\hlsmath\src\common\hls_hotbm_double.cpp:34->C:\scratch\2024.1\hls_product\545\2024.1\src\shared\hls\clib/hlsmath/include/FloatingPoint\hls_hotbm.h:250]   --->   Operation 101 'load' 'fourth_order_double_sin_cos_K2_load' <Predicate = true> <Delay = 0.67> <CoreInst = "ROM_1P_LUTRAM">   --->   Core 102 'ROM_1P_LUTRAM' <Latency = 1> <II = 1> <Delay = 0.67> <Storage> <Opcode : 'load'> <Ports = 1> <Width = 44> <Depth = 256> <ROM>
ST_6 : Operation 102 [1/1] (0.00ns)   --->   "%tmp_7 = partselect i42 @_ssdm_op_PartSelect.i42.i98.i32.i32, i98 %mul_ln26, i32 56, i32 97" [C:\scratch\2024.1\hls_product\545\2024.1\src\shared\hls\clib\hlsmath\src\common\hls_hotbm_double.cpp:35->C:\scratch\2024.1\hls_product\545\2024.1\src\shared\hls\clib/hlsmath/include/FloatingPoint\hls_hotbm.h:250]   --->   Operation 102 'partselect' 'tmp_7' <Predicate = true> <Delay = 0.00>
ST_6 : Operation 103 [1/1] (0.00ns)   --->   "%fourth_order_double_sin_cos_K3_addr = getelementptr i33 %fourth_order_double_sin_cos_K3, i64 0, i64 %zext_ln32" [C:\scratch\2024.1\hls_product\545\2024.1\src\shared\hls\clib\hlsmath\src\common\hls_hotbm_double.cpp:35->C:\scratch\2024.1\hls_product\545\2024.1\src\shared\hls\clib/hlsmath/include/FloatingPoint\hls_hotbm.h:250]   --->   Operation 103 'getelementptr' 'fourth_order_double_sin_cos_K3_addr' <Predicate = true> <Delay = 0.00>
ST_6 : Operation 104 [2/2] (0.67ns)   --->   "%fourth_order_double_sin_cos_K3_load = load i8 %fourth_order_double_sin_cos_K3_addr" [C:\scratch\2024.1\hls_product\545\2024.1\src\shared\hls\clib\hlsmath\src\common\hls_hotbm_double.cpp:35->C:\scratch\2024.1\hls_product\545\2024.1\src\shared\hls\clib/hlsmath/include/FloatingPoint\hls_hotbm.h:250]   --->   Operation 104 'load' 'fourth_order_double_sin_cos_K3_load' <Predicate = true> <Delay = 0.67> <CoreInst = "ROM_1P_LUTRAM">   --->   Core 102 'ROM_1P_LUTRAM' <Latency = 1> <II = 1> <Delay = 0.67> <Storage> <Opcode : 'load'> <Ports = 1> <Width = 33> <Depth = 256> <ROM>
ST_6 : Operation 105 [1/1] (0.00ns)   --->   "%tmp_8 = partselect i35 @_ssdm_op_PartSelect.i35.i98.i32.i32, i98 %mul_ln27, i32 63, i32 97" [C:\scratch\2024.1\hls_product\545\2024.1\src\shared\hls\clib\hlsmath\src\common\hls_hotbm_double.cpp:36->C:\scratch\2024.1\hls_product\545\2024.1\src\shared\hls\clib/hlsmath/include/FloatingPoint\hls_hotbm.h:250]   --->   Operation 105 'partselect' 'tmp_8' <Predicate = true> <Delay = 0.00>
ST_6 : Operation 106 [1/1] (0.00ns)   --->   "%fourth_order_double_sin_cos_K4_addr = getelementptr i25 %fourth_order_double_sin_cos_K4, i64 0, i64 %zext_ln32" [C:\scratch\2024.1\hls_product\545\2024.1\src\shared\hls\clib\hlsmath\src\common\hls_hotbm_double.cpp:36->C:\scratch\2024.1\hls_product\545\2024.1\src\shared\hls\clib/hlsmath/include/FloatingPoint\hls_hotbm.h:250]   --->   Operation 106 'getelementptr' 'fourth_order_double_sin_cos_K4_addr' <Predicate = true> <Delay = 0.00>
ST_6 : Operation 107 [2/2] (0.67ns)   --->   "%fourth_order_double_sin_cos_K4_load = load i8 %fourth_order_double_sin_cos_K4_addr" [C:\scratch\2024.1\hls_product\545\2024.1\src\shared\hls\clib\hlsmath\src\common\hls_hotbm_double.cpp:36->C:\scratch\2024.1\hls_product\545\2024.1\src\shared\hls\clib/hlsmath/include/FloatingPoint\hls_hotbm.h:250]   --->   Operation 107 'load' 'fourth_order_double_sin_cos_K4_load' <Predicate = true> <Delay = 0.67> <CoreInst = "ROM_1P_LUTRAM">   --->   Core 102 'ROM_1P_LUTRAM' <Latency = 1> <II = 1> <Delay = 0.67> <Storage> <Opcode : 'load'> <Ports = 1> <Width = 25> <Depth = 256> <ROM>
ST_6 : Operation 108 [1/1] (0.17ns)   --->   "%cos_basis = select i1 %do_cos_read, i1 %xor_ln242, i1 %tmp_9" [C:\scratch\2024.1\hls_product\545\2024.1\src\shared\hls\clib/hlsmath/include/FloatingPoint\hls_hotbm.h:242]   --->   Operation 108 'select' 'cos_basis' <Predicate = true> <Delay = 0.17> <CoreInst = "Sel">   --->   Core 73 'Sel' <Latency = 0> <II = 1> <Delay = 0.17> <FuncUnit> <Opcode : 'select'> <InPorts = 3> <OutPorts = 1>
ST_6 : Operation 109 [1/1] (0.00ns)   --->   "%index = bitconcatenate i4 @_ssdm_op_BitConcatenate.i4.i1.i3, i1 %din_sign, i3 %k_1" [C:\scratch\2024.1\hls_product\545\2024.1\src\shared\hls\clib/hlsmath/include/FloatingPoint\hls_hotbm.h:266]   --->   Operation 109 'bitconcatenate' 'index' <Predicate = true> <Delay = 0.00>
ST_6 : Operation 110 [1/1] (0.00ns) (grouped into LUT with out node results_sign_4)   --->   "%tmp_12 = sparsemux i1 @_ssdm_op_SparseMux.ap_auto.16i1.i1.i4, i4 0, i1 0, i4 1, i1 0, i4 2, i1 0, i4 3, i1 1, i4 4, i1 1, i4 5, i1 1, i4 6, i1 1, i4 7, i1 0, i4 8, i1 0, i4 9, i1 1, i4 10, i1 1, i4 11, i1 1, i4 12, i1 1, i4 13, i1 0, i4 14, i1 0, i4 15, i1 0, i1 0, i4 %index" [C:\scratch\2024.1\hls_product\545\2024.1\src\shared\hls\clib/hlsmath/include/FloatingPoint\hls_hotbm.h:267]   --->   Operation 110 'sparsemux' 'tmp_12' <Predicate = true> <Delay = 0.00> <CoreInst = "SparseMux">   --->   Core 144 'SparseMux' <Latency = 0> <II = 1> <Delay = 0.48> <FuncUnit> <Opcode : 'sparsemux'> <InPorts = 2> <OutPorts = 1>
ST_6 : Operation 111 [1/1] (0.00ns) (grouped into LUT with out node results_sign_4)   --->   "%tmp_13 = sparsemux i1 @_ssdm_op_SparseMux.ap_auto.16i1.i1.i4, i4 0, i1 0, i4 1, i1 0, i4 2, i1 1, i4 3, i1 0, i4 4, i1 1, i4 5, i1 1, i4 6, i1 0, i4 7, i1 1, i4 8, i1 1, i4 9, i1 0, i4 10, i1 1, i4 11, i1 1, i4 12, i1 0, i4 13, i1 1, i4 14, i1 0, i4 15, i1 0, i1 0, i4 %index" [C:\scratch\2024.1\hls_product\545\2024.1\src\shared\hls\clib/hlsmath/include/FloatingPoint\hls_hotbm.h:267]   --->   Operation 111 'sparsemux' 'tmp_13' <Predicate = true> <Delay = 0.00> <CoreInst = "SparseMux">   --->   Core 144 'SparseMux' <Latency = 0> <II = 1> <Delay = 0.48> <FuncUnit> <Opcode : 'sparsemux'> <InPorts = 2> <OutPorts = 1>
ST_6 : Operation 112 [1/1] (0.00ns) (grouped into LUT with out node results_sign_4)   --->   "%results_sign = select i1 %cos_basis, i1 %tmp_12, i1 %tmp_13" [C:\scratch\2024.1\hls_product\545\2024.1\src\shared\hls\clib/hlsmath/include/FloatingPoint\hls_hotbm.h:242]   --->   Operation 112 'select' 'results_sign' <Predicate = true> <Delay = 0.00> <CoreInst = "Sel">   --->   Core 73 'Sel' <Latency = 0> <II = 1> <Delay = 0.17> <FuncUnit> <Opcode : 'select'> <InPorts = 3> <OutPorts = 1>
ST_6 : Operation 113 [1/1] (0.00ns) (grouped into LUT with out node results_sign_3)   --->   "%xor_ln278 = xor i1 %do_cos_read, i1 1" [C:\scratch\2024.1\hls_product\545\2024.1\src\shared\hls\clib/hlsmath/include/FloatingPoint\hls_hotbm.h:278]   --->   Operation 113 'xor' 'xor_ln278' <Predicate = true> <Delay = 0.00> <CoreInst = "LogicGate">   --->   Core 74 'LogicGate' <Latency = 0> <II = 1> <Delay = 0.28> <FuncUnit> <Opcode : 'and' 'or' 'xor'> <InPorts = 2> <OutPorts = 1>
ST_6 : Operation 114 [1/1] (0.00ns) (grouped into LUT with out node results_sign_3)   --->   "%results_sign_2 = and i1 %din_sign, i1 %xor_ln278" [C:\scratch\2024.1\hls_product\545\2024.1\src\shared\hls\clib/hlsmath/include/FloatingPoint\hls_hotbm.h:278]   --->   Operation 114 'and' 'results_sign_2' <Predicate = true> <Delay = 0.00> <CoreInst = "LogicGate">   --->   Core 74 'LogicGate' <Latency = 0> <II = 1> <Delay = 0.28> <FuncUnit> <Opcode : 'and' 'or' 'xor'> <InPorts = 2> <OutPorts = 1>
ST_6 : Operation 115 [1/1] (0.00ns) (grouped into LUT with out node results_sign_4)   --->   "%xor_ln282 = xor i1 %icmp_ln282, i1 1" [C:\scratch\2024.1\hls_product\545\2024.1\src\shared\hls\clib/hlsmath/include/FloatingPoint\hls_hotbm.h:282]   --->   Operation 115 'xor' 'xor_ln282' <Predicate = true> <Delay = 0.00> <CoreInst = "LogicGate">   --->   Core 74 'LogicGate' <Latency = 0> <II = 1> <Delay = 0.28> <FuncUnit> <Opcode : 'and' 'or' 'xor'> <InPorts = 2> <OutPorts = 1>
ST_6 : Operation 116 [1/1] (0.48ns) (out node of the LUT)   --->   "%results_sign_4 = and i1 %results_sign, i1 %xor_ln282" [C:\scratch\2024.1\hls_product\545\2024.1\src\shared\hls\clib/hlsmath/include/FloatingPoint\hls_hotbm.h:282]   --->   Operation 116 'and' 'results_sign_4' <Predicate = true> <Delay = 0.48> <CoreInst = "LogicGate">   --->   Core 74 'LogicGate' <Latency = 0> <II = 1> <Delay = 0.28> <FuncUnit> <Opcode : 'and' 'or' 'xor'> <InPorts = 2> <OutPorts = 1>
ST_6 : Operation 117 [1/1] (0.28ns) (out node of the LUT)   --->   "%results_sign_3 = select i1 %and_ln271, i1 %results_sign_2, i1 %results_sign_4" [C:\scratch\2024.1\hls_product\545\2024.1\src\shared\hls\clib/hlsmath/include/FloatingPoint\hls_hotbm.h:271]   --->   Operation 117 'select' 'results_sign_3' <Predicate = true> <Delay = 0.28> <CoreInst = "Sel">   --->   Core 73 'Sel' <Latency = 0> <II = 1> <Delay = 0.17> <FuncUnit> <Opcode : 'select'> <InPorts = 3> <OutPorts = 1>

State 7 <SV = 6> <Delay = 6.26>
ST_7 : Operation 118 [1/2] (0.67ns)   --->   "%t1 = load i8 %fourth_order_double_sin_cos_K0_addr" [C:\scratch\2024.1\hls_product\545\2024.1\src\shared\hls\clib\hlsmath\src\common\hls_hotbm_double.cpp:32->C:\scratch\2024.1\hls_product\545\2024.1\src\shared\hls\clib/hlsmath/include/FloatingPoint\hls_hotbm.h:250]   --->   Operation 118 'load' 't1' <Predicate = true> <Delay = 0.67> <CoreInst = "ROM_1P_LUTRAM">   --->   Core 102 'ROM_1P_LUTRAM' <Latency = 1> <II = 1> <Delay = 0.67> <Storage> <Opcode : 'load'> <Ports = 1> <Width = 59> <Depth = 256> <ROM>
ST_7 : Operation 119 [1/1] (0.00ns)   --->   "%t1_1 = bitconcatenate i63 @_ssdm_op_BitConcatenate.i63.i59.i4, i59 %t1, i4 0" [C:\scratch\2024.1\hls_product\545\2024.1\src\shared\hls\clib\hlsmath\src\common\hls_hotbm_double.cpp:32->C:\scratch\2024.1\hls_product\545\2024.1\src\shared\hls\clib/hlsmath/include/FloatingPoint\hls_hotbm.h:250]   --->   Operation 119 'bitconcatenate' 't1_1' <Predicate = true> <Delay = 0.00>
ST_7 : Operation 120 [1/1] (0.00ns)   --->   "%zext_ln33 = zext i56 %B" [C:\scratch\2024.1\hls_product\545\2024.1\src\shared\hls\clib\hlsmath\src\common\hls_hotbm_double.cpp:33->C:\scratch\2024.1\hls_product\545\2024.1\src\shared\hls\clib/hlsmath/include/FloatingPoint\hls_hotbm.h:250]   --->   Operation 120 'zext' 'zext_ln33' <Predicate = true> <Delay = 0.00>
ST_7 : Operation 121 [1/2] (0.67ns)   --->   "%fourth_order_double_sin_cos_K1_load = load i8 %fourth_order_double_sin_cos_K1_addr" [C:\scratch\2024.1\hls_product\545\2024.1\src\shared\hls\clib\hlsmath\src\common\hls_hotbm_double.cpp:33->C:\scratch\2024.1\hls_product\545\2024.1\src\shared\hls\clib/hlsmath/include/FloatingPoint\hls_hotbm.h:250]   --->   Operation 121 'load' 'fourth_order_double_sin_cos_K1_load' <Predicate = true> <Delay = 0.67> <CoreInst = "ROM_1P_LUTRAM">   --->   Core 102 'ROM_1P_LUTRAM' <Latency = 1> <II = 1> <Delay = 0.67> <Storage> <Opcode : 'load'> <Ports = 1> <Width = 52> <Depth = 256> <ROM>
ST_7 : Operation 122 [1/1] (0.00ns)   --->   "%sext_ln33 = sext i52 %fourth_order_double_sin_cos_K1_load" [C:\scratch\2024.1\hls_product\545\2024.1\src\shared\hls\clib\hlsmath\src\common\hls_hotbm_double.cpp:33->C:\scratch\2024.1\hls_product\545\2024.1\src\shared\hls\clib/hlsmath/include/FloatingPoint\hls_hotbm.h:250]   --->   Operation 122 'sext' 'sext_ln33' <Predicate = true> <Delay = 0.00>
ST_7 : Operation 123 [1/1] (3.95ns)   --->   "%mul_ln33 = mul i108 %zext_ln33, i108 %sext_ln33" [C:\scratch\2024.1\hls_product\545\2024.1\src\shared\hls\clib\hlsmath\src\common\hls_hotbm_double.cpp:33->C:\scratch\2024.1\hls_product\545\2024.1\src\shared\hls\clib/hlsmath/include/FloatingPoint\hls_hotbm.h:250]   --->   Operation 123 'mul' 'mul_ln33' <Predicate = true> <Delay = 3.95> <CoreInst = "Multiplier">   --->   Core 3 'Multiplier' <Latency = 0> <II = 1> <Delay = 3.95> <FuncUnit> <Opcode : 'mul'> <InPorts = 2> <OutPorts = 1>
ST_7 : Operation 124 [1/1] (0.00ns)   --->   "%trunc_ln = partselect i56 @_ssdm_op_PartSelect.i56.i108.i32.i32, i108 %mul_ln33, i32 52, i32 107" [C:\scratch\2024.1\hls_product\545\2024.1\src\shared\hls\clib\hlsmath\src\common\hls_hotbm_double.cpp:33->C:\scratch\2024.1\hls_product\545\2024.1\src\shared\hls\clib/hlsmath/include/FloatingPoint\hls_hotbm.h:250]   --->   Operation 124 'partselect' 'trunc_ln' <Predicate = true> <Delay = 0.00>
ST_7 : Operation 125 [1/1] (0.00ns)   --->   "%zext_ln34 = zext i49 %B_squared" [C:\scratch\2024.1\hls_product\545\2024.1\src\shared\hls\clib\hlsmath\src\common\hls_hotbm_double.cpp:34->C:\scratch\2024.1\hls_product\545\2024.1\src\shared\hls\clib/hlsmath/include/FloatingPoint\hls_hotbm.h:250]   --->   Operation 125 'zext' 'zext_ln34' <Predicate = true> <Delay = 0.00>
ST_7 : Operation 126 [1/2] (0.67ns)   --->   "%fourth_order_double_sin_cos_K2_load = load i8 %fourth_order_double_sin_cos_K2_addr" [C:\scratch\2024.1\hls_product\545\2024.1\src\shared\hls\clib\hlsmath\src\common\hls_hotbm_double.cpp:34->C:\scratch\2024.1\hls_product\545\2024.1\src\shared\hls\clib/hlsmath/include/FloatingPoint\hls_hotbm.h:250]   --->   Operation 126 'load' 'fourth_order_double_sin_cos_K2_load' <Predicate = true> <Delay = 0.67> <CoreInst = "ROM_1P_LUTRAM">   --->   Core 102 'ROM_1P_LUTRAM' <Latency = 1> <II = 1> <Delay = 0.67> <Storage> <Opcode : 'load'> <Ports = 1> <Width = 44> <Depth = 256> <ROM>
ST_7 : Operation 127 [1/1] (0.00ns)   --->   "%sext_ln34 = sext i44 %fourth_order_double_sin_cos_K2_load" [C:\scratch\2024.1\hls_product\545\2024.1\src\shared\hls\clib\hlsmath\src\common\hls_hotbm_double.cpp:34->C:\scratch\2024.1\hls_product\545\2024.1\src\shared\hls\clib/hlsmath/include/FloatingPoint\hls_hotbm.h:250]   --->   Operation 127 'sext' 'sext_ln34' <Predicate = true> <Delay = 0.00>
ST_7 : Operation 128 [1/1] (3.90ns)   --->   "%mul_ln34 = mul i93 %zext_ln34, i93 %sext_ln34" [C:\scratch\2024.1\hls_product\545\2024.1\src\shared\hls\clib\hlsmath\src\common\hls_hotbm_double.cpp:34->C:\scratch\2024.1\hls_product\545\2024.1\src\shared\hls\clib/hlsmath/include/FloatingPoint\hls_hotbm.h:250]   --->   Operation 128 'mul' 'mul_ln34' <Predicate = true> <Delay = 3.90> <CoreInst = "Multiplier">   --->   Core 3 'Multiplier' <Latency = 0> <II = 1> <Delay = 3.90> <FuncUnit> <Opcode : 'mul'> <InPorts = 2> <OutPorts = 1>
ST_7 : Operation 129 [1/1] (0.00ns)   --->   "%trunc_ln1 = partselect i48 @_ssdm_op_PartSelect.i48.i93.i32.i32, i93 %mul_ln34, i32 45, i32 92" [C:\scratch\2024.1\hls_product\545\2024.1\src\shared\hls\clib\hlsmath\src\common\hls_hotbm_double.cpp:34->C:\scratch\2024.1\hls_product\545\2024.1\src\shared\hls\clib/hlsmath/include/FloatingPoint\hls_hotbm.h:250]   --->   Operation 129 'partselect' 'trunc_ln1' <Predicate = true> <Delay = 0.00>
ST_7 : Operation 130 [1/1] (0.00ns)   --->   "%zext_ln35_1 = zext i42 %tmp_7" [C:\scratch\2024.1\hls_product\545\2024.1\src\shared\hls\clib\hlsmath\src\common\hls_hotbm_double.cpp:35->C:\scratch\2024.1\hls_product\545\2024.1\src\shared\hls\clib/hlsmath/include/FloatingPoint\hls_hotbm.h:250]   --->   Operation 130 'zext' 'zext_ln35_1' <Predicate = true> <Delay = 0.00>
ST_7 : Operation 131 [1/2] (0.67ns)   --->   "%fourth_order_double_sin_cos_K3_load = load i8 %fourth_order_double_sin_cos_K3_addr" [C:\scratch\2024.1\hls_product\545\2024.1\src\shared\hls\clib\hlsmath\src\common\hls_hotbm_double.cpp:35->C:\scratch\2024.1\hls_product\545\2024.1\src\shared\hls\clib/hlsmath/include/FloatingPoint\hls_hotbm.h:250]   --->   Operation 131 'load' 'fourth_order_double_sin_cos_K3_load' <Predicate = true> <Delay = 0.67> <CoreInst = "ROM_1P_LUTRAM">   --->   Core 102 'ROM_1P_LUTRAM' <Latency = 1> <II = 1> <Delay = 0.67> <Storage> <Opcode : 'load'> <Ports = 1> <Width = 33> <Depth = 256> <ROM>
ST_7 : Operation 132 [1/1] (0.00ns)   --->   "%zext_ln35 = zext i33 %fourth_order_double_sin_cos_K3_load" [C:\scratch\2024.1\hls_product\545\2024.1\src\shared\hls\clib\hlsmath\src\common\hls_hotbm_double.cpp:35->C:\scratch\2024.1\hls_product\545\2024.1\src\shared\hls\clib/hlsmath/include/FloatingPoint\hls_hotbm.h:250]   --->   Operation 132 'zext' 'zext_ln35' <Predicate = true> <Delay = 0.00>
ST_7 : Operation 133 [1/1] (3.56ns)   --->   "%mul_ln35 = mul i75 %zext_ln35_1, i75 %zext_ln35" [C:\scratch\2024.1\hls_product\545\2024.1\src\shared\hls\clib\hlsmath\src\common\hls_hotbm_double.cpp:35->C:\scratch\2024.1\hls_product\545\2024.1\src\shared\hls\clib/hlsmath/include/FloatingPoint\hls_hotbm.h:250]   --->   Operation 133 'mul' 'mul_ln35' <Predicate = true> <Delay = 3.56> <CoreInst = "Multiplier">   --->   Core 3 'Multiplier' <Latency = 0> <II = 1> <Delay = 3.56> <FuncUnit> <Opcode : 'mul'> <InPorts = 2> <OutPorts = 1>
ST_7 : Operation 134 [1/1] (0.00ns)   --->   "%zext_ln36_1 = zext i35 %tmp_8" [C:\scratch\2024.1\hls_product\545\2024.1\src\shared\hls\clib\hlsmath\src\common\hls_hotbm_double.cpp:36->C:\scratch\2024.1\hls_product\545\2024.1\src\shared\hls\clib/hlsmath/include/FloatingPoint\hls_hotbm.h:250]   --->   Operation 134 'zext' 'zext_ln36_1' <Predicate = true> <Delay = 0.00>
ST_7 : Operation 135 [1/2] (0.67ns)   --->   "%fourth_order_double_sin_cos_K4_load = load i8 %fourth_order_double_sin_cos_K4_addr" [C:\scratch\2024.1\hls_product\545\2024.1\src\shared\hls\clib\hlsmath\src\common\hls_hotbm_double.cpp:36->C:\scratch\2024.1\hls_product\545\2024.1\src\shared\hls\clib/hlsmath/include/FloatingPoint\hls_hotbm.h:250]   --->   Operation 135 'load' 'fourth_order_double_sin_cos_K4_load' <Predicate = true> <Delay = 0.67> <CoreInst = "ROM_1P_LUTRAM">   --->   Core 102 'ROM_1P_LUTRAM' <Latency = 1> <II = 1> <Delay = 0.67> <Storage> <Opcode : 'load'> <Ports = 1> <Width = 25> <Depth = 256> <ROM>
ST_7 : Operation 136 [1/1] (0.00ns)   --->   "%zext_ln36 = zext i25 %fourth_order_double_sin_cos_K4_load" [C:\scratch\2024.1\hls_product\545\2024.1\src\shared\hls\clib\hlsmath\src\common\hls_hotbm_double.cpp:36->C:\scratch\2024.1\hls_product\545\2024.1\src\shared\hls\clib/hlsmath/include/FloatingPoint\hls_hotbm.h:250]   --->   Operation 136 'zext' 'zext_ln36' <Predicate = true> <Delay = 0.00>
ST_7 : Operation 137 [1/1] (3.40ns)   --->   "%mul_ln36 = mul i60 %zext_ln36_1, i60 %zext_ln36" [C:\scratch\2024.1\hls_product\545\2024.1\src\shared\hls\clib\hlsmath\src\common\hls_hotbm_double.cpp:36->C:\scratch\2024.1\hls_product\545\2024.1\src\shared\hls\clib/hlsmath/include/FloatingPoint\hls_hotbm.h:250]   --->   Operation 137 'mul' 'mul_ln36' <Predicate = true> <Delay = 3.40> <CoreInst = "Multiplier">   --->   Core 3 'Multiplier' <Latency = 0> <II = 1> <Delay = 3.40> <FuncUnit> <Opcode : 'mul'> <InPorts = 2> <OutPorts = 1>
ST_7 : Operation 138 [1/1] (0.00ns)   --->   "%lshr_ln = partselect i29 @_ssdm_op_PartSelect.i29.i60.i32.i32, i60 %mul_ln36, i32 31, i32 59" [C:\scratch\2024.1\hls_product\545\2024.1\src\shared\hls\clib\hlsmath\src\common\hls_hotbm_double.cpp:36->C:\scratch\2024.1\hls_product\545\2024.1\src\shared\hls\clib/hlsmath/include/FloatingPoint\hls_hotbm.h:250]   --->   Operation 138 'partselect' 'lshr_ln' <Predicate = true> <Delay = 0.00>
ST_7 : Operation 139 [1/1] (0.00ns)   --->   "%sext_ln37 = sext i63 %t1_1" [C:\scratch\2024.1\hls_product\545\2024.1\src\shared\hls\clib\hlsmath\src\common\hls_hotbm_double.cpp:37->C:\scratch\2024.1\hls_product\545\2024.1\src\shared\hls\clib/hlsmath/include/FloatingPoint\hls_hotbm.h:250]   --->   Operation 139 'sext' 'sext_ln37' <Predicate = true> <Delay = 0.00>
ST_7 : Operation 140 [1/1] (0.00ns)   --->   "%sext_ln37_1 = sext i56 %trunc_ln" [C:\scratch\2024.1\hls_product\545\2024.1\src\shared\hls\clib\hlsmath\src\common\hls_hotbm_double.cpp:37->C:\scratch\2024.1\hls_product\545\2024.1\src\shared\hls\clib/hlsmath/include/FloatingPoint\hls_hotbm.h:250]   --->   Operation 140 'sext' 'sext_ln37_1' <Predicate = true> <Delay = 0.00>
ST_7 : Operation 141 [1/1] (0.00ns) (grouped into TernaryAdder)   --->   "%add_ln37 = add i64 %sext_ln37, i64 %sext_ln37_1" [C:\scratch\2024.1\hls_product\545\2024.1\src\shared\hls\clib\hlsmath\src\common\hls_hotbm_double.cpp:37->C:\scratch\2024.1\hls_product\545\2024.1\src\shared\hls\clib/hlsmath/include/FloatingPoint\hls_hotbm.h:250]   --->   Operation 141 'add' 'add_ln37' <Predicate = true> <Delay = 0.00> <CoreInst = "TAddSub">   --->   Core 10 'TAddSub' <Latency = 0> <II = 1> <Delay = 0.40> <IPBlock> <Opcode : '' 'add' 'sub'> <InPorts = 3> <OutPorts = 1> <Sync> <CReg>
ST_7 : Operation 142 [1/1] (0.00ns)   --->   "%sext_ln37_2 = sext i48 %trunc_ln1" [C:\scratch\2024.1\hls_product\545\2024.1\src\shared\hls\clib\hlsmath\src\common\hls_hotbm_double.cpp:37->C:\scratch\2024.1\hls_product\545\2024.1\src\shared\hls\clib/hlsmath/include/FloatingPoint\hls_hotbm.h:250]   --->   Operation 142 'sext' 'sext_ln37_2' <Predicate = true> <Delay = 0.00>
ST_7 : Operation 143 [1/1] (0.81ns) (root node of TernaryAdder)   --->   "%add_ln37_1 = add i64 %add_ln37, i64 %sext_ln37_2" [C:\scratch\2024.1\hls_product\545\2024.1\src\shared\hls\clib\hlsmath\src\common\hls_hotbm_double.cpp:37->C:\scratch\2024.1\hls_product\545\2024.1\src\shared\hls\clib/hlsmath/include/FloatingPoint\hls_hotbm.h:250]   --->   Operation 143 'add' 'add_ln37_1' <Predicate = true> <Delay = 0.81> <CoreInst = "TAddSub">   --->   Core 10 'TAddSub' <Latency = 0> <II = 1> <Delay = 0.40> <IPBlock> <Opcode : '' 'add' 'sub'> <InPorts = 3> <OutPorts = 1> <Sync> <CReg>
ST_7 : Operation 144 [1/1] (0.00ns)   --->   "%tmp_10 = partselect i37 @_ssdm_op_PartSelect.i37.i75.i32.i32, i75 %mul_ln35, i32 38, i32 74" [C:\scratch\2024.1\hls_product\545\2024.1\src\shared\hls\clib\hlsmath\src\common\hls_hotbm_double.cpp:37->C:\scratch\2024.1\hls_product\545\2024.1\src\shared\hls\clib/hlsmath/include/FloatingPoint\hls_hotbm.h:250]   --->   Operation 144 'partselect' 'tmp_10' <Predicate = true> <Delay = 0.00>
ST_7 : Operation 145 [1/1] (0.00ns)   --->   "%zext_ln37_1 = zext i37 %tmp_10" [C:\scratch\2024.1\hls_product\545\2024.1\src\shared\hls\clib\hlsmath\src\common\hls_hotbm_double.cpp:37->C:\scratch\2024.1\hls_product\545\2024.1\src\shared\hls\clib/hlsmath/include/FloatingPoint\hls_hotbm.h:250]   --->   Operation 145 'zext' 'zext_ln37_1' <Predicate = true> <Delay = 0.00>
ST_7 : Operation 146 [1/1] (0.00ns) (grouped into TernaryAdder)   --->   "%add_ln37_2 = add i64 %add_ln37_1, i64 %zext_ln37_1" [C:\scratch\2024.1\hls_product\545\2024.1\src\shared\hls\clib\hlsmath\src\common\hls_hotbm_double.cpp:37->C:\scratch\2024.1\hls_product\545\2024.1\src\shared\hls\clib/hlsmath/include/FloatingPoint\hls_hotbm.h:250]   --->   Operation 146 'add' 'add_ln37_2' <Predicate = true> <Delay = 0.00> <CoreInst = "TAddSub">   --->   Core 10 'TAddSub' <Latency = 0> <II = 1> <Delay = 0.40> <IPBlock> <Opcode : '' 'add' 'sub'> <InPorts = 3> <OutPorts = 1> <Sync> <CReg>
ST_7 : Operation 147 [1/1] (0.00ns)   --->   "%zext_ln242 = zext i29 %lshr_ln" [C:\scratch\2024.1\hls_product\545\2024.1\src\shared\hls\clib/hlsmath/include/FloatingPoint\hls_hotbm.h:242]   --->   Operation 147 'zext' 'zext_ln242' <Predicate = true> <Delay = 0.00>
ST_7 : Operation 148 [1/1] (0.81ns) (root node of TernaryAdder)   --->   "%add_ln37_3 = add i64 %add_ln37_2, i64 %zext_ln242" [C:\scratch\2024.1\hls_product\545\2024.1\src\shared\hls\clib\hlsmath\src\common\hls_hotbm_double.cpp:37->C:\scratch\2024.1\hls_product\545\2024.1\src\shared\hls\clib/hlsmath/include/FloatingPoint\hls_hotbm.h:250]   --->   Operation 148 'add' 'add_ln37_3' <Predicate = true> <Delay = 0.81> <CoreInst = "TAddSub">   --->   Core 10 'TAddSub' <Latency = 0> <II = 1> <Delay = 0.40> <IPBlock> <Opcode : '' 'add' 'sub'> <InPorts = 3> <OutPorts = 1> <Sync> <CReg>

State 8 <SV = 7> <Delay = 6.90>
ST_8 : Operation 149 [1/1] (0.00ns)   --->   "%out_bits_5_loc_load = load i32 %out_bits_5_loc"   --->   Operation 149 'load' 'out_bits_5_loc_load' <Predicate = true> <Delay = 0.00>
ST_8 : Operation 150 [1/1] (0.00ns)   --->   "%out_bits_4_loc_load = load i32 %out_bits_4_loc"   --->   Operation 150 'load' 'out_bits_4_loc_load' <Predicate = true> <Delay = 0.00>
ST_8 : Operation 151 [1/1] (0.00ns)   --->   "%out_bits_3_loc_load = load i32 %out_bits_3_loc"   --->   Operation 151 'load' 'out_bits_3_loc_load' <Predicate = true> <Delay = 0.00>
ST_8 : Operation 152 [1/1] (0.00ns)   --->   "%sext_ln243 = sext i64 %add_ln37_3" [C:\scratch\2024.1\hls_product\545\2024.1\src\shared\hls\clib/hlsmath/include/FloatingPoint\hls_hotbm.h:243]   --->   Operation 152 'sext' 'sext_ln243' <Predicate = true> <Delay = 0.00>
ST_8 : Operation 153 [1/1] (0.41ns)   --->   "%Mx_2 = select i1 %cos_basis, i63 9223372036854775807, i63 %Mx" [C:\scratch\2024.1\hls_product\545\2024.1\src\shared\hls\clib/hlsmath/include/FloatingPoint\hls_hotbm.h:243]   --->   Operation 153 'select' 'Mx_2' <Predicate = true> <Delay = 0.41> <CoreInst = "Sel">   --->   Core 73 'Sel' <Latency = 0> <II = 1> <Delay = 0.41> <FuncUnit> <Opcode : 'select'> <InPorts = 3> <OutPorts = 1>
ST_8 : Operation 154 [1/1] (0.00ns)   --->   "%zext_ln37 = zext i63 %Mx_2" [C:\scratch\2024.1\hls_product\545\2024.1\src\shared\hls\clib\hlsmath\src\common\hls_hotbm_double.cpp:37->C:\scratch\2024.1\hls_product\545\2024.1\src\shared\hls\clib/hlsmath/include/FloatingPoint\hls_hotbm.h:250]   --->   Operation 154 'zext' 'zext_ln37' <Predicate = true> <Delay = 0.00>
ST_8 : Operation 155 [1/1] (4.53ns)   --->   "%mul_ln37 = mul i126 %sext_ln243, i126 %zext_ln37" [C:\scratch\2024.1\hls_product\545\2024.1\src\shared\hls\clib\hlsmath\src\common\hls_hotbm_double.cpp:37->C:\scratch\2024.1\hls_product\545\2024.1\src\shared\hls\clib/hlsmath/include/FloatingPoint\hls_hotbm.h:250]   --->   Operation 155 'mul' 'mul_ln37' <Predicate = true> <Delay = 4.53> <CoreInst = "Multiplier">   --->   Core 3 'Multiplier' <Latency = 0> <II = 1> <Delay = 4.53> <FuncUnit> <Opcode : 'mul'> <InPorts = 2> <OutPorts = 1>
ST_8 : Operation 156 [1/1] (0.00ns)   --->   "%result = partselect i63 @_ssdm_op_PartSelect.i63.i126.i32.i32, i126 %mul_ln37, i32 63, i32 125" [C:\scratch\2024.1\hls_product\545\2024.1\src\shared\hls\clib\hlsmath\src\common\hls_hotbm_double.cpp:37->C:\scratch\2024.1\hls_product\545\2024.1\src\shared\hls\clib/hlsmath/include/FloatingPoint\hls_hotbm.h:250]   --->   Operation 156 'partselect' 'result' <Predicate = true> <Delay = 0.00>
ST_8 : Operation 157 [2/2] (1.96ns)   --->   "%call_ln37 = call void @sin_or_cos<double>_Pipeline_2, i32 %out_bits_5_loc_load, i32 %out_bits_4_loc_load, i32 %out_bits_3_loc_load, i63 %result, i32 %out_bits_9_loc, i32 %out_bits_8_loc, i32 %out_bits_7_loc" [C:\scratch\2024.1\hls_product\545\2024.1\src\shared\hls\clib\hlsmath\src\common\hls_hotbm_double.cpp:37->C:\scratch\2024.1\hls_product\545\2024.1\src\shared\hls\clib/hlsmath/include/FloatingPoint\hls_hotbm.h:250]   --->   Operation 157 'call' 'call_ln37' <Predicate = true> <Delay = 1.96> <CoreType = "Generic">   --->   Core 0 '' <Latency = 0> <II = 1> <Delay = 1.00> <Generic> <Opcode : >
ST_8 : Operation 158 [1/1] (0.00ns)   --->   "%tmp_6 = partselect i15 @_ssdm_op_PartSelect.i15.i126.i32.i32, i126 %mul_ln37, i32 63, i32 77" [C:\scratch\2024.1\hls_product\545\2024.1\src\shared\hls\clib/src/hls\utils/x_hls_float_utils.h:408->C:\scratch\2024.1\hls_product\545\2024.1\src\shared\hls\clib/hlsmath/include/FloatingPoint\hls_hotbm.h:252]   --->   Operation 158 'partselect' 'tmp_6' <Predicate = true> <Delay = 0.00>

State 9 <SV = 8> <Delay = 1.40>
ST_9 : Operation 159 [1/2] (1.40ns)   --->   "%call_ln37 = call void @sin_or_cos<double>_Pipeline_2, i32 %out_bits_5_loc_load, i32 %out_bits_4_loc_load, i32 %out_bits_3_loc_load, i63 %result, i32 %out_bits_9_loc, i32 %out_bits_8_loc, i32 %out_bits_7_loc" [C:\scratch\2024.1\hls_product\545\2024.1\src\shared\hls\clib\hlsmath\src\common\hls_hotbm_double.cpp:37->C:\scratch\2024.1\hls_product\545\2024.1\src\shared\hls\clib/hlsmath/include/FloatingPoint\hls_hotbm.h:250]   --->   Operation 159 'call' 'call_ln37' <Predicate = true> <Delay = 1.40> <CoreType = "Generic">   --->   Core 0 '' <Latency = 0> <II = 1> <Delay = 1.00> <Generic> <Opcode : >

State 10 <SV = 9> <Delay = 1.09>
ST_10 : Operation 160 [1/1] (0.00ns)   --->   "%out_bits_9_loc_load = load i32 %out_bits_9_loc"   --->   Operation 160 'load' 'out_bits_9_loc_load' <Predicate = true> <Delay = 0.00>
ST_10 : Operation 161 [1/1] (0.00ns)   --->   "%out_bits_8_loc_load = load i32 %out_bits_8_loc"   --->   Operation 161 'load' 'out_bits_8_loc_load' <Predicate = true> <Delay = 0.00>
ST_10 : Operation 162 [1/1] (0.00ns)   --->   "%out_bits_7_loc_load = load i32 %out_bits_7_loc"   --->   Operation 162 'load' 'out_bits_7_loc_load' <Predicate = true> <Delay = 0.00>
ST_10 : Operation 163 [1/1] (0.00ns)   --->   "%out_bits_6 = bitconcatenate i32 @_ssdm_op_BitConcatenate.i32.i15.i17, i15 %tmp_6, i17 65536" [C:\scratch\2024.1\hls_product\545\2024.1\src\shared\hls\clib/src/hls\utils/x_hls_float_utils.h:410->C:\scratch\2024.1\hls_product\545\2024.1\src\shared\hls\clib/hlsmath/include/FloatingPoint\hls_hotbm.h:252]   --->   Operation 163 'bitconcatenate' 'out_bits_6' <Predicate = true> <Delay = 0.00>
ST_10 : Operation 164 [2/2] (1.09ns)   --->   "%call_ln410 = call void @sin_or_cos<double>_Pipeline_3, i32 %out_bits_7_loc_load, i32 %out_bits_8_loc_load, i32 %out_bits_9_loc_load, i32 %out_bits_6, i32 %c_3_loc, i32 %c_2_loc, i32 %c_1_loc, i32 %c_loc" [C:\scratch\2024.1\hls_product\545\2024.1\src\shared\hls\clib/src/hls\utils/x_hls_float_utils.h:410->C:\scratch\2024.1\hls_product\545\2024.1\src\shared\hls\clib/hlsmath/include/FloatingPoint\hls_hotbm.h:252]   --->   Operation 164 'call' 'call_ln410' <Predicate = true> <Delay = 1.09> <CoreType = "Generic">   --->   Core 0 '' <Latency = 0> <II = 1> <Delay = 1.00> <Generic> <Opcode : >

State 11 <SV = 10> <Delay = 1.52>
ST_11 : Operation 165 [1/2] (1.52ns)   --->   "%call_ln410 = call void @sin_or_cos<double>_Pipeline_3, i32 %out_bits_7_loc_load, i32 %out_bits_8_loc_load, i32 %out_bits_9_loc_load, i32 %out_bits_6, i32 %c_3_loc, i32 %c_2_loc, i32 %c_1_loc, i32 %c_loc" [C:\scratch\2024.1\hls_product\545\2024.1\src\shared\hls\clib/src/hls\utils/x_hls_float_utils.h:410->C:\scratch\2024.1\hls_product\545\2024.1\src\shared\hls\clib/hlsmath/include/FloatingPoint\hls_hotbm.h:252]   --->   Operation 165 'call' 'call_ln410' <Predicate = true> <Delay = 1.52> <CoreType = "Generic">   --->   Core 0 '' <Latency = 0> <II = 1> <Delay = 1.00> <Generic> <Opcode : >

State 12 <SV = 11> <Delay = 1.08>
ST_12 : Operation 166 [1/1] (0.00ns)   --->   "%c_3_loc_load = load i32 %c_3_loc"   --->   Operation 166 'load' 'c_3_loc_load' <Predicate = true> <Delay = 0.00>
ST_12 : Operation 167 [1/1] (0.00ns)   --->   "%c_2_loc_load = load i32 %c_2_loc"   --->   Operation 167 'load' 'c_2_loc_load' <Predicate = true> <Delay = 0.00>
ST_12 : Operation 168 [1/1] (0.00ns)   --->   "%c_1_loc_load = load i32 %c_1_loc"   --->   Operation 168 'load' 'c_1_loc_load' <Predicate = true> <Delay = 0.00>
ST_12 : Operation 169 [1/1] (0.00ns)   --->   "%c_loc_load = load i32 %c_loc"   --->   Operation 169 'load' 'c_loc_load' <Predicate = true> <Delay = 0.00>
ST_12 : Operation 170 [2/2] (0.42ns)   --->   "%call_ln37 = call void @sin_or_cos<double>_Pipeline_4, i63 %result, i32 %c_loc_load, i32 %c_1_loc_load, i32 %c_2_loc_load, i32 %c_3_loc_load, i32 %shift_1_loc, i62 %in_shift_loc" [C:\scratch\2024.1\hls_product\545\2024.1\src\shared\hls\clib\hlsmath\src\common\hls_hotbm_double.cpp:37->C:\scratch\2024.1\hls_product\545\2024.1\src\shared\hls\clib/hlsmath/include/FloatingPoint\hls_hotbm.h:250]   --->   Operation 170 'call' 'call_ln37' <Predicate = true> <Delay = 0.42> <CoreType = "Generic">   --->   Core 0 '' <Latency = 0> <II = 1> <Delay = 1.00> <Generic> <Opcode : >
ST_12 : Operation 171 [1/1] (1.08ns)   --->   "%icmp_ln433 = icmp_eq  i63 %result, i63 0" [C:\scratch\2024.1\hls_product\545\2024.1\src\shared\hls\clib/src/hls\utils/x_hls_float_utils.h:433->C:\scratch\2024.1\hls_product\545\2024.1\src\shared\hls\clib/hlsmath/include/FloatingPoint\hls_hotbm.h:252]   --->   Operation 171 'icmp' 'icmp_ln433' <Predicate = true> <Delay = 1.08> <CoreInst = "Cmp">   --->   Core 9 'Cmp' <Latency = 0> <II = 1> <Delay = 1.08> <FuncUnit> <Opcode : 'seteq' 'setne' 'setle' 'setge' 'setlt' 'setgt'> <InPorts = 2> <OutPorts = 1>

State 13 <SV = 12> <Delay = 3.94>
ST_13 : Operation 172 [1/2] (3.94ns)   --->   "%call_ln37 = call void @sin_or_cos<double>_Pipeline_4, i63 %result, i32 %c_loc_load, i32 %c_1_loc_load, i32 %c_2_loc_load, i32 %c_3_loc_load, i32 %shift_1_loc, i62 %in_shift_loc" [C:\scratch\2024.1\hls_product\545\2024.1\src\shared\hls\clib\hlsmath\src\common\hls_hotbm_double.cpp:37->C:\scratch\2024.1\hls_product\545\2024.1\src\shared\hls\clib/hlsmath/include/FloatingPoint\hls_hotbm.h:250]   --->   Operation 172 'call' 'call_ln37' <Predicate = true> <Delay = 3.94> <CoreType = "Generic">   --->   Core 0 '' <Latency = 0> <II = 1> <Delay = 1.00> <Generic> <Opcode : >

State 14 <SV = 13> <Delay = 2.54>
ST_14 : Operation 173 [1/1] (0.00ns)   --->   "%specmemcore_ln16 = specmemcore void @_ssdm_op_SpecMemCore, i59 %fourth_order_double_sin_cos_K0, i64 666, i64 34, i64 18446744073709551615" [C:\scratch\2024.1\hls_product\545\2024.1\src\shared\hls\clib\hlsmath\src\common\hls_hotbm_double.cpp:16->C:\scratch\2024.1\hls_product\545\2024.1\src\shared\hls\clib/hlsmath/include/FloatingPoint\hls_hotbm.h:250]   --->   Operation 173 'specmemcore' 'specmemcore_ln16' <Predicate = true> <Delay = 0.00>
ST_14 : Operation 174 [1/1] (0.00ns)   --->   "%specmemcore_ln17 = specmemcore void @_ssdm_op_SpecMemCore, i52 %fourth_order_double_sin_cos_K1, i64 666, i64 34, i64 18446744073709551615" [C:\scratch\2024.1\hls_product\545\2024.1\src\shared\hls\clib\hlsmath\src\common\hls_hotbm_double.cpp:17->C:\scratch\2024.1\hls_product\545\2024.1\src\shared\hls\clib/hlsmath/include/FloatingPoint\hls_hotbm.h:250]   --->   Operation 174 'specmemcore' 'specmemcore_ln17' <Predicate = true> <Delay = 0.00>
ST_14 : Operation 175 [1/1] (0.00ns)   --->   "%specmemcore_ln18 = specmemcore void @_ssdm_op_SpecMemCore, i44 %fourth_order_double_sin_cos_K2, i64 666, i64 34, i64 18446744073709551615" [C:\scratch\2024.1\hls_product\545\2024.1\src\shared\hls\clib\hlsmath\src\common\hls_hotbm_double.cpp:18->C:\scratch\2024.1\hls_product\545\2024.1\src\shared\hls\clib/hlsmath/include/FloatingPoint\hls_hotbm.h:250]   --->   Operation 175 'specmemcore' 'specmemcore_ln18' <Predicate = true> <Delay = 0.00>
ST_14 : Operation 176 [1/1] (0.00ns)   --->   "%specmemcore_ln19 = specmemcore void @_ssdm_op_SpecMemCore, i33 %fourth_order_double_sin_cos_K3, i64 666, i64 34, i64 18446744073709551615" [C:\scratch\2024.1\hls_product\545\2024.1\src\shared\hls\clib\hlsmath\src\common\hls_hotbm_double.cpp:19->C:\scratch\2024.1\hls_product\545\2024.1\src\shared\hls\clib/hlsmath/include/FloatingPoint\hls_hotbm.h:250]   --->   Operation 176 'specmemcore' 'specmemcore_ln19' <Predicate = true> <Delay = 0.00>
ST_14 : Operation 177 [1/1] (0.00ns)   --->   "%specmemcore_ln20 = specmemcore void @_ssdm_op_SpecMemCore, i25 %fourth_order_double_sin_cos_K4, i64 666, i64 34, i64 18446744073709551615" [C:\scratch\2024.1\hls_product\545\2024.1\src\shared\hls\clib\hlsmath\src\common\hls_hotbm_double.cpp:20->C:\scratch\2024.1\hls_product\545\2024.1\src\shared\hls\clib/hlsmath/include/FloatingPoint\hls_hotbm.h:250]   --->   Operation 177 'specmemcore' 'specmemcore_ln20' <Predicate = true> <Delay = 0.00>
ST_14 : Operation 178 [1/1] (0.00ns) (grouped into LUT with out node add_ln432)   --->   "%Ex_3 = select i1 %cos_basis, i11 0, i11 %Ex_1" [C:\scratch\2024.1\hls_product\545\2024.1\src\shared\hls\clib/hlsmath/include/FloatingPoint\hls_hotbm.h:243]   --->   Operation 178 'select' 'Ex_3' <Predicate = true> <Delay = 0.00> <CoreInst = "Sel">   --->   Core 73 'Sel' <Latency = 0> <II = 1> <Delay = 0.38> <FuncUnit> <Opcode : 'select'> <InPorts = 3> <OutPorts = 1>
ST_14 : Operation 179 [1/1] (0.00ns) (grouped into LUT with out node add_ln432)   --->   "%sext_ln252 = sext i11 %Ex_3" [C:\scratch\2024.1\hls_product\545\2024.1\src\shared\hls\clib/hlsmath/include/FloatingPoint\hls_hotbm.h:252]   --->   Operation 179 'sext' 'sext_ln252' <Predicate = true> <Delay = 0.00>
ST_14 : Operation 180 [1/1] (0.00ns)   --->   "%shift_1_loc_load = load i32 %shift_1_loc"   --->   Operation 180 'load' 'shift_1_loc_load' <Predicate = true> <Delay = 0.00>
ST_14 : Operation 181 [1/1] (0.00ns)   --->   "%in_shift_loc_load = load i62 %in_shift_loc"   --->   Operation 181 'load' 'in_shift_loc_load' <Predicate = (!and_ln271)> <Delay = 0.00>
ST_14 : Operation 182 [1/1] (0.79ns) (out node of the LUT)   --->   "%add_ln432 = add i12 %sext_ln252, i12 1023" [C:\scratch\2024.1\hls_product\545\2024.1\src\shared\hls\clib/src/hls\utils/x_hls_float_utils.h:432->C:\scratch\2024.1\hls_product\545\2024.1\src\shared\hls\clib/hlsmath/include/FloatingPoint\hls_hotbm.h:252]   --->   Operation 182 'add' 'add_ln432' <Predicate = true> <Delay = 0.79> <CoreInst = "Adder">   --->   Core 1 'Adder' <Latency = 0> <II = 1> <Delay = 0.80> <FuncUnit> <Opcode : 'add' 'sub'> <InPorts = 2> <OutPorts = 1>
ST_14 : Operation 183 [1/1] (0.00ns)   --->   "%sext_ln432 = sext i12 %add_ln432" [C:\scratch\2024.1\hls_product\545\2024.1\src\shared\hls\clib/src/hls\utils/x_hls_float_utils.h:432->C:\scratch\2024.1\hls_product\545\2024.1\src\shared\hls\clib/hlsmath/include/FloatingPoint\hls_hotbm.h:252]   --->   Operation 183 'sext' 'sext_ln432' <Predicate = true> <Delay = 0.00>
ST_14 : Operation 184 [1/1] (1.01ns)   --->   "%newexp = sub i32 %sext_ln432, i32 %shift_1_loc_load" [C:\scratch\2024.1\hls_product\545\2024.1\src\shared\hls\clib/src/hls\utils/x_hls_float_utils.h:432->C:\scratch\2024.1\hls_product\545\2024.1\src\shared\hls\clib/hlsmath/include/FloatingPoint\hls_hotbm.h:252]   --->   Operation 184 'sub' 'newexp' <Predicate = true> <Delay = 1.01> <CoreInst = "Adder">   --->   Core 1 'Adder' <Latency = 0> <II = 1> <Delay = 1.01> <FuncUnit> <Opcode : 'add' 'sub'> <InPorts = 2> <OutPorts = 1>
ST_14 : Operation 185 [1/1] (0.00ns) (grouped into LUT with out node or_ln282)   --->   "%tmp_11 = bitselect i1 @_ssdm_op_BitSelect.i1.i32.i32, i32 %newexp, i32 31" [C:\scratch\2024.1\hls_product\545\2024.1\src\shared\hls\clib/src/hls\utils/x_hls_float_utils.h:433->C:\scratch\2024.1\hls_product\545\2024.1\src\shared\hls\clib/hlsmath/include/FloatingPoint\hls_hotbm.h:252]   --->   Operation 185 'bitselect' 'tmp_11' <Predicate = true> <Delay = 0.00>
ST_14 : Operation 186 [1/1] (0.00ns) (grouped into LUT with out node or_ln282)   --->   "%or_ln433 = or i1 %tmp_11, i1 %icmp_ln433" [C:\scratch\2024.1\hls_product\545\2024.1\src\shared\hls\clib/src/hls\utils/x_hls_float_utils.h:433->C:\scratch\2024.1\hls_product\545\2024.1\src\shared\hls\clib/hlsmath/include/FloatingPoint\hls_hotbm.h:252]   --->   Operation 186 'or' 'or_ln433' <Predicate = true> <Delay = 0.00> <CoreInst = "LogicGate">   --->   Core 74 'LogicGate' <Latency = 0> <II = 1> <Delay = 0.28> <FuncUnit> <Opcode : 'and' 'or' 'xor'> <InPorts = 2> <OutPorts = 1>
ST_14 : Operation 187 [1/1] (0.00ns) (grouped into LUT with out node results_exp_1)   --->   "%empty = trunc i32 %newexp" [C:\scratch\2024.1\hls_product\545\2024.1\src\shared\hls\clib/src/hls\utils/x_hls_float_utils.h:432->C:\scratch\2024.1\hls_product\545\2024.1\src\shared\hls\clib/hlsmath/include/FloatingPoint\hls_hotbm.h:252]   --->   Operation 187 'trunc' 'empty' <Predicate = (!and_ln271)> <Delay = 0.00>
ST_14 : Operation 188 [1/1] (0.00ns) (grouped into LUT with out node results_sig_1)   --->   "%phitmp = partselect i52 @_ssdm_op_PartSelect.i52.i62.i32.i32, i62 %in_shift_loc_load, i32 10, i32 61"   --->   Operation 188 'partselect' 'phitmp' <Predicate = (!and_ln271)> <Delay = 0.00>
ST_14 : Operation 189 [1/1] (0.00ns) (grouped into LUT with out node results_exp_1)   --->   "%select_ln259 = select i1 %do_cos_read, i11 1023, i11 0" [C:\scratch\2024.1\hls_product\545\2024.1\src\shared\hls\clib/hlsmath/include/FloatingPoint\hls_hotbm.h:259]   --->   Operation 189 'select' 'select_ln259' <Predicate = (and_ln271)> <Delay = 0.00> <CoreInst = "Sel">   --->   Core 73 'Sel' <Latency = 0> <II = 1> <Delay = 0.40> <FuncUnit> <Opcode : 'select'> <InPorts = 3> <OutPorts = 1>
ST_14 : Operation 190 [1/1] (0.00ns) (grouped into LUT with out node results_exp_1)   --->   "%select_ln282 = select i1 %icmp_ln282, i11 2047, i11 0" [C:\scratch\2024.1\hls_product\545\2024.1\src\shared\hls\clib/hlsmath/include/FloatingPoint\hls_hotbm.h:282]   --->   Operation 190 'select' 'select_ln282' <Predicate = (!and_ln271)> <Delay = 0.00> <CoreInst = "Sel">   --->   Core 73 'Sel' <Latency = 0> <II = 1> <Delay = 0.17> <FuncUnit> <Opcode : 'select'> <InPorts = 3> <OutPorts = 1>
ST_14 : Operation 191 [1/1] (0.28ns) (out node of the LUT)   --->   "%or_ln282 = or i1 %icmp_ln282, i1 %or_ln433" [C:\scratch\2024.1\hls_product\545\2024.1\src\shared\hls\clib/hlsmath/include/FloatingPoint\hls_hotbm.h:282]   --->   Operation 191 'or' 'or_ln282' <Predicate = true> <Delay = 0.28> <CoreInst = "LogicGate">   --->   Core 74 'LogicGate' <Latency = 0> <II = 1> <Delay = 0.28> <FuncUnit> <Opcode : 'and' 'or' 'xor'> <InPorts = 2> <OutPorts = 1>
ST_14 : Operation 192 [1/1] (0.00ns) (grouped into LUT with out node results_exp_1)   --->   "%results_exp = select i1 %or_ln282, i11 %select_ln282, i11 %empty" [C:\scratch\2024.1\hls_product\545\2024.1\src\shared\hls\clib/hlsmath/include/FloatingPoint\hls_hotbm.h:282]   --->   Operation 192 'select' 'results_exp' <Predicate = (!and_ln271)> <Delay = 0.00> <CoreInst = "Sel">   --->   Core 73 'Sel' <Latency = 0> <II = 1> <Delay = 0.38> <FuncUnit> <Opcode : 'select'> <InPorts = 3> <OutPorts = 1>
ST_14 : Operation 193 [1/1] (0.00ns) (grouped into LUT with out node results_sig_1)   --->   "%select_ln282_2 = select i1 %icmp_ln282, i52 4503599627370495, i52 0" [C:\scratch\2024.1\hls_product\545\2024.1\src\shared\hls\clib/hlsmath/include/FloatingPoint\hls_hotbm.h:282]   --->   Operation 193 'select' 'select_ln282_2' <Predicate = (!and_ln271)> <Delay = 0.00> <CoreInst = "Sel">   --->   Core 73 'Sel' <Latency = 0> <II = 1> <Delay = 0.17> <FuncUnit> <Opcode : 'select'> <InPorts = 3> <OutPorts = 1>
ST_14 : Operation 194 [1/1] (0.00ns) (grouped into LUT with out node results_sig_1)   --->   "%results_sig = select i1 %or_ln282, i52 %select_ln282_2, i52 %phitmp" [C:\scratch\2024.1\hls_product\545\2024.1\src\shared\hls\clib/hlsmath/include/FloatingPoint\hls_hotbm.h:282]   --->   Operation 194 'select' 'results_sig' <Predicate = (!and_ln271)> <Delay = 0.00> <CoreInst = "Sel">   --->   Core 73 'Sel' <Latency = 0> <II = 1> <Delay = 0.44> <FuncUnit> <Opcode : 'select'> <InPorts = 3> <OutPorts = 1>
ST_14 : Operation 195 [1/1] (0.38ns) (out node of the LUT)   --->   "%results_exp_1 = select i1 %and_ln271, i11 %select_ln259, i11 %results_exp" [C:\scratch\2024.1\hls_product\545\2024.1\src\shared\hls\clib/hlsmath/include/FloatingPoint\hls_hotbm.h:271]   --->   Operation 195 'select' 'results_exp_1' <Predicate = true> <Delay = 0.38> <CoreInst = "Sel">   --->   Core 73 'Sel' <Latency = 0> <II = 1> <Delay = 0.38> <FuncUnit> <Opcode : 'select'> <InPorts = 3> <OutPorts = 1>
ST_14 : Operation 196 [1/1] (0.44ns) (out node of the LUT)   --->   "%results_sig_1 = select i1 %and_ln271, i52 0, i52 %results_sig" [C:\scratch\2024.1\hls_product\545\2024.1\src\shared\hls\clib/hlsmath/include/FloatingPoint\hls_hotbm.h:271]   --->   Operation 196 'select' 'results_sig_1' <Predicate = true> <Delay = 0.44> <CoreInst = "Sel">   --->   Core 73 'Sel' <Latency = 0> <II = 1> <Delay = 0.44> <FuncUnit> <Opcode : 'select'> <InPorts = 3> <OutPorts = 1>
ST_14 : Operation 197 [1/1] (0.00ns)   --->   "%t_2 = bitconcatenate i64 @_ssdm_op_BitConcatenate.i64.i1.i11.i52, i1 %results_sign_3, i11 %results_exp_1, i52 %results_sig_1" [C:\scratch\2024.1\hls_product\545\2024.1\src\shared\hls\clib/src/hls\utils/x_hls_utils.h:479->C:\scratch\2024.1\hls_product\545\2024.1\src\shared\hls\clib/src/hls\utils/x_hls_utils.h:496->C:\scratch\2024.1\hls_product\545\2024.1\src\shared\hls\clib/src/hls\utils/x_hls_utils.h:510->C:\scratch\2024.1\hls_product\545\2024.1\src\shared\hls\clib/hlsmath/include/FloatingPoint\hls_hotbm.h:287]   --->   Operation 197 'bitconcatenate' 't_2' <Predicate = true> <Delay = 0.00>
ST_14 : Operation 198 [1/1] (0.00ns)   --->   "%bitcast_ln497 = bitcast i64 %t_2" [C:\scratch\2024.1\hls_product\545\2024.1\src\shared\hls\clib/src/hls\utils/x_hls_utils.h:497->C:\scratch\2024.1\hls_product\545\2024.1\src\shared\hls\clib/src/hls\utils/x_hls_utils.h:510->C:\scratch\2024.1\hls_product\545\2024.1\src\shared\hls\clib/hlsmath/include/FloatingPoint\hls_hotbm.h:287]   --->   Operation 198 'bitcast' 'bitcast_ln497' <Predicate = true> <Delay = 0.00>
ST_14 : Operation 199 [1/1] (0.00ns)   --->   "%ret_ln287 = ret i64 %bitcast_ln497" [C:\scratch\2024.1\hls_product\545\2024.1\src\shared\hls\clib/hlsmath/include/FloatingPoint\hls_hotbm.h:287]   --->   Operation 199 'ret' 'ret_ln287' <Predicate = true> <Delay = 0.00>


============================================================
+ Verbose Summary: Binding
============================================================
STG Binding: 
---------------- STG Properties BEGIN ----------------
- Is combinational: 0
- Is one-state seq: 0
- Is datapath-only: 0
- Is pipelined: 0
- Is top level: 0
Port [ Return ] is wired: 1; IO mode=ap_ctrl_hs:ce=0
Port [ t_in]:  wired=1; compound=0; hidden=0; nouse=0; global=0; static=0; extern=0; dir=0; type=0; pingpong=0; private_global=0; IO mode=ap_none:ce=0
Port [ do_cos]:  wired=1; compound=0; hidden=0; nouse=0; global=0; static=0; extern=0; dir=0; type=0; pingpong=0; private_global=0; IO mode=ap_none:ce=0
Port [ ref_4oPi_table_256]:  wired=0; compound=1; hidden=1; nouse=0; global=1; static=1; extern=0; dir=0; type=1; pingpong=0; private_global=1; MemPort=[1]; IO mode=ap_memory:ce=0
Port [ fourth_order_double_sin_cos_K0]:  wired=0; compound=1; hidden=1; nouse=0; global=1; static=1; extern=0; dir=0; type=1; pingpong=0; private_global=1; MemPort=[1]; IO mode=ap_memory:ce=0
Port [ fourth_order_double_sin_cos_K1]:  wired=0; compound=1; hidden=1; nouse=0; global=1; static=1; extern=0; dir=0; type=1; pingpong=0; private_global=1; MemPort=[1]; IO mode=ap_memory:ce=0
Port [ fourth_order_double_sin_cos_K2]:  wired=0; compound=1; hidden=1; nouse=0; global=1; static=1; extern=0; dir=0; type=1; pingpong=0; private_global=1; MemPort=[1]; IO mode=ap_memory:ce=0
Port [ fourth_order_double_sin_cos_K3]:  wired=0; compound=1; hidden=1; nouse=0; global=1; static=1; extern=0; dir=0; type=1; pingpong=0; private_global=1; MemPort=[1]; IO mode=ap_memory:ce=0
Port [ fourth_order_double_sin_cos_K4]:  wired=0; compound=1; hidden=1; nouse=0; global=1; static=1; extern=0; dir=0; type=1; pingpong=0; private_global=1; MemPort=[1]; IO mode=ap_memory:ce=0
---------------- STG Properties END ------------------

---------------- Datapath Model BEGIN ----------------

<LifeTime>
<method=bitvector/>
t_in_read                           (read          ) [ 000000000000000]
in_shift_loc                        (alloca        ) [ 001111111111111]
shift_1_loc                         (alloca        ) [ 001111111111111]
c_loc                               (alloca        ) [ 001111111111100]
c_1_loc                             (alloca        ) [ 001111111111100]
c_2_loc                             (alloca        ) [ 001111111111100]
c_3_loc                             (alloca        ) [ 001111111111100]
out_bits_7_loc                      (alloca        ) [ 001111111110000]
out_bits_8_loc                      (alloca        ) [ 001111111110000]
out_bits_9_loc                      (alloca        ) [ 001111111110000]
out_bits_3_loc                      (alloca        ) [ 011111111000000]
out_bits_4_loc                      (alloca        ) [ 011111111000000]
out_bits_5_loc                      (alloca        ) [ 011111111000000]
data                                (bitcast       ) [ 000000000000000]
din_sign                            (bitselect     ) [ 001111100000000]
din_exp                             (partselect    ) [ 001110000000000]
din_sig                             (trunc         ) [ 001000000000000]
closepath                           (icmp          ) [ 001110000000000]
add_ln396                           (add           ) [ 000000000000000]
addr                                (select        ) [ 000000000000000]
tmp_2                               (partselect    ) [ 000000000000000]
zext_ln397                          (zext          ) [ 000000000000000]
ref_4oPi_table_256_addr             (getelementptr ) [ 001000000000000]
trunc_ln398                         (trunc         ) [ 001000000000000]
X                                   (bitconcatenate) [ 000000000000000]
table_256                           (load          ) [ 000000000000000]
zext_ln398                          (zext          ) [ 000000000000000]
shl_ln398                           (shl           ) [ 000000000000000]
Med                                 (partselect    ) [ 000100000000000]
zext_ln468                          (zext          ) [ 000100000000000]
call_ln0                            (call          ) [ 000000000000000]
icmp_ln271                          (icmp          ) [ 000000000000000]
icmp_ln271_1                        (icmp          ) [ 000000000000000]
and_ln271                           (and           ) [ 000111111111111]
h                                   (mul           ) [ 000000000000000]
Mx_bits                             (partselect    ) [ 000010000000000]
k                                   (partselect    ) [ 000010000000000]
Ex                                  (add           ) [ 000000000000000]
select_ln453                        (select        ) [ 000000000000000]
k_1                                 (select        ) [ 000001100000000]
trunc_ln491                         (trunc         ) [ 000000000000000]
Mx_bits_1                           (sub           ) [ 000000000000000]
Mx_bits_2                           (select        ) [ 000000000000000]
tmp_3                               (partselect    ) [ 000000000000000]
t                                   (bitconcatenate) [ 000000000000000]
tmp_s                               (partselect    ) [ 000000000000000]
tmp_1                               (bitconcatenate) [ 000000000000000]
sext_ln75                           (sext          ) [ 000000000000000]
tmp_5                               (cttz          ) [ 000000000000000]
Mx_zeros                            (trunc         ) [ 000000000000000]
zext_ln505                          (zext          ) [ 000000000000000]
zext_ln504                          (zext          ) [ 000000000000000]
shl_ln504                           (shl           ) [ 000000000000000]
Mx                                  (partselect    ) [ 000001111000000]
Ex_1                                (sub           ) [ 000001111111111]
tmp                                 (bitselect     ) [ 000001000000000]
icmp_ln282                          (icmp          ) [ 000001111111111]
sub_ln506                           (sub           ) [ 000000000000000]
select_ln506                        (select        ) [ 000000000000000]
zext_ln506                          (zext          ) [ 000000000000000]
lshr_ln506                          (lshr          ) [ 000000000000000]
shl_ln506                           (shl           ) [ 000000000000000]
x                                   (select        ) [ 000000000000000]
tmp_4                               (partselect    ) [ 000000100000000]
B                                   (trunc         ) [ 000000110000000]
B_trunc                             (partselect    ) [ 000000000000000]
zext_ln25                           (zext          ) [ 000000100000000]
mul_ln25                            (mul           ) [ 000000000000000]
B_squared                           (partselect    ) [ 000000110000000]
do_cos_read                         (read          ) [ 000000011111111]
tmp_9                               (sparsemux     ) [ 000000000000000]
xor_ln242                           (xor           ) [ 000000000000000]
zext_ln25_1                         (zext          ) [ 000000000000000]
mul_ln26                            (mul           ) [ 000000000000000]
mul_ln27                            (mul           ) [ 000000000000000]
sin_basis                           (select        ) [ 000000000000000]
A                                   (bitconcatenate) [ 000000000000000]
zext_ln32                           (zext          ) [ 000000000000000]
fourth_order_double_sin_cos_K0_addr (getelementptr ) [ 000000010000000]
fourth_order_double_sin_cos_K1_addr (getelementptr ) [ 000000010000000]
fourth_order_double_sin_cos_K2_addr (getelementptr ) [ 000000010000000]
tmp_7                               (partselect    ) [ 000000010000000]
fourth_order_double_sin_cos_K3_addr (getelementptr ) [ 000000010000000]
tmp_8                               (partselect    ) [ 000000010000000]
fourth_order_double_sin_cos_K4_addr (getelementptr ) [ 000000010000000]
cos_basis                           (select        ) [ 000000011111111]
index                               (bitconcatenate) [ 000000000000000]
tmp_12                              (sparsemux     ) [ 000000000000000]
tmp_13                              (sparsemux     ) [ 000000000000000]
results_sign                        (select        ) [ 000000000000000]
xor_ln278                           (xor           ) [ 000000000000000]
results_sign_2                      (and           ) [ 000000000000000]
xor_ln282                           (xor           ) [ 000000000000000]
results_sign_4                      (and           ) [ 000000000000000]
results_sign_3                      (select        ) [ 000000011111111]
t1                                  (load          ) [ 000000000000000]
t1_1                                (bitconcatenate) [ 000000000000000]
zext_ln33                           (zext          ) [ 000000000000000]
fourth_order_double_sin_cos_K1_load (load          ) [ 000000000000000]
sext_ln33                           (sext          ) [ 000000000000000]
mul_ln33                            (mul           ) [ 000000000000000]
trunc_ln                            (partselect    ) [ 000000000000000]
zext_ln34                           (zext          ) [ 000000000000000]
fourth_order_double_sin_cos_K2_load (load          ) [ 000000000000000]
sext_ln34                           (sext          ) [ 000000000000000]
mul_ln34                            (mul           ) [ 000000000000000]
trunc_ln1                           (partselect    ) [ 000000000000000]
zext_ln35_1                         (zext          ) [ 000000000000000]
fourth_order_double_sin_cos_K3_load (load          ) [ 000000000000000]
zext_ln35                           (zext          ) [ 000000000000000]
mul_ln35                            (mul           ) [ 000000000000000]
zext_ln36_1                         (zext          ) [ 000000000000000]
fourth_order_double_sin_cos_K4_load (load          ) [ 000000000000000]
zext_ln36                           (zext          ) [ 000000000000000]
mul_ln36                            (mul           ) [ 000000000000000]
lshr_ln                             (partselect    ) [ 000000000000000]
sext_ln37                           (sext          ) [ 000000000000000]
sext_ln37_1                         (sext          ) [ 000000000000000]
add_ln37                            (add           ) [ 000000000000000]
sext_ln37_2                         (sext          ) [ 000000000000000]
add_ln37_1                          (add           ) [ 000000000000000]
tmp_10                              (partselect    ) [ 000000000000000]
zext_ln37_1                         (zext          ) [ 000000000000000]
add_ln37_2                          (add           ) [ 000000000000000]
zext_ln242                          (zext          ) [ 000000000000000]
add_ln37_3                          (add           ) [ 000000001000000]
out_bits_5_loc_load                 (load          ) [ 000000000100000]
out_bits_4_loc_load                 (load          ) [ 000000000100000]
out_bits_3_loc_load                 (load          ) [ 000000000100000]
sext_ln243                          (sext          ) [ 000000000000000]
Mx_2                                (select        ) [ 000000000000000]
zext_ln37                           (zext          ) [ 000000000000000]
mul_ln37                            (mul           ) [ 000000000000000]
result                              (partselect    ) [ 000000000111110]
tmp_6                               (partselect    ) [ 000000000110000]
call_ln37                           (call          ) [ 000000000000000]
out_bits_9_loc_load                 (load          ) [ 000000000001000]
out_bits_8_loc_load                 (load          ) [ 000000000001000]
out_bits_7_loc_load                 (load          ) [ 000000000001000]
out_bits_6                          (bitconcatenate) [ 000000000001000]
call_ln410                          (call          ) [ 000000000000000]
c_3_loc_load                        (load          ) [ 000000000000010]
c_2_loc_load                        (load          ) [ 000000000000010]
c_1_loc_load                        (load          ) [ 000000000000010]
c_loc_load                          (load          ) [ 000000000000010]
icmp_ln433                          (icmp          ) [ 000000000000011]
call_ln37                           (call          ) [ 000000000000000]
specmemcore_ln16                    (specmemcore   ) [ 000000000000000]
specmemcore_ln17                    (specmemcore   ) [ 000000000000000]
specmemcore_ln18                    (specmemcore   ) [ 000000000000000]
specmemcore_ln19                    (specmemcore   ) [ 000000000000000]
specmemcore_ln20                    (specmemcore   ) [ 000000000000000]
Ex_3                                (select        ) [ 000000000000000]
sext_ln252                          (sext          ) [ 000000000000000]
shift_1_loc_load                    (load          ) [ 000000000000000]
in_shift_loc_load                   (load          ) [ 000000000000000]
add_ln432                           (add           ) [ 000000000000000]
sext_ln432                          (sext          ) [ 000000000000000]
newexp                              (sub           ) [ 000000000000000]
tmp_11                              (bitselect     ) [ 000000000000000]
or_ln433                            (or            ) [ 000000000000000]
empty                               (trunc         ) [ 000000000000000]
phitmp                              (partselect    ) [ 000000000000000]
select_ln259                        (select        ) [ 000000000000000]
select_ln282                        (select        ) [ 000000000000000]
or_ln282                            (or            ) [ 000000000000000]
results_exp                         (select        ) [ 000000000000000]
select_ln282_2                      (select        ) [ 000000000000000]
results_sig                         (select        ) [ 000000000000000]
results_exp_1                       (select        ) [ 000000000000000]
results_sig_1                       (select        ) [ 000000000000000]
t_2                                 (bitconcatenate) [ 000000000000000]
bitcast_ln497                       (bitcast       ) [ 000000000000000]
ret_ln287                           (ret           ) [ 000000000000000]
</LifeTime>

<model>

<comp_list>
<comp id="0" class="1000" name="t_in">
<pin_list>
<pin id="1" dir="1" index="0" bw="1" slack="0"/>
</pin_list>
<bind>
<StgValue><ssdm name="t_in"/></StgValue>
</bind>
</comp>

<comp id="2" class="1000" name="do_cos">
<pin_list>
<pin id="3" dir="1" index="0" bw="1" slack="0"/>
</pin_list>
<bind>
<StgValue><ssdm name="do_cos"/></StgValue>
</bind>
</comp>

<comp id="4" class="1000" name="ref_4oPi_table_256">
<pin_list>
<pin id="5" dir="1" index="0" bw="1" slack="0"/>
</pin_list>
<bind>
<StgValue><ssdm name="ref_4oPi_table_256"/><MemPortTyVec>1 </MemPortTyVec>
</StgValue>
</bind>
</comp>

<comp id="6" class="1000" name="fourth_order_double_sin_cos_K0">
<pin_list>
<pin id="7" dir="1" index="0" bw="1" slack="0"/>
</pin_list>
<bind>
<StgValue><ssdm name="fourth_order_double_sin_cos_K0"/><MemPortTyVec>1 </MemPortTyVec>
</StgValue>
</bind>
</comp>

<comp id="8" class="1000" name="fourth_order_double_sin_cos_K1">
<pin_list>
<pin id="9" dir="1" index="0" bw="1" slack="0"/>
</pin_list>
<bind>
<StgValue><ssdm name="fourth_order_double_sin_cos_K1"/><MemPortTyVec>1 </MemPortTyVec>
</StgValue>
</bind>
</comp>

<comp id="10" class="1000" name="fourth_order_double_sin_cos_K2">
<pin_list>
<pin id="11" dir="1" index="0" bw="1" slack="0"/>
</pin_list>
<bind>
<StgValue><ssdm name="fourth_order_double_sin_cos_K2"/><MemPortTyVec>1 </MemPortTyVec>
</StgValue>
</bind>
</comp>

<comp id="12" class="1000" name="fourth_order_double_sin_cos_K3">
<pin_list>
<pin id="13" dir="1" index="0" bw="1" slack="0"/>
</pin_list>
<bind>
<StgValue><ssdm name="fourth_order_double_sin_cos_K3"/><MemPortTyVec>1 </MemPortTyVec>
</StgValue>
</bind>
</comp>

<comp id="14" class="1000" name="fourth_order_double_sin_cos_K4">
<pin_list>
<pin id="15" dir="1" index="0" bw="1" slack="0"/>
</pin_list>
<bind>
<StgValue><ssdm name="fourth_order_double_sin_cos_K4"/><MemPortTyVec>1 </MemPortTyVec>
</StgValue>
</bind>
</comp>

<comp id="16" class="1001" name="const_16">
<pin_list>
<pin id="17" dir="1" index="0" bw="1" slack="0"/>
</pin_list>
<bind>
<StgValue><ssdm name="_ssdm_op_Read.ap_auto.double"/></StgValue>
</bind>
</comp>

<comp id="18" class="1001" name="const_18">
<pin_list>
<pin id="19" dir="1" index="0" bw="1" slack="0"/>
</pin_list>
<bind>
<StgValue><ssdm name=""/></StgValue>
</bind>
</comp>

<comp id="20" class="1001" name="const_20">
<pin_list>
<pin id="21" dir="1" index="0" bw="1" slack="0"/>
</pin_list>
<bind>
<StgValue><ssdm name="_ssdm_op_BitSelect.i1.i64.i32"/></StgValue>
</bind>
</comp>

<comp id="22" class="1001" name="const_22">
<pin_list>
<pin id="23" dir="1" index="0" bw="1" slack="0"/>
</pin_list>
<bind>
<StgValue><ssdm name=""/></StgValue>
</bind>
</comp>

<comp id="24" class="1001" name="const_24">
<pin_list>
<pin id="25" dir="1" index="0" bw="1" slack="0"/>
</pin_list>
<bind>
<StgValue><ssdm name="_ssdm_op_PartSelect.i11.i64.i32.i32"/></StgValue>
</bind>
</comp>

<comp id="26" class="1001" name="const_26">
<pin_list>
<pin id="27" dir="1" index="0" bw="1" slack="0"/>
</pin_list>
<bind>
<StgValue><ssdm name=""/></StgValue>
</bind>
</comp>

<comp id="28" class="1001" name="const_28">
<pin_list>
<pin id="29" dir="1" index="0" bw="1" slack="0"/>
</pin_list>
<bind>
<StgValue><ssdm name=""/></StgValue>
</bind>
</comp>

<comp id="30" class="1001" name="const_30">
<pin_list>
<pin id="31" dir="1" index="0" bw="1" slack="0"/>
</pin_list>
<bind>
<StgValue><ssdm name=""/></StgValue>
</bind>
</comp>

<comp id="32" class="1001" name="const_32">
<pin_list>
<pin id="33" dir="1" index="0" bw="1" slack="0"/>
</pin_list>
<bind>
<StgValue><ssdm name=""/></StgValue>
</bind>
</comp>

<comp id="34" class="1001" name="const_34">
<pin_list>
<pin id="35" dir="1" index="0" bw="1" slack="0"/>
</pin_list>
<bind>
<StgValue><ssdm name=""/></StgValue>
</bind>
</comp>

<comp id="36" class="1001" name="const_36">
<pin_list>
<pin id="37" dir="1" index="0" bw="1" slack="0"/>
</pin_list>
<bind>
<StgValue><ssdm name="_ssdm_op_PartSelect.i4.i11.i32.i32"/></StgValue>
</bind>
</comp>

<comp id="38" class="1001" name="const_38">
<pin_list>
<pin id="39" dir="1" index="0" bw="1" slack="0"/>
</pin_list>
<bind>
<StgValue><ssdm name=""/></StgValue>
</bind>
</comp>

<comp id="40" class="1001" name="const_40">
<pin_list>
<pin id="41" dir="1" index="0" bw="1" slack="0"/>
</pin_list>
<bind>
<StgValue><ssdm name=""/></StgValue>
</bind>
</comp>

<comp id="42" class="1001" name="const_42">
<pin_list>
<pin id="43" dir="1" index="0" bw="1" slack="0"/>
</pin_list>
<bind>
<StgValue><ssdm name=""/></StgValue>
</bind>
</comp>

<comp id="44" class="1001" name="const_44">
<pin_list>
<pin id="45" dir="1" index="0" bw="1" slack="0"/>
</pin_list>
<bind>
<StgValue><ssdm name="sin_or_cos<double>_Pipeline_1"/></StgValue>
</bind>
</comp>

<comp id="46" class="1001" name="const_46">
<pin_list>
<pin id="47" dir="1" index="0" bw="1" slack="0"/>
</pin_list>
<bind>
<StgValue><ssdm name="_ssdm_op_BitConcatenate.i53.i1.i52"/></StgValue>
</bind>
</comp>

<comp id="48" class="1001" name="const_48">
<pin_list>
<pin id="49" dir="1" index="0" bw="1" slack="0"/>
</pin_list>
<bind>
<StgValue><ssdm name=""/></StgValue>
</bind>
</comp>

<comp id="50" class="1001" name="const_50">
<pin_list>
<pin id="51" dir="1" index="0" bw="1" slack="0"/>
</pin_list>
<bind>
<StgValue><ssdm name="_ssdm_op_PartSelect.i170.i256.i32.i32"/></StgValue>
</bind>
</comp>

<comp id="52" class="1001" name="const_52">
<pin_list>
<pin id="53" dir="1" index="0" bw="1" slack="0"/>
</pin_list>
<bind>
<StgValue><ssdm name=""/></StgValue>
</bind>
</comp>

<comp id="54" class="1001" name="const_54">
<pin_list>
<pin id="55" dir="1" index="0" bw="1" slack="0"/>
</pin_list>
<bind>
<StgValue><ssdm name=""/></StgValue>
</bind>
</comp>

<comp id="56" class="1001" name="const_56">
<pin_list>
<pin id="57" dir="1" index="0" bw="1" slack="0"/>
</pin_list>
<bind>
<StgValue><ssdm name=""/></StgValue>
</bind>
</comp>

<comp id="58" class="1001" name="const_58">
<pin_list>
<pin id="59" dir="1" index="0" bw="1" slack="0"/>
</pin_list>
<bind>
<StgValue><ssdm name=""/></StgValue>
</bind>
</comp>

<comp id="60" class="1001" name="const_60">
<pin_list>
<pin id="61" dir="1" index="0" bw="1" slack="0"/>
</pin_list>
<bind>
<StgValue><ssdm name="_ssdm_op_PartSelect.i124.i170.i32.i32"/></StgValue>
</bind>
</comp>

<comp id="62" class="1001" name="const_62">
<pin_list>
<pin id="63" dir="1" index="0" bw="1" slack="0"/>
</pin_list>
<bind>
<StgValue><ssdm name=""/></StgValue>
</bind>
</comp>

<comp id="64" class="1001" name="const_64">
<pin_list>
<pin id="65" dir="1" index="0" bw="1" slack="0"/>
</pin_list>
<bind>
<StgValue><ssdm name=""/></StgValue>
</bind>
</comp>

<comp id="66" class="1001" name="const_66">
<pin_list>
<pin id="67" dir="1" index="0" bw="1" slack="0"/>
</pin_list>
<bind>
<StgValue><ssdm name="_ssdm_op_PartSelect.i3.i170.i32.i32"/></StgValue>
</bind>
</comp>

<comp id="68" class="1001" name="const_68">
<pin_list>
<pin id="69" dir="1" index="0" bw="1" slack="0"/>
</pin_list>
<bind>
<StgValue><ssdm name=""/></StgValue>
</bind>
</comp>

<comp id="70" class="1001" name="const_70">
<pin_list>
<pin id="71" dir="1" index="0" bw="1" slack="0"/>
</pin_list>
<bind>
<StgValue><ssdm name=""/></StgValue>
</bind>
</comp>

<comp id="72" class="1001" name="const_72">
<pin_list>
<pin id="73" dir="1" index="0" bw="1" slack="0"/>
</pin_list>
<bind>
<StgValue><ssdm name=""/></StgValue>
</bind>
</comp>

<comp id="74" class="1001" name="const_74">
<pin_list>
<pin id="75" dir="1" index="0" bw="1" slack="0"/>
</pin_list>
<bind>
<StgValue><ssdm name=""/></StgValue>
</bind>
</comp>

<comp id="76" class="1001" name="const_76">
<pin_list>
<pin id="77" dir="1" index="0" bw="1" slack="0"/>
</pin_list>
<bind>
<StgValue><ssdm name=""/></StgValue>
</bind>
</comp>

<comp id="78" class="1001" name="const_78">
<pin_list>
<pin id="79" dir="1" index="0" bw="1" slack="0"/>
</pin_list>
<bind>
<StgValue><ssdm name="_ssdm_op_PartSelect.i61.i124.i32.i32"/></StgValue>
</bind>
</comp>

<comp id="80" class="1001" name="const_80">
<pin_list>
<pin id="81" dir="1" index="0" bw="1" slack="0"/>
</pin_list>
<bind>
<StgValue><ssdm name=""/></StgValue>
</bind>
</comp>

<comp id="82" class="1001" name="const_82">
<pin_list>
<pin id="83" dir="1" index="0" bw="1" slack="0"/>
</pin_list>
<bind>
<StgValue><ssdm name="_ssdm_op_BitConcatenate.i62.i61.i1"/></StgValue>
</bind>
</comp>

<comp id="84" class="1001" name="const_84">
<pin_list>
<pin id="85" dir="1" index="0" bw="1" slack="0"/>
</pin_list>
<bind>
<StgValue><ssdm name="llvm.part.select.i62"/></StgValue>
</bind>
</comp>

<comp id="86" class="1001" name="const_86">
<pin_list>
<pin id="87" dir="1" index="0" bw="1" slack="0"/>
</pin_list>
<bind>
<StgValue><ssdm name=""/></StgValue>
</bind>
</comp>

<comp id="88" class="1001" name="const_88">
<pin_list>
<pin id="89" dir="1" index="0" bw="1" slack="0"/>
</pin_list>
<bind>
<StgValue><ssdm name=""/></StgValue>
</bind>
</comp>

<comp id="90" class="1001" name="const_90">
<pin_list>
<pin id="91" dir="1" index="0" bw="1" slack="0"/>
</pin_list>
<bind>
<StgValue><ssdm name="_ssdm_op_BitConcatenate.i63.i1.i62"/></StgValue>
</bind>
</comp>

<comp id="92" class="1001" name="const_92">
<pin_list>
<pin id="93" dir="1" index="0" bw="1" slack="0"/>
</pin_list>
<bind>
<StgValue><ssdm name="llvm.cttz.i64"/></StgValue>
</bind>
</comp>

<comp id="94" class="1001" name="const_94">
<pin_list>
<pin id="95" dir="1" index="0" bw="1" slack="0"/>
</pin_list>
<bind>
<StgValue><ssdm name="_ssdm_op_PartSelect.i63.i124.i32.i32"/></StgValue>
</bind>
</comp>

<comp id="96" class="1001" name="const_96">
<pin_list>
<pin id="97" dir="1" index="0" bw="1" slack="0"/>
</pin_list>
<bind>
<StgValue><ssdm name="_ssdm_op_BitSelect.i1.i11.i32"/></StgValue>
</bind>
</comp>

<comp id="98" class="1001" name="const_98">
<pin_list>
<pin id="99" dir="1" index="0" bw="1" slack="0"/>
</pin_list>
<bind>
<StgValue><ssdm name=""/></StgValue>
</bind>
</comp>

<comp id="100" class="1001" name="const_100">
<pin_list>
<pin id="101" dir="1" index="0" bw="1" slack="0"/>
</pin_list>
<bind>
<StgValue><ssdm name="_ssdm_op_PartSelect.i7.i63.i32.i32"/></StgValue>
</bind>
</comp>

<comp id="102" class="1001" name="const_102">
<pin_list>
<pin id="103" dir="1" index="0" bw="1" slack="0"/>
</pin_list>
<bind>
<StgValue><ssdm name=""/></StgValue>
</bind>
</comp>

<comp id="104" class="1001" name="const_104">
<pin_list>
<pin id="105" dir="1" index="0" bw="1" slack="0"/>
</pin_list>
<bind>
<StgValue><ssdm name="_ssdm_op_PartSelect.i49.i63.i32.i32"/></StgValue>
</bind>
</comp>

<comp id="106" class="1001" name="const_106">
<pin_list>
<pin id="107" dir="1" index="0" bw="1" slack="0"/>
</pin_list>
<bind>
<StgValue><ssdm name=""/></StgValue>
</bind>
</comp>

<comp id="108" class="1001" name="const_108">
<pin_list>
<pin id="109" dir="1" index="0" bw="1" slack="0"/>
</pin_list>
<bind>
<StgValue><ssdm name="_ssdm_op_PartSelect.i49.i98.i32.i32"/></StgValue>
</bind>
</comp>

<comp id="110" class="1001" name="const_110">
<pin_list>
<pin id="111" dir="1" index="0" bw="1" slack="0"/>
</pin_list>
<bind>
<StgValue><ssdm name=""/></StgValue>
</bind>
</comp>

<comp id="112" class="1001" name="const_112">
<pin_list>
<pin id="113" dir="1" index="0" bw="1" slack="0"/>
</pin_list>
<bind>
<StgValue><ssdm name=""/></StgValue>
</bind>
</comp>

<comp id="114" class="1001" name="const_114">
<pin_list>
<pin id="115" dir="1" index="0" bw="1" slack="0"/>
</pin_list>
<bind>
<StgValue><ssdm name="_ssdm_op_Read.ap_auto.i1"/></StgValue>
</bind>
</comp>

<comp id="116" class="1001" name="const_116">
<pin_list>
<pin id="117" dir="1" index="0" bw="1" slack="0"/>
</pin_list>
<bind>
<StgValue><ssdm name="_ssdm_op_SparseMux.ap_auto.8i1.i1.i3"/></StgValue>
</bind>
</comp>

<comp id="118" class="1001" name="const_118">
<pin_list>
<pin id="119" dir="1" index="0" bw="1" slack="0"/>
</pin_list>
<bind>
<StgValue><ssdm name=""/></StgValue>
</bind>
</comp>

<comp id="120" class="1001" name="const_120">
<pin_list>
<pin id="121" dir="1" index="0" bw="1" slack="0"/>
</pin_list>
<bind>
<StgValue><ssdm name=""/></StgValue>
</bind>
</comp>

<comp id="122" class="1001" name="const_122">
<pin_list>
<pin id="123" dir="1" index="0" bw="1" slack="0"/>
</pin_list>
<bind>
<StgValue><ssdm name=""/></StgValue>
</bind>
</comp>

<comp id="124" class="1001" name="const_124">
<pin_list>
<pin id="125" dir="1" index="0" bw="1" slack="0"/>
</pin_list>
<bind>
<StgValue><ssdm name=""/></StgValue>
</bind>
</comp>

<comp id="126" class="1001" name="const_126">
<pin_list>
<pin id="127" dir="1" index="0" bw="1" slack="0"/>
</pin_list>
<bind>
<StgValue><ssdm name=""/></StgValue>
</bind>
</comp>

<comp id="128" class="1001" name="const_128">
<pin_list>
<pin id="129" dir="1" index="0" bw="1" slack="0"/>
</pin_list>
<bind>
<StgValue><ssdm name=""/></StgValue>
</bind>
</comp>

<comp id="130" class="1001" name="const_130">
<pin_list>
<pin id="131" dir="1" index="0" bw="1" slack="0"/>
</pin_list>
<bind>
<StgValue><ssdm name=""/></StgValue>
</bind>
</comp>

<comp id="132" class="1001" name="const_132">
<pin_list>
<pin id="133" dir="1" index="0" bw="1" slack="0"/>
</pin_list>
<bind>
<StgValue><ssdm name=""/></StgValue>
</bind>
</comp>

<comp id="134" class="1001" name="const_134">
<pin_list>
<pin id="135" dir="1" index="0" bw="1" slack="0"/>
</pin_list>
<bind>
<StgValue><ssdm name=""/></StgValue>
</bind>
</comp>

<comp id="136" class="1001" name="const_136">
<pin_list>
<pin id="137" dir="1" index="0" bw="1" slack="0"/>
</pin_list>
<bind>
<StgValue><ssdm name="_ssdm_op_BitConcatenate.i8.i1.i7"/></StgValue>
</bind>
</comp>

<comp id="138" class="1001" name="const_138">
<pin_list>
<pin id="139" dir="1" index="0" bw="1" slack="0"/>
</pin_list>
<bind>
<StgValue><ssdm name="_ssdm_op_PartSelect.i42.i98.i32.i32"/></StgValue>
</bind>
</comp>

<comp id="140" class="1001" name="const_140">
<pin_list>
<pin id="141" dir="1" index="0" bw="1" slack="0"/>
</pin_list>
<bind>
<StgValue><ssdm name="_ssdm_op_PartSelect.i35.i98.i32.i32"/></StgValue>
</bind>
</comp>

<comp id="142" class="1001" name="const_142">
<pin_list>
<pin id="143" dir="1" index="0" bw="1" slack="0"/>
</pin_list>
<bind>
<StgValue><ssdm name="_ssdm_op_BitConcatenate.i4.i1.i3"/></StgValue>
</bind>
</comp>

<comp id="144" class="1001" name="const_144">
<pin_list>
<pin id="145" dir="1" index="0" bw="1" slack="0"/>
</pin_list>
<bind>
<StgValue><ssdm name="_ssdm_op_SparseMux.ap_auto.16i1.i1.i4"/></StgValue>
</bind>
</comp>

<comp id="146" class="1001" name="const_146">
<pin_list>
<pin id="147" dir="1" index="0" bw="1" slack="0"/>
</pin_list>
<bind>
<StgValue><ssdm name=""/></StgValue>
</bind>
</comp>

<comp id="148" class="1001" name="const_148">
<pin_list>
<pin id="149" dir="1" index="0" bw="1" slack="0"/>
</pin_list>
<bind>
<StgValue><ssdm name=""/></StgValue>
</bind>
</comp>

<comp id="150" class="1001" name="const_150">
<pin_list>
<pin id="151" dir="1" index="0" bw="1" slack="0"/>
</pin_list>
<bind>
<StgValue><ssdm name=""/></StgValue>
</bind>
</comp>

<comp id="152" class="1001" name="const_152">
<pin_list>
<pin id="153" dir="1" index="0" bw="1" slack="0"/>
</pin_list>
<bind>
<StgValue><ssdm name=""/></StgValue>
</bind>
</comp>

<comp id="154" class="1001" name="const_154">
<pin_list>
<pin id="155" dir="1" index="0" bw="1" slack="0"/>
</pin_list>
<bind>
<StgValue><ssdm name=""/></StgValue>
</bind>
</comp>

<comp id="156" class="1001" name="const_156">
<pin_list>
<pin id="157" dir="1" index="0" bw="1" slack="0"/>
</pin_list>
<bind>
<StgValue><ssdm name=""/></StgValue>
</bind>
</comp>

<comp id="158" class="1001" name="const_158">
<pin_list>
<pin id="159" dir="1" index="0" bw="1" slack="0"/>
</pin_list>
<bind>
<StgValue><ssdm name=""/></StgValue>
</bind>
</comp>

<comp id="160" class="1001" name="const_160">
<pin_list>
<pin id="161" dir="1" index="0" bw="1" slack="0"/>
</pin_list>
<bind>
<StgValue><ssdm name=""/></StgValue>
</bind>
</comp>

<comp id="162" class="1001" name="const_162">
<pin_list>
<pin id="163" dir="1" index="0" bw="1" slack="0"/>
</pin_list>
<bind>
<StgValue><ssdm name=""/></StgValue>
</bind>
</comp>

<comp id="164" class="1001" name="const_164">
<pin_list>
<pin id="165" dir="1" index="0" bw="1" slack="0"/>
</pin_list>
<bind>
<StgValue><ssdm name=""/></StgValue>
</bind>
</comp>

<comp id="166" class="1001" name="const_166">
<pin_list>
<pin id="167" dir="1" index="0" bw="1" slack="0"/>
</pin_list>
<bind>
<StgValue><ssdm name=""/></StgValue>
</bind>
</comp>

<comp id="168" class="1001" name="const_168">
<pin_list>
<pin id="169" dir="1" index="0" bw="1" slack="0"/>
</pin_list>
<bind>
<StgValue><ssdm name=""/></StgValue>
</bind>
</comp>

<comp id="170" class="1001" name="const_170">
<pin_list>
<pin id="171" dir="1" index="0" bw="1" slack="0"/>
</pin_list>
<bind>
<StgValue><ssdm name=""/></StgValue>
</bind>
</comp>

<comp id="172" class="1001" name="const_172">
<pin_list>
<pin id="173" dir="1" index="0" bw="1" slack="0"/>
</pin_list>
<bind>
<StgValue><ssdm name=""/></StgValue>
</bind>
</comp>

<comp id="174" class="1001" name="const_174">
<pin_list>
<pin id="175" dir="1" index="0" bw="1" slack="0"/>
</pin_list>
<bind>
<StgValue><ssdm name=""/></StgValue>
</bind>
</comp>

<comp id="176" class="1001" name="const_176">
<pin_list>
<pin id="177" dir="1" index="0" bw="1" slack="0"/>
</pin_list>
<bind>
<StgValue><ssdm name=""/></StgValue>
</bind>
</comp>

<comp id="178" class="1001" name="const_178">
<pin_list>
<pin id="179" dir="1" index="0" bw="1" slack="0"/>
</pin_list>
<bind>
<StgValue><ssdm name="_ssdm_op_BitConcatenate.i63.i59.i4"/></StgValue>
</bind>
</comp>

<comp id="180" class="1001" name="const_180">
<pin_list>
<pin id="181" dir="1" index="0" bw="1" slack="0"/>
</pin_list>
<bind>
<StgValue><ssdm name="_ssdm_op_PartSelect.i56.i108.i32.i32"/></StgValue>
</bind>
</comp>

<comp id="182" class="1001" name="const_182">
<pin_list>
<pin id="183" dir="1" index="0" bw="1" slack="0"/>
</pin_list>
<bind>
<StgValue><ssdm name=""/></StgValue>
</bind>
</comp>

<comp id="184" class="1001" name="const_184">
<pin_list>
<pin id="185" dir="1" index="0" bw="1" slack="0"/>
</pin_list>
<bind>
<StgValue><ssdm name="_ssdm_op_PartSelect.i48.i93.i32.i32"/></StgValue>
</bind>
</comp>

<comp id="186" class="1001" name="const_186">
<pin_list>
<pin id="187" dir="1" index="0" bw="1" slack="0"/>
</pin_list>
<bind>
<StgValue><ssdm name=""/></StgValue>
</bind>
</comp>

<comp id="188" class="1001" name="const_188">
<pin_list>
<pin id="189" dir="1" index="0" bw="1" slack="0"/>
</pin_list>
<bind>
<StgValue><ssdm name=""/></StgValue>
</bind>
</comp>

<comp id="190" class="1001" name="const_190">
<pin_list>
<pin id="191" dir="1" index="0" bw="1" slack="0"/>
</pin_list>
<bind>
<StgValue><ssdm name="_ssdm_op_PartSelect.i29.i60.i32.i32"/></StgValue>
</bind>
</comp>

<comp id="192" class="1001" name="const_192">
<pin_list>
<pin id="193" dir="1" index="0" bw="1" slack="0"/>
</pin_list>
<bind>
<StgValue><ssdm name=""/></StgValue>
</bind>
</comp>

<comp id="194" class="1001" name="const_194">
<pin_list>
<pin id="195" dir="1" index="0" bw="1" slack="0"/>
</pin_list>
<bind>
<StgValue><ssdm name=""/></StgValue>
</bind>
</comp>

<comp id="196" class="1001" name="const_196">
<pin_list>
<pin id="197" dir="1" index="0" bw="1" slack="0"/>
</pin_list>
<bind>
<StgValue><ssdm name="_ssdm_op_PartSelect.i37.i75.i32.i32"/></StgValue>
</bind>
</comp>

<comp id="198" class="1001" name="const_198">
<pin_list>
<pin id="199" dir="1" index="0" bw="1" slack="0"/>
</pin_list>
<bind>
<StgValue><ssdm name=""/></StgValue>
</bind>
</comp>

<comp id="200" class="1001" name="const_200">
<pin_list>
<pin id="201" dir="1" index="0" bw="1" slack="0"/>
</pin_list>
<bind>
<StgValue><ssdm name=""/></StgValue>
</bind>
</comp>

<comp id="202" class="1001" name="const_202">
<pin_list>
<pin id="203" dir="1" index="0" bw="1" slack="0"/>
</pin_list>
<bind>
<StgValue><ssdm name=""/></StgValue>
</bind>
</comp>

<comp id="204" class="1001" name="const_204">
<pin_list>
<pin id="205" dir="1" index="0" bw="1" slack="0"/>
</pin_list>
<bind>
<StgValue><ssdm name="_ssdm_op_PartSelect.i63.i126.i32.i32"/></StgValue>
</bind>
</comp>

<comp id="206" class="1001" name="const_206">
<pin_list>
<pin id="207" dir="1" index="0" bw="1" slack="0"/>
</pin_list>
<bind>
<StgValue><ssdm name=""/></StgValue>
</bind>
</comp>

<comp id="208" class="1001" name="const_208">
<pin_list>
<pin id="209" dir="1" index="0" bw="1" slack="0"/>
</pin_list>
<bind>
<StgValue><ssdm name="sin_or_cos<double>_Pipeline_2"/></StgValue>
</bind>
</comp>

<comp id="210" class="1001" name="const_210">
<pin_list>
<pin id="211" dir="1" index="0" bw="1" slack="0"/>
</pin_list>
<bind>
<StgValue><ssdm name="_ssdm_op_PartSelect.i15.i126.i32.i32"/></StgValue>
</bind>
</comp>

<comp id="212" class="1001" name="const_212">
<pin_list>
<pin id="213" dir="1" index="0" bw="1" slack="0"/>
</pin_list>
<bind>
<StgValue><ssdm name=""/></StgValue>
</bind>
</comp>

<comp id="214" class="1001" name="const_214">
<pin_list>
<pin id="215" dir="1" index="0" bw="1" slack="0"/>
</pin_list>
<bind>
<StgValue><ssdm name="_ssdm_op_BitConcatenate.i32.i15.i17"/></StgValue>
</bind>
</comp>

<comp id="216" class="1001" name="const_216">
<pin_list>
<pin id="217" dir="1" index="0" bw="1" slack="0"/>
</pin_list>
<bind>
<StgValue><ssdm name=""/></StgValue>
</bind>
</comp>

<comp id="218" class="1001" name="const_218">
<pin_list>
<pin id="219" dir="1" index="0" bw="1" slack="0"/>
</pin_list>
<bind>
<StgValue><ssdm name="sin_or_cos<double>_Pipeline_3"/></StgValue>
</bind>
</comp>

<comp id="220" class="1001" name="const_220">
<pin_list>
<pin id="221" dir="1" index="0" bw="1" slack="0"/>
</pin_list>
<bind>
<StgValue><ssdm name="sin_or_cos<double>_Pipeline_4"/></StgValue>
</bind>
</comp>

<comp id="222" class="1001" name="const_222">
<pin_list>
<pin id="223" dir="1" index="0" bw="1" slack="0"/>
</pin_list>
<bind>
<StgValue><ssdm name=""/></StgValue>
</bind>
</comp>

<comp id="224" class="1001" name="const_224">
<pin_list>
<pin id="225" dir="1" index="0" bw="1" slack="2147483647"/>
</pin_list>
<bind>
<StgValue><ssdm name="_ssdm_op_SpecMemCore"/></StgValue>
</bind>
</comp>

<comp id="226" class="1001" name="const_226">
<pin_list>
<pin id="227" dir="1" index="0" bw="1" slack="2147483647"/>
</pin_list>
<bind>
<StgValue><ssdm name=""/></StgValue>
</bind>
</comp>

<comp id="228" class="1001" name="const_228">
<pin_list>
<pin id="229" dir="1" index="0" bw="1" slack="2147483647"/>
</pin_list>
<bind>
<StgValue><ssdm name=""/></StgValue>
</bind>
</comp>

<comp id="230" class="1001" name="const_230">
<pin_list>
<pin id="231" dir="1" index="0" bw="1" slack="2147483647"/>
</pin_list>
<bind>
<StgValue><ssdm name=""/></StgValue>
</bind>
</comp>

<comp id="232" class="1001" name="const_232">
<pin_list>
<pin id="233" dir="1" index="0" bw="1" slack="0"/>
</pin_list>
<bind>
<StgValue><ssdm name=""/></StgValue>
</bind>
</comp>

<comp id="234" class="1001" name="const_234">
<pin_list>
<pin id="235" dir="1" index="0" bw="1" slack="0"/>
</pin_list>
<bind>
<StgValue><ssdm name="_ssdm_op_BitSelect.i1.i32.i32"/></StgValue>
</bind>
</comp>

<comp id="236" class="1001" name="const_236">
<pin_list>
<pin id="237" dir="1" index="0" bw="1" slack="0"/>
</pin_list>
<bind>
<StgValue><ssdm name="_ssdm_op_PartSelect.i52.i62.i32.i32"/></StgValue>
</bind>
</comp>

<comp id="238" class="1001" name="const_238">
<pin_list>
<pin id="239" dir="1" index="0" bw="1" slack="0"/>
</pin_list>
<bind>
<StgValue><ssdm name=""/></StgValue>
</bind>
</comp>

<comp id="240" class="1001" name="const_240">
<pin_list>
<pin id="241" dir="1" index="0" bw="1" slack="0"/>
</pin_list>
<bind>
<StgValue><ssdm name=""/></StgValue>
</bind>
</comp>

<comp id="242" class="1001" name="const_242">
<pin_list>
<pin id="243" dir="1" index="0" bw="1" slack="0"/>
</pin_list>
<bind>
<StgValue><ssdm name="_ssdm_op_BitConcatenate.i64.i1.i11.i52"/></StgValue>
</bind>
</comp>

<comp id="244" class="1004" name="in_shift_loc_fu_244">
<pin_list>
<pin id="245" dir="0" index="0" bw="1" slack="0"/>
<pin id="246" dir="1" index="1" bw="62" slack="11"/>
</pin_list>
<bind>
<opcode="alloca(26) " fcode="alloca"/>
<opset="in_shift_loc/1 "/>
</bind>
</comp>

<comp id="248" class="1004" name="shift_1_loc_fu_248">
<pin_list>
<pin id="249" dir="0" index="0" bw="1" slack="0"/>
<pin id="250" dir="1" index="1" bw="32" slack="11"/>
</pin_list>
<bind>
<opcode="alloca(26) " fcode="alloca"/>
<opset="shift_1_loc/1 "/>
</bind>
</comp>

<comp id="252" class="1004" name="c_loc_fu_252">
<pin_list>
<pin id="253" dir="0" index="0" bw="1" slack="0"/>
<pin id="254" dir="1" index="1" bw="32" slack="9"/>
</pin_list>
<bind>
<opcode="alloca(26) " fcode="alloca"/>
<opset="c_loc/1 "/>
</bind>
</comp>

<comp id="256" class="1004" name="c_1_loc_fu_256">
<pin_list>
<pin id="257" dir="0" index="0" bw="1" slack="0"/>
<pin id="258" dir="1" index="1" bw="32" slack="9"/>
</pin_list>
<bind>
<opcode="alloca(26) " fcode="alloca"/>
<opset="c_1_loc/1 "/>
</bind>
</comp>

<comp id="260" class="1004" name="c_2_loc_fu_260">
<pin_list>
<pin id="261" dir="0" index="0" bw="1" slack="0"/>
<pin id="262" dir="1" index="1" bw="32" slack="9"/>
</pin_list>
<bind>
<opcode="alloca(26) " fcode="alloca"/>
<opset="c_2_loc/1 "/>
</bind>
</comp>

<comp id="264" class="1004" name="c_3_loc_fu_264">
<pin_list>
<pin id="265" dir="0" index="0" bw="1" slack="0"/>
<pin id="266" dir="1" index="1" bw="32" slack="9"/>
</pin_list>
<bind>
<opcode="alloca(26) " fcode="alloca"/>
<opset="c_3_loc/1 "/>
</bind>
</comp>

<comp id="268" class="1004" name="out_bits_7_loc_fu_268">
<pin_list>
<pin id="269" dir="0" index="0" bw="1" slack="0"/>
<pin id="270" dir="1" index="1" bw="32" slack="7"/>
</pin_list>
<bind>
<opcode="alloca(26) " fcode="alloca"/>
<opset="out_bits_7_loc/1 "/>
</bind>
</comp>

<comp id="272" class="1004" name="out_bits_8_loc_fu_272">
<pin_list>
<pin id="273" dir="0" index="0" bw="1" slack="0"/>
<pin id="274" dir="1" index="1" bw="32" slack="7"/>
</pin_list>
<bind>
<opcode="alloca(26) " fcode="alloca"/>
<opset="out_bits_8_loc/1 "/>
</bind>
</comp>

<comp id="276" class="1004" name="out_bits_9_loc_fu_276">
<pin_list>
<pin id="277" dir="0" index="0" bw="1" slack="0"/>
<pin id="278" dir="1" index="1" bw="32" slack="7"/>
</pin_list>
<bind>
<opcode="alloca(26) " fcode="alloca"/>
<opset="out_bits_9_loc/1 "/>
</bind>
</comp>

<comp id="280" class="1004" name="out_bits_3_loc_fu_280">
<pin_list>
<pin id="281" dir="0" index="0" bw="1" slack="0"/>
<pin id="282" dir="1" index="1" bw="32" slack="0"/>
</pin_list>
<bind>
<opcode="alloca(26) " fcode="alloca"/>
<opset="out_bits_3_loc/1 "/>
</bind>
</comp>

<comp id="284" class="1004" name="out_bits_4_loc_fu_284">
<pin_list>
<pin id="285" dir="0" index="0" bw="1" slack="0"/>
<pin id="286" dir="1" index="1" bw="32" slack="0"/>
</pin_list>
<bind>
<opcode="alloca(26) " fcode="alloca"/>
<opset="out_bits_4_loc/1 "/>
</bind>
</comp>

<comp id="288" class="1004" name="out_bits_5_loc_fu_288">
<pin_list>
<pin id="289" dir="0" index="0" bw="1" slack="0"/>
<pin id="290" dir="1" index="1" bw="32" slack="0"/>
</pin_list>
<bind>
<opcode="alloca(26) " fcode="alloca"/>
<opset="out_bits_5_loc/1 "/>
</bind>
</comp>

<comp id="292" class="1004" name="t_in_read_read_fu_292">
<pin_list>
<pin id="293" dir="0" index="0" bw="64" slack="0"/>
<pin id="294" dir="0" index="1" bw="64" slack="0"/>
<pin id="295" dir="1" index="2" bw="64" slack="0"/>
</pin_list>
<bind>
<opcode="read(1150) " fcode="read"/>
<opset="t_in_read/1 "/>
</bind>
</comp>

<comp id="298" class="1004" name="do_cos_read_read_fu_298">
<pin_list>
<pin id="299" dir="0" index="0" bw="1" slack="0"/>
<pin id="300" dir="0" index="1" bw="1" slack="0"/>
<pin id="301" dir="1" index="2" bw="1" slack="0"/>
</pin_list>
<bind>
<opcode="read(1150) " fcode="read"/>
<opset="do_cos_read/6 "/>
</bind>
</comp>

<comp id="304" class="1004" name="ref_4oPi_table_256_addr_gep_fu_304">
<pin_list>
<pin id="305" dir="0" index="0" bw="256" slack="0"/>
<pin id="306" dir="0" index="1" bw="1" slack="0"/>
<pin id="307" dir="0" index="2" bw="4" slack="0"/>
<pin id="308" dir="1" index="3" bw="4" slack="0"/>
</pin_list>
<bind>
<opcode="getelementptr(29) " fcode="getelementptr"/>
<opset="ref_4oPi_table_256_addr/1 "/>
</bind>
</comp>

<comp id="311" class="1004" name="grp_access_fu_311">
<pin_list>
<pin id="312" dir="0" index="0" bw="4" slack="0"/>
<pin id="313" dir="0" index="1" bw="256" slack="2147483647"/>
<pin id="314" dir="0" index="2" bw="0" slack="2147483647"/>
<pin id="315" dir="1" index="3" bw="256" slack="0"/>
</pin_list>
<bind>
<opcode="load(27) " fcode="load"/>
<opset="table_256/1 "/>
</bind>
</comp>

<comp id="317" class="1004" name="fourth_order_double_sin_cos_K0_addr_gep_fu_317">
<pin_list>
<pin id="318" dir="0" index="0" bw="59" slack="0"/>
<pin id="319" dir="0" index="1" bw="1" slack="0"/>
<pin id="320" dir="0" index="2" bw="8" slack="0"/>
<pin id="321" dir="1" index="3" bw="8" slack="0"/>
</pin_list>
<bind>
<opcode="getelementptr(29) " fcode="getelementptr"/>
<opset="fourth_order_double_sin_cos_K0_addr/6 "/>
</bind>
</comp>

<comp id="324" class="1004" name="grp_access_fu_324">
<pin_list>
<pin id="325" dir="0" index="0" bw="8" slack="0"/>
<pin id="326" dir="0" index="1" bw="59" slack="2147483647"/>
<pin id="327" dir="0" index="2" bw="0" slack="2147483647"/>
<pin id="328" dir="1" index="3" bw="59" slack="0"/>
</pin_list>
<bind>
<opcode="load(27) " fcode="load"/>
<opset="t1/6 "/>
</bind>
</comp>

<comp id="330" class="1004" name="fourth_order_double_sin_cos_K1_addr_gep_fu_330">
<pin_list>
<pin id="331" dir="0" index="0" bw="52" slack="0"/>
<pin id="332" dir="0" index="1" bw="1" slack="0"/>
<pin id="333" dir="0" index="2" bw="8" slack="0"/>
<pin id="334" dir="1" index="3" bw="8" slack="0"/>
</pin_list>
<bind>
<opcode="getelementptr(29) " fcode="getelementptr"/>
<opset="fourth_order_double_sin_cos_K1_addr/6 "/>
</bind>
</comp>

<comp id="337" class="1004" name="grp_access_fu_337">
<pin_list>
<pin id="338" dir="0" index="0" bw="8" slack="0"/>
<pin id="339" dir="0" index="1" bw="52" slack="2147483647"/>
<pin id="340" dir="0" index="2" bw="0" slack="2147483647"/>
<pin id="341" dir="1" index="3" bw="52" slack="0"/>
</pin_list>
<bind>
<opcode="load(27) " fcode="load"/>
<opset="fourth_order_double_sin_cos_K1_load/6 "/>
</bind>
</comp>

<comp id="343" class="1004" name="fourth_order_double_sin_cos_K2_addr_gep_fu_343">
<pin_list>
<pin id="344" dir="0" index="0" bw="44" slack="0"/>
<pin id="345" dir="0" index="1" bw="1" slack="0"/>
<pin id="346" dir="0" index="2" bw="8" slack="0"/>
<pin id="347" dir="1" index="3" bw="8" slack="0"/>
</pin_list>
<bind>
<opcode="getelementptr(29) " fcode="getelementptr"/>
<opset="fourth_order_double_sin_cos_K2_addr/6 "/>
</bind>
</comp>

<comp id="350" class="1004" name="grp_access_fu_350">
<pin_list>
<pin id="351" dir="0" index="0" bw="8" slack="0"/>
<pin id="352" dir="0" index="1" bw="44" slack="2147483647"/>
<pin id="353" dir="0" index="2" bw="0" slack="2147483647"/>
<pin id="354" dir="1" index="3" bw="44" slack="0"/>
</pin_list>
<bind>
<opcode="load(27) " fcode="load"/>
<opset="fourth_order_double_sin_cos_K2_load/6 "/>
</bind>
</comp>

<comp id="356" class="1004" name="fourth_order_double_sin_cos_K3_addr_gep_fu_356">
<pin_list>
<pin id="357" dir="0" index="0" bw="33" slack="0"/>
<pin id="358" dir="0" index="1" bw="1" slack="0"/>
<pin id="359" dir="0" index="2" bw="8" slack="0"/>
<pin id="360" dir="1" index="3" bw="8" slack="0"/>
</pin_list>
<bind>
<opcode="getelementptr(29) " fcode="getelementptr"/>
<opset="fourth_order_double_sin_cos_K3_addr/6 "/>
</bind>
</comp>

<comp id="363" class="1004" name="grp_access_fu_363">
<pin_list>
<pin id="364" dir="0" index="0" bw="8" slack="0"/>
<pin id="365" dir="0" index="1" bw="33" slack="2147483647"/>
<pin id="366" dir="0" index="2" bw="0" slack="2147483647"/>
<pin id="367" dir="1" index="3" bw="33" slack="0"/>
</pin_list>
<bind>
<opcode="load(27) " fcode="load"/>
<opset="fourth_order_double_sin_cos_K3_load/6 "/>
</bind>
</comp>

<comp id="369" class="1004" name="fourth_order_double_sin_cos_K4_addr_gep_fu_369">
<pin_list>
<pin id="370" dir="0" index="0" bw="25" slack="0"/>
<pin id="371" dir="0" index="1" bw="1" slack="0"/>
<pin id="372" dir="0" index="2" bw="8" slack="0"/>
<pin id="373" dir="1" index="3" bw="8" slack="0"/>
</pin_list>
<bind>
<opcode="getelementptr(29) " fcode="getelementptr"/>
<opset="fourth_order_double_sin_cos_K4_addr/6 "/>
</bind>
</comp>

<comp id="376" class="1004" name="grp_access_fu_376">
<pin_list>
<pin id="377" dir="0" index="0" bw="8" slack="0"/>
<pin id="378" dir="0" index="1" bw="25" slack="2147483647"/>
<pin id="379" dir="0" index="2" bw="0" slack="2147483647"/>
<pin id="380" dir="1" index="3" bw="25" slack="0"/>
</pin_list>
<bind>
<opcode="load(27) " fcode="load"/>
<opset="fourth_order_double_sin_cos_K4_load/6 "/>
</bind>
</comp>

<comp id="382" class="1004" name="grp_sin_or_cos_double_Pipeline_1_fu_382">
<pin_list>
<pin id="383" dir="0" index="0" bw="0" slack="0"/>
<pin id="384" dir="0" index="1" bw="32" slack="0"/>
<pin id="385" dir="0" index="2" bw="32" slack="0"/>
<pin id="386" dir="0" index="3" bw="32" slack="0"/>
<pin id="387" dir="1" index="4" bw="0" slack="2147483647"/>
</pin_list>
<bind>
<opcode="call(48) " fcode="call"/>
<opset="call_ln0/1 "/>
</bind>
</comp>

<comp id="389" class="1004" name="grp_sin_or_cos_double_Pipeline_2_fu_389">
<pin_list>
<pin id="390" dir="0" index="0" bw="0" slack="0"/>
<pin id="391" dir="0" index="1" bw="32" slack="0"/>
<pin id="392" dir="0" index="2" bw="32" slack="0"/>
<pin id="393" dir="0" index="3" bw="32" slack="0"/>
<pin id="394" dir="0" index="4" bw="63" slack="0"/>
<pin id="395" dir="0" index="5" bw="32" slack="7"/>
<pin id="396" dir="0" index="6" bw="32" slack="7"/>
<pin id="397" dir="0" index="7" bw="32" slack="7"/>
<pin id="398" dir="1" index="8" bw="0" slack="2147483647"/>
</pin_list>
<bind>
<opcode="call(48) " fcode="call"/>
<opset="call_ln37/8 "/>
</bind>
</comp>

<comp id="400" class="1004" name="grp_sin_or_cos_double_Pipeline_3_fu_400">
<pin_list>
<pin id="401" dir="0" index="0" bw="0" slack="0"/>
<pin id="402" dir="0" index="1" bw="32" slack="0"/>
<pin id="403" dir="0" index="2" bw="32" slack="0"/>
<pin id="404" dir="0" index="3" bw="32" slack="0"/>
<pin id="405" dir="0" index="4" bw="32" slack="0"/>
<pin id="406" dir="0" index="5" bw="32" slack="9"/>
<pin id="407" dir="0" index="6" bw="32" slack="9"/>
<pin id="408" dir="0" index="7" bw="32" slack="9"/>
<pin id="409" dir="0" index="8" bw="32" slack="9"/>
<pin id="410" dir="1" index="9" bw="0" slack="2147483647"/>
</pin_list>
<bind>
<opcode="call(48) " fcode="call"/>
<opset="call_ln410/10 "/>
</bind>
</comp>

<comp id="412" class="1004" name="grp_sin_or_cos_double_Pipeline_4_fu_412">
<pin_list>
<pin id="413" dir="0" index="0" bw="0" slack="0"/>
<pin id="414" dir="0" index="1" bw="63" slack="4"/>
<pin id="415" dir="0" index="2" bw="32" slack="0"/>
<pin id="416" dir="0" index="3" bw="32" slack="0"/>
<pin id="417" dir="0" index="4" bw="32" slack="0"/>
<pin id="418" dir="0" index="5" bw="32" slack="0"/>
<pin id="419" dir="0" index="6" bw="32" slack="11"/>
<pin id="420" dir="0" index="7" bw="62" slack="11"/>
<pin id="421" dir="1" index="8" bw="0" slack="2147483647"/>
</pin_list>
<bind>
<opcode="call(48) " fcode="call"/>
<opset="call_ln37/12 "/>
</bind>
</comp>

<comp id="423" class="1004" name="mul_ln36_fu_423">
<pin_list>
<pin id="424" dir="0" index="0" bw="35" slack="0"/>
<pin id="425" dir="0" index="1" bw="25" slack="0"/>
<pin id="426" dir="1" index="2" bw="60" slack="0"/>
</pin_list>
<bind>
<opcode="mul(12) " fcode="mul"/>
<opset="mul_ln36/7 "/>
</bind>
</comp>

<comp id="427" class="1004" name="mul_ln35_fu_427">
<pin_list>
<pin id="428" dir="0" index="0" bw="42" slack="0"/>
<pin id="429" dir="0" index="1" bw="33" slack="0"/>
<pin id="430" dir="1" index="2" bw="75" slack="0"/>
</pin_list>
<bind>
<opcode="mul(12) " fcode="mul"/>
<opset="mul_ln35/7 "/>
</bind>
</comp>

<comp id="431" class="1004" name="mul_ln34_fu_431">
<pin_list>
<pin id="432" dir="0" index="0" bw="49" slack="0"/>
<pin id="433" dir="0" index="1" bw="44" slack="0"/>
<pin id="434" dir="1" index="2" bw="93" slack="0"/>
</pin_list>
<bind>
<opcode="mul(12) " fcode="mul"/>
<opset="mul_ln34/7 "/>
</bind>
</comp>

<comp id="435" class="1004" name="grp_fu_435">
<pin_list>
<pin id="436" dir="0" index="0" bw="49" slack="0"/>
<pin id="437" dir="0" index="1" bw="49" slack="0"/>
<pin id="438" dir="1" index="2" bw="98" slack="0"/>
</pin_list>
<bind>
<opcode="mul(12) " fcode="mul"/>
<opset="mul_ln25/5 mul_ln26/6 "/>
</bind>
</comp>

<comp id="439" class="1004" name="mul_ln27_fu_439">
<pin_list>
<pin id="440" dir="0" index="0" bw="49" slack="0"/>
<pin id="441" dir="0" index="1" bw="49" slack="0"/>
<pin id="442" dir="1" index="2" bw="98" slack="0"/>
</pin_list>
<bind>
<opcode="mul(12) " fcode="mul"/>
<opset="mul_ln27/6 "/>
</bind>
</comp>

<comp id="443" class="1004" name="mul_ln33_fu_443">
<pin_list>
<pin id="444" dir="0" index="0" bw="56" slack="0"/>
<pin id="445" dir="0" index="1" bw="52" slack="0"/>
<pin id="446" dir="1" index="2" bw="108" slack="0"/>
</pin_list>
<bind>
<opcode="mul(12) " fcode="mul"/>
<opset="mul_ln33/7 "/>
</bind>
</comp>

<comp id="447" class="1004" name="mul_ln37_fu_447">
<pin_list>
<pin id="448" dir="0" index="0" bw="64" slack="0"/>
<pin id="449" dir="0" index="1" bw="63" slack="0"/>
<pin id="450" dir="1" index="2" bw="126" slack="0"/>
</pin_list>
<bind>
<opcode="mul(12) " fcode="mul"/>
<opset="mul_ln37/8 "/>
</bind>
</comp>

<comp id="451" class="1004" name="grp_fu_451">
<pin_list>
<pin id="452" dir="0" index="0" bw="170" slack="0"/>
<pin id="453" dir="0" index="1" bw="53" slack="0"/>
<pin id="454" dir="1" index="2" bw="170" slack="0"/>
</pin_list>
<bind>
<opcode="mul(12) " fcode="mul"/>
<opset="h/2 "/>
</bind>
</comp>

<comp id="455" class="1004" name="data_fu_455">
<pin_list>
<pin id="456" dir="0" index="0" bw="64" slack="0"/>
<pin id="457" dir="1" index="1" bw="64" slack="0"/>
</pin_list>
<bind>
<opcode="bitcast(44) " fcode="bitcast"/>
<opset="data/1 "/>
</bind>
</comp>

<comp id="459" class="1004" name="din_sign_fu_459">
<pin_list>
<pin id="460" dir="0" index="0" bw="1" slack="0"/>
<pin id="461" dir="0" index="1" bw="64" slack="0"/>
<pin id="462" dir="0" index="2" bw="7" slack="0"/>
<pin id="463" dir="1" index="3" bw="1" slack="5"/>
</pin_list>
<bind>
<opcode="bitselect(1000) " fcode="bitselect"/>
<opset="din_sign/1 "/>
</bind>
</comp>

<comp id="467" class="1004" name="din_exp_fu_467">
<pin_list>
<pin id="468" dir="0" index="0" bw="11" slack="0"/>
<pin id="469" dir="0" index="1" bw="64" slack="0"/>
<pin id="470" dir="0" index="2" bw="7" slack="0"/>
<pin id="471" dir="0" index="3" bw="7" slack="0"/>
<pin id="472" dir="1" index="4" bw="11" slack="0"/>
</pin_list>
<bind>
<opcode="partselect(1002) " fcode="partselect"/>
<opset="din_exp/1 "/>
</bind>
</comp>

<comp id="477" class="1004" name="din_sig_fu_477">
<pin_list>
<pin id="478" dir="0" index="0" bw="64" slack="0"/>
<pin id="479" dir="1" index="1" bw="52" slack="1"/>
</pin_list>
<bind>
<opcode="trunc(33) " fcode="trunc"/>
<opset="din_sig/1 "/>
</bind>
</comp>

<comp id="481" class="1004" name="closepath_fu_481">
<pin_list>
<pin id="482" dir="0" index="0" bw="11" slack="0"/>
<pin id="483" dir="0" index="1" bw="11" slack="0"/>
<pin id="484" dir="1" index="2" bw="1" slack="0"/>
</pin_list>
<bind>
<opcode="icmp(45) " fcode="icmp"/>
<opset="closepath/1 "/>
</bind>
</comp>

<comp id="487" class="1004" name="add_ln396_fu_487">
<pin_list>
<pin id="488" dir="0" index="0" bw="11" slack="0"/>
<pin id="489" dir="0" index="1" bw="11" slack="0"/>
<pin id="490" dir="1" index="2" bw="11" slack="0"/>
</pin_list>
<bind>
<opcode="add(8) " fcode="add"/>
<opset="add_ln396/1 "/>
</bind>
</comp>

<comp id="493" class="1004" name="addr_fu_493">
<pin_list>
<pin id="494" dir="0" index="0" bw="1" slack="0"/>
<pin id="495" dir="0" index="1" bw="11" slack="0"/>
<pin id="496" dir="0" index="2" bw="11" slack="0"/>
<pin id="497" dir="1" index="3" bw="11" slack="0"/>
</pin_list>
<bind>
<opcode="select(49) " fcode="select"/>
<opset="addr/1 "/>
</bind>
</comp>

<comp id="501" class="1004" name="tmp_2_fu_501">
<pin_list>
<pin id="502" dir="0" index="0" bw="4" slack="0"/>
<pin id="503" dir="0" index="1" bw="11" slack="0"/>
<pin id="504" dir="0" index="2" bw="4" slack="0"/>
<pin id="505" dir="0" index="3" bw="5" slack="0"/>
<pin id="506" dir="1" index="4" bw="4" slack="0"/>
</pin_list>
<bind>
<opcode="partselect(1002) " fcode="partselect"/>
<opset="tmp_2/1 "/>
</bind>
</comp>

<comp id="511" class="1004" name="zext_ln397_fu_511">
<pin_list>
<pin id="512" dir="0" index="0" bw="4" slack="0"/>
<pin id="513" dir="1" index="1" bw="64" slack="0"/>
</pin_list>
<bind>
<opcode="zext(34) " fcode="zext"/>
<opset="zext_ln397/1 "/>
</bind>
</comp>

<comp id="516" class="1004" name="trunc_ln398_fu_516">
<pin_list>
<pin id="517" dir="0" index="0" bw="11" slack="0"/>
<pin id="518" dir="1" index="1" bw="7" slack="1"/>
</pin_list>
<bind>
<opcode="trunc(33) " fcode="trunc"/>
<opset="trunc_ln398/1 "/>
</bind>
</comp>

<comp id="520" class="1004" name="X_fu_520">
<pin_list>
<pin id="521" dir="0" index="0" bw="53" slack="0"/>
<pin id="522" dir="0" index="1" bw="1" slack="0"/>
<pin id="523" dir="0" index="2" bw="52" slack="1"/>
<pin id="524" dir="1" index="3" bw="53" slack="0"/>
</pin_list>
<bind>
<opcode="bitconcatenate(1004) " fcode="bitconcatenate"/>
<opset="X/2 "/>
</bind>
</comp>

<comp id="527" class="1004" name="zext_ln398_fu_527">
<pin_list>
<pin id="528" dir="0" index="0" bw="7" slack="1"/>
<pin id="529" dir="1" index="1" bw="256" slack="0"/>
</pin_list>
<bind>
<opcode="zext(34) " fcode="zext"/>
<opset="zext_ln398/2 "/>
</bind>
</comp>

<comp id="530" class="1004" name="shl_ln398_fu_530">
<pin_list>
<pin id="531" dir="0" index="0" bw="256" slack="0"/>
<pin id="532" dir="0" index="1" bw="7" slack="0"/>
<pin id="533" dir="1" index="2" bw="256" slack="0"/>
</pin_list>
<bind>
<opcode="shl(20) " fcode="shl"/>
<opset="shl_ln398/2 "/>
</bind>
</comp>

<comp id="536" class="1004" name="Med_fu_536">
<pin_list>
<pin id="537" dir="0" index="0" bw="170" slack="0"/>
<pin id="538" dir="0" index="1" bw="256" slack="0"/>
<pin id="539" dir="0" index="2" bw="8" slack="0"/>
<pin id="540" dir="0" index="3" bw="9" slack="0"/>
<pin id="541" dir="1" index="4" bw="170" slack="0"/>
</pin_list>
<bind>
<opcode="partselect(1002) " fcode="partselect"/>
<opset="Med/2 "/>
</bind>
</comp>

<comp id="547" class="1004" name="zext_ln468_fu_547">
<pin_list>
<pin id="548" dir="0" index="0" bw="53" slack="0"/>
<pin id="549" dir="1" index="1" bw="170" slack="0"/>
</pin_list>
<bind>
<opcode="zext(34) " fcode="zext"/>
<opset="zext_ln468/2 "/>
</bind>
</comp>

<comp id="552" class="1004" name="icmp_ln271_fu_552">
<pin_list>
<pin id="553" dir="0" index="0" bw="11" slack="1"/>
<pin id="554" dir="0" index="1" bw="11" slack="0"/>
<pin id="555" dir="1" index="2" bw="1" slack="0"/>
</pin_list>
<bind>
<opcode="icmp(45) " fcode="icmp"/>
<opset="icmp_ln271/2 "/>
</bind>
</comp>

<comp id="557" class="1004" name="icmp_ln271_1_fu_557">
<pin_list>
<pin id="558" dir="0" index="0" bw="52" slack="1"/>
<pin id="559" dir="0" index="1" bw="52" slack="0"/>
<pin id="560" dir="1" index="2" bw="1" slack="0"/>
</pin_list>
<bind>
<opcode="icmp(45) " fcode="icmp"/>
<opset="icmp_ln271_1/2 "/>
</bind>
</comp>

<comp id="562" class="1004" name="and_ln271_fu_562">
<pin_list>
<pin id="563" dir="0" index="0" bw="1" slack="0"/>
<pin id="564" dir="0" index="1" bw="1" slack="0"/>
<pin id="565" dir="1" index="2" bw="1" slack="4"/>
</pin_list>
<bind>
<opcode="and(23) " fcode="and"/>
<opset="and_ln271/2 "/>
</bind>
</comp>

<comp id="568" class="1004" name="Mx_bits_fu_568">
<pin_list>
<pin id="569" dir="0" index="0" bw="124" slack="0"/>
<pin id="570" dir="0" index="1" bw="170" slack="0"/>
<pin id="571" dir="0" index="2" bw="7" slack="0"/>
<pin id="572" dir="0" index="3" bw="9" slack="0"/>
<pin id="573" dir="1" index="4" bw="124" slack="1"/>
</pin_list>
<bind>
<opcode="partselect(1002) " fcode="partselect"/>
<opset="Mx_bits/3 "/>
</bind>
</comp>

<comp id="578" class="1004" name="k_fu_578">
<pin_list>
<pin id="579" dir="0" index="0" bw="3" slack="0"/>
<pin id="580" dir="0" index="1" bw="170" slack="0"/>
<pin id="581" dir="0" index="2" bw="9" slack="0"/>
<pin id="582" dir="0" index="3" bw="9" slack="0"/>
<pin id="583" dir="1" index="4" bw="3" slack="1"/>
</pin_list>
<bind>
<opcode="partselect(1002) " fcode="partselect"/>
<opset="k/3 "/>
</bind>
</comp>

<comp id="588" class="1004" name="Ex_fu_588">
<pin_list>
<pin id="589" dir="0" index="0" bw="11" slack="3"/>
<pin id="590" dir="0" index="1" bw="11" slack="0"/>
<pin id="591" dir="1" index="2" bw="11" slack="0"/>
</pin_list>
<bind>
<opcode="add(8) " fcode="add"/>
<opset="Ex/4 "/>
</bind>
</comp>

<comp id="593" class="1004" name="select_ln453_fu_593">
<pin_list>
<pin id="594" dir="0" index="0" bw="1" slack="3"/>
<pin id="595" dir="0" index="1" bw="11" slack="0"/>
<pin id="596" dir="0" index="2" bw="11" slack="0"/>
<pin id="597" dir="1" index="3" bw="11" slack="0"/>
</pin_list>
<bind>
<opcode="select(49) " fcode="select"/>
<opset="select_ln453/4 "/>
</bind>
</comp>

<comp id="600" class="1004" name="k_1_fu_600">
<pin_list>
<pin id="601" dir="0" index="0" bw="1" slack="3"/>
<pin id="602" dir="0" index="1" bw="3" slack="0"/>
<pin id="603" dir="0" index="2" bw="3" slack="1"/>
<pin id="604" dir="1" index="3" bw="3" slack="0"/>
</pin_list>
<bind>
<opcode="select(49) " fcode="select"/>
<opset="k_1/4 "/>
</bind>
</comp>

<comp id="606" class="1004" name="trunc_ln491_fu_606">
<pin_list>
<pin id="607" dir="0" index="0" bw="3" slack="0"/>
<pin id="608" dir="1" index="1" bw="1" slack="0"/>
</pin_list>
<bind>
<opcode="trunc(33) " fcode="trunc"/>
<opset="trunc_ln491/4 "/>
</bind>
</comp>

<comp id="610" class="1004" name="Mx_bits_1_fu_610">
<pin_list>
<pin id="611" dir="0" index="0" bw="1" slack="0"/>
<pin id="612" dir="0" index="1" bw="124" slack="1"/>
<pin id="613" dir="1" index="2" bw="124" slack="0"/>
</pin_list>
<bind>
<opcode="sub(10) " fcode="sub"/>
<opset="Mx_bits_1/4 "/>
</bind>
</comp>

<comp id="615" class="1004" name="Mx_bits_2_fu_615">
<pin_list>
<pin id="616" dir="0" index="0" bw="1" slack="0"/>
<pin id="617" dir="0" index="1" bw="124" slack="0"/>
<pin id="618" dir="0" index="2" bw="124" slack="1"/>
<pin id="619" dir="1" index="3" bw="124" slack="0"/>
</pin_list>
<bind>
<opcode="select(49) " fcode="select"/>
<opset="Mx_bits_2/4 "/>
</bind>
</comp>

<comp id="622" class="1004" name="tmp_3_fu_622">
<pin_list>
<pin id="623" dir="0" index="0" bw="61" slack="0"/>
<pin id="624" dir="0" index="1" bw="124" slack="0"/>
<pin id="625" dir="0" index="2" bw="7" slack="0"/>
<pin id="626" dir="0" index="3" bw="8" slack="0"/>
<pin id="627" dir="1" index="4" bw="61" slack="0"/>
</pin_list>
<bind>
<opcode="partselect(1002) " fcode="partselect"/>
<opset="tmp_3/4 "/>
</bind>
</comp>

<comp id="632" class="1004" name="t_fu_632">
<pin_list>
<pin id="633" dir="0" index="0" bw="62" slack="0"/>
<pin id="634" dir="0" index="1" bw="61" slack="0"/>
<pin id="635" dir="0" index="2" bw="1" slack="0"/>
<pin id="636" dir="1" index="3" bw="62" slack="0"/>
</pin_list>
<bind>
<opcode="bitconcatenate(1004) " fcode="bitconcatenate"/>
<opset="t/4 "/>
</bind>
</comp>

<comp id="640" class="1004" name="tmp_s_fu_640">
<pin_list>
<pin id="641" dir="0" index="0" bw="62" slack="0"/>
<pin id="642" dir="0" index="1" bw="62" slack="0"/>
<pin id="643" dir="0" index="2" bw="7" slack="0"/>
<pin id="644" dir="0" index="3" bw="1" slack="0"/>
<pin id="645" dir="1" index="4" bw="62" slack="0"/>
</pin_list>
<bind>
<opcode="partselect(1002) " fcode="partselect"/>
<opset="tmp_s/4 "/>
</bind>
</comp>

<comp id="650" class="1004" name="tmp_1_fu_650">
<pin_list>
<pin id="651" dir="0" index="0" bw="63" slack="0"/>
<pin id="652" dir="0" index="1" bw="1" slack="0"/>
<pin id="653" dir="0" index="2" bw="62" slack="0"/>
<pin id="654" dir="1" index="3" bw="63" slack="0"/>
</pin_list>
<bind>
<opcode="bitconcatenate(1004) " fcode="bitconcatenate"/>
<opset="tmp_1/4 "/>
</bind>
</comp>

<comp id="658" class="1004" name="sext_ln75_fu_658">
<pin_list>
<pin id="659" dir="0" index="0" bw="63" slack="0"/>
<pin id="660" dir="1" index="1" bw="64" slack="0"/>
</pin_list>
<bind>
<opcode="sext(35) " fcode="sext"/>
<opset="sext_ln75/4 "/>
</bind>
</comp>

<comp id="662" class="1004" name="tmp_5_fu_662">
<pin_list>
<pin id="663" dir="0" index="0" bw="64" slack="0"/>
<pin id="664" dir="0" index="1" bw="63" slack="0"/>
<pin id="665" dir="0" index="2" bw="1" slack="0"/>
<pin id="666" dir="1" index="3" bw="64" slack="0"/>
</pin_list>
<bind>
<opcode="cttz(524) " fcode="cttz"/>
<opset="tmp_5/4 "/>
</bind>
</comp>

<comp id="670" class="1004" name="Mx_zeros_fu_670">
<pin_list>
<pin id="671" dir="0" index="0" bw="64" slack="0"/>
<pin id="672" dir="1" index="1" bw="7" slack="0"/>
</pin_list>
<bind>
<opcode="trunc(33) " fcode="trunc"/>
<opset="Mx_zeros/4 "/>
</bind>
</comp>

<comp id="674" class="1004" name="zext_ln505_fu_674">
<pin_list>
<pin id="675" dir="0" index="0" bw="7" slack="0"/>
<pin id="676" dir="1" index="1" bw="11" slack="0"/>
</pin_list>
<bind>
<opcode="zext(34) " fcode="zext"/>
<opset="zext_ln505/4 "/>
</bind>
</comp>

<comp id="678" class="1004" name="zext_ln504_fu_678">
<pin_list>
<pin id="679" dir="0" index="0" bw="7" slack="0"/>
<pin id="680" dir="1" index="1" bw="124" slack="0"/>
</pin_list>
<bind>
<opcode="zext(34) " fcode="zext"/>
<opset="zext_ln504/4 "/>
</bind>
</comp>

<comp id="682" class="1004" name="shl_ln504_fu_682">
<pin_list>
<pin id="683" dir="0" index="0" bw="124" slack="0"/>
<pin id="684" dir="0" index="1" bw="7" slack="0"/>
<pin id="685" dir="1" index="2" bw="124" slack="0"/>
</pin_list>
<bind>
<opcode="shl(20) " fcode="shl"/>
<opset="shl_ln504/4 "/>
</bind>
</comp>

<comp id="688" class="1004" name="Mx_fu_688">
<pin_list>
<pin id="689" dir="0" index="0" bw="63" slack="0"/>
<pin id="690" dir="0" index="1" bw="124" slack="0"/>
<pin id="691" dir="0" index="2" bw="7" slack="0"/>
<pin id="692" dir="0" index="3" bw="8" slack="0"/>
<pin id="693" dir="1" index="4" bw="63" slack="1"/>
</pin_list>
<bind>
<opcode="partselect(1002) " fcode="partselect"/>
<opset="Mx/4 "/>
</bind>
</comp>

<comp id="698" class="1004" name="Ex_1_fu_698">
<pin_list>
<pin id="699" dir="0" index="0" bw="11" slack="0"/>
<pin id="700" dir="0" index="1" bw="7" slack="0"/>
<pin id="701" dir="1" index="2" bw="11" slack="0"/>
</pin_list>
<bind>
<opcode="sub(10) " fcode="sub"/>
<opset="Ex_1/4 "/>
</bind>
</comp>

<comp id="704" class="1004" name="tmp_fu_704">
<pin_list>
<pin id="705" dir="0" index="0" bw="1" slack="0"/>
<pin id="706" dir="0" index="1" bw="11" slack="0"/>
<pin id="707" dir="0" index="2" bw="5" slack="0"/>
<pin id="708" dir="1" index="3" bw="1" slack="1"/>
</pin_list>
<bind>
<opcode="bitselect(1000) " fcode="bitselect"/>
<opset="tmp/4 "/>
</bind>
</comp>

<comp id="712" class="1004" name="icmp_ln282_fu_712">
<pin_list>
<pin id="713" dir="0" index="0" bw="11" slack="3"/>
<pin id="714" dir="0" index="1" bw="11" slack="0"/>
<pin id="715" dir="1" index="2" bw="1" slack="2"/>
</pin_list>
<bind>
<opcode="icmp(45) " fcode="icmp"/>
<opset="icmp_ln282/4 "/>
</bind>
</comp>

<comp id="717" class="1004" name="sub_ln506_fu_717">
<pin_list>
<pin id="718" dir="0" index="0" bw="1" slack="0"/>
<pin id="719" dir="0" index="1" bw="11" slack="1"/>
<pin id="720" dir="1" index="2" bw="11" slack="0"/>
</pin_list>
<bind>
<opcode="sub(10) " fcode="sub"/>
<opset="sub_ln506/5 "/>
</bind>
</comp>

<comp id="722" class="1004" name="select_ln506_fu_722">
<pin_list>
<pin id="723" dir="0" index="0" bw="1" slack="1"/>
<pin id="724" dir="0" index="1" bw="11" slack="0"/>
<pin id="725" dir="0" index="2" bw="11" slack="1"/>
<pin id="726" dir="1" index="3" bw="11" slack="0"/>
</pin_list>
<bind>
<opcode="select(49) " fcode="select"/>
<opset="select_ln506/5 "/>
</bind>
</comp>

<comp id="728" class="1004" name="zext_ln506_fu_728">
<pin_list>
<pin id="729" dir="0" index="0" bw="11" slack="0"/>
<pin id="730" dir="1" index="1" bw="63" slack="0"/>
</pin_list>
<bind>
<opcode="zext(34) " fcode="zext"/>
<opset="zext_ln506/5 "/>
</bind>
</comp>

<comp id="732" class="1004" name="lshr_ln506_fu_732">
<pin_list>
<pin id="733" dir="0" index="0" bw="63" slack="1"/>
<pin id="734" dir="0" index="1" bw="11" slack="0"/>
<pin id="735" dir="1" index="2" bw="63" slack="0"/>
</pin_list>
<bind>
<opcode="lshr(21) " fcode="lshr"/>
<opset="lshr_ln506/5 "/>
</bind>
</comp>

<comp id="737" class="1004" name="shl_ln506_fu_737">
<pin_list>
<pin id="738" dir="0" index="0" bw="63" slack="1"/>
<pin id="739" dir="0" index="1" bw="11" slack="0"/>
<pin id="740" dir="1" index="2" bw="63" slack="0"/>
</pin_list>
<bind>
<opcode="shl(20) " fcode="shl"/>
<opset="shl_ln506/5 "/>
</bind>
</comp>

<comp id="742" class="1004" name="x_fu_742">
<pin_list>
<pin id="743" dir="0" index="0" bw="1" slack="1"/>
<pin id="744" dir="0" index="1" bw="63" slack="0"/>
<pin id="745" dir="0" index="2" bw="63" slack="0"/>
<pin id="746" dir="1" index="3" bw="63" slack="0"/>
</pin_list>
<bind>
<opcode="select(49) " fcode="select"/>
<opset="x/5 "/>
</bind>
</comp>

<comp id="749" class="1004" name="tmp_4_fu_749">
<pin_list>
<pin id="750" dir="0" index="0" bw="7" slack="0"/>
<pin id="751" dir="0" index="1" bw="63" slack="0"/>
<pin id="752" dir="0" index="2" bw="7" slack="0"/>
<pin id="753" dir="0" index="3" bw="7" slack="0"/>
<pin id="754" dir="1" index="4" bw="7" slack="1"/>
</pin_list>
<bind>
<opcode="partselect(1002) " fcode="partselect"/>
<opset="tmp_4/5 "/>
</bind>
</comp>

<comp id="759" class="1004" name="B_fu_759">
<pin_list>
<pin id="760" dir="0" index="0" bw="63" slack="0"/>
<pin id="761" dir="1" index="1" bw="56" slack="2"/>
</pin_list>
<bind>
<opcode="trunc(33) " fcode="trunc"/>
<opset="B/5 "/>
</bind>
</comp>

<comp id="763" class="1004" name="B_trunc_fu_763">
<pin_list>
<pin id="764" dir="0" index="0" bw="49" slack="0"/>
<pin id="765" dir="0" index="1" bw="63" slack="0"/>
<pin id="766" dir="0" index="2" bw="4" slack="0"/>
<pin id="767" dir="0" index="3" bw="7" slack="0"/>
<pin id="768" dir="1" index="4" bw="49" slack="0"/>
</pin_list>
<bind>
<opcode="partselect(1002) " fcode="partselect"/>
<opset="B_trunc/5 "/>
</bind>
</comp>

<comp id="773" class="1004" name="zext_ln25_fu_773">
<pin_list>
<pin id="774" dir="0" index="0" bw="49" slack="0"/>
<pin id="775" dir="1" index="1" bw="98" slack="0"/>
</pin_list>
<bind>
<opcode="zext(34) " fcode="zext"/>
<opset="zext_ln25/5 "/>
</bind>
</comp>

<comp id="779" class="1004" name="B_squared_fu_779">
<pin_list>
<pin id="780" dir="0" index="0" bw="49" slack="0"/>
<pin id="781" dir="0" index="1" bw="98" slack="0"/>
<pin id="782" dir="0" index="2" bw="7" slack="0"/>
<pin id="783" dir="0" index="3" bw="8" slack="0"/>
<pin id="784" dir="1" index="4" bw="49" slack="1"/>
</pin_list>
<bind>
<opcode="partselect(1002) " fcode="partselect"/>
<opset="B_squared/5 "/>
</bind>
</comp>

<comp id="789" class="1004" name="tmp_9_fu_789">
<pin_list>
<pin id="790" dir="0" index="0" bw="1" slack="0"/>
<pin id="791" dir="0" index="1" bw="3" slack="0"/>
<pin id="792" dir="0" index="2" bw="1" slack="0"/>
<pin id="793" dir="0" index="3" bw="3" slack="0"/>
<pin id="794" dir="0" index="4" bw="1" slack="0"/>
<pin id="795" dir="0" index="5" bw="3" slack="0"/>
<pin id="796" dir="0" index="6" bw="1" slack="0"/>
<pin id="797" dir="0" index="7" bw="3" slack="0"/>
<pin id="798" dir="0" index="8" bw="1" slack="0"/>
<pin id="799" dir="0" index="9" bw="3" slack="0"/>
<pin id="800" dir="0" index="10" bw="1" slack="0"/>
<pin id="801" dir="0" index="11" bw="3" slack="0"/>
<pin id="802" dir="0" index="12" bw="1" slack="0"/>
<pin id="803" dir="0" index="13" bw="3" slack="0"/>
<pin id="804" dir="0" index="14" bw="1" slack="0"/>
<pin id="805" dir="0" index="15" bw="3" slack="0"/>
<pin id="806" dir="0" index="16" bw="1" slack="0"/>
<pin id="807" dir="0" index="17" bw="1" slack="0"/>
<pin id="808" dir="0" index="18" bw="3" slack="2"/>
<pin id="809" dir="1" index="19" bw="1" slack="0"/>
</pin_list>
<bind>
<opcode="sparsemux(1197) " fcode="sparsemux"/>
<opset="tmp_9/6 "/>
</bind>
</comp>

<comp id="828" class="1004" name="xor_ln242_fu_828">
<pin_list>
<pin id="829" dir="0" index="0" bw="1" slack="0"/>
<pin id="830" dir="0" index="1" bw="1" slack="0"/>
<pin id="831" dir="1" index="2" bw="1" slack="0"/>
</pin_list>
<bind>
<opcode="xor(25) " fcode="xor"/>
<opset="xor_ln242/6 "/>
</bind>
</comp>

<comp id="834" class="1004" name="zext_ln25_1_fu_834">
<pin_list>
<pin id="835" dir="0" index="0" bw="49" slack="1"/>
<pin id="836" dir="1" index="1" bw="98" slack="0"/>
</pin_list>
<bind>
<opcode="zext(34) " fcode="zext"/>
<opset="zext_ln25_1/6 "/>
</bind>
</comp>

<comp id="840" class="1004" name="sin_basis_fu_840">
<pin_list>
<pin id="841" dir="0" index="0" bw="1" slack="0"/>
<pin id="842" dir="0" index="1" bw="1" slack="0"/>
<pin id="843" dir="0" index="2" bw="1" slack="0"/>
<pin id="844" dir="1" index="3" bw="1" slack="0"/>
</pin_list>
<bind>
<opcode="select(49) " fcode="select"/>
<opset="sin_basis/6 "/>
</bind>
</comp>

<comp id="848" class="1004" name="A_fu_848">
<pin_list>
<pin id="849" dir="0" index="0" bw="8" slack="0"/>
<pin id="850" dir="0" index="1" bw="1" slack="0"/>
<pin id="851" dir="0" index="2" bw="7" slack="1"/>
<pin id="852" dir="1" index="3" bw="8" slack="0"/>
</pin_list>
<bind>
<opcode="bitconcatenate(1004) " fcode="bitconcatenate"/>
<opset="A/6 "/>
</bind>
</comp>

<comp id="855" class="1004" name="zext_ln32_fu_855">
<pin_list>
<pin id="856" dir="0" index="0" bw="8" slack="0"/>
<pin id="857" dir="1" index="1" bw="64" slack="0"/>
</pin_list>
<bind>
<opcode="zext(34) " fcode="zext"/>
<opset="zext_ln32/6 "/>
</bind>
</comp>

<comp id="864" class="1004" name="tmp_7_fu_864">
<pin_list>
<pin id="865" dir="0" index="0" bw="42" slack="0"/>
<pin id="866" dir="0" index="1" bw="98" slack="0"/>
<pin id="867" dir="0" index="2" bw="7" slack="0"/>
<pin id="868" dir="0" index="3" bw="8" slack="0"/>
<pin id="869" dir="1" index="4" bw="42" slack="1"/>
</pin_list>
<bind>
<opcode="partselect(1002) " fcode="partselect"/>
<opset="tmp_7/6 "/>
</bind>
</comp>

<comp id="874" class="1004" name="tmp_8_fu_874">
<pin_list>
<pin id="875" dir="0" index="0" bw="35" slack="0"/>
<pin id="876" dir="0" index="1" bw="98" slack="0"/>
<pin id="877" dir="0" index="2" bw="7" slack="0"/>
<pin id="878" dir="0" index="3" bw="8" slack="0"/>
<pin id="879" dir="1" index="4" bw="35" slack="1"/>
</pin_list>
<bind>
<opcode="partselect(1002) " fcode="partselect"/>
<opset="tmp_8/6 "/>
</bind>
</comp>

<comp id="884" class="1004" name="cos_basis_fu_884">
<pin_list>
<pin id="885" dir="0" index="0" bw="1" slack="0"/>
<pin id="886" dir="0" index="1" bw="1" slack="0"/>
<pin id="887" dir="0" index="2" bw="1" slack="0"/>
<pin id="888" dir="1" index="3" bw="1" slack="0"/>
</pin_list>
<bind>
<opcode="select(49) " fcode="select"/>
<opset="cos_basis/6 "/>
</bind>
</comp>

<comp id="892" class="1004" name="index_fu_892">
<pin_list>
<pin id="893" dir="0" index="0" bw="4" slack="0"/>
<pin id="894" dir="0" index="1" bw="1" slack="5"/>
<pin id="895" dir="0" index="2" bw="3" slack="2"/>
<pin id="896" dir="1" index="3" bw="4" slack="0"/>
</pin_list>
<bind>
<opcode="bitconcatenate(1004) " fcode="bitconcatenate"/>
<opset="index/6 "/>
</bind>
</comp>

<comp id="898" class="1004" name="tmp_12_fu_898">
<pin_list>
<pin id="899" dir="0" index="0" bw="1" slack="0"/>
<pin id="900" dir="0" index="1" bw="4" slack="0"/>
<pin id="901" dir="0" index="2" bw="1" slack="0"/>
<pin id="902" dir="0" index="3" bw="4" slack="0"/>
<pin id="903" dir="0" index="4" bw="1" slack="0"/>
<pin id="904" dir="0" index="5" bw="4" slack="0"/>
<pin id="905" dir="0" index="6" bw="1" slack="0"/>
<pin id="906" dir="0" index="7" bw="4" slack="0"/>
<pin id="907" dir="0" index="8" bw="1" slack="0"/>
<pin id="908" dir="0" index="9" bw="4" slack="0"/>
<pin id="909" dir="0" index="10" bw="1" slack="0"/>
<pin id="910" dir="0" index="11" bw="4" slack="0"/>
<pin id="911" dir="0" index="12" bw="1" slack="0"/>
<pin id="912" dir="0" index="13" bw="4" slack="0"/>
<pin id="913" dir="0" index="14" bw="1" slack="0"/>
<pin id="914" dir="0" index="15" bw="4" slack="0"/>
<pin id="915" dir="0" index="16" bw="1" slack="0"/>
<pin id="916" dir="0" index="17" bw="4" slack="0"/>
<pin id="917" dir="0" index="18" bw="1" slack="0"/>
<pin id="918" dir="0" index="19" bw="4" slack="0"/>
<pin id="919" dir="0" index="20" bw="1" slack="0"/>
<pin id="920" dir="0" index="21" bw="4" slack="0"/>
<pin id="921" dir="0" index="22" bw="1" slack="0"/>
<pin id="922" dir="0" index="23" bw="4" slack="0"/>
<pin id="923" dir="0" index="24" bw="1" slack="0"/>
<pin id="924" dir="0" index="25" bw="4" slack="0"/>
<pin id="925" dir="0" index="26" bw="1" slack="0"/>
<pin id="926" dir="0" index="27" bw="4" slack="0"/>
<pin id="927" dir="0" index="28" bw="1" slack="0"/>
<pin id="928" dir="0" index="29" bw="4" slack="0"/>
<pin id="929" dir="0" index="30" bw="1" slack="0"/>
<pin id="930" dir="0" index="31" bw="4" slack="0"/>
<pin id="931" dir="0" index="32" bw="1" slack="0"/>
<pin id="932" dir="0" index="33" bw="1" slack="0"/>
<pin id="933" dir="0" index="34" bw="4" slack="0"/>
<pin id="934" dir="1" index="35" bw="1" slack="0"/>
</pin_list>
<bind>
<opcode="sparsemux(1197) " fcode="sparsemux"/>
<opset="tmp_12/6 "/>
</bind>
</comp>

<comp id="970" class="1004" name="tmp_13_fu_970">
<pin_list>
<pin id="971" dir="0" index="0" bw="1" slack="0"/>
<pin id="972" dir="0" index="1" bw="4" slack="0"/>
<pin id="973" dir="0" index="2" bw="1" slack="0"/>
<pin id="974" dir="0" index="3" bw="4" slack="0"/>
<pin id="975" dir="0" index="4" bw="1" slack="0"/>
<pin id="976" dir="0" index="5" bw="4" slack="0"/>
<pin id="977" dir="0" index="6" bw="1" slack="0"/>
<pin id="978" dir="0" index="7" bw="4" slack="0"/>
<pin id="979" dir="0" index="8" bw="1" slack="0"/>
<pin id="980" dir="0" index="9" bw="4" slack="0"/>
<pin id="981" dir="0" index="10" bw="1" slack="0"/>
<pin id="982" dir="0" index="11" bw="4" slack="0"/>
<pin id="983" dir="0" index="12" bw="1" slack="0"/>
<pin id="984" dir="0" index="13" bw="4" slack="0"/>
<pin id="985" dir="0" index="14" bw="1" slack="0"/>
<pin id="986" dir="0" index="15" bw="4" slack="0"/>
<pin id="987" dir="0" index="16" bw="1" slack="0"/>
<pin id="988" dir="0" index="17" bw="4" slack="0"/>
<pin id="989" dir="0" index="18" bw="1" slack="0"/>
<pin id="990" dir="0" index="19" bw="4" slack="0"/>
<pin id="991" dir="0" index="20" bw="1" slack="0"/>
<pin id="992" dir="0" index="21" bw="4" slack="0"/>
<pin id="993" dir="0" index="22" bw="1" slack="0"/>
<pin id="994" dir="0" index="23" bw="4" slack="0"/>
<pin id="995" dir="0" index="24" bw="1" slack="0"/>
<pin id="996" dir="0" index="25" bw="4" slack="0"/>
<pin id="997" dir="0" index="26" bw="1" slack="0"/>
<pin id="998" dir="0" index="27" bw="4" slack="0"/>
<pin id="999" dir="0" index="28" bw="1" slack="0"/>
<pin id="1000" dir="0" index="29" bw="4" slack="0"/>
<pin id="1001" dir="0" index="30" bw="1" slack="0"/>
<pin id="1002" dir="0" index="31" bw="4" slack="0"/>
<pin id="1003" dir="0" index="32" bw="1" slack="0"/>
<pin id="1004" dir="0" index="33" bw="1" slack="0"/>
<pin id="1005" dir="0" index="34" bw="4" slack="0"/>
<pin id="1006" dir="1" index="35" bw="1" slack="0"/>
</pin_list>
<bind>
<opcode="sparsemux(1197) " fcode="sparsemux"/>
<opset="tmp_13/6 "/>
</bind>
</comp>

<comp id="1042" class="1004" name="results_sign_fu_1042">
<pin_list>
<pin id="1043" dir="0" index="0" bw="1" slack="0"/>
<pin id="1044" dir="0" index="1" bw="1" slack="0"/>
<pin id="1045" dir="0" index="2" bw="1" slack="0"/>
<pin id="1046" dir="1" index="3" bw="1" slack="0"/>
</pin_list>
<bind>
<opcode="select(49) " fcode="select"/>
<opset="results_sign/6 "/>
</bind>
</comp>

<comp id="1050" class="1004" name="xor_ln278_fu_1050">
<pin_list>
<pin id="1051" dir="0" index="0" bw="1" slack="0"/>
<pin id="1052" dir="0" index="1" bw="1" slack="0"/>
<pin id="1053" dir="1" index="2" bw="1" slack="0"/>
</pin_list>
<bind>
<opcode="xor(25) " fcode="xor"/>
<opset="xor_ln278/6 "/>
</bind>
</comp>

<comp id="1056" class="1004" name="results_sign_2_fu_1056">
<pin_list>
<pin id="1057" dir="0" index="0" bw="1" slack="5"/>
<pin id="1058" dir="0" index="1" bw="1" slack="0"/>
<pin id="1059" dir="1" index="2" bw="1" slack="0"/>
</pin_list>
<bind>
<opcode="and(23) " fcode="and"/>
<opset="results_sign_2/6 "/>
</bind>
</comp>

<comp id="1061" class="1004" name="xor_ln282_fu_1061">
<pin_list>
<pin id="1062" dir="0" index="0" bw="1" slack="2"/>
<pin id="1063" dir="0" index="1" bw="1" slack="0"/>
<pin id="1064" dir="1" index="2" bw="1" slack="0"/>
</pin_list>
<bind>
<opcode="xor(25) " fcode="xor"/>
<opset="xor_ln282/6 "/>
</bind>
</comp>

<comp id="1066" class="1004" name="results_sign_4_fu_1066">
<pin_list>
<pin id="1067" dir="0" index="0" bw="1" slack="0"/>
<pin id="1068" dir="0" index="1" bw="1" slack="0"/>
<pin id="1069" dir="1" index="2" bw="1" slack="0"/>
</pin_list>
<bind>
<opcode="and(23) " fcode="and"/>
<opset="results_sign_4/6 "/>
</bind>
</comp>

<comp id="1072" class="1004" name="results_sign_3_fu_1072">
<pin_list>
<pin id="1073" dir="0" index="0" bw="1" slack="4"/>
<pin id="1074" dir="0" index="1" bw="1" slack="0"/>
<pin id="1075" dir="0" index="2" bw="1" slack="0"/>
<pin id="1076" dir="1" index="3" bw="1" slack="8"/>
</pin_list>
<bind>
<opcode="select(49) " fcode="select"/>
<opset="results_sign_3/6 "/>
</bind>
</comp>

<comp id="1079" class="1004" name="t1_1_fu_1079">
<pin_list>
<pin id="1080" dir="0" index="0" bw="63" slack="0"/>
<pin id="1081" dir="0" index="1" bw="59" slack="0"/>
<pin id="1082" dir="0" index="2" bw="1" slack="0"/>
<pin id="1083" dir="1" index="3" bw="63" slack="0"/>
</pin_list>
<bind>
<opcode="bitconcatenate(1004) " fcode="bitconcatenate"/>
<opset="t1_1/7 "/>
</bind>
</comp>

<comp id="1087" class="1004" name="zext_ln33_fu_1087">
<pin_list>
<pin id="1088" dir="0" index="0" bw="56" slack="2"/>
<pin id="1089" dir="1" index="1" bw="108" slack="0"/>
</pin_list>
<bind>
<opcode="zext(34) " fcode="zext"/>
<opset="zext_ln33/7 "/>
</bind>
</comp>

<comp id="1091" class="1004" name="sext_ln33_fu_1091">
<pin_list>
<pin id="1092" dir="0" index="0" bw="52" slack="0"/>
<pin id="1093" dir="1" index="1" bw="108" slack="0"/>
</pin_list>
<bind>
<opcode="sext(35) " fcode="sext"/>
<opset="sext_ln33/7 "/>
</bind>
</comp>

<comp id="1096" class="1004" name="trunc_ln_fu_1096">
<pin_list>
<pin id="1097" dir="0" index="0" bw="56" slack="0"/>
<pin id="1098" dir="0" index="1" bw="108" slack="0"/>
<pin id="1099" dir="0" index="2" bw="7" slack="0"/>
<pin id="1100" dir="0" index="3" bw="8" slack="0"/>
<pin id="1101" dir="1" index="4" bw="56" slack="0"/>
</pin_list>
<bind>
<opcode="partselect(1002) " fcode="partselect"/>
<opset="trunc_ln/7 "/>
</bind>
</comp>

<comp id="1106" class="1004" name="zext_ln34_fu_1106">
<pin_list>
<pin id="1107" dir="0" index="0" bw="49" slack="2"/>
<pin id="1108" dir="1" index="1" bw="93" slack="0"/>
</pin_list>
<bind>
<opcode="zext(34) " fcode="zext"/>
<opset="zext_ln34/7 "/>
</bind>
</comp>

<comp id="1110" class="1004" name="sext_ln34_fu_1110">
<pin_list>
<pin id="1111" dir="0" index="0" bw="44" slack="0"/>
<pin id="1112" dir="1" index="1" bw="93" slack="0"/>
</pin_list>
<bind>
<opcode="sext(35) " fcode="sext"/>
<opset="sext_ln34/7 "/>
</bind>
</comp>

<comp id="1115" class="1004" name="trunc_ln1_fu_1115">
<pin_list>
<pin id="1116" dir="0" index="0" bw="48" slack="0"/>
<pin id="1117" dir="0" index="1" bw="93" slack="0"/>
<pin id="1118" dir="0" index="2" bw="7" slack="0"/>
<pin id="1119" dir="0" index="3" bw="8" slack="0"/>
<pin id="1120" dir="1" index="4" bw="48" slack="0"/>
</pin_list>
<bind>
<opcode="partselect(1002) " fcode="partselect"/>
<opset="trunc_ln1/7 "/>
</bind>
</comp>

<comp id="1125" class="1004" name="zext_ln35_1_fu_1125">
<pin_list>
<pin id="1126" dir="0" index="0" bw="42" slack="1"/>
<pin id="1127" dir="1" index="1" bw="75" slack="0"/>
</pin_list>
<bind>
<opcode="zext(34) " fcode="zext"/>
<opset="zext_ln35_1/7 "/>
</bind>
</comp>

<comp id="1129" class="1004" name="zext_ln35_fu_1129">
<pin_list>
<pin id="1130" dir="0" index="0" bw="33" slack="0"/>
<pin id="1131" dir="1" index="1" bw="75" slack="0"/>
</pin_list>
<bind>
<opcode="zext(34) " fcode="zext"/>
<opset="zext_ln35/7 "/>
</bind>
</comp>

<comp id="1134" class="1004" name="zext_ln36_1_fu_1134">
<pin_list>
<pin id="1135" dir="0" index="0" bw="35" slack="1"/>
<pin id="1136" dir="1" index="1" bw="60" slack="0"/>
</pin_list>
<bind>
<opcode="zext(34) " fcode="zext"/>
<opset="zext_ln36_1/7 "/>
</bind>
</comp>

<comp id="1138" class="1004" name="zext_ln36_fu_1138">
<pin_list>
<pin id="1139" dir="0" index="0" bw="25" slack="0"/>
<pin id="1140" dir="1" index="1" bw="60" slack="0"/>
</pin_list>
<bind>
<opcode="zext(34) " fcode="zext"/>
<opset="zext_ln36/7 "/>
</bind>
</comp>

<comp id="1143" class="1004" name="lshr_ln_fu_1143">
<pin_list>
<pin id="1144" dir="0" index="0" bw="29" slack="0"/>
<pin id="1145" dir="0" index="1" bw="60" slack="0"/>
<pin id="1146" dir="0" index="2" bw="6" slack="0"/>
<pin id="1147" dir="0" index="3" bw="7" slack="0"/>
<pin id="1148" dir="1" index="4" bw="29" slack="0"/>
</pin_list>
<bind>
<opcode="partselect(1002) " fcode="partselect"/>
<opset="lshr_ln/7 "/>
</bind>
</comp>

<comp id="1153" class="1004" name="sext_ln37_fu_1153">
<pin_list>
<pin id="1154" dir="0" index="0" bw="63" slack="0"/>
<pin id="1155" dir="1" index="1" bw="64" slack="0"/>
</pin_list>
<bind>
<opcode="sext(35) " fcode="sext"/>
<opset="sext_ln37/7 "/>
</bind>
</comp>

<comp id="1157" class="1004" name="sext_ln37_1_fu_1157">
<pin_list>
<pin id="1158" dir="0" index="0" bw="56" slack="0"/>
<pin id="1159" dir="1" index="1" bw="64" slack="0"/>
</pin_list>
<bind>
<opcode="sext(35) " fcode="sext"/>
<opset="sext_ln37_1/7 "/>
</bind>
</comp>

<comp id="1161" class="1004" name="add_ln37_fu_1161">
<pin_list>
<pin id="1162" dir="0" index="0" bw="63" slack="0"/>
<pin id="1163" dir="0" index="1" bw="56" slack="0"/>
<pin id="1164" dir="1" index="2" bw="64" slack="0"/>
</pin_list>
<bind>
<opcode="add(8) " fcode="add"/>
<opset="add_ln37/7 "/>
</bind>
</comp>

<comp id="1167" class="1004" name="sext_ln37_2_fu_1167">
<pin_list>
<pin id="1168" dir="0" index="0" bw="48" slack="0"/>
<pin id="1169" dir="1" index="1" bw="64" slack="0"/>
</pin_list>
<bind>
<opcode="sext(35) " fcode="sext"/>
<opset="sext_ln37_2/7 "/>
</bind>
</comp>

<comp id="1171" class="1004" name="add_ln37_1_fu_1171">
<pin_list>
<pin id="1172" dir="0" index="0" bw="64" slack="0"/>
<pin id="1173" dir="0" index="1" bw="48" slack="0"/>
<pin id="1174" dir="1" index="2" bw="64" slack="0"/>
</pin_list>
<bind>
<opcode="add(8) " fcode="add"/>
<opset="add_ln37_1/7 "/>
</bind>
</comp>

<comp id="1177" class="1004" name="tmp_10_fu_1177">
<pin_list>
<pin id="1178" dir="0" index="0" bw="37" slack="0"/>
<pin id="1179" dir="0" index="1" bw="75" slack="0"/>
<pin id="1180" dir="0" index="2" bw="7" slack="0"/>
<pin id="1181" dir="0" index="3" bw="8" slack="0"/>
<pin id="1182" dir="1" index="4" bw="37" slack="0"/>
</pin_list>
<bind>
<opcode="partselect(1002) " fcode="partselect"/>
<opset="tmp_10/7 "/>
</bind>
</comp>

<comp id="1187" class="1004" name="zext_ln37_1_fu_1187">
<pin_list>
<pin id="1188" dir="0" index="0" bw="37" slack="0"/>
<pin id="1189" dir="1" index="1" bw="64" slack="0"/>
</pin_list>
<bind>
<opcode="zext(34) " fcode="zext"/>
<opset="zext_ln37_1/7 "/>
</bind>
</comp>

<comp id="1191" class="1004" name="add_ln37_2_fu_1191">
<pin_list>
<pin id="1192" dir="0" index="0" bw="64" slack="0"/>
<pin id="1193" dir="0" index="1" bw="37" slack="0"/>
<pin id="1194" dir="1" index="2" bw="64" slack="0"/>
</pin_list>
<bind>
<opcode="add(8) " fcode="add"/>
<opset="add_ln37_2/7 "/>
</bind>
</comp>

<comp id="1197" class="1004" name="zext_ln242_fu_1197">
<pin_list>
<pin id="1198" dir="0" index="0" bw="29" slack="0"/>
<pin id="1199" dir="1" index="1" bw="64" slack="0"/>
</pin_list>
<bind>
<opcode="zext(34) " fcode="zext"/>
<opset="zext_ln242/7 "/>
</bind>
</comp>

<comp id="1201" class="1004" name="add_ln37_3_fu_1201">
<pin_list>
<pin id="1202" dir="0" index="0" bw="64" slack="0"/>
<pin id="1203" dir="0" index="1" bw="29" slack="0"/>
<pin id="1204" dir="1" index="2" bw="64" slack="1"/>
</pin_list>
<bind>
<opcode="add(8) " fcode="add"/>
<opset="add_ln37_3/7 "/>
</bind>
</comp>

<comp id="1207" class="1004" name="out_bits_5_loc_load_load_fu_1207">
<pin_list>
<pin id="1208" dir="0" index="0" bw="32" slack="7"/>
<pin id="1209" dir="1" index="1" bw="32" slack="0"/>
</pin_list>
<bind>
<opcode="load(27) " fcode="load"/>
<opset="out_bits_5_loc_load/8 "/>
</bind>
</comp>

<comp id="1211" class="1004" name="out_bits_4_loc_load_load_fu_1211">
<pin_list>
<pin id="1212" dir="0" index="0" bw="32" slack="7"/>
<pin id="1213" dir="1" index="1" bw="32" slack="0"/>
</pin_list>
<bind>
<opcode="load(27) " fcode="load"/>
<opset="out_bits_4_loc_load/8 "/>
</bind>
</comp>

<comp id="1215" class="1004" name="out_bits_3_loc_load_load_fu_1215">
<pin_list>
<pin id="1216" dir="0" index="0" bw="32" slack="7"/>
<pin id="1217" dir="1" index="1" bw="32" slack="0"/>
</pin_list>
<bind>
<opcode="load(27) " fcode="load"/>
<opset="out_bits_3_loc_load/8 "/>
</bind>
</comp>

<comp id="1219" class="1004" name="sext_ln243_fu_1219">
<pin_list>
<pin id="1220" dir="0" index="0" bw="64" slack="1"/>
<pin id="1221" dir="1" index="1" bw="126" slack="0"/>
</pin_list>
<bind>
<opcode="sext(35) " fcode="sext"/>
<opset="sext_ln243/8 "/>
</bind>
</comp>

<comp id="1223" class="1004" name="Mx_2_fu_1223">
<pin_list>
<pin id="1224" dir="0" index="0" bw="1" slack="2"/>
<pin id="1225" dir="0" index="1" bw="63" slack="0"/>
<pin id="1226" dir="0" index="2" bw="63" slack="4"/>
<pin id="1227" dir="1" index="3" bw="63" slack="0"/>
</pin_list>
<bind>
<opcode="select(49) " fcode="select"/>
<opset="Mx_2/8 "/>
</bind>
</comp>

<comp id="1229" class="1004" name="zext_ln37_fu_1229">
<pin_list>
<pin id="1230" dir="0" index="0" bw="63" slack="0"/>
<pin id="1231" dir="1" index="1" bw="126" slack="0"/>
</pin_list>
<bind>
<opcode="zext(34) " fcode="zext"/>
<opset="zext_ln37/8 "/>
</bind>
</comp>

<comp id="1234" class="1004" name="result_fu_1234">
<pin_list>
<pin id="1235" dir="0" index="0" bw="63" slack="0"/>
<pin id="1236" dir="0" index="1" bw="126" slack="0"/>
<pin id="1237" dir="0" index="2" bw="7" slack="0"/>
<pin id="1238" dir="0" index="3" bw="8" slack="0"/>
<pin id="1239" dir="1" index="4" bw="63" slack="0"/>
</pin_list>
<bind>
<opcode="partselect(1002) " fcode="partselect"/>
<opset="result/8 "/>
</bind>
</comp>

<comp id="1245" class="1004" name="tmp_6_fu_1245">
<pin_list>
<pin id="1246" dir="0" index="0" bw="15" slack="0"/>
<pin id="1247" dir="0" index="1" bw="126" slack="0"/>
<pin id="1248" dir="0" index="2" bw="7" slack="0"/>
<pin id="1249" dir="0" index="3" bw="8" slack="0"/>
<pin id="1250" dir="1" index="4" bw="15" slack="2"/>
</pin_list>
<bind>
<opcode="partselect(1002) " fcode="partselect"/>
<opset="tmp_6/8 "/>
</bind>
</comp>

<comp id="1255" class="1004" name="out_bits_9_loc_load_load_fu_1255">
<pin_list>
<pin id="1256" dir="0" index="0" bw="32" slack="9"/>
<pin id="1257" dir="1" index="1" bw="32" slack="0"/>
</pin_list>
<bind>
<opcode="load(27) " fcode="load"/>
<opset="out_bits_9_loc_load/10 "/>
</bind>
</comp>

<comp id="1259" class="1004" name="out_bits_8_loc_load_load_fu_1259">
<pin_list>
<pin id="1260" dir="0" index="0" bw="32" slack="9"/>
<pin id="1261" dir="1" index="1" bw="32" slack="0"/>
</pin_list>
<bind>
<opcode="load(27) " fcode="load"/>
<opset="out_bits_8_loc_load/10 "/>
</bind>
</comp>

<comp id="1263" class="1004" name="out_bits_7_loc_load_load_fu_1263">
<pin_list>
<pin id="1264" dir="0" index="0" bw="32" slack="9"/>
<pin id="1265" dir="1" index="1" bw="32" slack="0"/>
</pin_list>
<bind>
<opcode="load(27) " fcode="load"/>
<opset="out_bits_7_loc_load/10 "/>
</bind>
</comp>

<comp id="1267" class="1004" name="out_bits_6_fu_1267">
<pin_list>
<pin id="1268" dir="0" index="0" bw="32" slack="0"/>
<pin id="1269" dir="0" index="1" bw="15" slack="2"/>
<pin id="1270" dir="0" index="2" bw="17" slack="0"/>
<pin id="1271" dir="1" index="3" bw="32" slack="0"/>
</pin_list>
<bind>
<opcode="bitconcatenate(1004) " fcode="bitconcatenate"/>
<opset="out_bits_6/10 "/>
</bind>
</comp>

<comp id="1275" class="1004" name="c_3_loc_load_load_fu_1275">
<pin_list>
<pin id="1276" dir="0" index="0" bw="32" slack="11"/>
<pin id="1277" dir="1" index="1" bw="32" slack="0"/>
</pin_list>
<bind>
<opcode="load(27) " fcode="load"/>
<opset="c_3_loc_load/12 "/>
</bind>
</comp>

<comp id="1279" class="1004" name="c_2_loc_load_load_fu_1279">
<pin_list>
<pin id="1280" dir="0" index="0" bw="32" slack="11"/>
<pin id="1281" dir="1" index="1" bw="32" slack="0"/>
</pin_list>
<bind>
<opcode="load(27) " fcode="load"/>
<opset="c_2_loc_load/12 "/>
</bind>
</comp>

<comp id="1283" class="1004" name="c_1_loc_load_load_fu_1283">
<pin_list>
<pin id="1284" dir="0" index="0" bw="32" slack="11"/>
<pin id="1285" dir="1" index="1" bw="32" slack="0"/>
</pin_list>
<bind>
<opcode="load(27) " fcode="load"/>
<opset="c_1_loc_load/12 "/>
</bind>
</comp>

<comp id="1287" class="1004" name="c_loc_load_load_fu_1287">
<pin_list>
<pin id="1288" dir="0" index="0" bw="32" slack="11"/>
<pin id="1289" dir="1" index="1" bw="32" slack="0"/>
</pin_list>
<bind>
<opcode="load(27) " fcode="load"/>
<opset="c_loc_load/12 "/>
</bind>
</comp>

<comp id="1291" class="1004" name="icmp_ln433_fu_1291">
<pin_list>
<pin id="1292" dir="0" index="0" bw="63" slack="4"/>
<pin id="1293" dir="0" index="1" bw="63" slack="0"/>
<pin id="1294" dir="1" index="2" bw="1" slack="2"/>
</pin_list>
<bind>
<opcode="icmp(45) " fcode="icmp"/>
<opset="icmp_ln433/12 "/>
</bind>
</comp>

<comp id="1296" class="1004" name="Ex_3_fu_1296">
<pin_list>
<pin id="1297" dir="0" index="0" bw="1" slack="8"/>
<pin id="1298" dir="0" index="1" bw="11" slack="0"/>
<pin id="1299" dir="0" index="2" bw="11" slack="10"/>
<pin id="1300" dir="1" index="3" bw="11" slack="0"/>
</pin_list>
<bind>
<opcode="select(49) " fcode="select"/>
<opset="Ex_3/14 "/>
</bind>
</comp>

<comp id="1302" class="1004" name="sext_ln252_fu_1302">
<pin_list>
<pin id="1303" dir="0" index="0" bw="11" slack="0"/>
<pin id="1304" dir="1" index="1" bw="12" slack="0"/>
</pin_list>
<bind>
<opcode="sext(35) " fcode="sext"/>
<opset="sext_ln252/14 "/>
</bind>
</comp>

<comp id="1306" class="1004" name="shift_1_loc_load_load_fu_1306">
<pin_list>
<pin id="1307" dir="0" index="0" bw="32" slack="13"/>
<pin id="1308" dir="1" index="1" bw="32" slack="0"/>
</pin_list>
<bind>
<opcode="load(27) " fcode="load"/>
<opset="shift_1_loc_load/14 "/>
</bind>
</comp>

<comp id="1309" class="1004" name="in_shift_loc_load_load_fu_1309">
<pin_list>
<pin id="1310" dir="0" index="0" bw="62" slack="13"/>
<pin id="1311" dir="1" index="1" bw="62" slack="0"/>
</pin_list>
<bind>
<opcode="load(27) " fcode="load"/>
<opset="in_shift_loc_load/14 "/>
</bind>
</comp>

<comp id="1312" class="1004" name="add_ln432_fu_1312">
<pin_list>
<pin id="1313" dir="0" index="0" bw="11" slack="0"/>
<pin id="1314" dir="0" index="1" bw="11" slack="0"/>
<pin id="1315" dir="1" index="2" bw="12" slack="0"/>
</pin_list>
<bind>
<opcode="add(8) " fcode="add"/>
<opset="add_ln432/14 "/>
</bind>
</comp>

<comp id="1318" class="1004" name="sext_ln432_fu_1318">
<pin_list>
<pin id="1319" dir="0" index="0" bw="12" slack="0"/>
<pin id="1320" dir="1" index="1" bw="32" slack="0"/>
</pin_list>
<bind>
<opcode="sext(35) " fcode="sext"/>
<opset="sext_ln432/14 "/>
</bind>
</comp>

<comp id="1322" class="1004" name="newexp_fu_1322">
<pin_list>
<pin id="1323" dir="0" index="0" bw="12" slack="0"/>
<pin id="1324" dir="0" index="1" bw="32" slack="0"/>
<pin id="1325" dir="1" index="2" bw="32" slack="0"/>
</pin_list>
<bind>
<opcode="sub(10) " fcode="sub"/>
<opset="newexp/14 "/>
</bind>
</comp>

<comp id="1328" class="1004" name="tmp_11_fu_1328">
<pin_list>
<pin id="1329" dir="0" index="0" bw="1" slack="0"/>
<pin id="1330" dir="0" index="1" bw="32" slack="0"/>
<pin id="1331" dir="0" index="2" bw="6" slack="0"/>
<pin id="1332" dir="1" index="3" bw="1" slack="0"/>
</pin_list>
<bind>
<opcode="bitselect(1000) " fcode="bitselect"/>
<opset="tmp_11/14 "/>
</bind>
</comp>

<comp id="1336" class="1004" name="or_ln433_fu_1336">
<pin_list>
<pin id="1337" dir="0" index="0" bw="1" slack="0"/>
<pin id="1338" dir="0" index="1" bw="1" slack="2"/>
<pin id="1339" dir="1" index="2" bw="1" slack="0"/>
</pin_list>
<bind>
<opcode="or(24) " fcode="or"/>
<opset="or_ln433/14 "/>
</bind>
</comp>

<comp id="1341" class="1004" name="empty_fu_1341">
<pin_list>
<pin id="1342" dir="0" index="0" bw="32" slack="0"/>
<pin id="1343" dir="1" index="1" bw="11" slack="0"/>
</pin_list>
<bind>
<opcode="trunc(33) " fcode="trunc"/>
<opset="empty/14 "/>
</bind>
</comp>

<comp id="1345" class="1004" name="phitmp_fu_1345">
<pin_list>
<pin id="1346" dir="0" index="0" bw="52" slack="0"/>
<pin id="1347" dir="0" index="1" bw="62" slack="0"/>
<pin id="1348" dir="0" index="2" bw="5" slack="0"/>
<pin id="1349" dir="0" index="3" bw="7" slack="0"/>
<pin id="1350" dir="1" index="4" bw="52" slack="0"/>
</pin_list>
<bind>
<opcode="partselect(1002) " fcode="partselect"/>
<opset="phitmp/14 "/>
</bind>
</comp>

<comp id="1355" class="1004" name="select_ln259_fu_1355">
<pin_list>
<pin id="1356" dir="0" index="0" bw="1" slack="8"/>
<pin id="1357" dir="0" index="1" bw="11" slack="0"/>
<pin id="1358" dir="0" index="2" bw="11" slack="0"/>
<pin id="1359" dir="1" index="3" bw="11" slack="0"/>
</pin_list>
<bind>
<opcode="select(49) " fcode="select"/>
<opset="select_ln259/14 "/>
</bind>
</comp>

<comp id="1362" class="1004" name="select_ln282_fu_1362">
<pin_list>
<pin id="1363" dir="0" index="0" bw="1" slack="10"/>
<pin id="1364" dir="0" index="1" bw="11" slack="0"/>
<pin id="1365" dir="0" index="2" bw="11" slack="0"/>
<pin id="1366" dir="1" index="3" bw="11" slack="0"/>
</pin_list>
<bind>
<opcode="select(49) " fcode="select"/>
<opset="select_ln282/14 "/>
</bind>
</comp>

<comp id="1369" class="1004" name="or_ln282_fu_1369">
<pin_list>
<pin id="1370" dir="0" index="0" bw="1" slack="10"/>
<pin id="1371" dir="0" index="1" bw="1" slack="0"/>
<pin id="1372" dir="1" index="2" bw="1" slack="0"/>
</pin_list>
<bind>
<opcode="or(24) " fcode="or"/>
<opset="or_ln282/14 "/>
</bind>
</comp>

<comp id="1374" class="1004" name="results_exp_fu_1374">
<pin_list>
<pin id="1375" dir="0" index="0" bw="1" slack="0"/>
<pin id="1376" dir="0" index="1" bw="11" slack="0"/>
<pin id="1377" dir="0" index="2" bw="11" slack="0"/>
<pin id="1378" dir="1" index="3" bw="11" slack="0"/>
</pin_list>
<bind>
<opcode="select(49) " fcode="select"/>
<opset="results_exp/14 "/>
</bind>
</comp>

<comp id="1382" class="1004" name="select_ln282_2_fu_1382">
<pin_list>
<pin id="1383" dir="0" index="0" bw="1" slack="10"/>
<pin id="1384" dir="0" index="1" bw="52" slack="0"/>
<pin id="1385" dir="0" index="2" bw="52" slack="0"/>
<pin id="1386" dir="1" index="3" bw="52" slack="0"/>
</pin_list>
<bind>
<opcode="select(49) " fcode="select"/>
<opset="select_ln282_2/14 "/>
</bind>
</comp>

<comp id="1389" class="1004" name="results_sig_fu_1389">
<pin_list>
<pin id="1390" dir="0" index="0" bw="1" slack="0"/>
<pin id="1391" dir="0" index="1" bw="52" slack="0"/>
<pin id="1392" dir="0" index="2" bw="52" slack="0"/>
<pin id="1393" dir="1" index="3" bw="52" slack="0"/>
</pin_list>
<bind>
<opcode="select(49) " fcode="select"/>
<opset="results_sig/14 "/>
</bind>
</comp>

<comp id="1397" class="1004" name="results_exp_1_fu_1397">
<pin_list>
<pin id="1398" dir="0" index="0" bw="1" slack="12"/>
<pin id="1399" dir="0" index="1" bw="11" slack="0"/>
<pin id="1400" dir="0" index="2" bw="11" slack="0"/>
<pin id="1401" dir="1" index="3" bw="11" slack="0"/>
</pin_list>
<bind>
<opcode="select(49) " fcode="select"/>
<opset="results_exp_1/14 "/>
</bind>
</comp>

<comp id="1404" class="1004" name="results_sig_1_fu_1404">
<pin_list>
<pin id="1405" dir="0" index="0" bw="1" slack="12"/>
<pin id="1406" dir="0" index="1" bw="52" slack="0"/>
<pin id="1407" dir="0" index="2" bw="52" slack="0"/>
<pin id="1408" dir="1" index="3" bw="52" slack="0"/>
</pin_list>
<bind>
<opcode="select(49) " fcode="select"/>
<opset="results_sig_1/14 "/>
</bind>
</comp>

<comp id="1411" class="1004" name="t_2_fu_1411">
<pin_list>
<pin id="1412" dir="0" index="0" bw="64" slack="0"/>
<pin id="1413" dir="0" index="1" bw="1" slack="8"/>
<pin id="1414" dir="0" index="2" bw="11" slack="0"/>
<pin id="1415" dir="0" index="3" bw="52" slack="0"/>
<pin id="1416" dir="1" index="4" bw="64" slack="0"/>
</pin_list>
<bind>
<opcode="bitconcatenate(1004) " fcode="bitconcatenate"/>
<opset="t_2/14 "/>
</bind>
</comp>

<comp id="1420" class="1004" name="bitcast_ln497_fu_1420">
<pin_list>
<pin id="1421" dir="0" index="0" bw="64" slack="0"/>
<pin id="1422" dir="1" index="1" bw="64" slack="2147483647"/>
</pin_list>
<bind>
<opcode="bitcast(44) " fcode="bitcast"/>
<opset="bitcast_ln497/14 "/>
</bind>
</comp>

<comp id="1424" class="1005" name="in_shift_loc_reg_1424">
<pin_list>
<pin id="1425" dir="0" index="0" bw="62" slack="11"/>
<pin id="1426" dir="1" index="1" bw="62" slack="11"/>
</pin_list>
<bind>
<opset="in_shift_loc "/>
</bind>
</comp>

<comp id="1430" class="1005" name="shift_1_loc_reg_1430">
<pin_list>
<pin id="1431" dir="0" index="0" bw="32" slack="11"/>
<pin id="1432" dir="1" index="1" bw="32" slack="11"/>
</pin_list>
<bind>
<opset="shift_1_loc "/>
</bind>
</comp>

<comp id="1436" class="1005" name="c_loc_reg_1436">
<pin_list>
<pin id="1437" dir="0" index="0" bw="32" slack="9"/>
<pin id="1438" dir="1" index="1" bw="32" slack="9"/>
</pin_list>
<bind>
<opset="c_loc "/>
</bind>
</comp>

<comp id="1442" class="1005" name="c_1_loc_reg_1442">
<pin_list>
<pin id="1443" dir="0" index="0" bw="32" slack="9"/>
<pin id="1444" dir="1" index="1" bw="32" slack="9"/>
</pin_list>
<bind>
<opset="c_1_loc "/>
</bind>
</comp>

<comp id="1448" class="1005" name="c_2_loc_reg_1448">
<pin_list>
<pin id="1449" dir="0" index="0" bw="32" slack="9"/>
<pin id="1450" dir="1" index="1" bw="32" slack="9"/>
</pin_list>
<bind>
<opset="c_2_loc "/>
</bind>
</comp>

<comp id="1454" class="1005" name="c_3_loc_reg_1454">
<pin_list>
<pin id="1455" dir="0" index="0" bw="32" slack="9"/>
<pin id="1456" dir="1" index="1" bw="32" slack="9"/>
</pin_list>
<bind>
<opset="c_3_loc "/>
</bind>
</comp>

<comp id="1460" class="1005" name="out_bits_7_loc_reg_1460">
<pin_list>
<pin id="1461" dir="0" index="0" bw="32" slack="7"/>
<pin id="1462" dir="1" index="1" bw="32" slack="7"/>
</pin_list>
<bind>
<opset="out_bits_7_loc "/>
</bind>
</comp>

<comp id="1466" class="1005" name="out_bits_8_loc_reg_1466">
<pin_list>
<pin id="1467" dir="0" index="0" bw="32" slack="7"/>
<pin id="1468" dir="1" index="1" bw="32" slack="7"/>
</pin_list>
<bind>
<opset="out_bits_8_loc "/>
</bind>
</comp>

<comp id="1472" class="1005" name="out_bits_9_loc_reg_1472">
<pin_list>
<pin id="1473" dir="0" index="0" bw="32" slack="7"/>
<pin id="1474" dir="1" index="1" bw="32" slack="7"/>
</pin_list>
<bind>
<opset="out_bits_9_loc "/>
</bind>
</comp>

<comp id="1478" class="1005" name="out_bits_3_loc_reg_1478">
<pin_list>
<pin id="1479" dir="0" index="0" bw="32" slack="0"/>
<pin id="1480" dir="1" index="1" bw="32" slack="0"/>
</pin_list>
<bind>
<opset="out_bits_3_loc "/>
</bind>
</comp>

<comp id="1484" class="1005" name="out_bits_4_loc_reg_1484">
<pin_list>
<pin id="1485" dir="0" index="0" bw="32" slack="0"/>
<pin id="1486" dir="1" index="1" bw="32" slack="0"/>
</pin_list>
<bind>
<opset="out_bits_4_loc "/>
</bind>
</comp>

<comp id="1490" class="1005" name="out_bits_5_loc_reg_1490">
<pin_list>
<pin id="1491" dir="0" index="0" bw="32" slack="0"/>
<pin id="1492" dir="1" index="1" bw="32" slack="0"/>
</pin_list>
<bind>
<opset="out_bits_5_loc "/>
</bind>
</comp>

<comp id="1496" class="1005" name="din_sign_reg_1496">
<pin_list>
<pin id="1497" dir="0" index="0" bw="1" slack="5"/>
<pin id="1498" dir="1" index="1" bw="1" slack="5"/>
</pin_list>
<bind>
<opset="din_sign "/>
</bind>
</comp>

<comp id="1502" class="1005" name="din_exp_reg_1502">
<pin_list>
<pin id="1503" dir="0" index="0" bw="11" slack="1"/>
<pin id="1504" dir="1" index="1" bw="11" slack="1"/>
</pin_list>
<bind>
<opset="din_exp "/>
</bind>
</comp>

<comp id="1509" class="1005" name="din_sig_reg_1509">
<pin_list>
<pin id="1510" dir="0" index="0" bw="52" slack="1"/>
<pin id="1511" dir="1" index="1" bw="52" slack="1"/>
</pin_list>
<bind>
<opset="din_sig "/>
</bind>
</comp>

<comp id="1515" class="1005" name="closepath_reg_1515">
<pin_list>
<pin id="1516" dir="0" index="0" bw="1" slack="2"/>
<pin id="1517" dir="1" index="1" bw="1" slack="3"/>
</pin_list>
<bind>
<opset="closepath "/>
</bind>
</comp>

<comp id="1521" class="1005" name="ref_4oPi_table_256_addr_reg_1521">
<pin_list>
<pin id="1522" dir="0" index="0" bw="4" slack="1"/>
<pin id="1523" dir="1" index="1" bw="4" slack="1"/>
</pin_list>
<bind>
<opset="ref_4oPi_table_256_addr "/>
</bind>
</comp>

<comp id="1526" class="1005" name="trunc_ln398_reg_1526">
<pin_list>
<pin id="1527" dir="0" index="0" bw="7" slack="1"/>
<pin id="1528" dir="1" index="1" bw="7" slack="1"/>
</pin_list>
<bind>
<opset="trunc_ln398 "/>
</bind>
</comp>

<comp id="1531" class="1005" name="Med_reg_1531">
<pin_list>
<pin id="1532" dir="0" index="0" bw="170" slack="1"/>
<pin id="1533" dir="1" index="1" bw="170" slack="1"/>
</pin_list>
<bind>
<opset="Med "/>
</bind>
</comp>

<comp id="1536" class="1005" name="zext_ln468_reg_1536">
<pin_list>
<pin id="1537" dir="0" index="0" bw="170" slack="1"/>
<pin id="1538" dir="1" index="1" bw="170" slack="1"/>
</pin_list>
<bind>
<opset="zext_ln468 "/>
</bind>
</comp>

<comp id="1541" class="1005" name="and_ln271_reg_1541">
<pin_list>
<pin id="1542" dir="0" index="0" bw="1" slack="4"/>
<pin id="1543" dir="1" index="1" bw="1" slack="4"/>
</pin_list>
<bind>
<opset="and_ln271 "/>
</bind>
</comp>

<comp id="1548" class="1005" name="Mx_bits_reg_1548">
<pin_list>
<pin id="1549" dir="0" index="0" bw="124" slack="1"/>
<pin id="1550" dir="1" index="1" bw="124" slack="1"/>
</pin_list>
<bind>
<opset="Mx_bits "/>
</bind>
</comp>

<comp id="1554" class="1005" name="k_reg_1554">
<pin_list>
<pin id="1555" dir="0" index="0" bw="3" slack="1"/>
<pin id="1556" dir="1" index="1" bw="3" slack="1"/>
</pin_list>
<bind>
<opset="k "/>
</bind>
</comp>

<comp id="1559" class="1005" name="k_1_reg_1559">
<pin_list>
<pin id="1560" dir="0" index="0" bw="3" slack="2"/>
<pin id="1561" dir="1" index="1" bw="3" slack="2"/>
</pin_list>
<bind>
<opset="k_1 "/>
</bind>
</comp>

<comp id="1565" class="1005" name="Mx_reg_1565">
<pin_list>
<pin id="1566" dir="0" index="0" bw="63" slack="1"/>
<pin id="1567" dir="1" index="1" bw="63" slack="1"/>
</pin_list>
<bind>
<opset="Mx "/>
</bind>
</comp>

<comp id="1572" class="1005" name="Ex_1_reg_1572">
<pin_list>
<pin id="1573" dir="0" index="0" bw="11" slack="1"/>
<pin id="1574" dir="1" index="1" bw="11" slack="1"/>
</pin_list>
<bind>
<opset="Ex_1 "/>
</bind>
</comp>

<comp id="1579" class="1005" name="tmp_reg_1579">
<pin_list>
<pin id="1580" dir="0" index="0" bw="1" slack="1"/>
<pin id="1581" dir="1" index="1" bw="1" slack="1"/>
</pin_list>
<bind>
<opset="tmp "/>
</bind>
</comp>

<comp id="1585" class="1005" name="icmp_ln282_reg_1585">
<pin_list>
<pin id="1586" dir="0" index="0" bw="1" slack="2"/>
<pin id="1587" dir="1" index="1" bw="1" slack="2"/>
</pin_list>
<bind>
<opset="icmp_ln282 "/>
</bind>
</comp>

<comp id="1593" class="1005" name="tmp_4_reg_1593">
<pin_list>
<pin id="1594" dir="0" index="0" bw="7" slack="1"/>
<pin id="1595" dir="1" index="1" bw="7" slack="1"/>
</pin_list>
<bind>
<opset="tmp_4 "/>
</bind>
</comp>

<comp id="1598" class="1005" name="B_reg_1598">
<pin_list>
<pin id="1599" dir="0" index="0" bw="56" slack="2"/>
<pin id="1600" dir="1" index="1" bw="56" slack="2"/>
</pin_list>
<bind>
<opset="B "/>
</bind>
</comp>

<comp id="1603" class="1005" name="zext_ln25_reg_1603">
<pin_list>
<pin id="1604" dir="0" index="0" bw="98" slack="1"/>
<pin id="1605" dir="1" index="1" bw="98" slack="1"/>
</pin_list>
<bind>
<opset="zext_ln25 "/>
</bind>
</comp>

<comp id="1608" class="1005" name="B_squared_reg_1608">
<pin_list>
<pin id="1609" dir="0" index="0" bw="49" slack="1"/>
<pin id="1610" dir="1" index="1" bw="49" slack="1"/>
</pin_list>
<bind>
<opset="B_squared "/>
</bind>
</comp>

<comp id="1614" class="1005" name="do_cos_read_reg_1614">
<pin_list>
<pin id="1615" dir="0" index="0" bw="1" slack="8"/>
<pin id="1616" dir="1" index="1" bw="1" slack="8"/>
</pin_list>
<bind>
<opset="do_cos_read "/>
</bind>
</comp>

<comp id="1619" class="1005" name="fourth_order_double_sin_cos_K0_addr_reg_1619">
<pin_list>
<pin id="1620" dir="0" index="0" bw="8" slack="1"/>
<pin id="1621" dir="1" index="1" bw="8" slack="1"/>
</pin_list>
<bind>
<opset="fourth_order_double_sin_cos_K0_addr "/>
</bind>
</comp>

<comp id="1624" class="1005" name="fourth_order_double_sin_cos_K1_addr_reg_1624">
<pin_list>
<pin id="1625" dir="0" index="0" bw="8" slack="1"/>
<pin id="1626" dir="1" index="1" bw="8" slack="1"/>
</pin_list>
<bind>
<opset="fourth_order_double_sin_cos_K1_addr "/>
</bind>
</comp>

<comp id="1629" class="1005" name="fourth_order_double_sin_cos_K2_addr_reg_1629">
<pin_list>
<pin id="1630" dir="0" index="0" bw="8" slack="1"/>
<pin id="1631" dir="1" index="1" bw="8" slack="1"/>
</pin_list>
<bind>
<opset="fourth_order_double_sin_cos_K2_addr "/>
</bind>
</comp>

<comp id="1634" class="1005" name="tmp_7_reg_1634">
<pin_list>
<pin id="1635" dir="0" index="0" bw="42" slack="1"/>
<pin id="1636" dir="1" index="1" bw="42" slack="1"/>
</pin_list>
<bind>
<opset="tmp_7 "/>
</bind>
</comp>

<comp id="1639" class="1005" name="fourth_order_double_sin_cos_K3_addr_reg_1639">
<pin_list>
<pin id="1640" dir="0" index="0" bw="8" slack="1"/>
<pin id="1641" dir="1" index="1" bw="8" slack="1"/>
</pin_list>
<bind>
<opset="fourth_order_double_sin_cos_K3_addr "/>
</bind>
</comp>

<comp id="1644" class="1005" name="tmp_8_reg_1644">
<pin_list>
<pin id="1645" dir="0" index="0" bw="35" slack="1"/>
<pin id="1646" dir="1" index="1" bw="35" slack="1"/>
</pin_list>
<bind>
<opset="tmp_8 "/>
</bind>
</comp>

<comp id="1649" class="1005" name="fourth_order_double_sin_cos_K4_addr_reg_1649">
<pin_list>
<pin id="1650" dir="0" index="0" bw="8" slack="1"/>
<pin id="1651" dir="1" index="1" bw="8" slack="1"/>
</pin_list>
<bind>
<opset="fourth_order_double_sin_cos_K4_addr "/>
</bind>
</comp>

<comp id="1654" class="1005" name="cos_basis_reg_1654">
<pin_list>
<pin id="1655" dir="0" index="0" bw="1" slack="2"/>
<pin id="1656" dir="1" index="1" bw="1" slack="2"/>
</pin_list>
<bind>
<opset="cos_basis "/>
</bind>
</comp>

<comp id="1660" class="1005" name="results_sign_3_reg_1660">
<pin_list>
<pin id="1661" dir="0" index="0" bw="1" slack="8"/>
<pin id="1662" dir="1" index="1" bw="1" slack="8"/>
</pin_list>
<bind>
<opset="results_sign_3 "/>
</bind>
</comp>

<comp id="1665" class="1005" name="add_ln37_3_reg_1665">
<pin_list>
<pin id="1666" dir="0" index="0" bw="64" slack="1"/>
<pin id="1667" dir="1" index="1" bw="64" slack="1"/>
</pin_list>
<bind>
<opset="add_ln37_3 "/>
</bind>
</comp>

<comp id="1679" class="1005" name="result_reg_1679">
<pin_list>
<pin id="1680" dir="0" index="0" bw="63" slack="1"/>
<pin id="1681" dir="1" index="1" bw="63" slack="1"/>
</pin_list>
<bind>
<opset="result "/>
</bind>
</comp>

<comp id="1686" class="1005" name="tmp_6_reg_1686">
<pin_list>
<pin id="1687" dir="0" index="0" bw="15" slack="2"/>
<pin id="1688" dir="1" index="1" bw="15" slack="2"/>
</pin_list>
<bind>
<opset="tmp_6 "/>
</bind>
</comp>

<comp id="1700" class="1005" name="out_bits_6_reg_1700">
<pin_list>
<pin id="1701" dir="0" index="0" bw="32" slack="1"/>
<pin id="1702" dir="1" index="1" bw="32" slack="1"/>
</pin_list>
<bind>
<opset="out_bits_6 "/>
</bind>
</comp>

<comp id="1717" class="1005" name="icmp_ln433_reg_1717">
<pin_list>
<pin id="1718" dir="0" index="0" bw="1" slack="2"/>
<pin id="1719" dir="1" index="1" bw="1" slack="2"/>
</pin_list>
<bind>
<opset="icmp_ln433 "/>
</bind>
</comp>

</comp_list>

<net_list>
<net id="247"><net_src comp="18" pin="0"/><net_sink comp="244" pin=0"/></net>

<net id="251"><net_src comp="18" pin="0"/><net_sink comp="248" pin=0"/></net>

<net id="255"><net_src comp="18" pin="0"/><net_sink comp="252" pin=0"/></net>

<net id="259"><net_src comp="18" pin="0"/><net_sink comp="256" pin=0"/></net>

<net id="263"><net_src comp="18" pin="0"/><net_sink comp="260" pin=0"/></net>

<net id="267"><net_src comp="18" pin="0"/><net_sink comp="264" pin=0"/></net>

<net id="271"><net_src comp="18" pin="0"/><net_sink comp="268" pin=0"/></net>

<net id="275"><net_src comp="18" pin="0"/><net_sink comp="272" pin=0"/></net>

<net id="279"><net_src comp="18" pin="0"/><net_sink comp="276" pin=0"/></net>

<net id="283"><net_src comp="18" pin="0"/><net_sink comp="280" pin=0"/></net>

<net id="287"><net_src comp="18" pin="0"/><net_sink comp="284" pin=0"/></net>

<net id="291"><net_src comp="18" pin="0"/><net_sink comp="288" pin=0"/></net>

<net id="296"><net_src comp="16" pin="0"/><net_sink comp="292" pin=0"/></net>

<net id="297"><net_src comp="0" pin="0"/><net_sink comp="292" pin=1"/></net>

<net id="302"><net_src comp="114" pin="0"/><net_sink comp="298" pin=0"/></net>

<net id="303"><net_src comp="2" pin="0"/><net_sink comp="298" pin=1"/></net>

<net id="309"><net_src comp="4" pin="0"/><net_sink comp="304" pin=0"/></net>

<net id="310"><net_src comp="42" pin="0"/><net_sink comp="304" pin=1"/></net>

<net id="316"><net_src comp="304" pin="3"/><net_sink comp="311" pin=0"/></net>

<net id="322"><net_src comp="6" pin="0"/><net_sink comp="317" pin=0"/></net>

<net id="323"><net_src comp="42" pin="0"/><net_sink comp="317" pin=1"/></net>

<net id="329"><net_src comp="317" pin="3"/><net_sink comp="324" pin=0"/></net>

<net id="335"><net_src comp="8" pin="0"/><net_sink comp="330" pin=0"/></net>

<net id="336"><net_src comp="42" pin="0"/><net_sink comp="330" pin=1"/></net>

<net id="342"><net_src comp="330" pin="3"/><net_sink comp="337" pin=0"/></net>

<net id="348"><net_src comp="10" pin="0"/><net_sink comp="343" pin=0"/></net>

<net id="349"><net_src comp="42" pin="0"/><net_sink comp="343" pin=1"/></net>

<net id="355"><net_src comp="343" pin="3"/><net_sink comp="350" pin=0"/></net>

<net id="361"><net_src comp="12" pin="0"/><net_sink comp="356" pin=0"/></net>

<net id="362"><net_src comp="42" pin="0"/><net_sink comp="356" pin=1"/></net>

<net id="368"><net_src comp="356" pin="3"/><net_sink comp="363" pin=0"/></net>

<net id="374"><net_src comp="14" pin="0"/><net_sink comp="369" pin=0"/></net>

<net id="375"><net_src comp="42" pin="0"/><net_sink comp="369" pin=1"/></net>

<net id="381"><net_src comp="369" pin="3"/><net_sink comp="376" pin=0"/></net>

<net id="388"><net_src comp="44" pin="0"/><net_sink comp="382" pin=0"/></net>

<net id="399"><net_src comp="208" pin="0"/><net_sink comp="389" pin=0"/></net>

<net id="411"><net_src comp="218" pin="0"/><net_sink comp="400" pin=0"/></net>

<net id="422"><net_src comp="220" pin="0"/><net_sink comp="412" pin=0"/></net>

<net id="458"><net_src comp="292" pin="2"/><net_sink comp="455" pin=0"/></net>

<net id="464"><net_src comp="20" pin="0"/><net_sink comp="459" pin=0"/></net>

<net id="465"><net_src comp="455" pin="1"/><net_sink comp="459" pin=1"/></net>

<net id="466"><net_src comp="22" pin="0"/><net_sink comp="459" pin=2"/></net>

<net id="473"><net_src comp="24" pin="0"/><net_sink comp="467" pin=0"/></net>

<net id="474"><net_src comp="455" pin="1"/><net_sink comp="467" pin=1"/></net>

<net id="475"><net_src comp="26" pin="0"/><net_sink comp="467" pin=2"/></net>

<net id="476"><net_src comp="28" pin="0"/><net_sink comp="467" pin=3"/></net>

<net id="480"><net_src comp="455" pin="1"/><net_sink comp="477" pin=0"/></net>

<net id="485"><net_src comp="467" pin="4"/><net_sink comp="481" pin=0"/></net>

<net id="486"><net_src comp="30" pin="0"/><net_sink comp="481" pin=1"/></net>

<net id="491"><net_src comp="467" pin="4"/><net_sink comp="487" pin=0"/></net>

<net id="492"><net_src comp="32" pin="0"/><net_sink comp="487" pin=1"/></net>

<net id="498"><net_src comp="481" pin="2"/><net_sink comp="493" pin=0"/></net>

<net id="499"><net_src comp="34" pin="0"/><net_sink comp="493" pin=1"/></net>

<net id="500"><net_src comp="487" pin="2"/><net_sink comp="493" pin=2"/></net>

<net id="507"><net_src comp="36" pin="0"/><net_sink comp="501" pin=0"/></net>

<net id="508"><net_src comp="493" pin="3"/><net_sink comp="501" pin=1"/></net>

<net id="509"><net_src comp="38" pin="0"/><net_sink comp="501" pin=2"/></net>

<net id="510"><net_src comp="40" pin="0"/><net_sink comp="501" pin=3"/></net>

<net id="514"><net_src comp="501" pin="4"/><net_sink comp="511" pin=0"/></net>

<net id="515"><net_src comp="511" pin="1"/><net_sink comp="304" pin=2"/></net>

<net id="519"><net_src comp="493" pin="3"/><net_sink comp="516" pin=0"/></net>

<net id="525"><net_src comp="46" pin="0"/><net_sink comp="520" pin=0"/></net>

<net id="526"><net_src comp="48" pin="0"/><net_sink comp="520" pin=1"/></net>

<net id="534"><net_src comp="311" pin="3"/><net_sink comp="530" pin=0"/></net>

<net id="535"><net_src comp="527" pin="1"/><net_sink comp="530" pin=1"/></net>

<net id="542"><net_src comp="50" pin="0"/><net_sink comp="536" pin=0"/></net>

<net id="543"><net_src comp="530" pin="2"/><net_sink comp="536" pin=1"/></net>

<net id="544"><net_src comp="52" pin="0"/><net_sink comp="536" pin=2"/></net>

<net id="545"><net_src comp="54" pin="0"/><net_sink comp="536" pin=3"/></net>

<net id="546"><net_src comp="536" pin="4"/><net_sink comp="451" pin=0"/></net>

<net id="550"><net_src comp="520" pin="3"/><net_sink comp="547" pin=0"/></net>

<net id="551"><net_src comp="547" pin="1"/><net_sink comp="451" pin=1"/></net>

<net id="556"><net_src comp="56" pin="0"/><net_sink comp="552" pin=1"/></net>

<net id="561"><net_src comp="58" pin="0"/><net_sink comp="557" pin=1"/></net>

<net id="566"><net_src comp="552" pin="2"/><net_sink comp="562" pin=0"/></net>

<net id="567"><net_src comp="557" pin="2"/><net_sink comp="562" pin=1"/></net>

<net id="574"><net_src comp="60" pin="0"/><net_sink comp="568" pin=0"/></net>

<net id="575"><net_src comp="451" pin="2"/><net_sink comp="568" pin=1"/></net>

<net id="576"><net_src comp="62" pin="0"/><net_sink comp="568" pin=2"/></net>

<net id="577"><net_src comp="64" pin="0"/><net_sink comp="568" pin=3"/></net>

<net id="584"><net_src comp="66" pin="0"/><net_sink comp="578" pin=0"/></net>

<net id="585"><net_src comp="451" pin="2"/><net_sink comp="578" pin=1"/></net>

<net id="586"><net_src comp="68" pin="0"/><net_sink comp="578" pin=2"/></net>

<net id="587"><net_src comp="70" pin="0"/><net_sink comp="578" pin=3"/></net>

<net id="592"><net_src comp="72" pin="0"/><net_sink comp="588" pin=1"/></net>

<net id="598"><net_src comp="588" pin="2"/><net_sink comp="593" pin=1"/></net>

<net id="599"><net_src comp="56" pin="0"/><net_sink comp="593" pin=2"/></net>

<net id="605"><net_src comp="74" pin="0"/><net_sink comp="600" pin=1"/></net>

<net id="609"><net_src comp="600" pin="3"/><net_sink comp="606" pin=0"/></net>

<net id="614"><net_src comp="76" pin="0"/><net_sink comp="610" pin=0"/></net>

<net id="620"><net_src comp="606" pin="1"/><net_sink comp="615" pin=0"/></net>

<net id="621"><net_src comp="610" pin="2"/><net_sink comp="615" pin=1"/></net>

<net id="628"><net_src comp="78" pin="0"/><net_sink comp="622" pin=0"/></net>

<net id="629"><net_src comp="615" pin="3"/><net_sink comp="622" pin=1"/></net>

<net id="630"><net_src comp="22" pin="0"/><net_sink comp="622" pin=2"/></net>

<net id="631"><net_src comp="80" pin="0"/><net_sink comp="622" pin=3"/></net>

<net id="637"><net_src comp="82" pin="0"/><net_sink comp="632" pin=0"/></net>

<net id="638"><net_src comp="622" pin="4"/><net_sink comp="632" pin=1"/></net>

<net id="639"><net_src comp="48" pin="0"/><net_sink comp="632" pin=2"/></net>

<net id="646"><net_src comp="84" pin="0"/><net_sink comp="640" pin=0"/></net>

<net id="647"><net_src comp="632" pin="3"/><net_sink comp="640" pin=1"/></net>

<net id="648"><net_src comp="86" pin="0"/><net_sink comp="640" pin=2"/></net>

<net id="649"><net_src comp="88" pin="0"/><net_sink comp="640" pin=3"/></net>

<net id="655"><net_src comp="90" pin="0"/><net_sink comp="650" pin=0"/></net>

<net id="656"><net_src comp="48" pin="0"/><net_sink comp="650" pin=1"/></net>

<net id="657"><net_src comp="640" pin="4"/><net_sink comp="650" pin=2"/></net>

<net id="661"><net_src comp="650" pin="3"/><net_sink comp="658" pin=0"/></net>

<net id="667"><net_src comp="92" pin="0"/><net_sink comp="662" pin=0"/></net>

<net id="668"><net_src comp="658" pin="1"/><net_sink comp="662" pin=1"/></net>

<net id="669"><net_src comp="48" pin="0"/><net_sink comp="662" pin=2"/></net>

<net id="673"><net_src comp="662" pin="3"/><net_sink comp="670" pin=0"/></net>

<net id="677"><net_src comp="670" pin="1"/><net_sink comp="674" pin=0"/></net>

<net id="681"><net_src comp="670" pin="1"/><net_sink comp="678" pin=0"/></net>

<net id="686"><net_src comp="615" pin="3"/><net_sink comp="682" pin=0"/></net>

<net id="687"><net_src comp="678" pin="1"/><net_sink comp="682" pin=1"/></net>

<net id="694"><net_src comp="94" pin="0"/><net_sink comp="688" pin=0"/></net>

<net id="695"><net_src comp="682" pin="2"/><net_sink comp="688" pin=1"/></net>

<net id="696"><net_src comp="86" pin="0"/><net_sink comp="688" pin=2"/></net>

<net id="697"><net_src comp="80" pin="0"/><net_sink comp="688" pin=3"/></net>

<net id="702"><net_src comp="593" pin="3"/><net_sink comp="698" pin=0"/></net>

<net id="703"><net_src comp="674" pin="1"/><net_sink comp="698" pin=1"/></net>

<net id="709"><net_src comp="96" pin="0"/><net_sink comp="704" pin=0"/></net>

<net id="710"><net_src comp="698" pin="2"/><net_sink comp="704" pin=1"/></net>

<net id="711"><net_src comp="40" pin="0"/><net_sink comp="704" pin=2"/></net>

<net id="716"><net_src comp="98" pin="0"/><net_sink comp="712" pin=1"/></net>

<net id="721"><net_src comp="56" pin="0"/><net_sink comp="717" pin=0"/></net>

<net id="727"><net_src comp="717" pin="2"/><net_sink comp="722" pin=1"/></net>

<net id="731"><net_src comp="722" pin="3"/><net_sink comp="728" pin=0"/></net>

<net id="736"><net_src comp="728" pin="1"/><net_sink comp="732" pin=1"/></net>

<net id="741"><net_src comp="728" pin="1"/><net_sink comp="737" pin=1"/></net>

<net id="747"><net_src comp="732" pin="2"/><net_sink comp="742" pin=1"/></net>

<net id="748"><net_src comp="737" pin="2"/><net_sink comp="742" pin=2"/></net>

<net id="755"><net_src comp="100" pin="0"/><net_sink comp="749" pin=0"/></net>

<net id="756"><net_src comp="742" pin="3"/><net_sink comp="749" pin=1"/></net>

<net id="757"><net_src comp="102" pin="0"/><net_sink comp="749" pin=2"/></net>

<net id="758"><net_src comp="28" pin="0"/><net_sink comp="749" pin=3"/></net>

<net id="762"><net_src comp="742" pin="3"/><net_sink comp="759" pin=0"/></net>

<net id="769"><net_src comp="104" pin="0"/><net_sink comp="763" pin=0"/></net>

<net id="770"><net_src comp="742" pin="3"/><net_sink comp="763" pin=1"/></net>

<net id="771"><net_src comp="38" pin="0"/><net_sink comp="763" pin=2"/></net>

<net id="772"><net_src comp="106" pin="0"/><net_sink comp="763" pin=3"/></net>

<net id="776"><net_src comp="763" pin="4"/><net_sink comp="773" pin=0"/></net>

<net id="777"><net_src comp="773" pin="1"/><net_sink comp="435" pin=0"/></net>

<net id="778"><net_src comp="773" pin="1"/><net_sink comp="435" pin=1"/></net>

<net id="785"><net_src comp="108" pin="0"/><net_sink comp="779" pin=0"/></net>

<net id="786"><net_src comp="435" pin="2"/><net_sink comp="779" pin=1"/></net>

<net id="787"><net_src comp="110" pin="0"/><net_sink comp="779" pin=2"/></net>

<net id="788"><net_src comp="112" pin="0"/><net_sink comp="779" pin=3"/></net>

<net id="810"><net_src comp="116" pin="0"/><net_sink comp="789" pin=0"/></net>

<net id="811"><net_src comp="74" pin="0"/><net_sink comp="789" pin=1"/></net>

<net id="812"><net_src comp="118" pin="0"/><net_sink comp="789" pin=2"/></net>

<net id="813"><net_src comp="120" pin="0"/><net_sink comp="789" pin=3"/></net>

<net id="814"><net_src comp="48" pin="0"/><net_sink comp="789" pin=4"/></net>

<net id="815"><net_src comp="122" pin="0"/><net_sink comp="789" pin=5"/></net>

<net id="816"><net_src comp="48" pin="0"/><net_sink comp="789" pin=6"/></net>

<net id="817"><net_src comp="124" pin="0"/><net_sink comp="789" pin=7"/></net>

<net id="818"><net_src comp="118" pin="0"/><net_sink comp="789" pin=8"/></net>

<net id="819"><net_src comp="126" pin="0"/><net_sink comp="789" pin=9"/></net>

<net id="820"><net_src comp="118" pin="0"/><net_sink comp="789" pin=10"/></net>

<net id="821"><net_src comp="128" pin="0"/><net_sink comp="789" pin=11"/></net>

<net id="822"><net_src comp="48" pin="0"/><net_sink comp="789" pin=12"/></net>

<net id="823"><net_src comp="130" pin="0"/><net_sink comp="789" pin=13"/></net>

<net id="824"><net_src comp="48" pin="0"/><net_sink comp="789" pin=14"/></net>

<net id="825"><net_src comp="132" pin="0"/><net_sink comp="789" pin=15"/></net>

<net id="826"><net_src comp="118" pin="0"/><net_sink comp="789" pin=16"/></net>

<net id="827"><net_src comp="134" pin="0"/><net_sink comp="789" pin=17"/></net>

<net id="832"><net_src comp="789" pin="19"/><net_sink comp="828" pin=0"/></net>

<net id="833"><net_src comp="48" pin="0"/><net_sink comp="828" pin=1"/></net>

<net id="837"><net_src comp="834" pin="1"/><net_sink comp="435" pin=0"/></net>

<net id="838"><net_src comp="834" pin="1"/><net_sink comp="439" pin=0"/></net>

<net id="839"><net_src comp="834" pin="1"/><net_sink comp="439" pin=1"/></net>

<net id="845"><net_src comp="298" pin="2"/><net_sink comp="840" pin=0"/></net>

<net id="846"><net_src comp="789" pin="19"/><net_sink comp="840" pin=1"/></net>

<net id="847"><net_src comp="828" pin="2"/><net_sink comp="840" pin=2"/></net>

<net id="853"><net_src comp="136" pin="0"/><net_sink comp="848" pin=0"/></net>

<net id="854"><net_src comp="840" pin="3"/><net_sink comp="848" pin=1"/></net>

<net id="858"><net_src comp="848" pin="3"/><net_sink comp="855" pin=0"/></net>

<net id="859"><net_src comp="855" pin="1"/><net_sink comp="317" pin=2"/></net>

<net id="860"><net_src comp="855" pin="1"/><net_sink comp="330" pin=2"/></net>

<net id="861"><net_src comp="855" pin="1"/><net_sink comp="343" pin=2"/></net>

<net id="862"><net_src comp="855" pin="1"/><net_sink comp="356" pin=2"/></net>

<net id="863"><net_src comp="855" pin="1"/><net_sink comp="369" pin=2"/></net>

<net id="870"><net_src comp="138" pin="0"/><net_sink comp="864" pin=0"/></net>

<net id="871"><net_src comp="435" pin="2"/><net_sink comp="864" pin=1"/></net>

<net id="872"><net_src comp="102" pin="0"/><net_sink comp="864" pin=2"/></net>

<net id="873"><net_src comp="112" pin="0"/><net_sink comp="864" pin=3"/></net>

<net id="880"><net_src comp="140" pin="0"/><net_sink comp="874" pin=0"/></net>

<net id="881"><net_src comp="439" pin="2"/><net_sink comp="874" pin=1"/></net>

<net id="882"><net_src comp="22" pin="0"/><net_sink comp="874" pin=2"/></net>

<net id="883"><net_src comp="112" pin="0"/><net_sink comp="874" pin=3"/></net>

<net id="889"><net_src comp="298" pin="2"/><net_sink comp="884" pin=0"/></net>

<net id="890"><net_src comp="828" pin="2"/><net_sink comp="884" pin=1"/></net>

<net id="891"><net_src comp="789" pin="19"/><net_sink comp="884" pin=2"/></net>

<net id="897"><net_src comp="142" pin="0"/><net_sink comp="892" pin=0"/></net>

<net id="935"><net_src comp="144" pin="0"/><net_sink comp="898" pin=0"/></net>

<net id="936"><net_src comp="146" pin="0"/><net_sink comp="898" pin=1"/></net>

<net id="937"><net_src comp="118" pin="0"/><net_sink comp="898" pin=2"/></net>

<net id="938"><net_src comp="148" pin="0"/><net_sink comp="898" pin=3"/></net>

<net id="939"><net_src comp="118" pin="0"/><net_sink comp="898" pin=4"/></net>

<net id="940"><net_src comp="150" pin="0"/><net_sink comp="898" pin=5"/></net>

<net id="941"><net_src comp="118" pin="0"/><net_sink comp="898" pin=6"/></net>

<net id="942"><net_src comp="152" pin="0"/><net_sink comp="898" pin=7"/></net>

<net id="943"><net_src comp="48" pin="0"/><net_sink comp="898" pin=8"/></net>

<net id="944"><net_src comp="154" pin="0"/><net_sink comp="898" pin=9"/></net>

<net id="945"><net_src comp="48" pin="0"/><net_sink comp="898" pin=10"/></net>

<net id="946"><net_src comp="156" pin="0"/><net_sink comp="898" pin=11"/></net>

<net id="947"><net_src comp="48" pin="0"/><net_sink comp="898" pin=12"/></net>

<net id="948"><net_src comp="158" pin="0"/><net_sink comp="898" pin=13"/></net>

<net id="949"><net_src comp="48" pin="0"/><net_sink comp="898" pin=14"/></net>

<net id="950"><net_src comp="160" pin="0"/><net_sink comp="898" pin=15"/></net>

<net id="951"><net_src comp="118" pin="0"/><net_sink comp="898" pin=16"/></net>

<net id="952"><net_src comp="162" pin="0"/><net_sink comp="898" pin=17"/></net>

<net id="953"><net_src comp="118" pin="0"/><net_sink comp="898" pin=18"/></net>

<net id="954"><net_src comp="164" pin="0"/><net_sink comp="898" pin=19"/></net>

<net id="955"><net_src comp="48" pin="0"/><net_sink comp="898" pin=20"/></net>

<net id="956"><net_src comp="166" pin="0"/><net_sink comp="898" pin=21"/></net>

<net id="957"><net_src comp="48" pin="0"/><net_sink comp="898" pin=22"/></net>

<net id="958"><net_src comp="168" pin="0"/><net_sink comp="898" pin=23"/></net>

<net id="959"><net_src comp="48" pin="0"/><net_sink comp="898" pin=24"/></net>

<net id="960"><net_src comp="170" pin="0"/><net_sink comp="898" pin=25"/></net>

<net id="961"><net_src comp="48" pin="0"/><net_sink comp="898" pin=26"/></net>

<net id="962"><net_src comp="172" pin="0"/><net_sink comp="898" pin=27"/></net>

<net id="963"><net_src comp="118" pin="0"/><net_sink comp="898" pin=28"/></net>

<net id="964"><net_src comp="174" pin="0"/><net_sink comp="898" pin=29"/></net>

<net id="965"><net_src comp="118" pin="0"/><net_sink comp="898" pin=30"/></net>

<net id="966"><net_src comp="176" pin="0"/><net_sink comp="898" pin=31"/></net>

<net id="967"><net_src comp="118" pin="0"/><net_sink comp="898" pin=32"/></net>

<net id="968"><net_src comp="134" pin="0"/><net_sink comp="898" pin=33"/></net>

<net id="969"><net_src comp="892" pin="3"/><net_sink comp="898" pin=34"/></net>

<net id="1007"><net_src comp="144" pin="0"/><net_sink comp="970" pin=0"/></net>

<net id="1008"><net_src comp="146" pin="0"/><net_sink comp="970" pin=1"/></net>

<net id="1009"><net_src comp="118" pin="0"/><net_sink comp="970" pin=2"/></net>

<net id="1010"><net_src comp="148" pin="0"/><net_sink comp="970" pin=3"/></net>

<net id="1011"><net_src comp="118" pin="0"/><net_sink comp="970" pin=4"/></net>

<net id="1012"><net_src comp="150" pin="0"/><net_sink comp="970" pin=5"/></net>

<net id="1013"><net_src comp="48" pin="0"/><net_sink comp="970" pin=6"/></net>

<net id="1014"><net_src comp="152" pin="0"/><net_sink comp="970" pin=7"/></net>

<net id="1015"><net_src comp="118" pin="0"/><net_sink comp="970" pin=8"/></net>

<net id="1016"><net_src comp="154" pin="0"/><net_sink comp="970" pin=9"/></net>

<net id="1017"><net_src comp="48" pin="0"/><net_sink comp="970" pin=10"/></net>

<net id="1018"><net_src comp="156" pin="0"/><net_sink comp="970" pin=11"/></net>

<net id="1019"><net_src comp="48" pin="0"/><net_sink comp="970" pin=12"/></net>

<net id="1020"><net_src comp="158" pin="0"/><net_sink comp="970" pin=13"/></net>

<net id="1021"><net_src comp="118" pin="0"/><net_sink comp="970" pin=14"/></net>

<net id="1022"><net_src comp="160" pin="0"/><net_sink comp="970" pin=15"/></net>

<net id="1023"><net_src comp="48" pin="0"/><net_sink comp="970" pin=16"/></net>

<net id="1024"><net_src comp="162" pin="0"/><net_sink comp="970" pin=17"/></net>

<net id="1025"><net_src comp="48" pin="0"/><net_sink comp="970" pin=18"/></net>

<net id="1026"><net_src comp="164" pin="0"/><net_sink comp="970" pin=19"/></net>

<net id="1027"><net_src comp="118" pin="0"/><net_sink comp="970" pin=20"/></net>

<net id="1028"><net_src comp="166" pin="0"/><net_sink comp="970" pin=21"/></net>

<net id="1029"><net_src comp="48" pin="0"/><net_sink comp="970" pin=22"/></net>

<net id="1030"><net_src comp="168" pin="0"/><net_sink comp="970" pin=23"/></net>

<net id="1031"><net_src comp="48" pin="0"/><net_sink comp="970" pin=24"/></net>

<net id="1032"><net_src comp="170" pin="0"/><net_sink comp="970" pin=25"/></net>

<net id="1033"><net_src comp="118" pin="0"/><net_sink comp="970" pin=26"/></net>

<net id="1034"><net_src comp="172" pin="0"/><net_sink comp="970" pin=27"/></net>

<net id="1035"><net_src comp="48" pin="0"/><net_sink comp="970" pin=28"/></net>

<net id="1036"><net_src comp="174" pin="0"/><net_sink comp="970" pin=29"/></net>

<net id="1037"><net_src comp="118" pin="0"/><net_sink comp="970" pin=30"/></net>

<net id="1038"><net_src comp="176" pin="0"/><net_sink comp="970" pin=31"/></net>

<net id="1039"><net_src comp="118" pin="0"/><net_sink comp="970" pin=32"/></net>

<net id="1040"><net_src comp="134" pin="0"/><net_sink comp="970" pin=33"/></net>

<net id="1041"><net_src comp="892" pin="3"/><net_sink comp="970" pin=34"/></net>

<net id="1047"><net_src comp="884" pin="3"/><net_sink comp="1042" pin=0"/></net>

<net id="1048"><net_src comp="898" pin="35"/><net_sink comp="1042" pin=1"/></net>

<net id="1049"><net_src comp="970" pin="35"/><net_sink comp="1042" pin=2"/></net>

<net id="1054"><net_src comp="298" pin="2"/><net_sink comp="1050" pin=0"/></net>

<net id="1055"><net_src comp="48" pin="0"/><net_sink comp="1050" pin=1"/></net>

<net id="1060"><net_src comp="1050" pin="2"/><net_sink comp="1056" pin=1"/></net>

<net id="1065"><net_src comp="48" pin="0"/><net_sink comp="1061" pin=1"/></net>

<net id="1070"><net_src comp="1042" pin="3"/><net_sink comp="1066" pin=0"/></net>

<net id="1071"><net_src comp="1061" pin="2"/><net_sink comp="1066" pin=1"/></net>

<net id="1077"><net_src comp="1056" pin="2"/><net_sink comp="1072" pin=1"/></net>

<net id="1078"><net_src comp="1066" pin="2"/><net_sink comp="1072" pin=2"/></net>

<net id="1084"><net_src comp="178" pin="0"/><net_sink comp="1079" pin=0"/></net>

<net id="1085"><net_src comp="324" pin="3"/><net_sink comp="1079" pin=1"/></net>

<net id="1086"><net_src comp="146" pin="0"/><net_sink comp="1079" pin=2"/></net>

<net id="1090"><net_src comp="1087" pin="1"/><net_sink comp="443" pin=0"/></net>

<net id="1094"><net_src comp="337" pin="3"/><net_sink comp="1091" pin=0"/></net>

<net id="1095"><net_src comp="1091" pin="1"/><net_sink comp="443" pin=1"/></net>

<net id="1102"><net_src comp="180" pin="0"/><net_sink comp="1096" pin=0"/></net>

<net id="1103"><net_src comp="443" pin="2"/><net_sink comp="1096" pin=1"/></net>

<net id="1104"><net_src comp="26" pin="0"/><net_sink comp="1096" pin=2"/></net>

<net id="1105"><net_src comp="182" pin="0"/><net_sink comp="1096" pin=3"/></net>

<net id="1109"><net_src comp="1106" pin="1"/><net_sink comp="431" pin=0"/></net>

<net id="1113"><net_src comp="350" pin="3"/><net_sink comp="1110" pin=0"/></net>

<net id="1114"><net_src comp="1110" pin="1"/><net_sink comp="431" pin=1"/></net>

<net id="1121"><net_src comp="184" pin="0"/><net_sink comp="1115" pin=0"/></net>

<net id="1122"><net_src comp="431" pin="2"/><net_sink comp="1115" pin=1"/></net>

<net id="1123"><net_src comp="186" pin="0"/><net_sink comp="1115" pin=2"/></net>

<net id="1124"><net_src comp="188" pin="0"/><net_sink comp="1115" pin=3"/></net>

<net id="1128"><net_src comp="1125" pin="1"/><net_sink comp="427" pin=0"/></net>

<net id="1132"><net_src comp="363" pin="3"/><net_sink comp="1129" pin=0"/></net>

<net id="1133"><net_src comp="1129" pin="1"/><net_sink comp="427" pin=1"/></net>

<net id="1137"><net_src comp="1134" pin="1"/><net_sink comp="423" pin=0"/></net>

<net id="1141"><net_src comp="376" pin="3"/><net_sink comp="1138" pin=0"/></net>

<net id="1142"><net_src comp="1138" pin="1"/><net_sink comp="423" pin=1"/></net>

<net id="1149"><net_src comp="190" pin="0"/><net_sink comp="1143" pin=0"/></net>

<net id="1150"><net_src comp="423" pin="2"/><net_sink comp="1143" pin=1"/></net>

<net id="1151"><net_src comp="192" pin="0"/><net_sink comp="1143" pin=2"/></net>

<net id="1152"><net_src comp="194" pin="0"/><net_sink comp="1143" pin=3"/></net>

<net id="1156"><net_src comp="1079" pin="3"/><net_sink comp="1153" pin=0"/></net>

<net id="1160"><net_src comp="1096" pin="4"/><net_sink comp="1157" pin=0"/></net>

<net id="1165"><net_src comp="1153" pin="1"/><net_sink comp="1161" pin=0"/></net>

<net id="1166"><net_src comp="1157" pin="1"/><net_sink comp="1161" pin=1"/></net>

<net id="1170"><net_src comp="1115" pin="4"/><net_sink comp="1167" pin=0"/></net>

<net id="1175"><net_src comp="1161" pin="2"/><net_sink comp="1171" pin=0"/></net>

<net id="1176"><net_src comp="1167" pin="1"/><net_sink comp="1171" pin=1"/></net>

<net id="1183"><net_src comp="196" pin="0"/><net_sink comp="1177" pin=0"/></net>

<net id="1184"><net_src comp="427" pin="2"/><net_sink comp="1177" pin=1"/></net>

<net id="1185"><net_src comp="198" pin="0"/><net_sink comp="1177" pin=2"/></net>

<net id="1186"><net_src comp="200" pin="0"/><net_sink comp="1177" pin=3"/></net>

<net id="1190"><net_src comp="1177" pin="4"/><net_sink comp="1187" pin=0"/></net>

<net id="1195"><net_src comp="1171" pin="2"/><net_sink comp="1191" pin=0"/></net>

<net id="1196"><net_src comp="1187" pin="1"/><net_sink comp="1191" pin=1"/></net>

<net id="1200"><net_src comp="1143" pin="4"/><net_sink comp="1197" pin=0"/></net>

<net id="1205"><net_src comp="1191" pin="2"/><net_sink comp="1201" pin=0"/></net>

<net id="1206"><net_src comp="1197" pin="1"/><net_sink comp="1201" pin=1"/></net>

<net id="1210"><net_src comp="1207" pin="1"/><net_sink comp="389" pin=1"/></net>

<net id="1214"><net_src comp="1211" pin="1"/><net_sink comp="389" pin=2"/></net>

<net id="1218"><net_src comp="1215" pin="1"/><net_sink comp="389" pin=3"/></net>

<net id="1222"><net_src comp="1219" pin="1"/><net_sink comp="447" pin=0"/></net>

<net id="1228"><net_src comp="202" pin="0"/><net_sink comp="1223" pin=1"/></net>

<net id="1232"><net_src comp="1223" pin="3"/><net_sink comp="1229" pin=0"/></net>

<net id="1233"><net_src comp="1229" pin="1"/><net_sink comp="447" pin=1"/></net>

<net id="1240"><net_src comp="204" pin="0"/><net_sink comp="1234" pin=0"/></net>

<net id="1241"><net_src comp="447" pin="2"/><net_sink comp="1234" pin=1"/></net>

<net id="1242"><net_src comp="22" pin="0"/><net_sink comp="1234" pin=2"/></net>

<net id="1243"><net_src comp="206" pin="0"/><net_sink comp="1234" pin=3"/></net>

<net id="1244"><net_src comp="1234" pin="4"/><net_sink comp="389" pin=4"/></net>

<net id="1251"><net_src comp="210" pin="0"/><net_sink comp="1245" pin=0"/></net>

<net id="1252"><net_src comp="447" pin="2"/><net_sink comp="1245" pin=1"/></net>

<net id="1253"><net_src comp="22" pin="0"/><net_sink comp="1245" pin=2"/></net>

<net id="1254"><net_src comp="212" pin="0"/><net_sink comp="1245" pin=3"/></net>

<net id="1258"><net_src comp="1255" pin="1"/><net_sink comp="400" pin=3"/></net>

<net id="1262"><net_src comp="1259" pin="1"/><net_sink comp="400" pin=2"/></net>

<net id="1266"><net_src comp="1263" pin="1"/><net_sink comp="400" pin=1"/></net>

<net id="1272"><net_src comp="214" pin="0"/><net_sink comp="1267" pin=0"/></net>

<net id="1273"><net_src comp="216" pin="0"/><net_sink comp="1267" pin=2"/></net>

<net id="1274"><net_src comp="1267" pin="3"/><net_sink comp="400" pin=4"/></net>

<net id="1278"><net_src comp="1275" pin="1"/><net_sink comp="412" pin=5"/></net>

<net id="1282"><net_src comp="1279" pin="1"/><net_sink comp="412" pin=4"/></net>

<net id="1286"><net_src comp="1283" pin="1"/><net_sink comp="412" pin=3"/></net>

<net id="1290"><net_src comp="1287" pin="1"/><net_sink comp="412" pin=2"/></net>

<net id="1295"><net_src comp="222" pin="0"/><net_sink comp="1291" pin=1"/></net>

<net id="1301"><net_src comp="56" pin="0"/><net_sink comp="1296" pin=1"/></net>

<net id="1305"><net_src comp="1296" pin="3"/><net_sink comp="1302" pin=0"/></net>

<net id="1316"><net_src comp="1302" pin="1"/><net_sink comp="1312" pin=0"/></net>

<net id="1317"><net_src comp="232" pin="0"/><net_sink comp="1312" pin=1"/></net>

<net id="1321"><net_src comp="1312" pin="2"/><net_sink comp="1318" pin=0"/></net>

<net id="1326"><net_src comp="1318" pin="1"/><net_sink comp="1322" pin=0"/></net>

<net id="1327"><net_src comp="1306" pin="1"/><net_sink comp="1322" pin=1"/></net>

<net id="1333"><net_src comp="234" pin="0"/><net_sink comp="1328" pin=0"/></net>

<net id="1334"><net_src comp="1322" pin="2"/><net_sink comp="1328" pin=1"/></net>

<net id="1335"><net_src comp="192" pin="0"/><net_sink comp="1328" pin=2"/></net>

<net id="1340"><net_src comp="1328" pin="3"/><net_sink comp="1336" pin=0"/></net>

<net id="1344"><net_src comp="1322" pin="2"/><net_sink comp="1341" pin=0"/></net>

<net id="1351"><net_src comp="236" pin="0"/><net_sink comp="1345" pin=0"/></net>

<net id="1352"><net_src comp="1309" pin="1"/><net_sink comp="1345" pin=1"/></net>

<net id="1353"><net_src comp="40" pin="0"/><net_sink comp="1345" pin=2"/></net>

<net id="1354"><net_src comp="86" pin="0"/><net_sink comp="1345" pin=3"/></net>

<net id="1360"><net_src comp="238" pin="0"/><net_sink comp="1355" pin=1"/></net>

<net id="1361"><net_src comp="56" pin="0"/><net_sink comp="1355" pin=2"/></net>

<net id="1367"><net_src comp="98" pin="0"/><net_sink comp="1362" pin=1"/></net>

<net id="1368"><net_src comp="56" pin="0"/><net_sink comp="1362" pin=2"/></net>

<net id="1373"><net_src comp="1336" pin="2"/><net_sink comp="1369" pin=1"/></net>

<net id="1379"><net_src comp="1369" pin="2"/><net_sink comp="1374" pin=0"/></net>

<net id="1380"><net_src comp="1362" pin="3"/><net_sink comp="1374" pin=1"/></net>

<net id="1381"><net_src comp="1341" pin="1"/><net_sink comp="1374" pin=2"/></net>

<net id="1387"><net_src comp="240" pin="0"/><net_sink comp="1382" pin=1"/></net>

<net id="1388"><net_src comp="58" pin="0"/><net_sink comp="1382" pin=2"/></net>

<net id="1394"><net_src comp="1369" pin="2"/><net_sink comp="1389" pin=0"/></net>

<net id="1395"><net_src comp="1382" pin="3"/><net_sink comp="1389" pin=1"/></net>

<net id="1396"><net_src comp="1345" pin="4"/><net_sink comp="1389" pin=2"/></net>

<net id="1402"><net_src comp="1355" pin="3"/><net_sink comp="1397" pin=1"/></net>

<net id="1403"><net_src comp="1374" pin="3"/><net_sink comp="1397" pin=2"/></net>

<net id="1409"><net_src comp="58" pin="0"/><net_sink comp="1404" pin=1"/></net>

<net id="1410"><net_src comp="1389" pin="3"/><net_sink comp="1404" pin=2"/></net>

<net id="1417"><net_src comp="242" pin="0"/><net_sink comp="1411" pin=0"/></net>

<net id="1418"><net_src comp="1397" pin="3"/><net_sink comp="1411" pin=2"/></net>

<net id="1419"><net_src comp="1404" pin="3"/><net_sink comp="1411" pin=3"/></net>

<net id="1423"><net_src comp="1411" pin="4"/><net_sink comp="1420" pin=0"/></net>

<net id="1427"><net_src comp="244" pin="1"/><net_sink comp="1424" pin=0"/></net>

<net id="1428"><net_src comp="1424" pin="1"/><net_sink comp="412" pin=7"/></net>

<net id="1429"><net_src comp="1424" pin="1"/><net_sink comp="1309" pin=0"/></net>

<net id="1433"><net_src comp="248" pin="1"/><net_sink comp="1430" pin=0"/></net>

<net id="1434"><net_src comp="1430" pin="1"/><net_sink comp="412" pin=6"/></net>

<net id="1435"><net_src comp="1430" pin="1"/><net_sink comp="1306" pin=0"/></net>

<net id="1439"><net_src comp="252" pin="1"/><net_sink comp="1436" pin=0"/></net>

<net id="1440"><net_src comp="1436" pin="1"/><net_sink comp="400" pin=8"/></net>

<net id="1441"><net_src comp="1436" pin="1"/><net_sink comp="1287" pin=0"/></net>

<net id="1445"><net_src comp="256" pin="1"/><net_sink comp="1442" pin=0"/></net>

<net id="1446"><net_src comp="1442" pin="1"/><net_sink comp="400" pin=7"/></net>

<net id="1447"><net_src comp="1442" pin="1"/><net_sink comp="1283" pin=0"/></net>

<net id="1451"><net_src comp="260" pin="1"/><net_sink comp="1448" pin=0"/></net>

<net id="1452"><net_src comp="1448" pin="1"/><net_sink comp="400" pin=6"/></net>

<net id="1453"><net_src comp="1448" pin="1"/><net_sink comp="1279" pin=0"/></net>

<net id="1457"><net_src comp="264" pin="1"/><net_sink comp="1454" pin=0"/></net>

<net id="1458"><net_src comp="1454" pin="1"/><net_sink comp="400" pin=5"/></net>

<net id="1459"><net_src comp="1454" pin="1"/><net_sink comp="1275" pin=0"/></net>

<net id="1463"><net_src comp="268" pin="1"/><net_sink comp="1460" pin=0"/></net>

<net id="1464"><net_src comp="1460" pin="1"/><net_sink comp="389" pin=7"/></net>

<net id="1465"><net_src comp="1460" pin="1"/><net_sink comp="1263" pin=0"/></net>

<net id="1469"><net_src comp="272" pin="1"/><net_sink comp="1466" pin=0"/></net>

<net id="1470"><net_src comp="1466" pin="1"/><net_sink comp="389" pin=6"/></net>

<net id="1471"><net_src comp="1466" pin="1"/><net_sink comp="1259" pin=0"/></net>

<net id="1475"><net_src comp="276" pin="1"/><net_sink comp="1472" pin=0"/></net>

<net id="1476"><net_src comp="1472" pin="1"/><net_sink comp="389" pin=5"/></net>

<net id="1477"><net_src comp="1472" pin="1"/><net_sink comp="1255" pin=0"/></net>

<net id="1481"><net_src comp="280" pin="1"/><net_sink comp="1478" pin=0"/></net>

<net id="1482"><net_src comp="1478" pin="1"/><net_sink comp="382" pin=3"/></net>

<net id="1483"><net_src comp="1478" pin="1"/><net_sink comp="1215" pin=0"/></net>

<net id="1487"><net_src comp="284" pin="1"/><net_sink comp="1484" pin=0"/></net>

<net id="1488"><net_src comp="1484" pin="1"/><net_sink comp="382" pin=2"/></net>

<net id="1489"><net_src comp="1484" pin="1"/><net_sink comp="1211" pin=0"/></net>

<net id="1493"><net_src comp="288" pin="1"/><net_sink comp="1490" pin=0"/></net>

<net id="1494"><net_src comp="1490" pin="1"/><net_sink comp="382" pin=1"/></net>

<net id="1495"><net_src comp="1490" pin="1"/><net_sink comp="1207" pin=0"/></net>

<net id="1499"><net_src comp="459" pin="3"/><net_sink comp="1496" pin=0"/></net>

<net id="1500"><net_src comp="1496" pin="1"/><net_sink comp="892" pin=1"/></net>

<net id="1501"><net_src comp="1496" pin="1"/><net_sink comp="1056" pin=0"/></net>

<net id="1505"><net_src comp="467" pin="4"/><net_sink comp="1502" pin=0"/></net>

<net id="1506"><net_src comp="1502" pin="1"/><net_sink comp="552" pin=0"/></net>

<net id="1507"><net_src comp="1502" pin="1"/><net_sink comp="588" pin=0"/></net>

<net id="1508"><net_src comp="1502" pin="1"/><net_sink comp="712" pin=0"/></net>

<net id="1512"><net_src comp="477" pin="1"/><net_sink comp="1509" pin=0"/></net>

<net id="1513"><net_src comp="1509" pin="1"/><net_sink comp="520" pin=2"/></net>

<net id="1514"><net_src comp="1509" pin="1"/><net_sink comp="557" pin=0"/></net>

<net id="1518"><net_src comp="481" pin="2"/><net_sink comp="1515" pin=0"/></net>

<net id="1519"><net_src comp="1515" pin="1"/><net_sink comp="593" pin=0"/></net>

<net id="1520"><net_src comp="1515" pin="1"/><net_sink comp="600" pin=0"/></net>

<net id="1524"><net_src comp="304" pin="3"/><net_sink comp="1521" pin=0"/></net>

<net id="1525"><net_src comp="1521" pin="1"/><net_sink comp="311" pin=0"/></net>

<net id="1529"><net_src comp="516" pin="1"/><net_sink comp="1526" pin=0"/></net>

<net id="1530"><net_src comp="1526" pin="1"/><net_sink comp="527" pin=0"/></net>

<net id="1534"><net_src comp="536" pin="4"/><net_sink comp="1531" pin=0"/></net>

<net id="1535"><net_src comp="1531" pin="1"/><net_sink comp="451" pin=0"/></net>

<net id="1539"><net_src comp="547" pin="1"/><net_sink comp="1536" pin=0"/></net>

<net id="1540"><net_src comp="1536" pin="1"/><net_sink comp="451" pin=1"/></net>

<net id="1544"><net_src comp="562" pin="2"/><net_sink comp="1541" pin=0"/></net>

<net id="1545"><net_src comp="1541" pin="1"/><net_sink comp="1072" pin=0"/></net>

<net id="1546"><net_src comp="1541" pin="1"/><net_sink comp="1397" pin=0"/></net>

<net id="1547"><net_src comp="1541" pin="1"/><net_sink comp="1404" pin=0"/></net>

<net id="1551"><net_src comp="568" pin="4"/><net_sink comp="1548" pin=0"/></net>

<net id="1552"><net_src comp="1548" pin="1"/><net_sink comp="610" pin=1"/></net>

<net id="1553"><net_src comp="1548" pin="1"/><net_sink comp="615" pin=2"/></net>

<net id="1557"><net_src comp="578" pin="4"/><net_sink comp="1554" pin=0"/></net>

<net id="1558"><net_src comp="1554" pin="1"/><net_sink comp="600" pin=2"/></net>

<net id="1562"><net_src comp="600" pin="3"/><net_sink comp="1559" pin=0"/></net>

<net id="1563"><net_src comp="1559" pin="1"/><net_sink comp="789" pin=18"/></net>

<net id="1564"><net_src comp="1559" pin="1"/><net_sink comp="892" pin=2"/></net>

<net id="1568"><net_src comp="688" pin="4"/><net_sink comp="1565" pin=0"/></net>

<net id="1569"><net_src comp="1565" pin="1"/><net_sink comp="732" pin=0"/></net>

<net id="1570"><net_src comp="1565" pin="1"/><net_sink comp="737" pin=0"/></net>

<net id="1571"><net_src comp="1565" pin="1"/><net_sink comp="1223" pin=2"/></net>

<net id="1575"><net_src comp="698" pin="2"/><net_sink comp="1572" pin=0"/></net>

<net id="1576"><net_src comp="1572" pin="1"/><net_sink comp="717" pin=1"/></net>

<net id="1577"><net_src comp="1572" pin="1"/><net_sink comp="722" pin=2"/></net>

<net id="1578"><net_src comp="1572" pin="1"/><net_sink comp="1296" pin=2"/></net>

<net id="1582"><net_src comp="704" pin="3"/><net_sink comp="1579" pin=0"/></net>

<net id="1583"><net_src comp="1579" pin="1"/><net_sink comp="722" pin=0"/></net>

<net id="1584"><net_src comp="1579" pin="1"/><net_sink comp="742" pin=0"/></net>

<net id="1588"><net_src comp="712" pin="2"/><net_sink comp="1585" pin=0"/></net>

<net id="1589"><net_src comp="1585" pin="1"/><net_sink comp="1061" pin=0"/></net>

<net id="1590"><net_src comp="1585" pin="1"/><net_sink comp="1362" pin=0"/></net>

<net id="1591"><net_src comp="1585" pin="1"/><net_sink comp="1369" pin=0"/></net>

<net id="1592"><net_src comp="1585" pin="1"/><net_sink comp="1382" pin=0"/></net>

<net id="1596"><net_src comp="749" pin="4"/><net_sink comp="1593" pin=0"/></net>

<net id="1597"><net_src comp="1593" pin="1"/><net_sink comp="848" pin=2"/></net>

<net id="1601"><net_src comp="759" pin="1"/><net_sink comp="1598" pin=0"/></net>

<net id="1602"><net_src comp="1598" pin="1"/><net_sink comp="1087" pin=0"/></net>

<net id="1606"><net_src comp="773" pin="1"/><net_sink comp="1603" pin=0"/></net>

<net id="1607"><net_src comp="1603" pin="1"/><net_sink comp="435" pin=1"/></net>

<net id="1611"><net_src comp="779" pin="4"/><net_sink comp="1608" pin=0"/></net>

<net id="1612"><net_src comp="1608" pin="1"/><net_sink comp="834" pin=0"/></net>

<net id="1613"><net_src comp="1608" pin="1"/><net_sink comp="1106" pin=0"/></net>

<net id="1617"><net_src comp="298" pin="2"/><net_sink comp="1614" pin=0"/></net>

<net id="1618"><net_src comp="1614" pin="1"/><net_sink comp="1355" pin=0"/></net>

<net id="1622"><net_src comp="317" pin="3"/><net_sink comp="1619" pin=0"/></net>

<net id="1623"><net_src comp="1619" pin="1"/><net_sink comp="324" pin=0"/></net>

<net id="1627"><net_src comp="330" pin="3"/><net_sink comp="1624" pin=0"/></net>

<net id="1628"><net_src comp="1624" pin="1"/><net_sink comp="337" pin=0"/></net>

<net id="1632"><net_src comp="343" pin="3"/><net_sink comp="1629" pin=0"/></net>

<net id="1633"><net_src comp="1629" pin="1"/><net_sink comp="350" pin=0"/></net>

<net id="1637"><net_src comp="864" pin="4"/><net_sink comp="1634" pin=0"/></net>

<net id="1638"><net_src comp="1634" pin="1"/><net_sink comp="1125" pin=0"/></net>

<net id="1642"><net_src comp="356" pin="3"/><net_sink comp="1639" pin=0"/></net>

<net id="1643"><net_src comp="1639" pin="1"/><net_sink comp="363" pin=0"/></net>

<net id="1647"><net_src comp="874" pin="4"/><net_sink comp="1644" pin=0"/></net>

<net id="1648"><net_src comp="1644" pin="1"/><net_sink comp="1134" pin=0"/></net>

<net id="1652"><net_src comp="369" pin="3"/><net_sink comp="1649" pin=0"/></net>

<net id="1653"><net_src comp="1649" pin="1"/><net_sink comp="376" pin=0"/></net>

<net id="1657"><net_src comp="884" pin="3"/><net_sink comp="1654" pin=0"/></net>

<net id="1658"><net_src comp="1654" pin="1"/><net_sink comp="1223" pin=0"/></net>

<net id="1659"><net_src comp="1654" pin="1"/><net_sink comp="1296" pin=0"/></net>

<net id="1663"><net_src comp="1072" pin="3"/><net_sink comp="1660" pin=0"/></net>

<net id="1664"><net_src comp="1660" pin="1"/><net_sink comp="1411" pin=1"/></net>

<net id="1668"><net_src comp="1201" pin="2"/><net_sink comp="1665" pin=0"/></net>

<net id="1669"><net_src comp="1665" pin="1"/><net_sink comp="1219" pin=0"/></net>

<net id="1682"><net_src comp="1234" pin="4"/><net_sink comp="1679" pin=0"/></net>

<net id="1683"><net_src comp="1679" pin="1"/><net_sink comp="389" pin=4"/></net>

<net id="1684"><net_src comp="1679" pin="1"/><net_sink comp="412" pin=1"/></net>

<net id="1685"><net_src comp="1679" pin="1"/><net_sink comp="1291" pin=0"/></net>

<net id="1689"><net_src comp="1245" pin="4"/><net_sink comp="1686" pin=0"/></net>

<net id="1690"><net_src comp="1686" pin="1"/><net_sink comp="1267" pin=1"/></net>

<net id="1703"><net_src comp="1267" pin="3"/><net_sink comp="1700" pin=0"/></net>

<net id="1704"><net_src comp="1700" pin="1"/><net_sink comp="400" pin=4"/></net>

<net id="1720"><net_src comp="1291" pin="2"/><net_sink comp="1717" pin=0"/></net>

<net id="1721"><net_src comp="1717" pin="1"/><net_sink comp="1336" pin=1"/></net>

</net_list>

</model> 
---------------- Datapath Model END ------------------

* FSMD analyzer results:
  - Output states:
	Port: ref_4oPi_table_256 | {}
	Port: fourth_order_double_sin_cos_K0 | {}
	Port: fourth_order_double_sin_cos_K1 | {}
	Port: fourth_order_double_sin_cos_K2 | {}
	Port: fourth_order_double_sin_cos_K3 | {}
	Port: fourth_order_double_sin_cos_K4 | {}
 - Input state : 
	Port: sin_or_cos<double> : t_in | {1 }
	Port: sin_or_cos<double> : do_cos | {6 }
	Port: sin_or_cos<double> : ref_4oPi_table_256 | {1 2 }
	Port: sin_or_cos<double> : fourth_order_double_sin_cos_K0 | {6 7 }
	Port: sin_or_cos<double> : fourth_order_double_sin_cos_K1 | {6 7 }
	Port: sin_or_cos<double> : fourth_order_double_sin_cos_K2 | {6 7 }
	Port: sin_or_cos<double> : fourth_order_double_sin_cos_K3 | {6 7 }
	Port: sin_or_cos<double> : fourth_order_double_sin_cos_K4 | {6 7 }
  - Chain level:
	State 1
		din_sign : 1
		din_exp : 1
		din_sig : 1
		closepath : 2
		add_ln396 : 2
		addr : 3
		tmp_2 : 4
		zext_ln397 : 5
		ref_4oPi_table_256_addr : 6
		table_256 : 7
		trunc_ln398 : 4
		call_ln0 : 1
	State 2
		shl_ln398 : 1
		Med : 2
		zext_ln468 : 1
		h : 3
		and_ln271 : 1
	State 3
		Mx_bits : 1
		k : 1
	State 4
		select_ln453 : 1
		trunc_ln491 : 1
		Mx_bits_2 : 2
		tmp_3 : 3
		t : 4
		tmp_s : 5
		tmp_1 : 6
		sext_ln75 : 7
		tmp_5 : 8
		Mx_zeros : 9
		zext_ln505 : 10
		zext_ln504 : 10
		shl_ln504 : 11
		Mx : 12
		Ex_1 : 11
		tmp : 12
	State 5
		select_ln506 : 1
		zext_ln506 : 2
		lshr_ln506 : 3
		shl_ln506 : 3
		x : 4
		tmp_4 : 5
		B : 5
		B_trunc : 5
		zext_ln25 : 6
		mul_ln25 : 7
		B_squared : 8
	State 6
		xor_ln242 : 1
		mul_ln26 : 1
		mul_ln27 : 1
		sin_basis : 1
		A : 2
		zext_ln32 : 3
		fourth_order_double_sin_cos_K0_addr : 4
		t1 : 5
		fourth_order_double_sin_cos_K1_addr : 4
		fourth_order_double_sin_cos_K1_load : 5
		fourth_order_double_sin_cos_K2_addr : 4
		fourth_order_double_sin_cos_K2_load : 5
		tmp_7 : 2
		fourth_order_double_sin_cos_K3_addr : 4
		fourth_order_double_sin_cos_K3_load : 5
		tmp_8 : 2
		fourth_order_double_sin_cos_K4_addr : 4
		fourth_order_double_sin_cos_K4_load : 5
		cos_basis : 1
		tmp_12 : 1
		tmp_13 : 1
		results_sign : 2
		results_sign_4 : 3
		results_sign_3 : 3
	State 7
		t1_1 : 1
		sext_ln33 : 1
		mul_ln33 : 2
		trunc_ln : 3
		sext_ln34 : 1
		mul_ln34 : 2
		trunc_ln1 : 3
		zext_ln35 : 1
		mul_ln35 : 2
		zext_ln36 : 1
		mul_ln36 : 2
		lshr_ln : 3
		sext_ln37 : 2
		sext_ln37_1 : 4
		add_ln37 : 5
		sext_ln37_2 : 4
		add_ln37_1 : 6
		tmp_10 : 3
		zext_ln37_1 : 4
		add_ln37_2 : 7
		zext_ln242 : 4
		add_ln37_3 : 8
	State 8
		zext_ln37 : 1
		mul_ln37 : 2
		result : 3
		call_ln37 : 4
		tmp_6 : 3
	State 9
	State 10
		call_ln410 : 1
	State 11
	State 12
		call_ln37 : 1
	State 13
	State 14
		sext_ln252 : 1
		add_ln432 : 2
		sext_ln432 : 3
		newexp : 4
		tmp_11 : 5
		or_ln433 : 6
		empty : 5
		phitmp : 1
		or_ln282 : 6
		results_exp : 6
		results_sig : 6
		results_exp_1 : 7
		results_sig_1 : 7
		t_2 : 8
		bitcast_ln497 : 9
		ret_ln287 : 10


============================================================
+ Verbose Summary: Datapath Resource usage 
============================================================

* Functional unit list:
|----------|-----------------------------------------|---------|---------|---------|
| Operation|             Functional Unit             |   DSP   |    FF   |   LUT   |
|----------|-----------------------------------------|---------|---------|---------|
|          | grp_sin_or_cos_double_Pipeline_1_fu_382 |    0    |    98   |   141   |
|   call   | grp_sin_or_cos_double_Pipeline_2_fu_389 |    0    |    98   |   207   |
|          | grp_sin_or_cos_double_Pipeline_3_fu_400 |    0    |   131   |    86   |
|          | grp_sin_or_cos_double_Pipeline_4_fu_412 |    0    |   225   |   594   |
|----------|-----------------------------------------|---------|---------|---------|
|          |             shl_ln398_fu_530            |    0    |    0    |   950   |
|    shl   |             shl_ln504_fu_682            |    0    |    0    |   409   |
|          |             shl_ln506_fu_737            |    0    |    0    |   176   |
|----------|-----------------------------------------|---------|---------|---------|
|          |             mul_ln36_fu_423             |    2    |    0    |    23   |
|          |             mul_ln35_fu_427             |    4    |    0    |    22   |
|          |             mul_ln34_fu_431             |    6    |    0    |    20   |
|    mul   |                grp_fu_435               |    9    |    0    |    20   |
|          |             mul_ln27_fu_439             |    9    |    0    |    20   |
|          |             mul_ln33_fu_443             |    9    |    0    |    27   |
|          |             mul_ln37_fu_447             |    16   |    0    |    46   |
|          |                grp_fu_451               |    27   |   361   |   178   |
|----------|-----------------------------------------|---------|---------|---------|
|          |               addr_fu_493               |    0    |    0    |    10   |
|          |           select_ln453_fu_593           |    0    |    0    |    10   |
|          |                k_1_fu_600               |    0    |    0    |    3    |
|          |             Mx_bits_2_fu_615            |    0    |    0    |   105   |
|          |           select_ln506_fu_722           |    0    |    0    |    10   |
|          |                 x_fu_742                |    0    |    0    |    62   |
|          |             sin_basis_fu_840            |    0    |    0    |    2    |
|          |             cos_basis_fu_884            |    0    |    0    |    2    |
|          |           results_sign_fu_1042          |    0    |    0    |    2    |
|  select  |          results_sign_3_fu_1072         |    0    |    0    |    2    |
|          |               Mx_2_fu_1223              |    0    |    0    |    62   |
|          |               Ex_3_fu_1296              |    0    |    0    |    10   |
|          |           select_ln259_fu_1355          |    0    |    0    |    10   |
|          |           select_ln282_fu_1362          |    0    |    0    |    10   |
|          |           results_exp_fu_1374           |    0    |    0    |    10   |
|          |          select_ln282_2_fu_1382         |    0    |    0    |    50   |
|          |           results_sig_fu_1389           |    0    |    0    |    50   |
|          |          results_exp_1_fu_1397          |    0    |    0    |    10   |
|          |          results_sig_1_fu_1404          |    0    |    0    |    50   |
|----------|-----------------------------------------|---------|---------|---------|
|          |             add_ln396_fu_487            |    0    |    0    |    18   |
|          |                Ex_fu_588                |    0    |    0    |    18   |
|          |             add_ln37_fu_1161            |    0    |    0    |    63   |
|    add   |            add_ln37_1_fu_1171           |    0    |    0    |    64   |
|          |            add_ln37_2_fu_1191           |    0    |    0    |    64   |
|          |            add_ln37_3_fu_1201           |    0    |    0    |    64   |
|          |            add_ln432_fu_1312            |    0    |    0    |    18   |
|----------|-----------------------------------------|---------|---------|---------|
|          |             Mx_bits_1_fu_610            |    0    |    0    |   131   |
|    sub   |               Ex_1_fu_698               |    0    |    0    |    18   |
|          |             sub_ln506_fu_717            |    0    |    0    |    18   |
|          |              newexp_fu_1322             |    0    |    0    |    39   |
|----------|-----------------------------------------|---------|---------|---------|
|          |             closepath_fu_481            |    0    |    0    |    18   |
|          |            icmp_ln271_fu_552            |    0    |    0    |    18   |
|   icmp   |           icmp_ln271_1_fu_557           |    0    |    0    |    59   |
|          |            icmp_ln282_fu_712            |    0    |    0    |    18   |
|          |            icmp_ln433_fu_1291           |    0    |    0    |    70   |
|----------|-----------------------------------------|---------|---------|---------|
|   lshr   |            lshr_ln506_fu_732            |    0    |    0    |   176   |
|----------|-----------------------------------------|---------|---------|---------|
|          |               tmp_9_fu_789              |    0    |    0    |    43   |
| sparsemux|              tmp_12_fu_898              |    0    |    0    |    65   |
|          |              tmp_13_fu_970              |    0    |    0    |    65   |
|----------|-----------------------------------------|---------|---------|---------|
|   cttz   |               tmp_5_fu_662              |    0    |    0    |    90   |
|----------|-----------------------------------------|---------|---------|---------|
|          |             and_ln271_fu_562            |    0    |    0    |    2    |
|    and   |          results_sign_2_fu_1056         |    0    |    0    |    2    |
|          |          results_sign_4_fu_1066         |    0    |    0    |    2    |
|----------|-----------------------------------------|---------|---------|---------|
|          |             xor_ln242_fu_828            |    0    |    0    |    2    |
|    xor   |            xor_ln278_fu_1050            |    0    |    0    |    2    |
|          |            xor_ln282_fu_1061            |    0    |    0    |    2    |
|----------|-----------------------------------------|---------|---------|---------|
|    or    |             or_ln433_fu_1336            |    0    |    0    |    2    |
|          |             or_ln282_fu_1369            |    0    |    0    |    2    |
|----------|-----------------------------------------|---------|---------|---------|
|   read   |          t_in_read_read_fu_292          |    0    |    0    |    0    |
|          |         do_cos_read_read_fu_298         |    0    |    0    |    0    |
|----------|-----------------------------------------|---------|---------|---------|
|          |             din_sign_fu_459             |    0    |    0    |    0    |
| bitselect|                tmp_fu_704               |    0    |    0    |    0    |
|          |              tmp_11_fu_1328             |    0    |    0    |    0    |
|----------|-----------------------------------------|---------|---------|---------|
|          |              din_exp_fu_467             |    0    |    0    |    0    |
|          |               tmp_2_fu_501              |    0    |    0    |    0    |
|          |                Med_fu_536               |    0    |    0    |    0    |
|          |              Mx_bits_fu_568             |    0    |    0    |    0    |
|          |                 k_fu_578                |    0    |    0    |    0    |
|          |               tmp_3_fu_622              |    0    |    0    |    0    |
|          |               tmp_s_fu_640              |    0    |    0    |    0    |
|          |                Mx_fu_688                |    0    |    0    |    0    |
|          |               tmp_4_fu_749              |    0    |    0    |    0    |
|partselect|              B_trunc_fu_763             |    0    |    0    |    0    |
|          |             B_squared_fu_779            |    0    |    0    |    0    |
|          |               tmp_7_fu_864              |    0    |    0    |    0    |
|          |               tmp_8_fu_874              |    0    |    0    |    0    |
|          |             trunc_ln_fu_1096            |    0    |    0    |    0    |
|          |            trunc_ln1_fu_1115            |    0    |    0    |    0    |
|          |             lshr_ln_fu_1143             |    0    |    0    |    0    |
|          |              tmp_10_fu_1177             |    0    |    0    |    0    |
|          |              result_fu_1234             |    0    |    0    |    0    |
|          |              tmp_6_fu_1245              |    0    |    0    |    0    |
|          |              phitmp_fu_1345             |    0    |    0    |    0    |
|----------|-----------------------------------------|---------|---------|---------|
|          |              din_sig_fu_477             |    0    |    0    |    0    |
|          |            trunc_ln398_fu_516           |    0    |    0    |    0    |
|   trunc  |            trunc_ln491_fu_606           |    0    |    0    |    0    |
|          |             Mx_zeros_fu_670             |    0    |    0    |    0    |
|          |                 B_fu_759                |    0    |    0    |    0    |
|          |              empty_fu_1341              |    0    |    0    |    0    |
|----------|-----------------------------------------|---------|---------|---------|
|          |            zext_ln397_fu_511            |    0    |    0    |    0    |
|          |            zext_ln398_fu_527            |    0    |    0    |    0    |
|          |            zext_ln468_fu_547            |    0    |    0    |    0    |
|          |            zext_ln505_fu_674            |    0    |    0    |    0    |
|          |            zext_ln504_fu_678            |    0    |    0    |    0    |
|          |            zext_ln506_fu_728            |    0    |    0    |    0    |
|          |             zext_ln25_fu_773            |    0    |    0    |    0    |
|          |            zext_ln25_1_fu_834           |    0    |    0    |    0    |
|   zext   |             zext_ln32_fu_855            |    0    |    0    |    0    |
|          |            zext_ln33_fu_1087            |    0    |    0    |    0    |
|          |            zext_ln34_fu_1106            |    0    |    0    |    0    |
|          |           zext_ln35_1_fu_1125           |    0    |    0    |    0    |
|          |            zext_ln35_fu_1129            |    0    |    0    |    0    |
|          |           zext_ln36_1_fu_1134           |    0    |    0    |    0    |
|          |            zext_ln36_fu_1138            |    0    |    0    |    0    |
|          |           zext_ln37_1_fu_1187           |    0    |    0    |    0    |
|          |            zext_ln242_fu_1197           |    0    |    0    |    0    |
|          |            zext_ln37_fu_1229            |    0    |    0    |    0    |
|----------|-----------------------------------------|---------|---------|---------|
|          |                 X_fu_520                |    0    |    0    |    0    |
|          |                 t_fu_632                |    0    |    0    |    0    |
|          |               tmp_1_fu_650              |    0    |    0    |    0    |
|bitconcatenate|                 A_fu_848                |    0    |    0    |    0    |
|          |               index_fu_892              |    0    |    0    |    0    |
|          |               t1_1_fu_1079              |    0    |    0    |    0    |
|          |            out_bits_6_fu_1267           |    0    |    0    |    0    |
|          |               t_2_fu_1411               |    0    |    0    |    0    |
|----------|-----------------------------------------|---------|---------|---------|
|          |             sext_ln75_fu_658            |    0    |    0    |    0    |
|          |            sext_ln33_fu_1091            |    0    |    0    |    0    |
|          |            sext_ln34_fu_1110            |    0    |    0    |    0    |
|          |            sext_ln37_fu_1153            |    0    |    0    |    0    |
|   sext   |           sext_ln37_1_fu_1157           |    0    |    0    |    0    |
|          |           sext_ln37_2_fu_1167           |    0    |    0    |    0    |
|          |            sext_ln243_fu_1219           |    0    |    0    |    0    |
|          |            sext_ln252_fu_1302           |    0    |    0    |    0    |
|          |            sext_ln432_fu_1318           |    0    |    0    |    0    |
|----------|-----------------------------------------|---------|---------|---------|
|   Total  |                                         |    82   |   913   |   4542  |
|----------|-----------------------------------------|---------|---------|---------|

Memories:
N/A

* Register list:
+--------------------------------------------+--------+
|                                            |   FF   |
+--------------------------------------------+--------+
|                 B_reg_1598                 |   56   |
|             B_squared_reg_1608             |   49   |
|                Ex_1_reg_1572               |   11   |
|                Med_reg_1531                |   170  |
|              Mx_bits_reg_1548              |   124  |
|                 Mx_reg_1565                |   63   |
|             add_ln37_3_reg_1665            |   64   |
|             and_ln271_reg_1541             |    1   |
|              c_1_loc_reg_1442              |   32   |
|              c_2_loc_reg_1448              |   32   |
|              c_3_loc_reg_1454              |   32   |
|               c_loc_reg_1436               |   32   |
|             closepath_reg_1515             |    1   |
|             cos_basis_reg_1654             |    1   |
|              din_exp_reg_1502              |   11   |
|              din_sig_reg_1509              |   52   |
|              din_sign_reg_1496             |    1   |
|            do_cos_read_reg_1614            |    1   |
|fourth_order_double_sin_cos_K0_addr_reg_1619|    8   |
|fourth_order_double_sin_cos_K1_addr_reg_1624|    8   |
|fourth_order_double_sin_cos_K2_addr_reg_1629|    8   |
|fourth_order_double_sin_cos_K3_addr_reg_1639|    8   |
|fourth_order_double_sin_cos_K4_addr_reg_1649|    8   |
|             icmp_ln282_reg_1585            |    1   |
|             icmp_ln433_reg_1717            |    1   |
|            in_shift_loc_reg_1424           |   62   |
|                k_1_reg_1559                |    3   |
|                 k_reg_1554                 |    3   |
|           out_bits_3_loc_reg_1478          |   32   |
|           out_bits_4_loc_reg_1484          |   32   |
|           out_bits_5_loc_reg_1490          |   32   |
|             out_bits_6_reg_1700            |   32   |
|           out_bits_7_loc_reg_1460          |   32   |
|           out_bits_8_loc_reg_1466          |   32   |
|           out_bits_9_loc_reg_1472          |   32   |
|      ref_4oPi_table_256_addr_reg_1521      |    4   |
|               result_reg_1679              |   63   |
|           results_sign_3_reg_1660          |    1   |
|            shift_1_loc_reg_1430            |   32   |
|               tmp_4_reg_1593               |    7   |
|               tmp_6_reg_1686               |   15   |
|               tmp_7_reg_1634               |   42   |
|               tmp_8_reg_1644               |   35   |
|                tmp_reg_1579                |    1   |
|            trunc_ln398_reg_1526            |    7   |
|             zext_ln25_reg_1603             |   98   |
|             zext_ln468_reg_1536            |   170  |
+--------------------------------------------+--------+
|                    Total                   |  1542  |
+--------------------------------------------+--------+

* Multiplexer (MUX) list: 
|-----------------------------------------|------|------|------|--------||---------||---------||---------|
|                   Comp                  |  Pin | Size |  BW  | S x BW ||  Delay  ||    FF   ||   LUT   |
|-----------------------------------------|------|------|------|--------||---------||---------||---------|
|            grp_access_fu_311            |  p0  |   2  |   4  |    8   ||    0    ||    9    |
|            grp_access_fu_324            |  p0  |   2  |   8  |   16   ||    0    ||    9    |
|            grp_access_fu_337            |  p0  |   2  |   8  |   16   ||    0    ||    9    |
|            grp_access_fu_350            |  p0  |   2  |   8  |   16   ||    0    ||    9    |
|            grp_access_fu_363            |  p0  |   2  |   8  |   16   ||    0    ||    9    |
|            grp_access_fu_376            |  p0  |   2  |   8  |   16   ||    0    ||    9    |
| grp_sin_or_cos_double_Pipeline_2_fu_389 |  p4  |   2  |  63  |   126  ||    0    ||    9    |
| grp_sin_or_cos_double_Pipeline_3_fu_400 |  p4  |   2  |  32  |   64   ||    0    ||    9    |
|                grp_fu_435               |  p0  |   2  |  49  |   98   ||    0    ||    9    |
|                grp_fu_435               |  p1  |   2  |  49  |   98   ||    0    ||    9    |
|                grp_fu_451               |  p0  |   2  |  170 |   340  ||    0    ||    9    |
|                grp_fu_451               |  p1  |   2  |  53  |   106  ||    0    ||    9    |
|-----------------------------------------|------|------|------|--------||---------||---------||---------|
|                  Total                  |      |      |      |   920  ||  5.124  ||    0    ||   108   |
|-----------------------------------------|------|------|------|--------||---------||---------||---------|



* Summary:
+-----------+--------+--------+--------+--------+
|           |   DSP  |  Delay |   FF   |   LUT  |
+-----------+--------+--------+--------+--------+
|  Function |   82   |    -   |   913  |  4542  |
|   Memory  |    -   |    -   |    -   |    -   |
|Multiplexer|    -   |    5   |    0   |   108  |
|  Register |    -   |    -   |  1542  |    -   |
+-----------+--------+--------+--------+--------+
|   Total   |   82   |    5   |  2455  |  4650  |
+-----------+--------+--------+--------+--------+
